ISO-10303-21;
HEADER;
FILE_DESCRIPTION(('Open CASCADE Model'),'2;1');
FILE_NAME('Open CASCADE Shape Model','2026-10-01T14:16:52',('Author'),(
    'Open CASCADE'),'Open CASCADE STEP processor 7.8','Open CASCADE 7.8'
  ,'Unknown');
FILE_SCHEMA(('AUTOMOTIVE_DESIGN { 1 0 10303 214 1 1 1 1 }'));
ENDSEC;
DATA;
#1 = APPLICATION_PROTOCOL_DEFINITION('international standard',
  'automotive_design',2000,#2);
#2 = APPLICATION_CONTEXT(
  'core data for automotive mechanical design processes');
#3 = SHAPE_DEFINITION_REPRESENTATION(#4,#10);
#4 = PRODUCT_DEFINITION_SHAPE('','',#5);
#5 = PRODUCT_DEFINITION('design','',#6,#9);
#6 = PRODUCT_DEFINITION_FORMATION('','',#7);
#7 = PRODUCT('Open CASCADE STEP translator 7.8 1',
  'Open CASCADE STEP translator 7.8 1','',(#8));
#8 = PRODUCT_CONTEXT('',#2,'mechanical');
#9 = PRODUCT_DEFINITION_CONTEXT('part definition',#2,'design');
#10 = ADVANCED_BREP_SHAPE_REPRESENTATION('',(#11,#15),#5263);
#11 = AXIS2_PLACEMENT_3D('',#12,#13,#14);
#12 = CARTESIAN_POINT('',(0.,0.,0.));
#13 = DIRECTION('',(0.,0.,1.));
#14 = DIRECTION('',(1.,0.,-0.));
#15 = MANIFOLD_SOLID_BREP('',#16);
#16 = CLOSED_SHELL('',(#17,#244,#331,#439,#628,#677,#823,#901,#2143,
    #2197,#2247,#2274,#2438,#2465,#2512,#2539,#2546,#2573,#2580,#2629,
    #2679,#3102,#3130,#3157,#3185,#3212,#3218,#3246,#3252,#3393,#3447,
    #3592,#3717,#3767,#3795,#3920,#3926,#3954,#3960,#4036,#4085,#4134,
    #4183,#4233,#4282,#4332,#4381,#4430,#4479,#4528,#4577,#4627,#4676,
    #4726,#4775,#4824,#4873,#4922,#4949,#4976,#5003,#5030,#5057,#5064,
    #5071,#5078,#5125,#5152,#5159,#5206,#5233,#5240));
#17 = ADVANCED_FACE('',(#18),#32,.F.);
#18 = FACE_BOUND('',#19,.F.);
#19 = EDGE_LOOP('',(#20,#55,#83,#111,#139,#167,#190,#218));
#20 = ORIENTED_EDGE('',*,*,#21,.F.);
#21 = EDGE_CURVE('',#22,#24,#26,.T.);
#22 = VERTEX_POINT('',#23);
#23 = CARTESIAN_POINT('',(-80.6,34.1,0.3));
#24 = VERTEX_POINT('',#25);
#25 = CARTESIAN_POINT('',(-80.6,34.1,4.8));
#26 = SURFACE_CURVE('',#27,(#31,#43),.PCURVE_S1.);
#27 = LINE('',#28,#29);
#28 = CARTESIAN_POINT('',(-80.6,34.1,0.3));
#29 = VECTOR('',#30,1.);
#30 = DIRECTION('',(0.,1.224646799147E-16,1.));
#31 = PCURVE('',#32,#37);
#32 = PLANE('',#33);
#33 = AXIS2_PLACEMENT_3D('',#34,#35,#36);
#34 = CARTESIAN_POINT('',(-84.6,34.1,1.6));
#35 = DIRECTION('',(0.,-1.,1.224646799147E-16));
#36 = DIRECTION('',(1.,0.,0.));
#37 = DEFINITIONAL_REPRESENTATION('',(#38),#42);
#38 = LINE('',#39,#40);
#39 = CARTESIAN_POINT('',(4.,-1.3));
#40 = VECTOR('',#41,1.);
#41 = DIRECTION('',(0.,1.));
#42 = ( GEOMETRIC_REPRESENTATION_CONTEXT(2) 
PARAMETRIC_REPRESENTATION_CONTEXT() REPRESENTATION_CONTEXT('2D SPACE',''
  ) );
#43 = PCURVE('',#44,#49);
#44 = CYLINDRICAL_SURFACE('',#45,4.);
#45 = AXIS2_PLACEMENT_3D('',#46,#47,#48);
#46 = CARTESIAN_POINT('',(-80.6,30.1,1.6));
#47 = DIRECTION('',(0.,-1.224646799147E-16,-1.));
#48 = DIRECTION('',(0.,1.,-1.224646799147E-16));
#49 = DEFINITIONAL_REPRESENTATION('',(#50),#54);
#50 = LINE('',#51,#52);
#51 = CARTESIAN_POINT('',(-0.,1.3));
#52 = VECTOR('',#53,1.);
#53 = DIRECTION('',(-0.,-1.));
#54 = ( GEOMETRIC_REPRESENTATION_CONTEXT(2) 
PARAMETRIC_REPRESENTATION_CONTEXT() REPRESENTATION_CONTEXT('2D SPACE',''
  ) );
#55 = ORIENTED_EDGE('',*,*,#56,.T.);
#56 = EDGE_CURVE('',#22,#57,#59,.T.);
#57 = VERTEX_POINT('',#58);
#58 = CARTESIAN_POINT('',(7.8,34.1,0.3));
#59 = SURFACE_CURVE('',#60,(#64,#71),.PCURVE_S1.);
#60 = LINE('',#61,#62);
#61 = CARTESIAN_POINT('',(-80.6,34.1,0.3));
#62 = VECTOR('',#63,1.);
#63 = DIRECTION('',(1.,0.,0.));
#64 = PCURVE('',#32,#65);
#65 = DEFINITIONAL_REPRESENTATION('',(#66),#70);
#66 = LINE('',#67,#68);
#67 = CARTESIAN_POINT('',(4.,-1.3));
#68 = VECTOR('',#69,1.);
#69 = DIRECTION('',(1.,0.));
#70 = ( GEOMETRIC_REPRESENTATION_CONTEXT(2) 
PARAMETRIC_REPRESENTATION_CONTEXT() REPRESENTATION_CONTEXT('2D SPACE',''
  ) );
#71 = PCURVE('',#72,#77);
#72 = PLANE('',#73);
#73 = AXIS2_PLACEMENT_3D('',#74,#75,#76);
#74 = CARTESIAN_POINT('',(-80.6,33.95,0.15));
#75 = DIRECTION('',(0.,-0.707106781187,0.707106781187));
#76 = DIRECTION('',(-1.,-0.,-0.));
#77 = DEFINITIONAL_REPRESENTATION('',(#78),#82);
#78 = LINE('',#79,#80);
#79 = CARTESIAN_POINT('',(-0.,-0.212132034356));
#80 = VECTOR('',#81,1.);
#81 = DIRECTION('',(-1.,0.));
#82 = ( GEOMETRIC_REPRESENTATION_CONTEXT(2) 
PARAMETRIC_REPRESENTATION_CONTEXT() REPRESENTATION_CONTEXT('2D SPACE',''
  ) );
#83 = ORIENTED_EDGE('',*,*,#84,.F.);
#84 = EDGE_CURVE('',#85,#57,#87,.T.);
#85 = VERTEX_POINT('',#86);
#86 = CARTESIAN_POINT('',(7.8,34.1,2.8));
#87 = SURFACE_CURVE('',#88,(#92,#99),.PCURVE_S1.);
#88 = LINE('',#89,#90);
#89 = CARTESIAN_POINT('',(7.8,34.1,2.8));
#90 = VECTOR('',#91,1.);
#91 = DIRECTION('',(-3.552713678801E-16,-1.224646799147E-16,-1.));
#92 = PCURVE('',#32,#93);
#93 = DEFINITIONAL_REPRESENTATION('',(#94),#98);
#94 = LINE('',#95,#96);
#95 = CARTESIAN_POINT('',(92.4,1.2));
#96 = VECTOR('',#97,1.);
#97 = DIRECTION('',(-3.552713678801E-16,-1.));
#98 = ( GEOMETRIC_REPRESENTATION_CONTEXT(2) 
PARAMETRIC_REPRESENTATION_CONTEXT() REPRESENTATION_CONTEXT('2D SPACE',''
  ) );
#99 = PCURVE('',#100,#105);
#100 = PLANE('',#101);
#101 = AXIS2_PLACEMENT_3D('',#102,#103,#104);
#102 = CARTESIAN_POINT('',(7.8,35.6,10.7));
#103 = DIRECTION('',(1.,0.,0.));
#104 = DIRECTION('',(0.,-1.224646799147E-16,-1.));
#105 = DEFINITIONAL_REPRESENTATION('',(#106),#110);
#106 = LINE('',#107,#108);
#107 = CARTESIAN_POINT('',(7.9,-1.5));
#108 = VECTOR('',#109,1.);
#109 = DIRECTION('',(1.,0.));
#110 = ( GEOMETRIC_REPRESENTATION_CONTEXT(2) 
PARAMETRIC_REPRESENTATION_CONTEXT() REPRESENTATION_CONTEXT('2D SPACE',''
  ) );
#111 = ORIENTED_EDGE('',*,*,#112,.T.);
#112 = EDGE_CURVE('',#85,#113,#115,.T.);
#113 = VERTEX_POINT('',#114);
#114 = CARTESIAN_POINT('',(10.2,34.1,2.8));
#115 = SURFACE_CURVE('',#116,(#120,#127),.PCURVE_S1.);
#116 = LINE('',#117,#118);
#117 = CARTESIAN_POINT('',(-38.4,34.1,2.8));
#118 = VECTOR('',#119,1.);
#119 = DIRECTION('',(1.,0.,0.));
#120 = PCURVE('',#32,#121);
#121 = DEFINITIONAL_REPRESENTATION('',(#122),#126);
#122 = LINE('',#123,#124);
#123 = CARTESIAN_POINT('',(46.2,1.2));
#124 = VECTOR('',#125,1.);
#125 = DIRECTION('',(1.,0.));
#126 = ( GEOMETRIC_REPRESENTATION_CONTEXT(2) 
PARAMETRIC_REPRESENTATION_CONTEXT() REPRESENTATION_CONTEXT('2D SPACE',''
  ) );
#127 = PCURVE('',#128,#133);
#128 = PLANE('',#129);
#129 = AXIS2_PLACEMENT_3D('',#130,#131,#132);
#130 = CARTESIAN_POINT('',(7.8,36.8,2.8));
#131 = DIRECTION('',(0.,-1.224646799147E-16,-1.));
#132 = DIRECTION('',(1.,0.,0.));
#133 = DEFINITIONAL_REPRESENTATION('',(#134),#138);
#134 = LINE('',#135,#136);
#135 = CARTESIAN_POINT('',(-46.2,2.7));
#136 = VECTOR('',#137,1.);
#137 = DIRECTION('',(1.,0.));
#138 = ( GEOMETRIC_REPRESENTATION_CONTEXT(2) 
PARAMETRIC_REPRESENTATION_CONTEXT() REPRESENTATION_CONTEXT('2D SPACE',''
  ) );
#139 = ORIENTED_EDGE('',*,*,#140,.F.);
#140 = EDGE_CURVE('',#141,#113,#143,.T.);
#141 = VERTEX_POINT('',#142);
#142 = CARTESIAN_POINT('',(10.2,34.1,0.3));
#143 = SURFACE_CURVE('',#144,(#148,#155),.PCURVE_S1.);
#144 = LINE('',#145,#146);
#145 = CARTESIAN_POINT('',(10.2,34.1,0.3));
#146 = VECTOR('',#147,1.);
#147 = DIRECTION('',(-7.105427357601E-16,1.224646799147E-16,1.));
#148 = PCURVE('',#32,#149);
#149 = DEFINITIONAL_REPRESENTATION('',(#150),#154);
#150 = LINE('',#151,#152);
#151 = CARTESIAN_POINT('',(94.8,-1.3));
#152 = VECTOR('',#153,1.);
#153 = DIRECTION('',(-7.105427357601E-16,1.));
#154 = ( GEOMETRIC_REPRESENTATION_CONTEXT(2) 
PARAMETRIC_REPRESENTATION_CONTEXT() REPRESENTATION_CONTEXT('2D SPACE',''
  ) );
#155 = PCURVE('',#156,#161);
#156 = PLANE('',#157);
#157 = AXIS2_PLACEMENT_3D('',#158,#159,#160);
#158 = CARTESIAN_POINT('',(10.2,35.6,10.7));
#159 = DIRECTION('',(1.,0.,0.));
#160 = DIRECTION('',(0.,-1.224646799147E-16,-1.));
#161 = DEFINITIONAL_REPRESENTATION('',(#162),#166);
#162 = LINE('',#163,#164);
#163 = CARTESIAN_POINT('',(10.4,-1.5));
#164 = VECTOR('',#165,1.);
#165 = DIRECTION('',(-1.,0.));
#166 = ( GEOMETRIC_REPRESENTATION_CONTEXT(2) 
PARAMETRIC_REPRESENTATION_CONTEXT() REPRESENTATION_CONTEXT('2D SPACE',''
  ) );
#167 = ORIENTED_EDGE('',*,*,#168,.T.);
#168 = EDGE_CURVE('',#141,#169,#171,.T.);
#169 = VERTEX_POINT('',#170);
#170 = CARTESIAN_POINT('',(80.6,34.1,0.3));
#171 = SURFACE_CURVE('',#172,(#176,#183),.PCURVE_S1.);
#172 = LINE('',#173,#174);
#173 = CARTESIAN_POINT('',(-80.6,34.1,0.3));
#174 = VECTOR('',#175,1.);
#175 = DIRECTION('',(1.,0.,0.));
#176 = PCURVE('',#32,#177);
#177 = DEFINITIONAL_REPRESENTATION('',(#178),#182);
#178 = LINE('',#179,#180);
#179 = CARTESIAN_POINT('',(4.,-1.3));
#180 = VECTOR('',#181,1.);
#181 = DIRECTION('',(1.,0.));
#182 = ( GEOMETRIC_REPRESENTATION_CONTEXT(2) 
PARAMETRIC_REPRESENTATION_CONTEXT() REPRESENTATION_CONTEXT('2D SPACE',''
  ) );
#183 = PCURVE('',#72,#184);
#184 = DEFINITIONAL_REPRESENTATION('',(#185),#189);
#185 = LINE('',#186,#187);
#186 = CARTESIAN_POINT('',(-0.,-0.212132034356));
#187 = VECTOR('',#188,1.);
#188 = DIRECTION('',(-1.,0.));
#189 = ( GEOMETRIC_REPRESENTATION_CONTEXT(2) 
PARAMETRIC_REPRESENTATION_CONTEXT() REPRESENTATION_CONTEXT('2D SPACE',''
  ) );
#190 = ORIENTED_EDGE('',*,*,#191,.F.);
#191 = EDGE_CURVE('',#192,#169,#194,.T.);
#192 = VERTEX_POINT('',#193);
#193 = CARTESIAN_POINT('',(80.6,34.1,4.8));
#194 = SURFACE_CURVE('',#195,(#199,#206),.PCURVE_S1.);
#195 = LINE('',#196,#197);
#196 = CARTESIAN_POINT('',(80.6,34.1,4.8));
#197 = VECTOR('',#198,1.);
#198 = DIRECTION('',(0.,-1.224646799147E-16,-1.));
#199 = PCURVE('',#32,#200);
#200 = DEFINITIONAL_REPRESENTATION('',(#201),#205);
#201 = LINE('',#202,#203);
#202 = CARTESIAN_POINT('',(165.2,3.2));
#203 = VECTOR('',#204,1.);
#204 = DIRECTION('',(0.,-1.));
#205 = ( GEOMETRIC_REPRESENTATION_CONTEXT(2) 
PARAMETRIC_REPRESENTATION_CONTEXT() REPRESENTATION_CONTEXT('2D SPACE',''
  ) );
#206 = PCURVE('',#207,#212);
#207 = CYLINDRICAL_SURFACE('',#208,4.);
#208 = AXIS2_PLACEMENT_3D('',#209,#210,#211);
#209 = CARTESIAN_POINT('',(80.6,30.1,1.6));
#210 = DIRECTION('',(0.,-1.224646799147E-16,-1.));
#211 = DIRECTION('',(0.,1.,-1.224646799147E-16));
#212 = DEFINITIONAL_REPRESENTATION('',(#213),#217);
#213 = LINE('',#214,#215);
#214 = CARTESIAN_POINT('',(0.,-3.2));
#215 = VECTOR('',#216,1.);
#216 = DIRECTION('',(0.,1.));
#217 = ( GEOMETRIC_REPRESENTATION_CONTEXT(2) 
PARAMETRIC_REPRESENTATION_CONTEXT() REPRESENTATION_CONTEXT('2D SPACE',''
  ) );
#218 = ORIENTED_EDGE('',*,*,#219,.F.);
#219 = EDGE_CURVE('',#24,#192,#220,.T.);
#220 = SURFACE_CURVE('',#221,(#225,#232),.PCURVE_S1.);
#221 = LINE('',#222,#223);
#222 = CARTESIAN_POINT('',(-84.6,34.1,4.8));
#223 = VECTOR('',#224,1.);
#224 = DIRECTION('',(1.,0.,0.));
#225 = PCURVE('',#32,#226);
#226 = DEFINITIONAL_REPRESENTATION('',(#227),#231);
#227 = LINE('',#228,#229);
#228 = CARTESIAN_POINT('',(0.,3.2));
#229 = VECTOR('',#230,1.);
#230 = DIRECTION('',(1.,0.));
#231 = ( GEOMETRIC_REPRESENTATION_CONTEXT(2) 
PARAMETRIC_REPRESENTATION_CONTEXT() REPRESENTATION_CONTEXT('2D SPACE',''
  ) );
#232 = PCURVE('',#233,#238);
#233 = PLANE('',#234);
#234 = AXIS2_PLACEMENT_3D('',#235,#236,#237);
#235 = CARTESIAN_POINT('',(0.,-3.429011037613E-15,4.8));
#236 = DIRECTION('',(0.,-1.224646799147E-16,-1.));
#237 = DIRECTION('',(1.,0.,0.));
#238 = DEFINITIONAL_REPRESENTATION('',(#239),#243);
#239 = LINE('',#240,#241);
#240 = CARTESIAN_POINT('',(-84.6,-34.1));
#241 = VECTOR('',#242,1.);
#242 = DIRECTION('',(1.,0.));
#243 = ( GEOMETRIC_REPRESENTATION_CONTEXT(2) 
PARAMETRIC_REPRESENTATION_CONTEXT() REPRESENTATION_CONTEXT('2D SPACE',''
  ) );
#244 = ADVANCED_FACE('',(#245),#44,.T.);
#245 = FACE_BOUND('',#246,.F.);
#246 = EDGE_LOOP('',(#247,#248,#276,#304));
#247 = ORIENTED_EDGE('',*,*,#21,.T.);
#248 = ORIENTED_EDGE('',*,*,#249,.T.);
#249 = EDGE_CURVE('',#24,#250,#252,.T.);
#250 = VERTEX_POINT('',#251);
#251 = CARTESIAN_POINT('',(-84.6,30.1,4.8));
#252 = SURFACE_CURVE('',#253,(#258,#265),.PCURVE_S1.);
#253 = CIRCLE('',#254,4.);
#254 = AXIS2_PLACEMENT_3D('',#255,#256,#257);
#255 = CARTESIAN_POINT('',(-80.6,30.1,4.8));
#256 = DIRECTION('',(0.,1.224646799147E-16,1.));
#257 = DIRECTION('',(0.,1.,-1.224646799147E-16));
#258 = PCURVE('',#44,#259);
#259 = DEFINITIONAL_REPRESENTATION('',(#260),#264);
#260 = LINE('',#261,#262);
#261 = CARTESIAN_POINT('',(-0.,-3.2));
#262 = VECTOR('',#263,1.);
#263 = DIRECTION('',(-1.,0.));
#264 = ( GEOMETRIC_REPRESENTATION_CONTEXT(2) 
PARAMETRIC_REPRESENTATION_CONTEXT() REPRESENTATION_CONTEXT('2D SPACE',''
  ) );
#265 = PCURVE('',#233,#266);
#266 = DEFINITIONAL_REPRESENTATION('',(#267),#275);
#267 = ( BOUNDED_CURVE() B_SPLINE_CURVE(2,(#268,#269,#270,#271,#272,#273
,#274),.UNSPECIFIED.,.T.,.F.) B_SPLINE_CURVE_WITH_KNOTS((1,2,2,2,2,1),(
    -2.094395102393,0.,2.094395102393,4.188790204786,6.28318530718,
8.377580409573),.UNSPECIFIED.) CURVE() GEOMETRIC_REPRESENTATION_ITEM() 
RATIONAL_B_SPLINE_CURVE((1.,0.5,1.,0.5,1.,0.5,1.)) REPRESENTATION_ITEM(
  '') );
#268 = CARTESIAN_POINT('',(-80.6,-34.1));
#269 = CARTESIAN_POINT('',(-87.52820323027,-34.1));
#270 = CARTESIAN_POINT('',(-84.06410161513,-28.1));
#271 = CARTESIAN_POINT('',(-80.6,-22.1));
#272 = CARTESIAN_POINT('',(-77.13589838486,-28.1));
#273 = CARTESIAN_POINT('',(-73.67179676972,-34.1));
#274 = CARTESIAN_POINT('',(-80.6,-34.1));
#275 = ( GEOMETRIC_REPRESENTATION_CONTEXT(2) 
PARAMETRIC_REPRESENTATION_CONTEXT() REPRESENTATION_CONTEXT('2D SPACE',''
  ) );
#276 = ORIENTED_EDGE('',*,*,#277,.F.);
#277 = EDGE_CURVE('',#278,#250,#280,.T.);
#278 = VERTEX_POINT('',#279);
#279 = CARTESIAN_POINT('',(-84.6,30.1,0.3));
#280 = SURFACE_CURVE('',#281,(#285,#292),.PCURVE_S1.);
#281 = LINE('',#282,#283);
#282 = CARTESIAN_POINT('',(-84.6,30.1,0.3));
#283 = VECTOR('',#284,1.);
#284 = DIRECTION('',(0.,1.224646799147E-16,1.));
#285 = PCURVE('',#44,#286);
#286 = DEFINITIONAL_REPRESENTATION('',(#287),#291);
#287 = LINE('',#288,#289);
#288 = CARTESIAN_POINT('',(-1.570796326795,1.3));
#289 = VECTOR('',#290,1.);
#290 = DIRECTION('',(-0.,-1.));
#291 = ( GEOMETRIC_REPRESENTATION_CONTEXT(2) 
PARAMETRIC_REPRESENTATION_CONTEXT() REPRESENTATION_CONTEXT('2D SPACE',''
  ) );
#292 = PCURVE('',#293,#298);
#293 = PLANE('',#294);
#294 = AXIS2_PLACEMENT_3D('',#295,#296,#297);
#295 = CARTESIAN_POINT('',(-84.6,-34.1,1.6));
#296 = DIRECTION('',(1.,0.,0.));
#297 = DIRECTION('',(0.,1.,-1.224646799147E-16));
#298 = DEFINITIONAL_REPRESENTATION('',(#299),#303);
#299 = LINE('',#300,#301);
#300 = CARTESIAN_POINT('',(64.2,-1.3));
#301 = VECTOR('',#302,1.);
#302 = DIRECTION('',(0.,1.));
#303 = ( GEOMETRIC_REPRESENTATION_CONTEXT(2) 
PARAMETRIC_REPRESENTATION_CONTEXT() REPRESENTATION_CONTEXT('2D SPACE',''
  ) );
#304 = ORIENTED_EDGE('',*,*,#305,.T.);
#305 = EDGE_CURVE('',#278,#22,#306,.T.);
#306 = SURFACE_CURVE('',#307,(#312,#319),.PCURVE_S1.);
#307 = CIRCLE('',#308,4.);
#308 = AXIS2_PLACEMENT_3D('',#309,#310,#311);
#309 = CARTESIAN_POINT('',(-80.6,30.1,0.3));
#310 = DIRECTION('',(0.,-1.224646799147E-16,-1.));
#311 = DIRECTION('',(-1.,-0.,0.));
#312 = PCURVE('',#44,#313);
#313 = DEFINITIONAL_REPRESENTATION('',(#314),#318);
#314 = LINE('',#315,#316);
#315 = CARTESIAN_POINT('',(-1.570796326795,1.3));
#316 = VECTOR('',#317,1.);
#317 = DIRECTION('',(1.,-0.));
#318 = ( GEOMETRIC_REPRESENTATION_CONTEXT(2) 
PARAMETRIC_REPRESENTATION_CONTEXT() REPRESENTATION_CONTEXT('2D SPACE',''
  ) );
#319 = PCURVE('',#320,#325);
#320 = CONICAL_SURFACE('',#321,4.,0.785398163397);
#321 = AXIS2_PLACEMENT_3D('',#322,#323,#324);
#322 = CARTESIAN_POINT('',(-80.6,30.1,0.3));
#323 = DIRECTION('',(-0.,1.224646799147E-16,1.));
#324 = DIRECTION('',(-1.,-0.,0.));
#325 = DEFINITIONAL_REPRESENTATION('',(#326),#330);
#326 = LINE('',#327,#328);
#327 = CARTESIAN_POINT('',(-0.,-0.));
#328 = VECTOR('',#329,1.);
#329 = DIRECTION('',(-1.,-0.));
#330 = ( GEOMETRIC_REPRESENTATION_CONTEXT(2) 
PARAMETRIC_REPRESENTATION_CONTEXT() REPRESENTATION_CONTEXT('2D SPACE',''
  ) );
#331 = ADVANCED_FACE('',(#332),#72,.F.);
#332 = FACE_BOUND('',#333,.T.);
#333 = EDGE_LOOP('',(#334,#357,#358,#384,#385,#413));
#334 = ORIENTED_EDGE('',*,*,#335,.F.);
#335 = EDGE_CURVE('',#22,#336,#338,.T.);
#336 = VERTEX_POINT('',#337);
#337 = CARTESIAN_POINT('',(-80.6,33.8,-7.105427357601E-15));
#338 = SURFACE_CURVE('',#339,(#343,#350),.PCURVE_S1.);
#339 = LINE('',#340,#341);
#340 = CARTESIAN_POINT('',(-80.6,33.95,0.15));
#341 = VECTOR('',#342,1.);
#342 = DIRECTION('',(0.,-0.707106781187,-0.707106781187));
#343 = PCURVE('',#72,#344);
#344 = DEFINITIONAL_REPRESENTATION('',(#345),#349);
#345 = LINE('',#346,#347);
#346 = CARTESIAN_POINT('',(-0.,0.));
#347 = VECTOR('',#348,1.);
#348 = DIRECTION('',(-0.,1.));
#349 = ( GEOMETRIC_REPRESENTATION_CONTEXT(2) 
PARAMETRIC_REPRESENTATION_CONTEXT() REPRESENTATION_CONTEXT('2D SPACE',''
  ) );
#350 = PCURVE('',#320,#351);
#351 = DEFINITIONAL_REPRESENTATION('',(#352),#356);
#352 = LINE('',#353,#354);
#353 = CARTESIAN_POINT('',(-1.570796326795,-0.15));
#354 = VECTOR('',#355,1.);
#355 = DIRECTION('',(-0.,-1.));
#356 = ( GEOMETRIC_REPRESENTATION_CONTEXT(2) 
PARAMETRIC_REPRESENTATION_CONTEXT() REPRESENTATION_CONTEXT('2D SPACE',''
  ) );
#357 = ORIENTED_EDGE('',*,*,#56,.T.);
#358 = ORIENTED_EDGE('',*,*,#359,.T.);
#359 = EDGE_CURVE('',#57,#141,#360,.T.);
#360 = SURFACE_CURVE('',#361,(#365,#372),.PCURVE_S1.);
#361 = LINE('',#362,#363);
#362 = CARTESIAN_POINT('',(-80.6,34.1,0.3));
#363 = VECTOR('',#364,1.);
#364 = DIRECTION('',(1.,0.,0.));
#365 = PCURVE('',#72,#366);
#366 = DEFINITIONAL_REPRESENTATION('',(#367),#371);
#367 = LINE('',#368,#369);
#368 = CARTESIAN_POINT('',(-0.,-0.212132034356));
#369 = VECTOR('',#370,1.);
#370 = DIRECTION('',(-1.,0.));
#371 = ( GEOMETRIC_REPRESENTATION_CONTEXT(2) 
PARAMETRIC_REPRESENTATION_CONTEXT() REPRESENTATION_CONTEXT('2D SPACE',''
  ) );
#372 = PCURVE('',#373,#378);
#373 = PLANE('',#374);
#374 = AXIS2_PLACEMENT_3D('',#375,#376,#377);
#375 = CARTESIAN_POINT('',(7.8,34.1,2.8));
#376 = DIRECTION('',(0.,1.,-1.224646799147E-16));
#377 = DIRECTION('',(0.,-1.224646799147E-16,-1.));
#378 = DEFINITIONAL_REPRESENTATION('',(#379),#383);
#379 = LINE('',#380,#381);
#380 = CARTESIAN_POINT('',(2.5,88.4));
#381 = VECTOR('',#382,1.);
#382 = DIRECTION('',(0.,-1.));
#383 = ( GEOMETRIC_REPRESENTATION_CONTEXT(2) 
PARAMETRIC_REPRESENTATION_CONTEXT() REPRESENTATION_CONTEXT('2D SPACE',''
  ) );
#384 = ORIENTED_EDGE('',*,*,#168,.T.);
#385 = ORIENTED_EDGE('',*,*,#386,.T.);
#386 = EDGE_CURVE('',#169,#387,#389,.T.);
#387 = VERTEX_POINT('',#388);
#388 = CARTESIAN_POINT('',(80.6,33.8,-7.105427357601E-15));
#389 = SURFACE_CURVE('',#390,(#394,#401),.PCURVE_S1.);
#390 = LINE('',#391,#392);
#391 = CARTESIAN_POINT('',(80.6,33.95,0.15));
#392 = VECTOR('',#393,1.);
#393 = DIRECTION('',(0.,-0.707106781187,-0.707106781187));
#394 = PCURVE('',#72,#395);
#395 = DEFINITIONAL_REPRESENTATION('',(#396),#400);
#396 = LINE('',#397,#398);
#397 = CARTESIAN_POINT('',(-161.2,0.));
#398 = VECTOR('',#399,1.);
#399 = DIRECTION('',(-0.,1.));
#400 = ( GEOMETRIC_REPRESENTATION_CONTEXT(2) 
PARAMETRIC_REPRESENTATION_CONTEXT() REPRESENTATION_CONTEXT('2D SPACE',''
  ) );
#401 = PCURVE('',#402,#407);
#402 = CONICAL_SURFACE('',#403,4.,0.785398163397);
#403 = AXIS2_PLACEMENT_3D('',#404,#405,#406);
#404 = CARTESIAN_POINT('',(80.6,30.1,0.3));
#405 = DIRECTION('',(-0.,1.224646799147E-16,1.));
#406 = DIRECTION('',(0.,1.,-1.224646799147E-16));
#407 = DEFINITIONAL_REPRESENTATION('',(#408),#412);
#408 = LINE('',#409,#410);
#409 = CARTESIAN_POINT('',(-0.,-0.15));
#410 = VECTOR('',#411,1.);
#411 = DIRECTION('',(-0.,-1.));
#412 = ( GEOMETRIC_REPRESENTATION_CONTEXT(2) 
PARAMETRIC_REPRESENTATION_CONTEXT() REPRESENTATION_CONTEXT('2D SPACE',''
  ) );
#413 = ORIENTED_EDGE('',*,*,#414,.F.);
#414 = EDGE_CURVE('',#336,#387,#415,.T.);
#415 = SURFACE_CURVE('',#416,(#420,#427),.PCURVE_S1.);
#416 = LINE('',#417,#418);
#417 = CARTESIAN_POINT('',(-80.6,33.8,-7.105427357601E-15));
#418 = VECTOR('',#419,1.);
#419 = DIRECTION('',(1.,0.,0.));
#420 = PCURVE('',#72,#421);
#421 = DEFINITIONAL_REPRESENTATION('',(#422),#426);
#422 = LINE('',#423,#424);
#423 = CARTESIAN_POINT('',(-0.,0.212132034356));
#424 = VECTOR('',#425,1.);
#425 = DIRECTION('',(-1.,0.));
#426 = ( GEOMETRIC_REPRESENTATION_CONTEXT(2) 
PARAMETRIC_REPRESENTATION_CONTEXT() REPRESENTATION_CONTEXT('2D SPACE',''
  ) );
#427 = PCURVE('',#428,#433);
#428 = PLANE('',#429);
#429 = AXIS2_PLACEMENT_3D('',#430,#431,#432);
#430 = CARTESIAN_POINT('',(0.,-4.016841501203E-15,0.));
#431 = DIRECTION('',(0.,-1.224646799147E-16,-1.));
#432 = DIRECTION('',(1.,0.,0.));
#433 = DEFINITIONAL_REPRESENTATION('',(#434),#438);
#434 = LINE('',#435,#436);
#435 = CARTESIAN_POINT('',(-80.6,-33.8));
#436 = VECTOR('',#437,1.);
#437 = DIRECTION('',(1.,0.));
#438 = ( GEOMETRIC_REPRESENTATION_CONTEXT(2) 
PARAMETRIC_REPRESENTATION_CONTEXT() REPRESENTATION_CONTEXT('2D SPACE',''
  ) );
#439 = ADVANCED_FACE('',(#440),#100,.F.);
#440 = FACE_BOUND('',#441,.F.);
#441 = EDGE_LOOP('',(#442,#472,#501,#529,#550,#551,#574,#602));
#442 = ORIENTED_EDGE('',*,*,#443,.F.);
#443 = EDGE_CURVE('',#444,#446,#448,.T.);
#444 = VERTEX_POINT('',#445);
#445 = CARTESIAN_POINT('',(7.8,36.8,10.7));
#446 = VERTEX_POINT('',#447);
#447 = CARTESIAN_POINT('',(7.8,36.8,1.6));
#448 = SURFACE_CURVE('',#449,(#453,#460),.PCURVE_S1.);
#449 = LINE('',#450,#451);
#450 = CARTESIAN_POINT('',(7.8,36.8,10.7));
#451 = VECTOR('',#452,1.);
#452 = DIRECTION('',(0.,-1.224646799147E-16,-1.));
#453 = PCURVE('',#100,#454);
#454 = DEFINITIONAL_REPRESENTATION('',(#455),#459);
#455 = LINE('',#456,#457);
#456 = CARTESIAN_POINT('',(3.405756062903E-15,1.2));
#457 = VECTOR('',#458,1.);
#458 = DIRECTION('',(1.,0.));
#459 = ( GEOMETRIC_REPRESENTATION_CONTEXT(2) 
PARAMETRIC_REPRESENTATION_CONTEXT() REPRESENTATION_CONTEXT('2D SPACE',''
  ) );
#460 = PCURVE('',#461,#466);
#461 = PLANE('',#462);
#462 = AXIS2_PLACEMENT_3D('',#463,#464,#465);
#463 = CARTESIAN_POINT('',(7.8,36.8,10.7));
#464 = DIRECTION('',(0.,-1.,1.224646799147E-16));
#465 = DIRECTION('',(0.,-1.224646799147E-16,-1.));
#466 = DEFINITIONAL_REPRESENTATION('',(#467),#471);
#467 = LINE('',#468,#469);
#468 = CARTESIAN_POINT('',(0.,0.));
#469 = VECTOR('',#470,1.);
#470 = DIRECTION('',(1.,0.));
#471 = ( GEOMETRIC_REPRESENTATION_CONTEXT(2) 
PARAMETRIC_REPRESENTATION_CONTEXT() REPRESENTATION_CONTEXT('2D SPACE',''
  ) );
#472 = ORIENTED_EDGE('',*,*,#473,.T.);
#473 = EDGE_CURVE('',#444,#474,#476,.T.);
#474 = VERTEX_POINT('',#475);
#475 = CARTESIAN_POINT('',(7.8,36.,9.568629150102));
#476 = SURFACE_CURVE('',#477,(#482,#489),.PCURVE_S1.);
#477 = CIRCLE('',#478,1.2);
#478 = AXIS2_PLACEMENT_3D('',#479,#480,#481);
#479 = CARTESIAN_POINT('',(7.8,35.6,10.7));
#480 = DIRECTION('',(1.,-0.,0.));
#481 = DIRECTION('',(0.,1.,-1.224646799147E-16));
#482 = PCURVE('',#100,#483);
#483 = DEFINITIONAL_REPRESENTATION('',(#484),#488);
#484 = CIRCLE('',#485,1.2);
#485 = AXIS2_PLACEMENT_2D('',#486,#487);
#486 = CARTESIAN_POINT('',(3.552713678801E-15,4.35081943503E-31));
#487 = DIRECTION('',(0.,1.));
#488 = ( GEOMETRIC_REPRESENTATION_CONTEXT(2) 
PARAMETRIC_REPRESENTATION_CONTEXT() REPRESENTATION_CONTEXT('2D SPACE',''
  ) );
#489 = PCURVE('',#490,#495);
#490 = CYLINDRICAL_SURFACE('',#491,1.2);
#491 = AXIS2_PLACEMENT_3D('',#492,#493,#494);
#492 = CARTESIAN_POINT('',(7.8,35.6,10.7));
#493 = DIRECTION('',(-1.,0.,0.));
#494 = DIRECTION('',(0.,-1.,1.224646799147E-16));
#495 = DEFINITIONAL_REPRESENTATION('',(#496),#500);
#496 = LINE('',#497,#498);
#497 = CARTESIAN_POINT('',(-3.14159265359,0.));
#498 = VECTOR('',#499,1.);
#499 = DIRECTION('',(-1.,0.));
#500 = ( GEOMETRIC_REPRESENTATION_CONTEXT(2) 
PARAMETRIC_REPRESENTATION_CONTEXT() REPRESENTATION_CONTEXT('2D SPACE',''
  ) );
#501 = ORIENTED_EDGE('',*,*,#502,.T.);
#502 = EDGE_CURVE('',#474,#503,#505,.T.);
#503 = VERTEX_POINT('',#504);
#504 = CARTESIAN_POINT('',(7.8,36.,2.8));
#505 = SURFACE_CURVE('',#506,(#510,#517),.PCURVE_S1.);
#506 = LINE('',#507,#508);
#507 = CARTESIAN_POINT('',(7.8,36.,10.7));
#508 = VECTOR('',#509,1.);
#509 = DIRECTION('',(0.,-1.224646799147E-16,-1.));
#510 = PCURVE('',#100,#511);
#511 = DEFINITIONAL_REPRESENTATION('',(#512),#516);
#512 = LINE('',#513,#514);
#513 = CARTESIAN_POINT('',(3.503727806835E-15,0.4));
#514 = VECTOR('',#515,1.);
#515 = DIRECTION('',(1.,0.));
#516 = ( GEOMETRIC_REPRESENTATION_CONTEXT(2) 
PARAMETRIC_REPRESENTATION_CONTEXT() REPRESENTATION_CONTEXT('2D SPACE',''
  ) );
#517 = PCURVE('',#518,#523);
#518 = PLANE('',#519);
#519 = AXIS2_PLACEMENT_3D('',#520,#521,#522);
#520 = CARTESIAN_POINT('',(7.8,36.,10.7));
#521 = DIRECTION('',(0.,-1.,1.224646799147E-16));
#522 = DIRECTION('',(0.,-1.224646799147E-16,-1.));
#523 = DEFINITIONAL_REPRESENTATION('',(#524),#528);
#524 = LINE('',#525,#526);
#525 = CARTESIAN_POINT('',(0.,0.));
#526 = VECTOR('',#527,1.);
#527 = DIRECTION('',(1.,0.));
#528 = ( GEOMETRIC_REPRESENTATION_CONTEXT(2) 
PARAMETRIC_REPRESENTATION_CONTEXT() REPRESENTATION_CONTEXT('2D SPACE',''
  ) );
#529 = ORIENTED_EDGE('',*,*,#530,.F.);
#530 = EDGE_CURVE('',#85,#503,#531,.T.);
#531 = SURFACE_CURVE('',#532,(#536,#543),.PCURVE_S1.);
#532 = LINE('',#533,#534);
#533 = CARTESIAN_POINT('',(7.8,32.9,2.8));
#534 = VECTOR('',#535,1.);
#535 = DIRECTION('',(0.,1.,-1.224646799147E-16));
#536 = PCURVE('',#100,#537);
#537 = DEFINITIONAL_REPRESENTATION('',(#538),#542);
#538 = LINE('',#539,#540);
#539 = CARTESIAN_POINT('',(7.9,-2.7));
#540 = VECTOR('',#541,1.);
#541 = DIRECTION('',(0.,1.));
#542 = ( GEOMETRIC_REPRESENTATION_CONTEXT(2) 
PARAMETRIC_REPRESENTATION_CONTEXT() REPRESENTATION_CONTEXT('2D SPACE',''
  ) );
#543 = PCURVE('',#128,#544);
#544 = DEFINITIONAL_REPRESENTATION('',(#545),#549);
#545 = LINE('',#546,#547);
#546 = CARTESIAN_POINT('',(0.,3.9));
#547 = VECTOR('',#548,1.);
#548 = DIRECTION('',(0.,-1.));
#549 = ( GEOMETRIC_REPRESENTATION_CONTEXT(2) 
PARAMETRIC_REPRESENTATION_CONTEXT() REPRESENTATION_CONTEXT('2D SPACE',''
  ) );
#550 = ORIENTED_EDGE('',*,*,#84,.T.);
#551 = ORIENTED_EDGE('',*,*,#552,.T.);
#552 = EDGE_CURVE('',#57,#553,#555,.T.);
#553 = VERTEX_POINT('',#554);
#554 = CARTESIAN_POINT('',(7.8,34.1,-7.105427357601E-15));
#555 = SURFACE_CURVE('',#556,(#560,#567),.PCURVE_S1.);
#556 = LINE('',#557,#558);
#557 = CARTESIAN_POINT('',(7.8,34.1,2.8));
#558 = VECTOR('',#559,1.);
#559 = DIRECTION('',(0.,-1.224646799147E-16,-1.));
#560 = PCURVE('',#100,#561);
#561 = DEFINITIONAL_REPRESENTATION('',(#562),#566);
#562 = LINE('',#563,#564);
#563 = CARTESIAN_POINT('',(7.9,-1.5));
#564 = VECTOR('',#565,1.);
#565 = DIRECTION('',(1.,0.));
#566 = ( GEOMETRIC_REPRESENTATION_CONTEXT(2) 
PARAMETRIC_REPRESENTATION_CONTEXT() REPRESENTATION_CONTEXT('2D SPACE',''
  ) );
#567 = PCURVE('',#373,#568);
#568 = DEFINITIONAL_REPRESENTATION('',(#569),#573);
#569 = LINE('',#570,#571);
#570 = CARTESIAN_POINT('',(0.,0.));
#571 = VECTOR('',#572,1.);
#572 = DIRECTION('',(1.,0.));
#573 = ( GEOMETRIC_REPRESENTATION_CONTEXT(2) 
PARAMETRIC_REPRESENTATION_CONTEXT() REPRESENTATION_CONTEXT('2D SPACE',''
  ) );
#574 = ORIENTED_EDGE('',*,*,#575,.T.);
#575 = EDGE_CURVE('',#553,#576,#578,.T.);
#576 = VERTEX_POINT('',#577);
#577 = CARTESIAN_POINT('',(7.8,35.642857142857,1.6));
#578 = SURFACE_CURVE('',#579,(#583,#590),.PCURVE_S1.);
#579 = LINE('',#580,#581);
#580 = CARTESIAN_POINT('',(7.8,34.1,-7.105427357601E-15));
#581 = VECTOR('',#582,1.);
#582 = DIRECTION('',(0.,0.694135570584,0.719844295421));
#583 = PCURVE('',#100,#584);
#584 = DEFINITIONAL_REPRESENTATION('',(#585),#589);
#585 = LINE('',#586,#587);
#586 = CARTESIAN_POINT('',(10.7,-1.5));
#587 = VECTOR('',#588,1.);
#588 = DIRECTION('',(-0.719844295421,0.694135570584));
#589 = ( GEOMETRIC_REPRESENTATION_CONTEXT(2) 
PARAMETRIC_REPRESENTATION_CONTEXT() REPRESENTATION_CONTEXT('2D SPACE',''
  ) );
#590 = PCURVE('',#591,#596);
#591 = PLANE('',#592);
#592 = AXIS2_PLACEMENT_3D('',#593,#594,#595);
#593 = CARTESIAN_POINT('',(7.8,34.1,-7.105427357601E-15));
#594 = DIRECTION('',(0.,-0.719844295421,0.694135570584));
#595 = DIRECTION('',(0.,0.694135570584,0.719844295421));
#596 = DEFINITIONAL_REPRESENTATION('',(#597),#601);
#597 = LINE('',#598,#599);
#598 = CARTESIAN_POINT('',(0.,0.));
#599 = VECTOR('',#600,1.);
#600 = DIRECTION('',(1.,0.));
#601 = ( GEOMETRIC_REPRESENTATION_CONTEXT(2) 
PARAMETRIC_REPRESENTATION_CONTEXT() REPRESENTATION_CONTEXT('2D SPACE',''
  ) );
#602 = ORIENTED_EDGE('',*,*,#603,.F.);
#603 = EDGE_CURVE('',#446,#576,#604,.T.);
#604 = SURFACE_CURVE('',#605,(#609,#616),.PCURVE_S1.);
#605 = LINE('',#606,#607);
#606 = CARTESIAN_POINT('',(7.8,36.8,1.6));
#607 = VECTOR('',#608,1.);
#608 = DIRECTION('',(0.,-1.,1.224646799147E-16));
#609 = PCURVE('',#100,#610);
#610 = DEFINITIONAL_REPRESENTATION('',(#611),#615);
#611 = LINE('',#612,#613);
#612 = CARTESIAN_POINT('',(9.1,1.2));
#613 = VECTOR('',#614,1.);
#614 = DIRECTION('',(0.,-1.));
#615 = ( GEOMETRIC_REPRESENTATION_CONTEXT(2) 
PARAMETRIC_REPRESENTATION_CONTEXT() REPRESENTATION_CONTEXT('2D SPACE',''
  ) );
#616 = PCURVE('',#617,#622);
#617 = PLANE('',#618);
#618 = AXIS2_PLACEMENT_3D('',#619,#620,#621);
#619 = CARTESIAN_POINT('',(7.8,36.8,1.6));
#620 = DIRECTION('',(0.,-1.224646799147E-16,-1.));
#621 = DIRECTION('',(1.,0.,0.));
#622 = DEFINITIONAL_REPRESENTATION('',(#623),#627);
#623 = LINE('',#624,#625);
#624 = CARTESIAN_POINT('',(0.,0.));
#625 = VECTOR('',#626,1.);
#626 = DIRECTION('',(0.,1.));
#627 = ( GEOMETRIC_REPRESENTATION_CONTEXT(2) 
PARAMETRIC_REPRESENTATION_CONTEXT() REPRESENTATION_CONTEXT('2D SPACE',''
  ) );
#628 = ADVANCED_FACE('',(#629),#128,.F.);
#629 = FACE_BOUND('',#630,.F.);
#630 = EDGE_LOOP('',(#631,#632,#655,#676));
#631 = ORIENTED_EDGE('',*,*,#530,.T.);
#632 = ORIENTED_EDGE('',*,*,#633,.T.);
#633 = EDGE_CURVE('',#503,#634,#636,.T.);
#634 = VERTEX_POINT('',#635);
#635 = CARTESIAN_POINT('',(10.2,36.,2.8));
#636 = SURFACE_CURVE('',#637,(#641,#648),.PCURVE_S1.);
#637 = LINE('',#638,#639);
#638 = CARTESIAN_POINT('',(7.8,36.,2.8));
#639 = VECTOR('',#640,1.);
#640 = DIRECTION('',(1.,0.,0.));
#641 = PCURVE('',#128,#642);
#642 = DEFINITIONAL_REPRESENTATION('',(#643),#647);
#643 = LINE('',#644,#645);
#644 = CARTESIAN_POINT('',(0.,0.8));
#645 = VECTOR('',#646,1.);
#646 = DIRECTION('',(1.,0.));
#647 = ( GEOMETRIC_REPRESENTATION_CONTEXT(2) 
PARAMETRIC_REPRESENTATION_CONTEXT() REPRESENTATION_CONTEXT('2D SPACE',''
  ) );
#648 = PCURVE('',#518,#649);
#649 = DEFINITIONAL_REPRESENTATION('',(#650),#654);
#650 = LINE('',#651,#652);
#651 = CARTESIAN_POINT('',(7.9,0.));
#652 = VECTOR('',#653,1.);
#653 = DIRECTION('',(0.,1.));
#654 = ( GEOMETRIC_REPRESENTATION_CONTEXT(2) 
PARAMETRIC_REPRESENTATION_CONTEXT() REPRESENTATION_CONTEXT('2D SPACE',''
  ) );
#655 = ORIENTED_EDGE('',*,*,#656,.T.);
#656 = EDGE_CURVE('',#634,#113,#657,.T.);
#657 = SURFACE_CURVE('',#658,(#662,#669),.PCURVE_S1.);
#658 = LINE('',#659,#660);
#659 = CARTESIAN_POINT('',(10.2,36.,2.8));
#660 = VECTOR('',#661,1.);
#661 = DIRECTION('',(0.,-1.,1.224646799147E-16));
#662 = PCURVE('',#128,#663);
#663 = DEFINITIONAL_REPRESENTATION('',(#664),#668);
#664 = LINE('',#665,#666);
#665 = CARTESIAN_POINT('',(2.4,0.8));
#666 = VECTOR('',#667,1.);
#667 = DIRECTION('',(0.,1.));
#668 = ( GEOMETRIC_REPRESENTATION_CONTEXT(2) 
PARAMETRIC_REPRESENTATION_CONTEXT() REPRESENTATION_CONTEXT('2D SPACE',''
  ) );
#669 = PCURVE('',#156,#670);
#670 = DEFINITIONAL_REPRESENTATION('',(#671),#675);
#671 = LINE('',#672,#673);
#672 = CARTESIAN_POINT('',(7.9,0.4));
#673 = VECTOR('',#674,1.);
#674 = DIRECTION('',(0.,-1.));
#675 = ( GEOMETRIC_REPRESENTATION_CONTEXT(2) 
PARAMETRIC_REPRESENTATION_CONTEXT() REPRESENTATION_CONTEXT('2D SPACE',''
  ) );
#676 = ORIENTED_EDGE('',*,*,#112,.F.);
#677 = ADVANCED_FACE('',(#678),#156,.T.);
#678 = FACE_BOUND('',#679,.T.);
#679 = EDGE_LOOP('',(#680,#710,#731,#732,#733,#756,#779,#802));
#680 = ORIENTED_EDGE('',*,*,#681,.F.);
#681 = EDGE_CURVE('',#682,#684,#686,.T.);
#682 = VERTEX_POINT('',#683);
#683 = CARTESIAN_POINT('',(10.2,36.,9.568629150102));
#684 = VERTEX_POINT('',#685);
#685 = CARTESIAN_POINT('',(10.2,36.8,10.7));
#686 = SURFACE_CURVE('',#687,(#692,#703),.PCURVE_S1.);
#687 = CIRCLE('',#688,1.2);
#688 = AXIS2_PLACEMENT_3D('',#689,#690,#691);
#689 = CARTESIAN_POINT('',(10.2,35.6,10.7));
#690 = DIRECTION('',(-1.,0.,-0.));
#691 = DIRECTION('',(0.,0.333333333333,-0.942809041582));
#692 = PCURVE('',#156,#693);
#693 = DEFINITIONAL_REPRESENTATION('',(#694),#702);
#694 = ( BOUNDED_CURVE() B_SPLINE_CURVE(2,(#695,#696,#697,#698,#699,#700
,#701),.UNSPECIFIED.,.T.,.F.) B_SPLINE_CURVE_WITH_KNOTS((1,2,2,2,2,1),(
    -2.094395102393,0.,2.094395102393,4.188790204786,6.28318530718,
8.377580409573),.UNSPECIFIED.) CURVE() GEOMETRIC_REPRESENTATION_ITEM() 
RATIONAL_B_SPLINE_CURVE((1.,0.5,1.,0.5,1.,0.5,1.)) REPRESENTATION_ITEM(
  '') );
#695 = CARTESIAN_POINT('',(1.131370849898,0.4));
#696 = CARTESIAN_POINT('',(1.824191172926,-1.559591794227));
#697 = CARTESIAN_POINT('',(-0.219275263435,-1.179795897113));
#698 = CARTESIAN_POINT('',(-2.262741699797,-0.8));
#699 = CARTESIAN_POINT('',(-0.912095586463,0.779795897113));
#700 = CARTESIAN_POINT('',(0.438550526871,2.359591794227));
#701 = CARTESIAN_POINT('',(1.131370849898,0.4));
#702 = ( GEOMETRIC_REPRESENTATION_CONTEXT(2) 
PARAMETRIC_REPRESENTATION_CONTEXT() REPRESENTATION_CONTEXT('2D SPACE',''
  ) );
#703 = PCURVE('',#490,#704);
#704 = DEFINITIONAL_REPRESENTATION('',(#705),#709);
#705 = LINE('',#706,#707);
#706 = CARTESIAN_POINT('',(-8.193818543429,-2.4));
#707 = VECTOR('',#708,1.);
#708 = DIRECTION('',(1.,-0.));
#709 = ( GEOMETRIC_REPRESENTATION_CONTEXT(2) 
PARAMETRIC_REPRESENTATION_CONTEXT() REPRESENTATION_CONTEXT('2D SPACE',''
  ) );
#710 = ORIENTED_EDGE('',*,*,#711,.T.);
#711 = EDGE_CURVE('',#682,#634,#712,.T.);
#712 = SURFACE_CURVE('',#713,(#717,#724),.PCURVE_S1.);
#713 = LINE('',#714,#715);
#714 = CARTESIAN_POINT('',(10.2,36.,10.7));
#715 = VECTOR('',#716,1.);
#716 = DIRECTION('',(0.,-1.224646799147E-16,-1.));
#717 = PCURVE('',#156,#718);
#718 = DEFINITIONAL_REPRESENTATION('',(#719),#723);
#719 = LINE('',#720,#721);
#720 = CARTESIAN_POINT('',(3.503727806835E-15,0.4));
#721 = VECTOR('',#722,1.);
#722 = DIRECTION('',(1.,0.));
#723 = ( GEOMETRIC_REPRESENTATION_CONTEXT(2) 
PARAMETRIC_REPRESENTATION_CONTEXT() REPRESENTATION_CONTEXT('2D SPACE',''
  ) );
#724 = PCURVE('',#518,#725);
#725 = DEFINITIONAL_REPRESENTATION('',(#726),#730);
#726 = LINE('',#727,#728);
#727 = CARTESIAN_POINT('',(0.,2.4));
#728 = VECTOR('',#729,1.);
#729 = DIRECTION('',(1.,0.));
#730 = ( GEOMETRIC_REPRESENTATION_CONTEXT(2) 
PARAMETRIC_REPRESENTATION_CONTEXT() REPRESENTATION_CONTEXT('2D SPACE',''
  ) );
#731 = ORIENTED_EDGE('',*,*,#656,.T.);
#732 = ORIENTED_EDGE('',*,*,#140,.F.);
#733 = ORIENTED_EDGE('',*,*,#734,.T.);
#734 = EDGE_CURVE('',#141,#735,#737,.T.);
#735 = VERTEX_POINT('',#736);
#736 = CARTESIAN_POINT('',(10.2,34.1,-7.105427357601E-15));
#737 = SURFACE_CURVE('',#738,(#742,#749),.PCURVE_S1.);
#738 = LINE('',#739,#740);
#739 = CARTESIAN_POINT('',(10.2,34.1,2.8));
#740 = VECTOR('',#741,1.);
#741 = DIRECTION('',(0.,-1.224646799147E-16,-1.));
#742 = PCURVE('',#156,#743);
#743 = DEFINITIONAL_REPRESENTATION('',(#744),#748);
#744 = LINE('',#745,#746);
#745 = CARTESIAN_POINT('',(7.9,-1.5));
#746 = VECTOR('',#747,1.);
#747 = DIRECTION('',(1.,0.));
#748 = ( GEOMETRIC_REPRESENTATION_CONTEXT(2) 
PARAMETRIC_REPRESENTATION_CONTEXT() REPRESENTATION_CONTEXT('2D SPACE',''
  ) );
#749 = PCURVE('',#373,#750);
#750 = DEFINITIONAL_REPRESENTATION('',(#751),#755);
#751 = LINE('',#752,#753);
#752 = CARTESIAN_POINT('',(0.,-2.4));
#753 = VECTOR('',#754,1.);
#754 = DIRECTION('',(1.,0.));
#755 = ( GEOMETRIC_REPRESENTATION_CONTEXT(2) 
PARAMETRIC_REPRESENTATION_CONTEXT() REPRESENTATION_CONTEXT('2D SPACE',''
  ) );
#756 = ORIENTED_EDGE('',*,*,#757,.T.);
#757 = EDGE_CURVE('',#735,#758,#760,.T.);
#758 = VERTEX_POINT('',#759);
#759 = CARTESIAN_POINT('',(10.2,35.642857142857,1.6));
#760 = SURFACE_CURVE('',#761,(#765,#772),.PCURVE_S1.);
#761 = LINE('',#762,#763);
#762 = CARTESIAN_POINT('',(10.2,34.1,-7.105427357601E-15));
#763 = VECTOR('',#764,1.);
#764 = DIRECTION('',(0.,0.694135570584,0.719844295421));
#765 = PCURVE('',#156,#766);
#766 = DEFINITIONAL_REPRESENTATION('',(#767),#771);
#767 = LINE('',#768,#769);
#768 = CARTESIAN_POINT('',(10.7,-1.5));
#769 = VECTOR('',#770,1.);
#770 = DIRECTION('',(-0.719844295421,0.694135570584));
#771 = ( GEOMETRIC_REPRESENTATION_CONTEXT(2) 
PARAMETRIC_REPRESENTATION_CONTEXT() REPRESENTATION_CONTEXT('2D SPACE',''
  ) );
#772 = PCURVE('',#591,#773);
#773 = DEFINITIONAL_REPRESENTATION('',(#774),#778);
#774 = LINE('',#775,#776);
#775 = CARTESIAN_POINT('',(0.,-2.4));
#776 = VECTOR('',#777,1.);
#777 = DIRECTION('',(1.,0.));
#778 = ( GEOMETRIC_REPRESENTATION_CONTEXT(2) 
PARAMETRIC_REPRESENTATION_CONTEXT() REPRESENTATION_CONTEXT('2D SPACE',''
  ) );
#779 = ORIENTED_EDGE('',*,*,#780,.T.);
#780 = EDGE_CURVE('',#758,#781,#783,.T.);
#781 = VERTEX_POINT('',#782);
#782 = CARTESIAN_POINT('',(10.2,36.8,1.6));
#783 = SURFACE_CURVE('',#784,(#788,#795),.PCURVE_S1.);
#784 = LINE('',#785,#786);
#785 = CARTESIAN_POINT('',(10.2,32.9,1.6));
#786 = VECTOR('',#787,1.);
#787 = DIRECTION('',(0.,1.,-1.224646799147E-16));
#788 = PCURVE('',#156,#789);
#789 = DEFINITIONAL_REPRESENTATION('',(#790),#794);
#790 = LINE('',#791,#792);
#791 = CARTESIAN_POINT('',(9.1,-2.7));
#792 = VECTOR('',#793,1.);
#793 = DIRECTION('',(0.,1.));
#794 = ( GEOMETRIC_REPRESENTATION_CONTEXT(2) 
PARAMETRIC_REPRESENTATION_CONTEXT() REPRESENTATION_CONTEXT('2D SPACE',''
  ) );
#795 = PCURVE('',#617,#796);
#796 = DEFINITIONAL_REPRESENTATION('',(#797),#801);
#797 = LINE('',#798,#799);
#798 = CARTESIAN_POINT('',(2.4,3.9));
#799 = VECTOR('',#800,1.);
#800 = DIRECTION('',(0.,-1.));
#801 = ( GEOMETRIC_REPRESENTATION_CONTEXT(2) 
PARAMETRIC_REPRESENTATION_CONTEXT() REPRESENTATION_CONTEXT('2D SPACE',''
  ) );
#802 = ORIENTED_EDGE('',*,*,#803,.F.);
#803 = EDGE_CURVE('',#684,#781,#804,.T.);
#804 = SURFACE_CURVE('',#805,(#809,#816),.PCURVE_S1.);
#805 = LINE('',#806,#807);
#806 = CARTESIAN_POINT('',(10.2,36.8,10.7));
#807 = VECTOR('',#808,1.);
#808 = DIRECTION('',(0.,-1.224646799147E-16,-1.));
#809 = PCURVE('',#156,#810);
#810 = DEFINITIONAL_REPRESENTATION('',(#811),#815);
#811 = LINE('',#812,#813);
#812 = CARTESIAN_POINT('',(3.405756062903E-15,1.2));
#813 = VECTOR('',#814,1.);
#814 = DIRECTION('',(1.,0.));
#815 = ( GEOMETRIC_REPRESENTATION_CONTEXT(2) 
PARAMETRIC_REPRESENTATION_CONTEXT() REPRESENTATION_CONTEXT('2D SPACE',''
  ) );
#816 = PCURVE('',#461,#817);
#817 = DEFINITIONAL_REPRESENTATION('',(#818),#822);
#818 = LINE('',#819,#820);
#819 = CARTESIAN_POINT('',(0.,2.4));
#820 = VECTOR('',#821,1.);
#821 = DIRECTION('',(1.,0.));
#822 = ( GEOMETRIC_REPRESENTATION_CONTEXT(2) 
PARAMETRIC_REPRESENTATION_CONTEXT() REPRESENTATION_CONTEXT('2D SPACE',''
  ) );
#823 = ADVANCED_FACE('',(#824),#207,.T.);
#824 = FACE_BOUND('',#825,.T.);
#825 = EDGE_LOOP('',(#826,#827,#851,#879));
#826 = ORIENTED_EDGE('',*,*,#191,.F.);
#827 = ORIENTED_EDGE('',*,*,#828,.T.);
#828 = EDGE_CURVE('',#192,#829,#831,.T.);
#829 = VERTEX_POINT('',#830);
#830 = CARTESIAN_POINT('',(84.6,30.1,4.8));
#831 = SURFACE_CURVE('',#832,(#837,#844),.PCURVE_S1.);
#832 = CIRCLE('',#833,4.);
#833 = AXIS2_PLACEMENT_3D('',#834,#835,#836);
#834 = CARTESIAN_POINT('',(80.6,30.1,4.8));
#835 = DIRECTION('',(0.,-1.224646799147E-16,-1.));
#836 = DIRECTION('',(0.,1.,-1.224646799147E-16));
#837 = PCURVE('',#207,#838);
#838 = DEFINITIONAL_REPRESENTATION('',(#839),#843);
#839 = LINE('',#840,#841);
#840 = CARTESIAN_POINT('',(0.,-3.2));
#841 = VECTOR('',#842,1.);
#842 = DIRECTION('',(1.,0.));
#843 = ( GEOMETRIC_REPRESENTATION_CONTEXT(2) 
PARAMETRIC_REPRESENTATION_CONTEXT() REPRESENTATION_CONTEXT('2D SPACE',''
  ) );
#844 = PCURVE('',#233,#845);
#845 = DEFINITIONAL_REPRESENTATION('',(#846),#850);
#846 = CIRCLE('',#847,4.);
#847 = AXIS2_PLACEMENT_2D('',#848,#849);
#848 = CARTESIAN_POINT('',(80.6,-30.1));
#849 = DIRECTION('',(0.,-1.));
#850 = ( GEOMETRIC_REPRESENTATION_CONTEXT(2) 
PARAMETRIC_REPRESENTATION_CONTEXT() REPRESENTATION_CONTEXT('2D SPACE',''
  ) );
#851 = ORIENTED_EDGE('',*,*,#852,.T.);
#852 = EDGE_CURVE('',#829,#853,#855,.T.);
#853 = VERTEX_POINT('',#854);
#854 = CARTESIAN_POINT('',(84.6,30.1,0.3));
#855 = SURFACE_CURVE('',#856,(#860,#867),.PCURVE_S1.);
#856 = LINE('',#857,#858);
#857 = CARTESIAN_POINT('',(84.6,30.1,4.8));
#858 = VECTOR('',#859,1.);
#859 = DIRECTION('',(0.,-1.224646799147E-16,-1.));
#860 = PCURVE('',#207,#861);
#861 = DEFINITIONAL_REPRESENTATION('',(#862),#866);
#862 = LINE('',#863,#864);
#863 = CARTESIAN_POINT('',(1.570796326795,-3.2));
#864 = VECTOR('',#865,1.);
#865 = DIRECTION('',(0.,1.));
#866 = ( GEOMETRIC_REPRESENTATION_CONTEXT(2) 
PARAMETRIC_REPRESENTATION_CONTEXT() REPRESENTATION_CONTEXT('2D SPACE',''
  ) );
#867 = PCURVE('',#868,#873);
#868 = PLANE('',#869);
#869 = AXIS2_PLACEMENT_3D('',#870,#871,#872);
#870 = CARTESIAN_POINT('',(84.6,34.1,1.6));
#871 = DIRECTION('',(-1.,-0.,0.));
#872 = DIRECTION('',(0.,-1.,1.224646799147E-16));
#873 = DEFINITIONAL_REPRESENTATION('',(#874),#878);
#874 = LINE('',#875,#876);
#875 = CARTESIAN_POINT('',(4.,3.2));
#876 = VECTOR('',#877,1.);
#877 = DIRECTION('',(0.,-1.));
#878 = ( GEOMETRIC_REPRESENTATION_CONTEXT(2) 
PARAMETRIC_REPRESENTATION_CONTEXT() REPRESENTATION_CONTEXT('2D SPACE',''
  ) );
#879 = ORIENTED_EDGE('',*,*,#880,.F.);
#880 = EDGE_CURVE('',#169,#853,#881,.T.);
#881 = SURFACE_CURVE('',#882,(#887,#894),.PCURVE_S1.);
#882 = CIRCLE('',#883,4.);
#883 = AXIS2_PLACEMENT_3D('',#884,#885,#886);
#884 = CARTESIAN_POINT('',(80.6,30.1,0.3));
#885 = DIRECTION('',(0.,-1.224646799147E-16,-1.));
#886 = DIRECTION('',(0.,1.,-1.224646799147E-16));
#887 = PCURVE('',#207,#888);
#888 = DEFINITIONAL_REPRESENTATION('',(#889),#893);
#889 = LINE('',#890,#891);
#890 = CARTESIAN_POINT('',(0.,1.3));
#891 = VECTOR('',#892,1.);
#892 = DIRECTION('',(1.,0.));
#893 = ( GEOMETRIC_REPRESENTATION_CONTEXT(2) 
PARAMETRIC_REPRESENTATION_CONTEXT() REPRESENTATION_CONTEXT('2D SPACE',''
  ) );
#894 = PCURVE('',#402,#895);
#895 = DEFINITIONAL_REPRESENTATION('',(#896),#900);
#896 = LINE('',#897,#898);
#897 = CARTESIAN_POINT('',(-0.,-0.));
#898 = VECTOR('',#899,1.);
#899 = DIRECTION('',(-1.,-0.));
#900 = ( GEOMETRIC_REPRESENTATION_CONTEXT(2) 
PARAMETRIC_REPRESENTATION_CONTEXT() REPRESENTATION_CONTEXT('2D SPACE',''
  ) );
#901 = ADVANCED_FACE('',(#902,#1577),#233,.F.);
#902 = FACE_BOUND('',#903,.F.);
#903 = EDGE_LOOP('',(#904,#905,#906,#907,#930,#959,#987,#1015,#1043,
    #1071,#1094,#1122,#1150,#1178,#1206,#1234,#1257,#1285,#1313,#1341,
    #1369,#1397,#1420,#1448,#1476,#1504,#1527,#1556));
#904 = ORIENTED_EDGE('',*,*,#249,.F.);
#905 = ORIENTED_EDGE('',*,*,#219,.T.);
#906 = ORIENTED_EDGE('',*,*,#828,.T.);
#907 = ORIENTED_EDGE('',*,*,#908,.T.);
#908 = EDGE_CURVE('',#829,#909,#911,.T.);
#909 = VERTEX_POINT('',#910);
#910 = CARTESIAN_POINT('',(84.6,-30.1,4.8));
#911 = SURFACE_CURVE('',#912,(#916,#923),.PCURVE_S1.);
#912 = LINE('',#913,#914);
#913 = CARTESIAN_POINT('',(84.6,34.1,4.8));
#914 = VECTOR('',#915,1.);
#915 = DIRECTION('',(0.,-1.,1.224646799147E-16));
#916 = PCURVE('',#233,#917);
#917 = DEFINITIONAL_REPRESENTATION('',(#918),#922);
#918 = LINE('',#919,#920);
#919 = CARTESIAN_POINT('',(84.6,-34.1));
#920 = VECTOR('',#921,1.);
#921 = DIRECTION('',(0.,1.));
#922 = ( GEOMETRIC_REPRESENTATION_CONTEXT(2) 
PARAMETRIC_REPRESENTATION_CONTEXT() REPRESENTATION_CONTEXT('2D SPACE',''
  ) );
#923 = PCURVE('',#868,#924);
#924 = DEFINITIONAL_REPRESENTATION('',(#925),#929);
#925 = LINE('',#926,#927);
#926 = CARTESIAN_POINT('',(-6.713540381874E-15,3.2));
#927 = VECTOR('',#928,1.);
#928 = DIRECTION('',(1.,0.));
#929 = ( GEOMETRIC_REPRESENTATION_CONTEXT(2) 
PARAMETRIC_REPRESENTATION_CONTEXT() REPRESENTATION_CONTEXT('2D SPACE',''
  ) );
#930 = ORIENTED_EDGE('',*,*,#931,.T.);
#931 = EDGE_CURVE('',#909,#932,#934,.T.);
#932 = VERTEX_POINT('',#933);
#933 = CARTESIAN_POINT('',(80.6,-34.1,4.8));
#934 = SURFACE_CURVE('',#935,(#940,#947),.PCURVE_S1.);
#935 = CIRCLE('',#936,4.);
#936 = AXIS2_PLACEMENT_3D('',#937,#938,#939);
#937 = CARTESIAN_POINT('',(80.6,-30.1,4.8));
#938 = DIRECTION('',(0.,-1.224646799147E-16,-1.));
#939 = DIRECTION('',(0.,1.,-1.224646799147E-16));
#940 = PCURVE('',#233,#941);
#941 = DEFINITIONAL_REPRESENTATION('',(#942),#946);
#942 = CIRCLE('',#943,4.);
#943 = AXIS2_PLACEMENT_2D('',#944,#945);
#944 = CARTESIAN_POINT('',(80.6,30.1));
#945 = DIRECTION('',(0.,-1.));
#946 = ( GEOMETRIC_REPRESENTATION_CONTEXT(2) 
PARAMETRIC_REPRESENTATION_CONTEXT() REPRESENTATION_CONTEXT('2D SPACE',''
  ) );
#947 = PCURVE('',#948,#953);
#948 = CYLINDRICAL_SURFACE('',#949,4.);
#949 = AXIS2_PLACEMENT_3D('',#950,#951,#952);
#950 = CARTESIAN_POINT('',(80.6,-30.1,4.8));
#951 = DIRECTION('',(0.,-1.224646799147E-16,-1.));
#952 = DIRECTION('',(1.,0.,0.));
#953 = DEFINITIONAL_REPRESENTATION('',(#954),#958);
#954 = LINE('',#955,#956);
#955 = CARTESIAN_POINT('',(-1.570796326795,0.));
#956 = VECTOR('',#957,1.);
#957 = DIRECTION('',(1.,0.));
#958 = ( GEOMETRIC_REPRESENTATION_CONTEXT(2) 
PARAMETRIC_REPRESENTATION_CONTEXT() REPRESENTATION_CONTEXT('2D SPACE',''
  ) );
#959 = ORIENTED_EDGE('',*,*,#960,.T.);
#960 = EDGE_CURVE('',#932,#961,#963,.T.);
#961 = VERTEX_POINT('',#962);
#962 = CARTESIAN_POINT('',(74.2,-34.1,4.8));
#963 = SURFACE_CURVE('',#964,(#968,#975),.PCURVE_S1.);
#964 = LINE('',#965,#966);
#965 = CARTESIAN_POINT('',(84.6,-34.1,4.8));
#966 = VECTOR('',#967,1.);
#967 = DIRECTION('',(-1.,-0.,0.));
#968 = PCURVE('',#233,#969);
#969 = DEFINITIONAL_REPRESENTATION('',(#970),#974);
#970 = LINE('',#971,#972);
#971 = CARTESIAN_POINT('',(84.6,34.1));
#972 = VECTOR('',#973,1.);
#973 = DIRECTION('',(-1.,0.));
#974 = ( GEOMETRIC_REPRESENTATION_CONTEXT(2) 
PARAMETRIC_REPRESENTATION_CONTEXT() REPRESENTATION_CONTEXT('2D SPACE',''
  ) );
#975 = PCURVE('',#976,#981);
#976 = PLANE('',#977);
#977 = AXIS2_PLACEMENT_3D('',#978,#979,#980);
#978 = CARTESIAN_POINT('',(84.6,-34.1,4.8));
#979 = DIRECTION('',(0.,1.,-1.224646799147E-16));
#980 = DIRECTION('',(-1.,-0.,0.));
#981 = DEFINITIONAL_REPRESENTATION('',(#982),#986);
#982 = LINE('',#983,#984);
#983 = CARTESIAN_POINT('',(0.,0.));
#984 = VECTOR('',#985,1.);
#985 = DIRECTION('',(1.,0.));
#986 = ( GEOMETRIC_REPRESENTATION_CONTEXT(2) 
PARAMETRIC_REPRESENTATION_CONTEXT() REPRESENTATION_CONTEXT('2D SPACE',''
  ) );
#987 = ORIENTED_EDGE('',*,*,#988,.F.);
#988 = EDGE_CURVE('',#989,#961,#991,.T.);
#989 = VERTEX_POINT('',#990);
#990 = CARTESIAN_POINT('',(74.2,-33.6,4.8));
#991 = SURFACE_CURVE('',#992,(#996,#1003),.PCURVE_S1.);
#992 = LINE('',#993,#994);
#993 = CARTESIAN_POINT('',(74.2,-18.55,4.8));
#994 = VECTOR('',#995,1.);
#995 = DIRECTION('',(0.,-1.,1.224646799147E-16));
#996 = PCURVE('',#233,#997);
#997 = DEFINITIONAL_REPRESENTATION('',(#998),#1002);
#998 = LINE('',#999,#1000);
#999 = CARTESIAN_POINT('',(74.2,18.55));
#1000 = VECTOR('',#1001,1.);
#1001 = DIRECTION('',(0.,1.));
#1002 = ( GEOMETRIC_REPRESENTATION_CONTEXT(2) 
PARAMETRIC_REPRESENTATION_CONTEXT() REPRESENTATION_CONTEXT('2D SPACE',''
  ) );
#1003 = PCURVE('',#1004,#1009);
#1004 = PLANE('',#1005);
#1005 = AXIS2_PLACEMENT_3D('',#1006,#1007,#1008);
#1006 = CARTESIAN_POINT('',(74.2,-37.1,4.8));
#1007 = DIRECTION('',(1.,0.,0.));
#1008 = DIRECTION('',(0.,-1.224646799147E-16,-1.));
#1009 = DEFINITIONAL_REPRESENTATION('',(#1010),#1014);
#1010 = LINE('',#1011,#1012);
#1011 = CARTESIAN_POINT('',(-2.271719812418E-15,18.55));
#1012 = VECTOR('',#1013,1.);
#1013 = DIRECTION('',(0.,-1.));
#1014 = ( GEOMETRIC_REPRESENTATION_CONTEXT(2) 
PARAMETRIC_REPRESENTATION_CONTEXT() REPRESENTATION_CONTEXT('2D SPACE',''
  ) );
#1015 = ORIENTED_EDGE('',*,*,#1016,.T.);
#1016 = EDGE_CURVE('',#989,#1017,#1019,.T.);
#1017 = VERTEX_POINT('',#1018);
#1018 = CARTESIAN_POINT('',(70.8,-33.6,4.8));
#1019 = SURFACE_CURVE('',#1020,(#1024,#1031),.PCURVE_S1.);
#1020 = LINE('',#1021,#1022);
#1021 = CARTESIAN_POINT('',(70.8,-33.6,4.8));
#1022 = VECTOR('',#1023,1.);
#1023 = DIRECTION('',(-1.,0.,0.));
#1024 = PCURVE('',#233,#1025);
#1025 = DEFINITIONAL_REPRESENTATION('',(#1026),#1030);
#1026 = LINE('',#1027,#1028);
#1027 = CARTESIAN_POINT('',(70.8,33.6));
#1028 = VECTOR('',#1029,1.);
#1029 = DIRECTION('',(-1.,0.));
#1030 = ( GEOMETRIC_REPRESENTATION_CONTEXT(2) 
PARAMETRIC_REPRESENTATION_CONTEXT() REPRESENTATION_CONTEXT('2D SPACE',''
  ) );
#1031 = PCURVE('',#1032,#1037);
#1032 = CYLINDRICAL_SURFACE('',#1033,3.5);
#1033 = AXIS2_PLACEMENT_3D('',#1034,#1035,#1036);
#1034 = CARTESIAN_POINT('',(70.8,-37.1,4.8));
#1035 = DIRECTION('',(-1.,0.,0.));
#1036 = DIRECTION('',(0.,-1.,1.224646799147E-16));
#1037 = DEFINITIONAL_REPRESENTATION('',(#1038),#1042);
#1038 = LINE('',#1039,#1040);
#1039 = CARTESIAN_POINT('',(-3.14159265359,0.));
#1040 = VECTOR('',#1041,1.);
#1041 = DIRECTION('',(-0.,1.));
#1042 = ( GEOMETRIC_REPRESENTATION_CONTEXT(2) 
PARAMETRIC_REPRESENTATION_CONTEXT() REPRESENTATION_CONTEXT('2D SPACE',''
  ) );
#1043 = ORIENTED_EDGE('',*,*,#1044,.T.);
#1044 = EDGE_CURVE('',#1017,#1045,#1047,.T.);
#1045 = VERTEX_POINT('',#1046);
#1046 = CARTESIAN_POINT('',(70.8,-34.1,4.8));
#1047 = SURFACE_CURVE('',#1048,(#1052,#1059),.PCURVE_S1.);
#1048 = LINE('',#1049,#1050);
#1049 = CARTESIAN_POINT('',(70.8,-18.55,4.8));
#1050 = VECTOR('',#1051,1.);
#1051 = DIRECTION('',(0.,-1.,1.224646799147E-16));
#1052 = PCURVE('',#233,#1053);
#1053 = DEFINITIONAL_REPRESENTATION('',(#1054),#1058);
#1054 = LINE('',#1055,#1056);
#1055 = CARTESIAN_POINT('',(70.8,18.55));
#1056 = VECTOR('',#1057,1.);
#1057 = DIRECTION('',(0.,1.));
#1058 = ( GEOMETRIC_REPRESENTATION_CONTEXT(2) 
PARAMETRIC_REPRESENTATION_CONTEXT() REPRESENTATION_CONTEXT('2D SPACE',''
  ) );
#1059 = PCURVE('',#1060,#1065);
#1060 = PLANE('',#1061);
#1061 = AXIS2_PLACEMENT_3D('',#1062,#1063,#1064);
#1062 = CARTESIAN_POINT('',(70.8,-37.1,4.8));
#1063 = DIRECTION('',(1.,0.,0.));
#1064 = DIRECTION('',(0.,-1.224646799147E-16,-1.));
#1065 = DEFINITIONAL_REPRESENTATION('',(#1066),#1070);
#1066 = LINE('',#1067,#1068);
#1067 = CARTESIAN_POINT('',(-2.271719812418E-15,18.55));
#1068 = VECTOR('',#1069,1.);
#1069 = DIRECTION('',(0.,-1.));
#1070 = ( GEOMETRIC_REPRESENTATION_CONTEXT(2) 
PARAMETRIC_REPRESENTATION_CONTEXT() REPRESENTATION_CONTEXT('2D SPACE',''
  ) );
#1071 = ORIENTED_EDGE('',*,*,#1072,.T.);
#1072 = EDGE_CURVE('',#1045,#1073,#1075,.T.);
#1073 = VERTEX_POINT('',#1074);
#1074 = CARTESIAN_POINT('',(70.6,-34.1,4.8));
#1075 = SURFACE_CURVE('',#1076,(#1080,#1087),.PCURVE_S1.);
#1076 = LINE('',#1077,#1078);
#1077 = CARTESIAN_POINT('',(84.6,-34.1,4.8));
#1078 = VECTOR('',#1079,1.);
#1079 = DIRECTION('',(-1.,-0.,0.));
#1080 = PCURVE('',#233,#1081);
#1081 = DEFINITIONAL_REPRESENTATION('',(#1082),#1086);
#1082 = LINE('',#1083,#1084);
#1083 = CARTESIAN_POINT('',(84.6,34.1));
#1084 = VECTOR('',#1085,1.);
#1085 = DIRECTION('',(-1.,0.));
#1086 = ( GEOMETRIC_REPRESENTATION_CONTEXT(2) 
PARAMETRIC_REPRESENTATION_CONTEXT() REPRESENTATION_CONTEXT('2D SPACE',''
  ) );
#1087 = PCURVE('',#976,#1088);
#1088 = DEFINITIONAL_REPRESENTATION('',(#1089),#1093);
#1089 = LINE('',#1090,#1091);
#1090 = CARTESIAN_POINT('',(0.,0.));
#1091 = VECTOR('',#1092,1.);
#1092 = DIRECTION('',(1.,0.));
#1093 = ( GEOMETRIC_REPRESENTATION_CONTEXT(2) 
PARAMETRIC_REPRESENTATION_CONTEXT() REPRESENTATION_CONTEXT('2D SPACE',''
  ) );
#1094 = ORIENTED_EDGE('',*,*,#1095,.F.);
#1095 = EDGE_CURVE('',#1096,#1073,#1098,.T.);
#1096 = VERTEX_POINT('',#1097);
#1097 = CARTESIAN_POINT('',(70.6,-33.9,4.8));
#1098 = SURFACE_CURVE('',#1099,(#1103,#1110),.PCURVE_S1.);
#1099 = LINE('',#1100,#1101);
#1100 = CARTESIAN_POINT('',(70.6,-18.55,4.8));
#1101 = VECTOR('',#1102,1.);
#1102 = DIRECTION('',(0.,-1.,1.224646799147E-16));
#1103 = PCURVE('',#233,#1104);
#1104 = DEFINITIONAL_REPRESENTATION('',(#1105),#1109);
#1105 = LINE('',#1106,#1107);
#1106 = CARTESIAN_POINT('',(70.6,18.55));
#1107 = VECTOR('',#1108,1.);
#1108 = DIRECTION('',(0.,1.));
#1109 = ( GEOMETRIC_REPRESENTATION_CONTEXT(2) 
PARAMETRIC_REPRESENTATION_CONTEXT() REPRESENTATION_CONTEXT('2D SPACE',''
  ) );
#1110 = PCURVE('',#1111,#1116);
#1111 = PLANE('',#1112);
#1112 = AXIS2_PLACEMENT_3D('',#1113,#1114,#1115);
#1113 = CARTESIAN_POINT('',(70.6,-37.1,4.8));
#1114 = DIRECTION('',(1.,0.,0.));
#1115 = DIRECTION('',(0.,-1.224646799147E-16,-1.));
#1116 = DEFINITIONAL_REPRESENTATION('',(#1117),#1121);
#1117 = LINE('',#1118,#1119);
#1118 = CARTESIAN_POINT('',(1.280993866382E-15,18.55));
#1119 = VECTOR('',#1120,1.);
#1120 = DIRECTION('',(0.,-1.));
#1121 = ( GEOMETRIC_REPRESENTATION_CONTEXT(2) 
PARAMETRIC_REPRESENTATION_CONTEXT() REPRESENTATION_CONTEXT('2D SPACE',''
  ) );
#1122 = ORIENTED_EDGE('',*,*,#1123,.T.);
#1123 = EDGE_CURVE('',#1096,#1124,#1126,.T.);
#1124 = VERTEX_POINT('',#1125);
#1125 = CARTESIAN_POINT('',(67.6,-33.9,4.8));
#1126 = SURFACE_CURVE('',#1127,(#1131,#1138),.PCURVE_S1.);
#1127 = LINE('',#1128,#1129);
#1128 = CARTESIAN_POINT('',(67.6,-33.9,4.8));
#1129 = VECTOR('',#1130,1.);
#1130 = DIRECTION('',(-1.,0.,0.));
#1131 = PCURVE('',#233,#1132);
#1132 = DEFINITIONAL_REPRESENTATION('',(#1133),#1137);
#1133 = LINE('',#1134,#1135);
#1134 = CARTESIAN_POINT('',(67.6,33.9));
#1135 = VECTOR('',#1136,1.);
#1136 = DIRECTION('',(-1.,0.));
#1137 = ( GEOMETRIC_REPRESENTATION_CONTEXT(2) 
PARAMETRIC_REPRESENTATION_CONTEXT() REPRESENTATION_CONTEXT('2D SPACE',''
  ) );
#1138 = PCURVE('',#1139,#1144);
#1139 = CYLINDRICAL_SURFACE('',#1140,3.2);
#1140 = AXIS2_PLACEMENT_3D('',#1141,#1142,#1143);
#1141 = CARTESIAN_POINT('',(67.6,-37.1,4.8));
#1142 = DIRECTION('',(-1.,0.,0.));
#1143 = DIRECTION('',(0.,-1.,1.224646799147E-16));
#1144 = DEFINITIONAL_REPRESENTATION('',(#1145),#1149);
#1145 = LINE('',#1146,#1147);
#1146 = CARTESIAN_POINT('',(-3.14159265359,0.));
#1147 = VECTOR('',#1148,1.);
#1148 = DIRECTION('',(-0.,1.));
#1149 = ( GEOMETRIC_REPRESENTATION_CONTEXT(2) 
PARAMETRIC_REPRESENTATION_CONTEXT() REPRESENTATION_CONTEXT('2D SPACE',''
  ) );
#1150 = ORIENTED_EDGE('',*,*,#1151,.F.);
#1151 = EDGE_CURVE('',#1152,#1124,#1154,.T.);
#1152 = VERTEX_POINT('',#1153);
#1153 = CARTESIAN_POINT('',(67.6,-33.6,4.8));
#1154 = SURFACE_CURVE('',#1155,(#1159,#1166),.PCURVE_S1.);
#1155 = LINE('',#1156,#1157);
#1156 = CARTESIAN_POINT('',(67.6,-18.55,4.8));
#1157 = VECTOR('',#1158,1.);
#1158 = DIRECTION('',(0.,-1.,1.224646799147E-16));
#1159 = PCURVE('',#233,#1160);
#1160 = DEFINITIONAL_REPRESENTATION('',(#1161),#1165);
#1161 = LINE('',#1162,#1163);
#1162 = CARTESIAN_POINT('',(67.6,18.55));
#1163 = VECTOR('',#1164,1.);
#1164 = DIRECTION('',(0.,1.));
#1165 = ( GEOMETRIC_REPRESENTATION_CONTEXT(2) 
PARAMETRIC_REPRESENTATION_CONTEXT() REPRESENTATION_CONTEXT('2D SPACE',''
  ) );
#1166 = PCURVE('',#1167,#1172);
#1167 = PLANE('',#1168);
#1168 = AXIS2_PLACEMENT_3D('',#1169,#1170,#1171);
#1169 = CARTESIAN_POINT('',(67.6,-37.1,4.8));
#1170 = DIRECTION('',(1.,0.,0.));
#1171 = DIRECTION('',(0.,-1.224646799147E-16,-1.));
#1172 = DEFINITIONAL_REPRESENTATION('',(#1173),#1177);
#1173 = LINE('',#1174,#1175);
#1174 = CARTESIAN_POINT('',(-2.271719812418E-15,18.55));
#1175 = VECTOR('',#1176,1.);
#1176 = DIRECTION('',(0.,-1.));
#1177 = ( GEOMETRIC_REPRESENTATION_CONTEXT(2) 
PARAMETRIC_REPRESENTATION_CONTEXT() REPRESENTATION_CONTEXT('2D SPACE',''
  ) );
#1178 = ORIENTED_EDGE('',*,*,#1179,.T.);
#1179 = EDGE_CURVE('',#1152,#1180,#1182,.T.);
#1180 = VERTEX_POINT('',#1181);
#1181 = CARTESIAN_POINT('',(64.9,-33.6,4.8));
#1182 = SURFACE_CURVE('',#1183,(#1187,#1194),.PCURVE_S1.);
#1183 = LINE('',#1184,#1185);
#1184 = CARTESIAN_POINT('',(64.9,-33.6,4.8));
#1185 = VECTOR('',#1186,1.);
#1186 = DIRECTION('',(-1.,0.,0.));
#1187 = PCURVE('',#233,#1188);
#1188 = DEFINITIONAL_REPRESENTATION('',(#1189),#1193);
#1189 = LINE('',#1190,#1191);
#1190 = CARTESIAN_POINT('',(64.9,33.6));
#1191 = VECTOR('',#1192,1.);
#1192 = DIRECTION('',(-1.,0.));
#1193 = ( GEOMETRIC_REPRESENTATION_CONTEXT(2) 
PARAMETRIC_REPRESENTATION_CONTEXT() REPRESENTATION_CONTEXT('2D SPACE',''
  ) );
#1194 = PCURVE('',#1195,#1200);
#1195 = CYLINDRICAL_SURFACE('',#1196,3.5);
#1196 = AXIS2_PLACEMENT_3D('',#1197,#1198,#1199);
#1197 = CARTESIAN_POINT('',(64.9,-37.1,4.8));
#1198 = DIRECTION('',(-1.,0.,0.));
#1199 = DIRECTION('',(0.,-1.,1.224646799147E-16));
#1200 = DEFINITIONAL_REPRESENTATION('',(#1201),#1205);
#1201 = LINE('',#1202,#1203);
#1202 = CARTESIAN_POINT('',(-3.14159265359,0.));
#1203 = VECTOR('',#1204,1.);
#1204 = DIRECTION('',(-0.,1.));
#1205 = ( GEOMETRIC_REPRESENTATION_CONTEXT(2) 
PARAMETRIC_REPRESENTATION_CONTEXT() REPRESENTATION_CONTEXT('2D SPACE',''
  ) );
#1206 = ORIENTED_EDGE('',*,*,#1207,.T.);
#1207 = EDGE_CURVE('',#1180,#1208,#1210,.T.);
#1208 = VERTEX_POINT('',#1209);
#1209 = CARTESIAN_POINT('',(64.9,-34.1,4.8));
#1210 = SURFACE_CURVE('',#1211,(#1215,#1222),.PCURVE_S1.);
#1211 = LINE('',#1212,#1213);
#1212 = CARTESIAN_POINT('',(64.9,-18.55,4.8));
#1213 = VECTOR('',#1214,1.);
#1214 = DIRECTION('',(0.,-1.,1.224646799147E-16));
#1215 = PCURVE('',#233,#1216);
#1216 = DEFINITIONAL_REPRESENTATION('',(#1217),#1221);
#1217 = LINE('',#1218,#1219);
#1218 = CARTESIAN_POINT('',(64.9,18.55));
#1219 = VECTOR('',#1220,1.);
#1220 = DIRECTION('',(0.,1.));
#1221 = ( GEOMETRIC_REPRESENTATION_CONTEXT(2) 
PARAMETRIC_REPRESENTATION_CONTEXT() REPRESENTATION_CONTEXT('2D SPACE',''
  ) );
#1222 = PCURVE('',#1223,#1228);
#1223 = PLANE('',#1224);
#1224 = AXIS2_PLACEMENT_3D('',#1225,#1226,#1227);
#1225 = CARTESIAN_POINT('',(64.9,-37.1,4.8));
#1226 = DIRECTION('',(1.,0.,0.));
#1227 = DIRECTION('',(0.,-1.224646799147E-16,-1.));
#1228 = DEFINITIONAL_REPRESENTATION('',(#1229),#1233);
#1229 = LINE('',#1230,#1231);
#1230 = CARTESIAN_POINT('',(-2.271719812418E-15,18.55));
#1231 = VECTOR('',#1232,1.);
#1232 = DIRECTION('',(0.,-1.));
#1233 = ( GEOMETRIC_REPRESENTATION_CONTEXT(2) 
PARAMETRIC_REPRESENTATION_CONTEXT() REPRESENTATION_CONTEXT('2D SPACE',''
  ) );
#1234 = ORIENTED_EDGE('',*,*,#1235,.T.);
#1235 = EDGE_CURVE('',#1208,#1236,#1238,.T.);
#1236 = VERTEX_POINT('',#1237);
#1237 = CARTESIAN_POINT('',(-64.9,-34.1,4.8));
#1238 = SURFACE_CURVE('',#1239,(#1243,#1250),.PCURVE_S1.);
#1239 = LINE('',#1240,#1241);
#1240 = CARTESIAN_POINT('',(84.6,-34.1,4.8));
#1241 = VECTOR('',#1242,1.);
#1242 = DIRECTION('',(-1.,-0.,0.));
#1243 = PCURVE('',#233,#1244);
#1244 = DEFINITIONAL_REPRESENTATION('',(#1245),#1249);
#1245 = LINE('',#1246,#1247);
#1246 = CARTESIAN_POINT('',(84.6,34.1));
#1247 = VECTOR('',#1248,1.);
#1248 = DIRECTION('',(-1.,0.));
#1249 = ( GEOMETRIC_REPRESENTATION_CONTEXT(2) 
PARAMETRIC_REPRESENTATION_CONTEXT() REPRESENTATION_CONTEXT('2D SPACE',''
  ) );
#1250 = PCURVE('',#976,#1251);
#1251 = DEFINITIONAL_REPRESENTATION('',(#1252),#1256);
#1252 = LINE('',#1253,#1254);
#1253 = CARTESIAN_POINT('',(0.,0.));
#1254 = VECTOR('',#1255,1.);
#1255 = DIRECTION('',(1.,0.));
#1256 = ( GEOMETRIC_REPRESENTATION_CONTEXT(2) 
PARAMETRIC_REPRESENTATION_CONTEXT() REPRESENTATION_CONTEXT('2D SPACE',''
  ) );
#1257 = ORIENTED_EDGE('',*,*,#1258,.F.);
#1258 = EDGE_CURVE('',#1259,#1236,#1261,.T.);
#1259 = VERTEX_POINT('',#1260);
#1260 = CARTESIAN_POINT('',(-64.9,-33.6,4.8));
#1261 = SURFACE_CURVE('',#1262,(#1266,#1273),.PCURVE_S1.);
#1262 = LINE('',#1263,#1264);
#1263 = CARTESIAN_POINT('',(-64.9,-18.55,4.8));
#1264 = VECTOR('',#1265,1.);
#1265 = DIRECTION('',(0.,-1.,1.224646799147E-16));
#1266 = PCURVE('',#233,#1267);
#1267 = DEFINITIONAL_REPRESENTATION('',(#1268),#1272);
#1268 = LINE('',#1269,#1270);
#1269 = CARTESIAN_POINT('',(-64.9,18.55));
#1270 = VECTOR('',#1271,1.);
#1271 = DIRECTION('',(0.,1.));
#1272 = ( GEOMETRIC_REPRESENTATION_CONTEXT(2) 
PARAMETRIC_REPRESENTATION_CONTEXT() REPRESENTATION_CONTEXT('2D SPACE',''
  ) );
#1273 = PCURVE('',#1274,#1279);
#1274 = PLANE('',#1275);
#1275 = AXIS2_PLACEMENT_3D('',#1276,#1277,#1278);
#1276 = CARTESIAN_POINT('',(-64.9,-37.1,4.8));
#1277 = DIRECTION('',(1.,0.,0.));
#1278 = DIRECTION('',(0.,-1.224646799147E-16,-1.));
#1279 = DEFINITIONAL_REPRESENTATION('',(#1280),#1284);
#1280 = LINE('',#1281,#1282);
#1281 = CARTESIAN_POINT('',(-2.271719812418E-15,18.55));
#1282 = VECTOR('',#1283,1.);
#1283 = DIRECTION('',(0.,-1.));
#1284 = ( GEOMETRIC_REPRESENTATION_CONTEXT(2) 
PARAMETRIC_REPRESENTATION_CONTEXT() REPRESENTATION_CONTEXT('2D SPACE',''
  ) );
#1285 = ORIENTED_EDGE('',*,*,#1286,.T.);
#1286 = EDGE_CURVE('',#1259,#1287,#1289,.T.);
#1287 = VERTEX_POINT('',#1288);
#1288 = CARTESIAN_POINT('',(-67.6,-33.6,4.8));
#1289 = SURFACE_CURVE('',#1290,(#1294,#1301),.PCURVE_S1.);
#1290 = LINE('',#1291,#1292);
#1291 = CARTESIAN_POINT('',(-67.6,-33.6,4.8));
#1292 = VECTOR('',#1293,1.);
#1293 = DIRECTION('',(-1.,0.,0.));
#1294 = PCURVE('',#233,#1295);
#1295 = DEFINITIONAL_REPRESENTATION('',(#1296),#1300);
#1296 = LINE('',#1297,#1298);
#1297 = CARTESIAN_POINT('',(-67.6,33.6));
#1298 = VECTOR('',#1299,1.);
#1299 = DIRECTION('',(-1.,0.));
#1300 = ( GEOMETRIC_REPRESENTATION_CONTEXT(2) 
PARAMETRIC_REPRESENTATION_CONTEXT() REPRESENTATION_CONTEXT('2D SPACE',''
  ) );
#1301 = PCURVE('',#1302,#1307);
#1302 = CYLINDRICAL_SURFACE('',#1303,3.5);
#1303 = AXIS2_PLACEMENT_3D('',#1304,#1305,#1306);
#1304 = CARTESIAN_POINT('',(-67.6,-37.1,4.8));
#1305 = DIRECTION('',(-1.,0.,0.));
#1306 = DIRECTION('',(0.,-1.,1.224646799147E-16));
#1307 = DEFINITIONAL_REPRESENTATION('',(#1308),#1312);
#1308 = LINE('',#1309,#1310);
#1309 = CARTESIAN_POINT('',(-3.14159265359,0.));
#1310 = VECTOR('',#1311,1.);
#1311 = DIRECTION('',(-0.,1.));
#1312 = ( GEOMETRIC_REPRESENTATION_CONTEXT(2) 
PARAMETRIC_REPRESENTATION_CONTEXT() REPRESENTATION_CONTEXT('2D SPACE',''
  ) );
#1313 = ORIENTED_EDGE('',*,*,#1314,.T.);
#1314 = EDGE_CURVE('',#1287,#1315,#1317,.T.);
#1315 = VERTEX_POINT('',#1316);
#1316 = CARTESIAN_POINT('',(-67.6,-33.9,4.8));
#1317 = SURFACE_CURVE('',#1318,(#1322,#1329),.PCURVE_S1.);
#1318 = LINE('',#1319,#1320);
#1319 = CARTESIAN_POINT('',(-67.6,-18.55,4.8));
#1320 = VECTOR('',#1321,1.);
#1321 = DIRECTION('',(0.,-1.,1.224646799147E-16));
#1322 = PCURVE('',#233,#1323);
#1323 = DEFINITIONAL_REPRESENTATION('',(#1324),#1328);
#1324 = LINE('',#1325,#1326);
#1325 = CARTESIAN_POINT('',(-67.6,18.55));
#1326 = VECTOR('',#1327,1.);
#1327 = DIRECTION('',(0.,1.));
#1328 = ( GEOMETRIC_REPRESENTATION_CONTEXT(2) 
PARAMETRIC_REPRESENTATION_CONTEXT() REPRESENTATION_CONTEXT('2D SPACE',''
  ) );
#1329 = PCURVE('',#1330,#1335);
#1330 = PLANE('',#1331);
#1331 = AXIS2_PLACEMENT_3D('',#1332,#1333,#1334);
#1332 = CARTESIAN_POINT('',(-67.6,-37.1,4.8));
#1333 = DIRECTION('',(1.,0.,0.));
#1334 = DIRECTION('',(0.,-1.224646799147E-16,-1.));
#1335 = DEFINITIONAL_REPRESENTATION('',(#1336),#1340);
#1336 = LINE('',#1337,#1338);
#1337 = CARTESIAN_POINT('',(-2.271719812418E-15,18.55));
#1338 = VECTOR('',#1339,1.);
#1339 = DIRECTION('',(0.,-1.));
#1340 = ( GEOMETRIC_REPRESENTATION_CONTEXT(2) 
PARAMETRIC_REPRESENTATION_CONTEXT() REPRESENTATION_CONTEXT('2D SPACE',''
  ) );
#1341 = ORIENTED_EDGE('',*,*,#1342,.T.);
#1342 = EDGE_CURVE('',#1315,#1343,#1345,.T.);
#1343 = VERTEX_POINT('',#1344);
#1344 = CARTESIAN_POINT('',(-70.6,-33.9,4.8));
#1345 = SURFACE_CURVE('',#1346,(#1350,#1357),.PCURVE_S1.);
#1346 = LINE('',#1347,#1348);
#1347 = CARTESIAN_POINT('',(-70.6,-33.9,4.8));
#1348 = VECTOR('',#1349,1.);
#1349 = DIRECTION('',(-1.,0.,0.));
#1350 = PCURVE('',#233,#1351);
#1351 = DEFINITIONAL_REPRESENTATION('',(#1352),#1356);
#1352 = LINE('',#1353,#1354);
#1353 = CARTESIAN_POINT('',(-70.6,33.9));
#1354 = VECTOR('',#1355,1.);
#1355 = DIRECTION('',(-1.,0.));
#1356 = ( GEOMETRIC_REPRESENTATION_CONTEXT(2) 
PARAMETRIC_REPRESENTATION_CONTEXT() REPRESENTATION_CONTEXT('2D SPACE',''
  ) );
#1357 = PCURVE('',#1358,#1363);
#1358 = CYLINDRICAL_SURFACE('',#1359,3.2);
#1359 = AXIS2_PLACEMENT_3D('',#1360,#1361,#1362);
#1360 = CARTESIAN_POINT('',(-70.6,-37.1,4.8));
#1361 = DIRECTION('',(-1.,0.,0.));
#1362 = DIRECTION('',(0.,-1.,1.224646799147E-16));
#1363 = DEFINITIONAL_REPRESENTATION('',(#1364),#1368);
#1364 = LINE('',#1365,#1366);
#1365 = CARTESIAN_POINT('',(-3.14159265359,0.));
#1366 = VECTOR('',#1367,1.);
#1367 = DIRECTION('',(-0.,1.));
#1368 = ( GEOMETRIC_REPRESENTATION_CONTEXT(2) 
PARAMETRIC_REPRESENTATION_CONTEXT() REPRESENTATION_CONTEXT('2D SPACE',''
  ) );
#1369 = ORIENTED_EDGE('',*,*,#1370,.T.);
#1370 = EDGE_CURVE('',#1343,#1371,#1373,.T.);
#1371 = VERTEX_POINT('',#1372);
#1372 = CARTESIAN_POINT('',(-70.6,-34.1,4.8));
#1373 = SURFACE_CURVE('',#1374,(#1378,#1385),.PCURVE_S1.);
#1374 = LINE('',#1375,#1376);
#1375 = CARTESIAN_POINT('',(-70.6,-18.55,4.8));
#1376 = VECTOR('',#1377,1.);
#1377 = DIRECTION('',(0.,-1.,1.224646799147E-16));
#1378 = PCURVE('',#233,#1379);
#1379 = DEFINITIONAL_REPRESENTATION('',(#1380),#1384);
#1380 = LINE('',#1381,#1382);
#1381 = CARTESIAN_POINT('',(-70.6,18.55));
#1382 = VECTOR('',#1383,1.);
#1383 = DIRECTION('',(0.,1.));
#1384 = ( GEOMETRIC_REPRESENTATION_CONTEXT(2) 
PARAMETRIC_REPRESENTATION_CONTEXT() REPRESENTATION_CONTEXT('2D SPACE',''
  ) );
#1385 = PCURVE('',#1386,#1391);
#1386 = PLANE('',#1387);
#1387 = AXIS2_PLACEMENT_3D('',#1388,#1389,#1390);
#1388 = CARTESIAN_POINT('',(-70.6,-37.1,4.8));
#1389 = DIRECTION('',(1.,0.,0.));
#1390 = DIRECTION('',(0.,-1.224646799147E-16,-1.));
#1391 = DEFINITIONAL_REPRESENTATION('',(#1392),#1396);
#1392 = LINE('',#1393,#1394);
#1393 = CARTESIAN_POINT('',(1.280993866382E-15,18.55));
#1394 = VECTOR('',#1395,1.);
#1395 = DIRECTION('',(0.,-1.));
#1396 = ( GEOMETRIC_REPRESENTATION_CONTEXT(2) 
PARAMETRIC_REPRESENTATION_CONTEXT() REPRESENTATION_CONTEXT('2D SPACE',''
  ) );
#1397 = ORIENTED_EDGE('',*,*,#1398,.T.);
#1398 = EDGE_CURVE('',#1371,#1399,#1401,.T.);
#1399 = VERTEX_POINT('',#1400);
#1400 = CARTESIAN_POINT('',(-70.8,-34.1,4.8));
#1401 = SURFACE_CURVE('',#1402,(#1406,#1413),.PCURVE_S1.);
#1402 = LINE('',#1403,#1404);
#1403 = CARTESIAN_POINT('',(84.6,-34.1,4.8));
#1404 = VECTOR('',#1405,1.);
#1405 = DIRECTION('',(-1.,-0.,0.));
#1406 = PCURVE('',#233,#1407);
#1407 = DEFINITIONAL_REPRESENTATION('',(#1408),#1412);
#1408 = LINE('',#1409,#1410);
#1409 = CARTESIAN_POINT('',(84.6,34.1));
#1410 = VECTOR('',#1411,1.);
#1411 = DIRECTION('',(-1.,0.));
#1412 = ( GEOMETRIC_REPRESENTATION_CONTEXT(2) 
PARAMETRIC_REPRESENTATION_CONTEXT() REPRESENTATION_CONTEXT('2D SPACE',''
  ) );
#1413 = PCURVE('',#976,#1414);
#1414 = DEFINITIONAL_REPRESENTATION('',(#1415),#1419);
#1415 = LINE('',#1416,#1417);
#1416 = CARTESIAN_POINT('',(0.,0.));
#1417 = VECTOR('',#1418,1.);
#1418 = DIRECTION('',(1.,0.));
#1419 = ( GEOMETRIC_REPRESENTATION_CONTEXT(2) 
PARAMETRIC_REPRESENTATION_CONTEXT() REPRESENTATION_CONTEXT('2D SPACE',''
  ) );
#1420 = ORIENTED_EDGE('',*,*,#1421,.F.);
#1421 = EDGE_CURVE('',#1422,#1399,#1424,.T.);
#1422 = VERTEX_POINT('',#1423);
#1423 = CARTESIAN_POINT('',(-70.8,-33.6,4.8));
#1424 = SURFACE_CURVE('',#1425,(#1429,#1436),.PCURVE_S1.);
#1425 = LINE('',#1426,#1427);
#1426 = CARTESIAN_POINT('',(-70.8,-18.55,4.8));
#1427 = VECTOR('',#1428,1.);
#1428 = DIRECTION('',(0.,-1.,1.224646799147E-16));
#1429 = PCURVE('',#233,#1430);
#1430 = DEFINITIONAL_REPRESENTATION('',(#1431),#1435);
#1431 = LINE('',#1432,#1433);
#1432 = CARTESIAN_POINT('',(-70.8,18.55));
#1433 = VECTOR('',#1434,1.);
#1434 = DIRECTION('',(0.,1.));
#1435 = ( GEOMETRIC_REPRESENTATION_CONTEXT(2) 
PARAMETRIC_REPRESENTATION_CONTEXT() REPRESENTATION_CONTEXT('2D SPACE',''
  ) );
#1436 = PCURVE('',#1437,#1442);
#1437 = PLANE('',#1438);
#1438 = AXIS2_PLACEMENT_3D('',#1439,#1440,#1441);
#1439 = CARTESIAN_POINT('',(-70.8,-37.1,4.8));
#1440 = DIRECTION('',(1.,0.,0.));
#1441 = DIRECTION('',(0.,-1.224646799147E-16,-1.));
#1442 = DEFINITIONAL_REPRESENTATION('',(#1443),#1447);
#1443 = LINE('',#1444,#1445);
#1444 = CARTESIAN_POINT('',(-2.271719812418E-15,18.55));
#1445 = VECTOR('',#1446,1.);
#1446 = DIRECTION('',(0.,-1.));
#1447 = ( GEOMETRIC_REPRESENTATION_CONTEXT(2) 
PARAMETRIC_REPRESENTATION_CONTEXT() REPRESENTATION_CONTEXT('2D SPACE',''
  ) );
#1448 = ORIENTED_EDGE('',*,*,#1449,.T.);
#1449 = EDGE_CURVE('',#1422,#1450,#1452,.T.);
#1450 = VERTEX_POINT('',#1451);
#1451 = CARTESIAN_POINT('',(-74.2,-33.6,4.8));
#1452 = SURFACE_CURVE('',#1453,(#1457,#1464),.PCURVE_S1.);
#1453 = LINE('',#1454,#1455);
#1454 = CARTESIAN_POINT('',(-74.2,-33.6,4.8));
#1455 = VECTOR('',#1456,1.);
#1456 = DIRECTION('',(-1.,0.,0.));
#1457 = PCURVE('',#233,#1458);
#1458 = DEFINITIONAL_REPRESENTATION('',(#1459),#1463);
#1459 = LINE('',#1460,#1461);
#1460 = CARTESIAN_POINT('',(-74.2,33.6));
#1461 = VECTOR('',#1462,1.);
#1462 = DIRECTION('',(-1.,0.));
#1463 = ( GEOMETRIC_REPRESENTATION_CONTEXT(2) 
PARAMETRIC_REPRESENTATION_CONTEXT() REPRESENTATION_CONTEXT('2D SPACE',''
  ) );
#1464 = PCURVE('',#1465,#1470);
#1465 = CYLINDRICAL_SURFACE('',#1466,3.5);
#1466 = AXIS2_PLACEMENT_3D('',#1467,#1468,#1469);
#1467 = CARTESIAN_POINT('',(-74.2,-37.1,4.8));
#1468 = DIRECTION('',(-1.,0.,0.));
#1469 = DIRECTION('',(0.,-1.,1.224646799147E-16));
#1470 = DEFINITIONAL_REPRESENTATION('',(#1471),#1475);
#1471 = LINE('',#1472,#1473);
#1472 = CARTESIAN_POINT('',(-3.14159265359,0.));
#1473 = VECTOR('',#1474,1.);
#1474 = DIRECTION('',(-0.,1.));
#1475 = ( GEOMETRIC_REPRESENTATION_CONTEXT(2) 
PARAMETRIC_REPRESENTATION_CONTEXT() REPRESENTATION_CONTEXT('2D SPACE',''
  ) );
#1476 = ORIENTED_EDGE('',*,*,#1477,.T.);
#1477 = EDGE_CURVE('',#1450,#1478,#1480,.T.);
#1478 = VERTEX_POINT('',#1479);
#1479 = CARTESIAN_POINT('',(-74.2,-34.1,4.8));
#1480 = SURFACE_CURVE('',#1481,(#1485,#1492),.PCURVE_S1.);
#1481 = LINE('',#1482,#1483);
#1482 = CARTESIAN_POINT('',(-74.2,-18.55,4.8));
#1483 = VECTOR('',#1484,1.);
#1484 = DIRECTION('',(0.,-1.,1.224646799147E-16));
#1485 = PCURVE('',#233,#1486);
#1486 = DEFINITIONAL_REPRESENTATION('',(#1487),#1491);
#1487 = LINE('',#1488,#1489);
#1488 = CARTESIAN_POINT('',(-74.2,18.55));
#1489 = VECTOR('',#1490,1.);
#1490 = DIRECTION('',(0.,1.));
#1491 = ( GEOMETRIC_REPRESENTATION_CONTEXT(2) 
PARAMETRIC_REPRESENTATION_CONTEXT() REPRESENTATION_CONTEXT('2D SPACE',''
  ) );
#1492 = PCURVE('',#1493,#1498);
#1493 = PLANE('',#1494);
#1494 = AXIS2_PLACEMENT_3D('',#1495,#1496,#1497);
#1495 = CARTESIAN_POINT('',(-74.2,-37.1,4.8));
#1496 = DIRECTION('',(1.,0.,0.));
#1497 = DIRECTION('',(0.,-1.224646799147E-16,-1.));
#1498 = DEFINITIONAL_REPRESENTATION('',(#1499),#1503);
#1499 = LINE('',#1500,#1501);
#1500 = CARTESIAN_POINT('',(-2.271719812418E-15,18.55));
#1501 = VECTOR('',#1502,1.);
#1502 = DIRECTION('',(0.,-1.));
#1503 = ( GEOMETRIC_REPRESENTATION_CONTEXT(2) 
PARAMETRIC_REPRESENTATION_CONTEXT() REPRESENTATION_CONTEXT('2D SPACE',''
  ) );
#1504 = ORIENTED_EDGE('',*,*,#1505,.T.);
#1505 = EDGE_CURVE('',#1478,#1506,#1508,.T.);
#1506 = VERTEX_POINT('',#1507);
#1507 = CARTESIAN_POINT('',(-80.6,-34.1,4.8));
#1508 = SURFACE_CURVE('',#1509,(#1513,#1520),.PCURVE_S1.);
#1509 = LINE('',#1510,#1511);
#1510 = CARTESIAN_POINT('',(84.6,-34.1,4.8));
#1511 = VECTOR('',#1512,1.);
#1512 = DIRECTION('',(-1.,-0.,0.));
#1513 = PCURVE('',#233,#1514);
#1514 = DEFINITIONAL_REPRESENTATION('',(#1515),#1519);
#1515 = LINE('',#1516,#1517);
#1516 = CARTESIAN_POINT('',(84.6,34.1));
#1517 = VECTOR('',#1518,1.);
#1518 = DIRECTION('',(-1.,0.));
#1519 = ( GEOMETRIC_REPRESENTATION_CONTEXT(2) 
PARAMETRIC_REPRESENTATION_CONTEXT() REPRESENTATION_CONTEXT('2D SPACE',''
  ) );
#1520 = PCURVE('',#976,#1521);
#1521 = DEFINITIONAL_REPRESENTATION('',(#1522),#1526);
#1522 = LINE('',#1523,#1524);
#1523 = CARTESIAN_POINT('',(0.,0.));
#1524 = VECTOR('',#1525,1.);
#1525 = DIRECTION('',(1.,0.));
#1526 = ( GEOMETRIC_REPRESENTATION_CONTEXT(2) 
PARAMETRIC_REPRESENTATION_CONTEXT() REPRESENTATION_CONTEXT('2D SPACE',''
  ) );
#1527 = ORIENTED_EDGE('',*,*,#1528,.T.);
#1528 = EDGE_CURVE('',#1506,#1529,#1531,.T.);
#1529 = VERTEX_POINT('',#1530);
#1530 = CARTESIAN_POINT('',(-84.6,-30.1,4.8));
#1531 = SURFACE_CURVE('',#1532,(#1537,#1544),.PCURVE_S1.);
#1532 = CIRCLE('',#1533,4.);
#1533 = AXIS2_PLACEMENT_3D('',#1534,#1535,#1536);
#1534 = CARTESIAN_POINT('',(-80.6,-30.1,4.8));
#1535 = DIRECTION('',(0.,-1.224646799147E-16,-1.));
#1536 = DIRECTION('',(0.,1.,-1.224646799147E-16));
#1537 = PCURVE('',#233,#1538);
#1538 = DEFINITIONAL_REPRESENTATION('',(#1539),#1543);
#1539 = CIRCLE('',#1540,4.);
#1540 = AXIS2_PLACEMENT_2D('',#1541,#1542);
#1541 = CARTESIAN_POINT('',(-80.6,30.1));
#1542 = DIRECTION('',(0.,-1.));
#1543 = ( GEOMETRIC_REPRESENTATION_CONTEXT(2) 
PARAMETRIC_REPRESENTATION_CONTEXT() REPRESENTATION_CONTEXT('2D SPACE',''
  ) );
#1544 = PCURVE('',#1545,#1550);
#1545 = CYLINDRICAL_SURFACE('',#1546,4.);
#1546 = AXIS2_PLACEMENT_3D('',#1547,#1548,#1549);
#1547 = CARTESIAN_POINT('',(-80.6,-30.1,1.6));
#1548 = DIRECTION('',(0.,-1.224646799147E-16,-1.));
#1549 = DIRECTION('',(0.,-1.,1.224646799147E-16));
#1550 = DEFINITIONAL_REPRESENTATION('',(#1551),#1555);
#1551 = LINE('',#1552,#1553);
#1552 = CARTESIAN_POINT('',(-3.14159265359,-3.2));
#1553 = VECTOR('',#1554,1.);
#1554 = DIRECTION('',(1.,0.));
#1555 = ( GEOMETRIC_REPRESENTATION_CONTEXT(2) 
PARAMETRIC_REPRESENTATION_CONTEXT() REPRESENTATION_CONTEXT('2D SPACE',''
  ) );
#1556 = ORIENTED_EDGE('',*,*,#1557,.T.);
#1557 = EDGE_CURVE('',#1529,#250,#1558,.T.);
#1558 = SURFACE_CURVE('',#1559,(#1563,#1570),.PCURVE_S1.);
#1559 = LINE('',#1560,#1561);
#1560 = CARTESIAN_POINT('',(-84.6,-34.1,4.8));
#1561 = VECTOR('',#1562,1.);
#1562 = DIRECTION('',(0.,1.,-1.224646799147E-16));
#1563 = PCURVE('',#233,#1564);
#1564 = DEFINITIONAL_REPRESENTATION('',(#1565),#1569);
#1565 = LINE('',#1566,#1567);
#1566 = CARTESIAN_POINT('',(-84.6,34.1));
#1567 = VECTOR('',#1568,1.);
#1568 = DIRECTION('',(0.,-1.));
#1569 = ( GEOMETRIC_REPRESENTATION_CONTEXT(2) 
PARAMETRIC_REPRESENTATION_CONTEXT() REPRESENTATION_CONTEXT('2D SPACE',''
  ) );
#1570 = PCURVE('',#293,#1571);
#1571 = DEFINITIONAL_REPRESENTATION('',(#1572),#1576);
#1572 = LINE('',#1573,#1574);
#1573 = CARTESIAN_POINT('',(6.713540381874E-15,3.2));
#1574 = VECTOR('',#1575,1.);
#1575 = DIRECTION('',(1.,0.));
#1576 = ( GEOMETRIC_REPRESENTATION_CONTEXT(2) 
PARAMETRIC_REPRESENTATION_CONTEXT() REPRESENTATION_CONTEXT('2D SPACE',''
  ) );
#1577 = FACE_BOUND('',#1578,.F.);
#1578 = EDGE_LOOP('',(#1579,#1609,#1637,#1665,#1693,#1721,#1749,#1778,
    #1806,#1835,#1863,#1891,#1919,#1947,#1975,#2004,#2032,#2061,#2089,
    #2117));
#1579 = ORIENTED_EDGE('',*,*,#1580,.T.);
#1580 = EDGE_CURVE('',#1581,#1583,#1585,.T.);
#1581 = VERTEX_POINT('',#1582);
#1582 = CARTESIAN_POINT('',(-67.6,-32.1,4.8));
#1583 = VERTEX_POINT('',#1584);
#1584 = CARTESIAN_POINT('',(-67.6,-32.9,4.8));
#1585 = SURFACE_CURVE('',#1586,(#1590,#1597),.PCURVE_S1.);
#1586 = LINE('',#1587,#1588);
#1587 = CARTESIAN_POINT('',(-67.6,-32.1,4.8));
#1588 = VECTOR('',#1589,1.);
#1589 = DIRECTION('',(0.,-1.,1.224646799147E-16));
#1590 = PCURVE('',#233,#1591);
#1591 = DEFINITIONAL_REPRESENTATION('',(#1592),#1596);
#1592 = LINE('',#1593,#1594);
#1593 = CARTESIAN_POINT('',(-67.6,32.1));
#1594 = VECTOR('',#1595,1.);
#1595 = DIRECTION('',(0.,1.));
#1596 = ( GEOMETRIC_REPRESENTATION_CONTEXT(2) 
PARAMETRIC_REPRESENTATION_CONTEXT() REPRESENTATION_CONTEXT('2D SPACE',''
  ) );
#1597 = PCURVE('',#1598,#1603);
#1598 = PLANE('',#1599);
#1599 = AXIS2_PLACEMENT_3D('',#1600,#1601,#1602);
#1600 = CARTESIAN_POINT('',(-67.6,-37.1,4.8));
#1601 = DIRECTION('',(1.,0.,0.));
#1602 = DIRECTION('',(0.,-1.224646799147E-16,-1.));
#1603 = DEFINITIONAL_REPRESENTATION('',(#1604),#1608);
#1604 = LINE('',#1605,#1606);
#1605 = CARTESIAN_POINT('',(2.940390279227E-15,5.));
#1606 = VECTOR('',#1607,1.);
#1607 = DIRECTION('',(0.,-1.));
#1608 = ( GEOMETRIC_REPRESENTATION_CONTEXT(2) 
PARAMETRIC_REPRESENTATION_CONTEXT() REPRESENTATION_CONTEXT('2D SPACE',''
  ) );
#1609 = ORIENTED_EDGE('',*,*,#1610,.T.);
#1610 = EDGE_CURVE('',#1583,#1611,#1613,.T.);
#1611 = VERTEX_POINT('',#1612);
#1612 = CARTESIAN_POINT('',(67.6,-32.9,4.8));
#1613 = SURFACE_CURVE('',#1614,(#1618,#1625),.PCURVE_S1.);
#1614 = LINE('',#1615,#1616);
#1615 = CARTESIAN_POINT('',(41.7,-32.9,4.8));
#1616 = VECTOR('',#1617,1.);
#1617 = DIRECTION('',(1.,0.,0.));
#1618 = PCURVE('',#233,#1619);
#1619 = DEFINITIONAL_REPRESENTATION('',(#1620),#1624);
#1620 = LINE('',#1621,#1622);
#1621 = CARTESIAN_POINT('',(41.7,32.9));
#1622 = VECTOR('',#1623,1.);
#1623 = DIRECTION('',(1.,0.));
#1624 = ( GEOMETRIC_REPRESENTATION_CONTEXT(2) 
PARAMETRIC_REPRESENTATION_CONTEXT() REPRESENTATION_CONTEXT('2D SPACE',''
  ) );
#1625 = PCURVE('',#1626,#1631);
#1626 = PLANE('',#1627);
#1627 = AXIS2_PLACEMENT_3D('',#1628,#1629,#1630);
#1628 = CARTESIAN_POINT('',(83.4,-32.9,5.8));
#1629 = DIRECTION('',(0.,1.,-1.224646799147E-16));
#1630 = DIRECTION('',(-1.,-0.,0.));
#1631 = DEFINITIONAL_REPRESENTATION('',(#1632),#1636);
#1632 = LINE('',#1633,#1634);
#1633 = CARTESIAN_POINT('',(41.7,-1.));
#1634 = VECTOR('',#1635,1.);
#1635 = DIRECTION('',(-1.,0.));
#1636 = ( GEOMETRIC_REPRESENTATION_CONTEXT(2) 
PARAMETRIC_REPRESENTATION_CONTEXT() REPRESENTATION_CONTEXT('2D SPACE',''
  ) );
#1637 = ORIENTED_EDGE('',*,*,#1638,.F.);
#1638 = EDGE_CURVE('',#1639,#1611,#1641,.T.);
#1639 = VERTEX_POINT('',#1640);
#1640 = CARTESIAN_POINT('',(67.6,-32.1,4.8));
#1641 = SURFACE_CURVE('',#1642,(#1646,#1653),.PCURVE_S1.);
#1642 = LINE('',#1643,#1644);
#1643 = CARTESIAN_POINT('',(67.6,-32.1,4.8));
#1644 = VECTOR('',#1645,1.);
#1645 = DIRECTION('',(0.,-1.,1.224646799147E-16));
#1646 = PCURVE('',#233,#1647);
#1647 = DEFINITIONAL_REPRESENTATION('',(#1648),#1652);
#1648 = LINE('',#1649,#1650);
#1649 = CARTESIAN_POINT('',(67.6,32.1));
#1650 = VECTOR('',#1651,1.);
#1651 = DIRECTION('',(0.,1.));
#1652 = ( GEOMETRIC_REPRESENTATION_CONTEXT(2) 
PARAMETRIC_REPRESENTATION_CONTEXT() REPRESENTATION_CONTEXT('2D SPACE',''
  ) );
#1653 = PCURVE('',#1654,#1659);
#1654 = PLANE('',#1655);
#1655 = AXIS2_PLACEMENT_3D('',#1656,#1657,#1658);
#1656 = CARTESIAN_POINT('',(67.6,-37.1,4.8));
#1657 = DIRECTION('',(1.,0.,0.));
#1658 = DIRECTION('',(0.,-1.224646799147E-16,-1.));
#1659 = DEFINITIONAL_REPRESENTATION('',(#1660),#1664);
#1660 = LINE('',#1661,#1662);
#1661 = CARTESIAN_POINT('',(2.940390279227E-15,5.));
#1662 = VECTOR('',#1663,1.);
#1663 = DIRECTION('',(0.,-1.));
#1664 = ( GEOMETRIC_REPRESENTATION_CONTEXT(2) 
PARAMETRIC_REPRESENTATION_CONTEXT() REPRESENTATION_CONTEXT('2D SPACE',''
  ) );
#1665 = ORIENTED_EDGE('',*,*,#1666,.T.);
#1666 = EDGE_CURVE('',#1639,#1667,#1669,.T.);
#1667 = VERTEX_POINT('',#1668);
#1668 = CARTESIAN_POINT('',(70.6,-32.1,4.8));
#1669 = SURFACE_CURVE('',#1670,(#1674,#1681),.PCURVE_S1.);
#1670 = LINE('',#1671,#1672);
#1671 = CARTESIAN_POINT('',(67.6,-32.1,4.8));
#1672 = VECTOR('',#1673,1.);
#1673 = DIRECTION('',(1.,0.,0.));
#1674 = PCURVE('',#233,#1675);
#1675 = DEFINITIONAL_REPRESENTATION('',(#1676),#1680);
#1676 = LINE('',#1677,#1678);
#1677 = CARTESIAN_POINT('',(67.6,32.1));
#1678 = VECTOR('',#1679,1.);
#1679 = DIRECTION('',(1.,0.));
#1680 = ( GEOMETRIC_REPRESENTATION_CONTEXT(2) 
PARAMETRIC_REPRESENTATION_CONTEXT() REPRESENTATION_CONTEXT('2D SPACE',''
  ) );
#1681 = PCURVE('',#1682,#1687);
#1682 = PLANE('',#1683);
#1683 = AXIS2_PLACEMENT_3D('',#1684,#1685,#1686);
#1684 = CARTESIAN_POINT('',(67.6,-32.1,4.8));
#1685 = DIRECTION('',(0.,-1.,1.224646799147E-16));
#1686 = DIRECTION('',(0.,-1.224646799147E-16,-1.));
#1687 = DEFINITIONAL_REPRESENTATION('',(#1688),#1692);
#1688 = LINE('',#1689,#1690);
#1689 = CARTESIAN_POINT('',(0.,0.));
#1690 = VECTOR('',#1691,1.);
#1691 = DIRECTION('',(0.,1.));
#1692 = ( GEOMETRIC_REPRESENTATION_CONTEXT(2) 
PARAMETRIC_REPRESENTATION_CONTEXT() REPRESENTATION_CONTEXT('2D SPACE',''
  ) );
#1693 = ORIENTED_EDGE('',*,*,#1694,.T.);
#1694 = EDGE_CURVE('',#1667,#1695,#1697,.T.);
#1695 = VERTEX_POINT('',#1696);
#1696 = CARTESIAN_POINT('',(70.6,-32.9,4.8));
#1697 = SURFACE_CURVE('',#1698,(#1702,#1709),.PCURVE_S1.);
#1698 = LINE('',#1699,#1700);
#1699 = CARTESIAN_POINT('',(70.6,-32.1,4.8));
#1700 = VECTOR('',#1701,1.);
#1701 = DIRECTION('',(0.,-1.,1.224646799147E-16));
#1702 = PCURVE('',#233,#1703);
#1703 = DEFINITIONAL_REPRESENTATION('',(#1704),#1708);
#1704 = LINE('',#1705,#1706);
#1705 = CARTESIAN_POINT('',(70.6,32.1));
#1706 = VECTOR('',#1707,1.);
#1707 = DIRECTION('',(0.,1.));
#1708 = ( GEOMETRIC_REPRESENTATION_CONTEXT(2) 
PARAMETRIC_REPRESENTATION_CONTEXT() REPRESENTATION_CONTEXT('2D SPACE',''
  ) );
#1709 = PCURVE('',#1710,#1715);
#1710 = PLANE('',#1711);
#1711 = AXIS2_PLACEMENT_3D('',#1712,#1713,#1714);
#1712 = CARTESIAN_POINT('',(70.6,-37.1,4.8));
#1713 = DIRECTION('',(1.,0.,0.));
#1714 = DIRECTION('',(0.,-1.224646799147E-16,-1.));
#1715 = DEFINITIONAL_REPRESENTATION('',(#1716),#1720);
#1716 = LINE('',#1717,#1718);
#1717 = CARTESIAN_POINT('',(2.940390279227E-15,5.));
#1718 = VECTOR('',#1719,1.);
#1719 = DIRECTION('',(0.,-1.));
#1720 = ( GEOMETRIC_REPRESENTATION_CONTEXT(2) 
PARAMETRIC_REPRESENTATION_CONTEXT() REPRESENTATION_CONTEXT('2D SPACE',''
  ) );
#1721 = ORIENTED_EDGE('',*,*,#1722,.T.);
#1722 = EDGE_CURVE('',#1695,#1723,#1725,.T.);
#1723 = VERTEX_POINT('',#1724);
#1724 = CARTESIAN_POINT('',(80.6,-32.9,4.8));
#1725 = SURFACE_CURVE('',#1726,(#1730,#1737),.PCURVE_S1.);
#1726 = LINE('',#1727,#1728);
#1727 = CARTESIAN_POINT('',(41.7,-32.9,4.8));
#1728 = VECTOR('',#1729,1.);
#1729 = DIRECTION('',(1.,0.,0.));
#1730 = PCURVE('',#233,#1731);
#1731 = DEFINITIONAL_REPRESENTATION('',(#1732),#1736);
#1732 = LINE('',#1733,#1734);
#1733 = CARTESIAN_POINT('',(41.7,32.9));
#1734 = VECTOR('',#1735,1.);
#1735 = DIRECTION('',(1.,0.));
#1736 = ( GEOMETRIC_REPRESENTATION_CONTEXT(2) 
PARAMETRIC_REPRESENTATION_CONTEXT() REPRESENTATION_CONTEXT('2D SPACE',''
  ) );
#1737 = PCURVE('',#1738,#1743);
#1738 = PLANE('',#1739);
#1739 = AXIS2_PLACEMENT_3D('',#1740,#1741,#1742);
#1740 = CARTESIAN_POINT('',(83.4,-32.9,5.8));
#1741 = DIRECTION('',(0.,1.,-1.224646799147E-16));
#1742 = DIRECTION('',(-1.,-0.,0.));
#1743 = DEFINITIONAL_REPRESENTATION('',(#1744),#1748);
#1744 = LINE('',#1745,#1746);
#1745 = CARTESIAN_POINT('',(41.7,-1.));
#1746 = VECTOR('',#1747,1.);
#1747 = DIRECTION('',(-1.,0.));
#1748 = ( GEOMETRIC_REPRESENTATION_CONTEXT(2) 
PARAMETRIC_REPRESENTATION_CONTEXT() REPRESENTATION_CONTEXT('2D SPACE',''
  ) );
#1749 = ORIENTED_EDGE('',*,*,#1750,.F.);
#1750 = EDGE_CURVE('',#1751,#1723,#1753,.T.);
#1751 = VERTEX_POINT('',#1752);
#1752 = CARTESIAN_POINT('',(83.4,-30.1,4.8));
#1753 = SURFACE_CURVE('',#1754,(#1759,#1766),.PCURVE_S1.);
#1754 = CIRCLE('',#1755,2.8);
#1755 = AXIS2_PLACEMENT_3D('',#1756,#1757,#1758);
#1756 = CARTESIAN_POINT('',(80.6,-30.1,4.8));
#1757 = DIRECTION('',(0.,-1.224646799147E-16,-1.));
#1758 = DIRECTION('',(1.,0.,0.));
#1759 = PCURVE('',#233,#1760);
#1760 = DEFINITIONAL_REPRESENTATION('',(#1761),#1765);
#1761 = CIRCLE('',#1762,2.8);
#1762 = AXIS2_PLACEMENT_2D('',#1763,#1764);
#1763 = CARTESIAN_POINT('',(80.6,30.1));
#1764 = DIRECTION('',(1.,0.));
#1765 = ( GEOMETRIC_REPRESENTATION_CONTEXT(2) 
PARAMETRIC_REPRESENTATION_CONTEXT() REPRESENTATION_CONTEXT('2D SPACE',''
  ) );
#1766 = PCURVE('',#1767,#1772);
#1767 = CYLINDRICAL_SURFACE('',#1768,2.8);
#1768 = AXIS2_PLACEMENT_3D('',#1769,#1770,#1771);
#1769 = CARTESIAN_POINT('',(80.6,-30.1,5.8));
#1770 = DIRECTION('',(0.,-1.224646799147E-16,-1.));
#1771 = DIRECTION('',(1.,0.,0.));
#1772 = DEFINITIONAL_REPRESENTATION('',(#1773),#1777);
#1773 = LINE('',#1774,#1775);
#1774 = CARTESIAN_POINT('',(0.,1.));
#1775 = VECTOR('',#1776,1.);
#1776 = DIRECTION('',(1.,0.));
#1777 = ( GEOMETRIC_REPRESENTATION_CONTEXT(2) 
PARAMETRIC_REPRESENTATION_CONTEXT() REPRESENTATION_CONTEXT('2D SPACE',''
  ) );
#1778 = ORIENTED_EDGE('',*,*,#1779,.T.);
#1779 = EDGE_CURVE('',#1751,#1780,#1782,.T.);
#1780 = VERTEX_POINT('',#1781);
#1781 = CARTESIAN_POINT('',(83.4,30.1,4.8));
#1782 = SURFACE_CURVE('',#1783,(#1787,#1794),.PCURVE_S1.);
#1783 = LINE('',#1784,#1785);
#1784 = CARTESIAN_POINT('',(83.4,16.45,4.8));
#1785 = VECTOR('',#1786,1.);
#1786 = DIRECTION('',(0.,1.,-1.224646799147E-16));
#1787 = PCURVE('',#233,#1788);
#1788 = DEFINITIONAL_REPRESENTATION('',(#1789),#1793);
#1789 = LINE('',#1790,#1791);
#1790 = CARTESIAN_POINT('',(83.4,-16.45));
#1791 = VECTOR('',#1792,1.);
#1792 = DIRECTION('',(0.,-1.));
#1793 = ( GEOMETRIC_REPRESENTATION_CONTEXT(2) 
PARAMETRIC_REPRESENTATION_CONTEXT() REPRESENTATION_CONTEXT('2D SPACE',''
  ) );
#1794 = PCURVE('',#1795,#1800);
#1795 = PLANE('',#1796);
#1796 = AXIS2_PLACEMENT_3D('',#1797,#1798,#1799);
#1797 = CARTESIAN_POINT('',(83.4,32.9,5.8));
#1798 = DIRECTION('',(-1.,-0.,0.));
#1799 = DIRECTION('',(0.,-1.,1.224646799147E-16));
#1800 = DEFINITIONAL_REPRESENTATION('',(#1801),#1805);
#1801 = LINE('',#1802,#1803);
#1802 = CARTESIAN_POINT('',(16.45,-1.));
#1803 = VECTOR('',#1804,1.);
#1804 = DIRECTION('',(-1.,0.));
#1805 = ( GEOMETRIC_REPRESENTATION_CONTEXT(2) 
PARAMETRIC_REPRESENTATION_CONTEXT() REPRESENTATION_CONTEXT('2D SPACE',''
  ) );
#1806 = ORIENTED_EDGE('',*,*,#1807,.F.);
#1807 = EDGE_CURVE('',#1808,#1780,#1810,.T.);
#1808 = VERTEX_POINT('',#1809);
#1809 = CARTESIAN_POINT('',(80.6,32.9,4.8));
#1810 = SURFACE_CURVE('',#1811,(#1816,#1823),.PCURVE_S1.);
#1811 = CIRCLE('',#1812,2.8);
#1812 = AXIS2_PLACEMENT_3D('',#1813,#1814,#1815);
#1813 = CARTESIAN_POINT('',(80.6,30.1,4.8));
#1814 = DIRECTION('',(0.,-1.224646799147E-16,-1.));
#1815 = DIRECTION('',(0.,1.,-1.224646799147E-16));
#1816 = PCURVE('',#233,#1817);
#1817 = DEFINITIONAL_REPRESENTATION('',(#1818),#1822);
#1818 = CIRCLE('',#1819,2.8);
#1819 = AXIS2_PLACEMENT_2D('',#1820,#1821);
#1820 = CARTESIAN_POINT('',(80.6,-30.1));
#1821 = DIRECTION('',(0.,-1.));
#1822 = ( GEOMETRIC_REPRESENTATION_CONTEXT(2) 
PARAMETRIC_REPRESENTATION_CONTEXT() REPRESENTATION_CONTEXT('2D SPACE',''
  ) );
#1823 = PCURVE('',#1824,#1829);
#1824 = CYLINDRICAL_SURFACE('',#1825,2.8);
#1825 = AXIS2_PLACEMENT_3D('',#1826,#1827,#1828);
#1826 = CARTESIAN_POINT('',(80.6,30.1,5.8));
#1827 = DIRECTION('',(0.,-1.224646799147E-16,-1.));
#1828 = DIRECTION('',(0.,1.,-1.224646799147E-16));
#1829 = DEFINITIONAL_REPRESENTATION('',(#1830),#1834);
#1830 = LINE('',#1831,#1832);
#1831 = CARTESIAN_POINT('',(0.,1.));
#1832 = VECTOR('',#1833,1.);
#1833 = DIRECTION('',(1.,0.));
#1834 = ( GEOMETRIC_REPRESENTATION_CONTEXT(2) 
PARAMETRIC_REPRESENTATION_CONTEXT() REPRESENTATION_CONTEXT('2D SPACE',''
  ) );
#1835 = ORIENTED_EDGE('',*,*,#1836,.T.);
#1836 = EDGE_CURVE('',#1808,#1837,#1839,.T.);
#1837 = VERTEX_POINT('',#1838);
#1838 = CARTESIAN_POINT('',(-10.7,32.9,4.8));
#1839 = SURFACE_CURVE('',#1840,(#1844,#1851),.PCURVE_S1.);
#1840 = LINE('',#1841,#1842);
#1841 = CARTESIAN_POINT('',(-41.7,32.9,4.8));
#1842 = VECTOR('',#1843,1.);
#1843 = DIRECTION('',(-1.,-0.,0.));
#1844 = PCURVE('',#233,#1845);
#1845 = DEFINITIONAL_REPRESENTATION('',(#1846),#1850);
#1846 = LINE('',#1847,#1848);
#1847 = CARTESIAN_POINT('',(-41.7,-32.9));
#1848 = VECTOR('',#1849,1.);
#1849 = DIRECTION('',(-1.,0.));
#1850 = ( GEOMETRIC_REPRESENTATION_CONTEXT(2) 
PARAMETRIC_REPRESENTATION_CONTEXT() REPRESENTATION_CONTEXT('2D SPACE',''
  ) );
#1851 = PCURVE('',#1852,#1857);
#1852 = PLANE('',#1853);
#1853 = AXIS2_PLACEMENT_3D('',#1854,#1855,#1856);
#1854 = CARTESIAN_POINT('',(-83.4,32.9,5.8));
#1855 = DIRECTION('',(0.,-1.,1.224646799147E-16));
#1856 = DIRECTION('',(1.,0.,0.));
#1857 = DEFINITIONAL_REPRESENTATION('',(#1858),#1862);
#1858 = LINE('',#1859,#1860);
#1859 = CARTESIAN_POINT('',(41.7,-1.));
#1860 = VECTOR('',#1861,1.);
#1861 = DIRECTION('',(-1.,0.));
#1862 = ( GEOMETRIC_REPRESENTATION_CONTEXT(2) 
PARAMETRIC_REPRESENTATION_CONTEXT() REPRESENTATION_CONTEXT('2D SPACE',''
  ) );
#1863 = ORIENTED_EDGE('',*,*,#1864,.F.);
#1864 = EDGE_CURVE('',#1865,#1837,#1867,.T.);
#1865 = VERTEX_POINT('',#1866);
#1866 = CARTESIAN_POINT('',(-10.7,33.3,4.8));
#1867 = SURFACE_CURVE('',#1868,(#1872,#1879),.PCURVE_S1.);
#1868 = LINE('',#1869,#1870);
#1869 = CARTESIAN_POINT('',(-10.7,33.3,4.8));
#1870 = VECTOR('',#1871,1.);
#1871 = DIRECTION('',(0.,-1.,1.224646799147E-16));
#1872 = PCURVE('',#233,#1873);
#1873 = DEFINITIONAL_REPRESENTATION('',(#1874),#1878);
#1874 = LINE('',#1875,#1876);
#1875 = CARTESIAN_POINT('',(-10.7,-33.3));
#1876 = VECTOR('',#1877,1.);
#1877 = DIRECTION('',(0.,1.));
#1878 = ( GEOMETRIC_REPRESENTATION_CONTEXT(2) 
PARAMETRIC_REPRESENTATION_CONTEXT() REPRESENTATION_CONTEXT('2D SPACE',''
  ) );
#1879 = PCURVE('',#1880,#1885);
#1880 = PLANE('',#1881);
#1881 = AXIS2_PLACEMENT_3D('',#1882,#1883,#1884);
#1882 = CARTESIAN_POINT('',(-10.7,33.3,4.8));
#1883 = DIRECTION('',(1.,0.,0.));
#1884 = DIRECTION('',(0.,-1.224646799147E-16,-1.));
#1885 = DEFINITIONAL_REPRESENTATION('',(#1886),#1890);
#1886 = LINE('',#1887,#1888);
#1887 = CARTESIAN_POINT('',(0.,0.));
#1888 = VECTOR('',#1889,1.);
#1889 = DIRECTION('',(0.,-1.));
#1890 = ( GEOMETRIC_REPRESENTATION_CONTEXT(2) 
PARAMETRIC_REPRESENTATION_CONTEXT() REPRESENTATION_CONTEXT('2D SPACE',''
  ) );
#1891 = ORIENTED_EDGE('',*,*,#1892,.F.);
#1892 = EDGE_CURVE('',#1893,#1865,#1895,.T.);
#1893 = VERTEX_POINT('',#1894);
#1894 = CARTESIAN_POINT('',(-17.3,33.3,4.8));
#1895 = SURFACE_CURVE('',#1896,(#1900,#1907),.PCURVE_S1.);
#1896 = LINE('',#1897,#1898);
#1897 = CARTESIAN_POINT('',(-17.3,33.3,4.8));
#1898 = VECTOR('',#1899,1.);
#1899 = DIRECTION('',(1.,0.,0.));
#1900 = PCURVE('',#233,#1901);
#1901 = DEFINITIONAL_REPRESENTATION('',(#1902),#1906);
#1902 = LINE('',#1903,#1904);
#1903 = CARTESIAN_POINT('',(-17.3,-33.3));
#1904 = VECTOR('',#1905,1.);
#1905 = DIRECTION('',(1.,0.));
#1906 = ( GEOMETRIC_REPRESENTATION_CONTEXT(2) 
PARAMETRIC_REPRESENTATION_CONTEXT() REPRESENTATION_CONTEXT('2D SPACE',''
  ) );
#1907 = PCURVE('',#1908,#1913);
#1908 = PLANE('',#1909);
#1909 = AXIS2_PLACEMENT_3D('',#1910,#1911,#1912);
#1910 = CARTESIAN_POINT('',(-17.3,33.3,4.8));
#1911 = DIRECTION('',(0.,-1.,1.224646799147E-16));
#1912 = DIRECTION('',(0.,-1.224646799147E-16,-1.));
#1913 = DEFINITIONAL_REPRESENTATION('',(#1914),#1918);
#1914 = LINE('',#1915,#1916);
#1915 = CARTESIAN_POINT('',(0.,0.));
#1916 = VECTOR('',#1917,1.);
#1917 = DIRECTION('',(0.,1.));
#1918 = ( GEOMETRIC_REPRESENTATION_CONTEXT(2) 
PARAMETRIC_REPRESENTATION_CONTEXT() REPRESENTATION_CONTEXT('2D SPACE',''
  ) );
#1919 = ORIENTED_EDGE('',*,*,#1920,.T.);
#1920 = EDGE_CURVE('',#1893,#1921,#1923,.T.);
#1921 = VERTEX_POINT('',#1922);
#1922 = CARTESIAN_POINT('',(-17.3,32.9,4.8));
#1923 = SURFACE_CURVE('',#1924,(#1928,#1935),.PCURVE_S1.);
#1924 = LINE('',#1925,#1926);
#1925 = CARTESIAN_POINT('',(-17.3,33.3,4.8));
#1926 = VECTOR('',#1927,1.);
#1927 = DIRECTION('',(0.,-1.,1.224646799147E-16));
#1928 = PCURVE('',#233,#1929);
#1929 = DEFINITIONAL_REPRESENTATION('',(#1930),#1934);
#1930 = LINE('',#1931,#1932);
#1931 = CARTESIAN_POINT('',(-17.3,-33.3));
#1932 = VECTOR('',#1933,1.);
#1933 = DIRECTION('',(0.,1.));
#1934 = ( GEOMETRIC_REPRESENTATION_CONTEXT(2) 
PARAMETRIC_REPRESENTATION_CONTEXT() REPRESENTATION_CONTEXT('2D SPACE',''
  ) );
#1935 = PCURVE('',#1936,#1941);
#1936 = PLANE('',#1937);
#1937 = AXIS2_PLACEMENT_3D('',#1938,#1939,#1940);
#1938 = CARTESIAN_POINT('',(-17.3,33.3,4.8));
#1939 = DIRECTION('',(1.,0.,0.));
#1940 = DIRECTION('',(0.,-1.224646799147E-16,-1.));
#1941 = DEFINITIONAL_REPRESENTATION('',(#1942),#1946);
#1942 = LINE('',#1943,#1944);
#1943 = CARTESIAN_POINT('',(0.,0.));
#1944 = VECTOR('',#1945,1.);
#1945 = DIRECTION('',(0.,-1.));
#1946 = ( GEOMETRIC_REPRESENTATION_CONTEXT(2) 
PARAMETRIC_REPRESENTATION_CONTEXT() REPRESENTATION_CONTEXT('2D SPACE',''
  ) );
#1947 = ORIENTED_EDGE('',*,*,#1948,.T.);
#1948 = EDGE_CURVE('',#1921,#1949,#1951,.T.);
#1949 = VERTEX_POINT('',#1950);
#1950 = CARTESIAN_POINT('',(-80.6,32.9,4.8));
#1951 = SURFACE_CURVE('',#1952,(#1956,#1963),.PCURVE_S1.);
#1952 = LINE('',#1953,#1954);
#1953 = CARTESIAN_POINT('',(-41.7,32.9,4.8));
#1954 = VECTOR('',#1955,1.);
#1955 = DIRECTION('',(-1.,-0.,0.));
#1956 = PCURVE('',#233,#1957);
#1957 = DEFINITIONAL_REPRESENTATION('',(#1958),#1962);
#1958 = LINE('',#1959,#1960);
#1959 = CARTESIAN_POINT('',(-41.7,-32.9));
#1960 = VECTOR('',#1961,1.);
#1961 = DIRECTION('',(-1.,0.));
#1962 = ( GEOMETRIC_REPRESENTATION_CONTEXT(2) 
PARAMETRIC_REPRESENTATION_CONTEXT() REPRESENTATION_CONTEXT('2D SPACE',''
  ) );
#1963 = PCURVE('',#1964,#1969);
#1964 = PLANE('',#1965);
#1965 = AXIS2_PLACEMENT_3D('',#1966,#1967,#1968);
#1966 = CARTESIAN_POINT('',(-83.4,32.9,5.8));
#1967 = DIRECTION('',(0.,-1.,1.224646799147E-16));
#1968 = DIRECTION('',(1.,0.,0.));
#1969 = DEFINITIONAL_REPRESENTATION('',(#1970),#1974);
#1970 = LINE('',#1971,#1972);
#1971 = CARTESIAN_POINT('',(41.7,-1.));
#1972 = VECTOR('',#1973,1.);
#1973 = DIRECTION('',(-1.,0.));
#1974 = ( GEOMETRIC_REPRESENTATION_CONTEXT(2) 
PARAMETRIC_REPRESENTATION_CONTEXT() REPRESENTATION_CONTEXT('2D SPACE',''
  ) );
#1975 = ORIENTED_EDGE('',*,*,#1976,.F.);
#1976 = EDGE_CURVE('',#1977,#1949,#1979,.T.);
#1977 = VERTEX_POINT('',#1978);
#1978 = CARTESIAN_POINT('',(-83.4,30.1,4.8));
#1979 = SURFACE_CURVE('',#1980,(#1985,#1992),.PCURVE_S1.);
#1980 = CIRCLE('',#1981,2.8);
#1981 = AXIS2_PLACEMENT_3D('',#1982,#1983,#1984);
#1982 = CARTESIAN_POINT('',(-80.6,30.1,4.8));
#1983 = DIRECTION('',(0.,-1.224646799147E-16,-1.));
#1984 = DIRECTION('',(0.,1.,-1.224646799147E-16));
#1985 = PCURVE('',#233,#1986);
#1986 = DEFINITIONAL_REPRESENTATION('',(#1987),#1991);
#1987 = CIRCLE('',#1988,2.8);
#1988 = AXIS2_PLACEMENT_2D('',#1989,#1990);
#1989 = CARTESIAN_POINT('',(-80.6,-30.1));
#1990 = DIRECTION('',(0.,-1.));
#1991 = ( GEOMETRIC_REPRESENTATION_CONTEXT(2) 
PARAMETRIC_REPRESENTATION_CONTEXT() REPRESENTATION_CONTEXT('2D SPACE',''
  ) );
#1992 = PCURVE('',#1993,#1998);
#1993 = CYLINDRICAL_SURFACE('',#1994,2.8);
#1994 = AXIS2_PLACEMENT_3D('',#1995,#1996,#1997);
#1995 = CARTESIAN_POINT('',(-80.6,30.1,5.8));
#1996 = DIRECTION('',(0.,-1.224646799147E-16,-1.));
#1997 = DIRECTION('',(0.,1.,-1.224646799147E-16));
#1998 = DEFINITIONAL_REPRESENTATION('',(#1999),#2003);
#1999 = LINE('',#2000,#2001);
#2000 = CARTESIAN_POINT('',(-6.28318530718,1.));
#2001 = VECTOR('',#2002,1.);
#2002 = DIRECTION('',(1.,-0.));
#2003 = ( GEOMETRIC_REPRESENTATION_CONTEXT(2) 
PARAMETRIC_REPRESENTATION_CONTEXT() REPRESENTATION_CONTEXT('2D SPACE',''
  ) );
#2004 = ORIENTED_EDGE('',*,*,#2005,.T.);
#2005 = EDGE_CURVE('',#1977,#2006,#2008,.T.);
#2006 = VERTEX_POINT('',#2007);
#2007 = CARTESIAN_POINT('',(-83.4,-30.1,4.8));
#2008 = SURFACE_CURVE('',#2009,(#2013,#2020),.PCURVE_S1.);
#2009 = LINE('',#2010,#2011);
#2010 = CARTESIAN_POINT('',(-83.4,-16.45,4.8));
#2011 = VECTOR('',#2012,1.);
#2012 = DIRECTION('',(0.,-1.,1.224646799147E-16));
#2013 = PCURVE('',#233,#2014);
#2014 = DEFINITIONAL_REPRESENTATION('',(#2015),#2019);
#2015 = LINE('',#2016,#2017);
#2016 = CARTESIAN_POINT('',(-83.4,16.45));
#2017 = VECTOR('',#2018,1.);
#2018 = DIRECTION('',(0.,1.));
#2019 = ( GEOMETRIC_REPRESENTATION_CONTEXT(2) 
PARAMETRIC_REPRESENTATION_CONTEXT() REPRESENTATION_CONTEXT('2D SPACE',''
  ) );
#2020 = PCURVE('',#2021,#2026);
#2021 = PLANE('',#2022);
#2022 = AXIS2_PLACEMENT_3D('',#2023,#2024,#2025);
#2023 = CARTESIAN_POINT('',(-83.4,-32.9,5.8));
#2024 = DIRECTION('',(1.,0.,0.));
#2025 = DIRECTION('',(0.,1.,-1.224646799147E-16));
#2026 = DEFINITIONAL_REPRESENTATION('',(#2027),#2031);
#2027 = LINE('',#2028,#2029);
#2028 = CARTESIAN_POINT('',(16.45,-1.));
#2029 = VECTOR('',#2030,1.);
#2030 = DIRECTION('',(-1.,0.));
#2031 = ( GEOMETRIC_REPRESENTATION_CONTEXT(2) 
PARAMETRIC_REPRESENTATION_CONTEXT() REPRESENTATION_CONTEXT('2D SPACE',''
  ) );
#2032 = ORIENTED_EDGE('',*,*,#2033,.F.);
#2033 = EDGE_CURVE('',#2034,#2006,#2036,.T.);
#2034 = VERTEX_POINT('',#2035);
#2035 = CARTESIAN_POINT('',(-80.6,-32.9,4.8));
#2036 = SURFACE_CURVE('',#2037,(#2042,#2049),.PCURVE_S1.);
#2037 = CIRCLE('',#2038,2.8);
#2038 = AXIS2_PLACEMENT_3D('',#2039,#2040,#2041);
#2039 = CARTESIAN_POINT('',(-80.6,-30.1,4.8));
#2040 = DIRECTION('',(0.,-1.224646799147E-16,-1.));
#2041 = DIRECTION('',(0.,-1.,1.224646799147E-16));
#2042 = PCURVE('',#233,#2043);
#2043 = DEFINITIONAL_REPRESENTATION('',(#2044),#2048);
#2044 = CIRCLE('',#2045,2.8);
#2045 = AXIS2_PLACEMENT_2D('',#2046,#2047);
#2046 = CARTESIAN_POINT('',(-80.6,30.1));
#2047 = DIRECTION('',(0.,1.));
#2048 = ( GEOMETRIC_REPRESENTATION_CONTEXT(2) 
PARAMETRIC_REPRESENTATION_CONTEXT() REPRESENTATION_CONTEXT('2D SPACE',''
  ) );
#2049 = PCURVE('',#2050,#2055);
#2050 = CYLINDRICAL_SURFACE('',#2051,2.8);
#2051 = AXIS2_PLACEMENT_3D('',#2052,#2053,#2054);
#2052 = CARTESIAN_POINT('',(-80.6,-30.1,5.8));
#2053 = DIRECTION('',(0.,-1.224646799147E-16,-1.));
#2054 = DIRECTION('',(0.,-1.,1.224646799147E-16));
#2055 = DEFINITIONAL_REPRESENTATION('',(#2056),#2060);
#2056 = LINE('',#2057,#2058);
#2057 = CARTESIAN_POINT('',(0.,1.));
#2058 = VECTOR('',#2059,1.);
#2059 = DIRECTION('',(1.,0.));
#2060 = ( GEOMETRIC_REPRESENTATION_CONTEXT(2) 
PARAMETRIC_REPRESENTATION_CONTEXT() REPRESENTATION_CONTEXT('2D SPACE',''
  ) );
#2061 = ORIENTED_EDGE('',*,*,#2062,.T.);
#2062 = EDGE_CURVE('',#2034,#2063,#2065,.T.);
#2063 = VERTEX_POINT('',#2064);
#2064 = CARTESIAN_POINT('',(-70.6,-32.9,4.8));
#2065 = SURFACE_CURVE('',#2066,(#2070,#2077),.PCURVE_S1.);
#2066 = LINE('',#2067,#2068);
#2067 = CARTESIAN_POINT('',(41.7,-32.9,4.8));
#2068 = VECTOR('',#2069,1.);
#2069 = DIRECTION('',(1.,0.,0.));
#2070 = PCURVE('',#233,#2071);
#2071 = DEFINITIONAL_REPRESENTATION('',(#2072),#2076);
#2072 = LINE('',#2073,#2074);
#2073 = CARTESIAN_POINT('',(41.7,32.9));
#2074 = VECTOR('',#2075,1.);
#2075 = DIRECTION('',(1.,0.));
#2076 = ( GEOMETRIC_REPRESENTATION_CONTEXT(2) 
PARAMETRIC_REPRESENTATION_CONTEXT() REPRESENTATION_CONTEXT('2D SPACE',''
  ) );
#2077 = PCURVE('',#2078,#2083);
#2078 = PLANE('',#2079);
#2079 = AXIS2_PLACEMENT_3D('',#2080,#2081,#2082);
#2080 = CARTESIAN_POINT('',(83.4,-32.9,5.8));
#2081 = DIRECTION('',(0.,1.,-1.224646799147E-16));
#2082 = DIRECTION('',(-1.,-0.,0.));
#2083 = DEFINITIONAL_REPRESENTATION('',(#2084),#2088);
#2084 = LINE('',#2085,#2086);
#2085 = CARTESIAN_POINT('',(41.7,-1.));
#2086 = VECTOR('',#2087,1.);
#2087 = DIRECTION('',(-1.,0.));
#2088 = ( GEOMETRIC_REPRESENTATION_CONTEXT(2) 
PARAMETRIC_REPRESENTATION_CONTEXT() REPRESENTATION_CONTEXT('2D SPACE',''
  ) );
#2089 = ORIENTED_EDGE('',*,*,#2090,.F.);
#2090 = EDGE_CURVE('',#2091,#2063,#2093,.T.);
#2091 = VERTEX_POINT('',#2092);
#2092 = CARTESIAN_POINT('',(-70.6,-32.1,4.8));
#2093 = SURFACE_CURVE('',#2094,(#2098,#2105),.PCURVE_S1.);
#2094 = LINE('',#2095,#2096);
#2095 = CARTESIAN_POINT('',(-70.6,-32.1,4.8));
#2096 = VECTOR('',#2097,1.);
#2097 = DIRECTION('',(0.,-1.,1.224646799147E-16));
#2098 = PCURVE('',#233,#2099);
#2099 = DEFINITIONAL_REPRESENTATION('',(#2100),#2104);
#2100 = LINE('',#2101,#2102);
#2101 = CARTESIAN_POINT('',(-70.6,32.1));
#2102 = VECTOR('',#2103,1.);
#2103 = DIRECTION('',(0.,1.));
#2104 = ( GEOMETRIC_REPRESENTATION_CONTEXT(2) 
PARAMETRIC_REPRESENTATION_CONTEXT() REPRESENTATION_CONTEXT('2D SPACE',''
  ) );
#2105 = PCURVE('',#2106,#2111);
#2106 = PLANE('',#2107);
#2107 = AXIS2_PLACEMENT_3D('',#2108,#2109,#2110);
#2108 = CARTESIAN_POINT('',(-70.6,-37.1,4.8));
#2109 = DIRECTION('',(1.,0.,0.));
#2110 = DIRECTION('',(0.,-1.224646799147E-16,-1.));
#2111 = DEFINITIONAL_REPRESENTATION('',(#2112),#2116);
#2112 = LINE('',#2113,#2114);
#2113 = CARTESIAN_POINT('',(2.940390279227E-15,5.));
#2114 = VECTOR('',#2115,1.);
#2115 = DIRECTION('',(0.,-1.));
#2116 = ( GEOMETRIC_REPRESENTATION_CONTEXT(2) 
PARAMETRIC_REPRESENTATION_CONTEXT() REPRESENTATION_CONTEXT('2D SPACE',''
  ) );
#2117 = ORIENTED_EDGE('',*,*,#2118,.T.);
#2118 = EDGE_CURVE('',#2091,#1581,#2119,.T.);
#2119 = SURFACE_CURVE('',#2120,(#2124,#2131),.PCURVE_S1.);
#2120 = LINE('',#2121,#2122);
#2121 = CARTESIAN_POINT('',(-70.6,-32.1,4.8));
#2122 = VECTOR('',#2123,1.);
#2123 = DIRECTION('',(1.,0.,0.));
#2124 = PCURVE('',#233,#2125);
#2125 = DEFINITIONAL_REPRESENTATION('',(#2126),#2130);
#2126 = LINE('',#2127,#2128);
#2127 = CARTESIAN_POINT('',(-70.6,32.1));
#2128 = VECTOR('',#2129,1.);
#2129 = DIRECTION('',(1.,0.));
#2130 = ( GEOMETRIC_REPRESENTATION_CONTEXT(2) 
PARAMETRIC_REPRESENTATION_CONTEXT() REPRESENTATION_CONTEXT('2D SPACE',''
  ) );
#2131 = PCURVE('',#2132,#2137);
#2132 = PLANE('',#2133);
#2133 = AXIS2_PLACEMENT_3D('',#2134,#2135,#2136);
#2134 = CARTESIAN_POINT('',(-70.6,-32.1,4.8));
#2135 = DIRECTION('',(0.,-1.,1.224646799147E-16));
#2136 = DIRECTION('',(0.,-1.224646799147E-16,-1.));
#2137 = DEFINITIONAL_REPRESENTATION('',(#2138),#2142);
#2138 = LINE('',#2139,#2140);
#2139 = CARTESIAN_POINT('',(0.,0.));
#2140 = VECTOR('',#2141,1.);
#2141 = DIRECTION('',(0.,1.));
#2142 = ( GEOMETRIC_REPRESENTATION_CONTEXT(2) 
PARAMETRIC_REPRESENTATION_CONTEXT() REPRESENTATION_CONTEXT('2D SPACE',''
  ) );
#2143 = ADVANCED_FACE('',(#2144),#293,.F.);
#2144 = FACE_BOUND('',#2145,.F.);
#2145 = EDGE_LOOP('',(#2146,#2169,#2195,#2196));
#2146 = ORIENTED_EDGE('',*,*,#2147,.F.);
#2147 = EDGE_CURVE('',#2148,#1529,#2150,.T.);
#2148 = VERTEX_POINT('',#2149);
#2149 = CARTESIAN_POINT('',(-84.6,-30.1,0.3));
#2150 = SURFACE_CURVE('',#2151,(#2155,#2162),.PCURVE_S1.);
#2151 = LINE('',#2152,#2153);
#2152 = CARTESIAN_POINT('',(-84.6,-30.1,0.3));
#2153 = VECTOR('',#2154,1.);
#2154 = DIRECTION('',(0.,1.224646799147E-16,1.));
#2155 = PCURVE('',#293,#2156);
#2156 = DEFINITIONAL_REPRESENTATION('',(#2157),#2161);
#2157 = LINE('',#2158,#2159);
#2158 = CARTESIAN_POINT('',(4.,-1.3));
#2159 = VECTOR('',#2160,1.);
#2160 = DIRECTION('',(0.,1.));
#2161 = ( GEOMETRIC_REPRESENTATION_CONTEXT(2) 
PARAMETRIC_REPRESENTATION_CONTEXT() REPRESENTATION_CONTEXT('2D SPACE',''
  ) );
#2162 = PCURVE('',#1545,#2163);
#2163 = DEFINITIONAL_REPRESENTATION('',(#2164),#2168);
#2164 = LINE('',#2165,#2166);
#2165 = CARTESIAN_POINT('',(1.570796326795,1.3));
#2166 = VECTOR('',#2167,1.);
#2167 = DIRECTION('',(-0.,-1.));
#2168 = ( GEOMETRIC_REPRESENTATION_CONTEXT(2) 
PARAMETRIC_REPRESENTATION_CONTEXT() REPRESENTATION_CONTEXT('2D SPACE',''
  ) );
#2169 = ORIENTED_EDGE('',*,*,#2170,.T.);
#2170 = EDGE_CURVE('',#2148,#278,#2171,.T.);
#2171 = SURFACE_CURVE('',#2172,(#2176,#2183),.PCURVE_S1.);
#2172 = LINE('',#2173,#2174);
#2173 = CARTESIAN_POINT('',(-84.6,-30.1,0.3));
#2174 = VECTOR('',#2175,1.);
#2175 = DIRECTION('',(0.,1.,-1.224646799147E-16));
#2176 = PCURVE('',#293,#2177);
#2177 = DEFINITIONAL_REPRESENTATION('',(#2178),#2182);
#2178 = LINE('',#2179,#2180);
#2179 = CARTESIAN_POINT('',(4.,-1.3));
#2180 = VECTOR('',#2181,1.);
#2181 = DIRECTION('',(1.,0.));
#2182 = ( GEOMETRIC_REPRESENTATION_CONTEXT(2) 
PARAMETRIC_REPRESENTATION_CONTEXT() REPRESENTATION_CONTEXT('2D SPACE',''
  ) );
#2183 = PCURVE('',#2184,#2189);
#2184 = PLANE('',#2185);
#2185 = AXIS2_PLACEMENT_3D('',#2186,#2187,#2188);
#2186 = CARTESIAN_POINT('',(-84.45,-30.1,0.15));
#2187 = DIRECTION('',(0.707106781187,8.659560562355E-17,0.707106781187)
  );
#2188 = DIRECTION('',(-0.,-1.,1.224646799147E-16));
#2189 = DEFINITIONAL_REPRESENTATION('',(#2190),#2194);
#2190 = LINE('',#2191,#2192);
#2191 = CARTESIAN_POINT('',(1.836970198721E-17,-0.212132034356));
#2192 = VECTOR('',#2193,1.);
#2193 = DIRECTION('',(-1.,0.));
#2194 = ( GEOMETRIC_REPRESENTATION_CONTEXT(2) 
PARAMETRIC_REPRESENTATION_CONTEXT() REPRESENTATION_CONTEXT('2D SPACE',''
  ) );
#2195 = ORIENTED_EDGE('',*,*,#277,.T.);
#2196 = ORIENTED_EDGE('',*,*,#1557,.F.);
#2197 = ADVANCED_FACE('',(#2198),#320,.T.);
#2198 = FACE_BOUND('',#2199,.T.);
#2199 = EDGE_LOOP('',(#2200,#2223,#2224,#2225));
#2200 = ORIENTED_EDGE('',*,*,#2201,.F.);
#2201 = EDGE_CURVE('',#278,#2202,#2204,.T.);
#2202 = VERTEX_POINT('',#2203);
#2203 = CARTESIAN_POINT('',(-84.3,30.1,-1.42108547152E-14));
#2204 = SURFACE_CURVE('',#2205,(#2209,#2216),.PCURVE_S1.);
#2205 = LINE('',#2206,#2207);
#2206 = CARTESIAN_POINT('',(-84.45,30.1,0.15));
#2207 = VECTOR('',#2208,1.);
#2208 = DIRECTION('',(0.707106781187,-8.659560562355E-17,-0.707106781187
    ));
#2209 = PCURVE('',#320,#2210);
#2210 = DEFINITIONAL_REPRESENTATION('',(#2211),#2215);
#2211 = LINE('',#2212,#2213);
#2212 = CARTESIAN_POINT('',(-0.,-0.15));
#2213 = VECTOR('',#2214,1.);
#2214 = DIRECTION('',(-0.,-1.));
#2215 = ( GEOMETRIC_REPRESENTATION_CONTEXT(2) 
PARAMETRIC_REPRESENTATION_CONTEXT() REPRESENTATION_CONTEXT('2D SPACE',''
  ) );
#2216 = PCURVE('',#2184,#2217);
#2217 = DEFINITIONAL_REPRESENTATION('',(#2218),#2222);
#2218 = LINE('',#2219,#2220);
#2219 = CARTESIAN_POINT('',(-60.2,2.421519121812E-15));
#2220 = VECTOR('',#2221,1.);
#2221 = DIRECTION('',(-0.,1.));
#2222 = ( GEOMETRIC_REPRESENTATION_CONTEXT(2) 
PARAMETRIC_REPRESENTATION_CONTEXT() REPRESENTATION_CONTEXT('2D SPACE',''
  ) );
#2223 = ORIENTED_EDGE('',*,*,#305,.T.);
#2224 = ORIENTED_EDGE('',*,*,#335,.T.);
#2225 = ORIENTED_EDGE('',*,*,#2226,.F.);
#2226 = EDGE_CURVE('',#2202,#336,#2227,.T.);
#2227 = SURFACE_CURVE('',#2228,(#2233,#2240),.PCURVE_S1.);
#2228 = CIRCLE('',#2229,3.7);
#2229 = AXIS2_PLACEMENT_3D('',#2230,#2231,#2232);
#2230 = CARTESIAN_POINT('',(-80.6,30.1,-7.105427357601E-15));
#2231 = DIRECTION('',(0.,-1.224646799147E-16,-1.));
#2232 = DIRECTION('',(-1.,-0.,0.));
#2233 = PCURVE('',#320,#2234);
#2234 = DEFINITIONAL_REPRESENTATION('',(#2235),#2239);
#2235 = LINE('',#2236,#2237);
#2236 = CARTESIAN_POINT('',(-0.,-0.3));
#2237 = VECTOR('',#2238,1.);
#2238 = DIRECTION('',(-1.,-0.));
#2239 = ( GEOMETRIC_REPRESENTATION_CONTEXT(2) 
PARAMETRIC_REPRESENTATION_CONTEXT() REPRESENTATION_CONTEXT('2D SPACE',''
  ) );
#2240 = PCURVE('',#428,#2241);
#2241 = DEFINITIONAL_REPRESENTATION('',(#2242),#2246);
#2242 = CIRCLE('',#2243,3.7);
#2243 = AXIS2_PLACEMENT_2D('',#2244,#2245);
#2244 = CARTESIAN_POINT('',(-80.6,-30.1));
#2245 = DIRECTION('',(-1.,0.));
#2246 = ( GEOMETRIC_REPRESENTATION_CONTEXT(2) 
PARAMETRIC_REPRESENTATION_CONTEXT() REPRESENTATION_CONTEXT('2D SPACE',''
  ) );
#2247 = ADVANCED_FACE('',(#2248),#373,.F.);
#2248 = FACE_BOUND('',#2249,.F.);
#2249 = EDGE_LOOP('',(#2250,#2251,#2252,#2253));
#2250 = ORIENTED_EDGE('',*,*,#552,.F.);
#2251 = ORIENTED_EDGE('',*,*,#359,.T.);
#2252 = ORIENTED_EDGE('',*,*,#734,.T.);
#2253 = ORIENTED_EDGE('',*,*,#2254,.F.);
#2254 = EDGE_CURVE('',#553,#735,#2255,.T.);
#2255 = SURFACE_CURVE('',#2256,(#2260,#2267),.PCURVE_S1.);
#2256 = LINE('',#2257,#2258);
#2257 = CARTESIAN_POINT('',(7.8,34.1,-7.105427357601E-15));
#2258 = VECTOR('',#2259,1.);
#2259 = DIRECTION('',(1.,0.,0.));
#2260 = PCURVE('',#373,#2261);
#2261 = DEFINITIONAL_REPRESENTATION('',(#2262),#2266);
#2262 = LINE('',#2263,#2264);
#2263 = CARTESIAN_POINT('',(2.8,-0.));
#2264 = VECTOR('',#2265,1.);
#2265 = DIRECTION('',(0.,-1.));
#2266 = ( GEOMETRIC_REPRESENTATION_CONTEXT(2) 
PARAMETRIC_REPRESENTATION_CONTEXT() REPRESENTATION_CONTEXT('2D SPACE',''
  ) );
#2267 = PCURVE('',#591,#2268);
#2268 = DEFINITIONAL_REPRESENTATION('',(#2269),#2273);
#2269 = LINE('',#2270,#2271);
#2270 = CARTESIAN_POINT('',(0.,0.));
#2271 = VECTOR('',#2272,1.);
#2272 = DIRECTION('',(0.,-1.));
#2273 = ( GEOMETRIC_REPRESENTATION_CONTEXT(2) 
PARAMETRIC_REPRESENTATION_CONTEXT() REPRESENTATION_CONTEXT('2D SPACE',''
  ) );
#2274 = ADVANCED_FACE('',(#2275),#428,.T.);
#2275 = FACE_BOUND('',#2276,.T.);
#2276 = EDGE_LOOP('',(#2277,#2278,#2302,#2330,#2359,#2387,#2416,#2437));
#2277 = ORIENTED_EDGE('',*,*,#414,.T.);
#2278 = ORIENTED_EDGE('',*,*,#2279,.T.);
#2279 = EDGE_CURVE('',#387,#2280,#2282,.T.);
#2280 = VERTEX_POINT('',#2281);
#2281 = CARTESIAN_POINT('',(84.3,30.1,-7.105427357601E-15));
#2282 = SURFACE_CURVE('',#2283,(#2288,#2295),.PCURVE_S1.);
#2283 = CIRCLE('',#2284,3.7);
#2284 = AXIS2_PLACEMENT_3D('',#2285,#2286,#2287);
#2285 = CARTESIAN_POINT('',(80.6,30.1,-7.105427357601E-15));
#2286 = DIRECTION('',(0.,-1.224646799147E-16,-1.));
#2287 = DIRECTION('',(0.,1.,-1.224646799147E-16));
#2288 = PCURVE('',#428,#2289);
#2289 = DEFINITIONAL_REPRESENTATION('',(#2290),#2294);
#2290 = CIRCLE('',#2291,3.7);
#2291 = AXIS2_PLACEMENT_2D('',#2292,#2293);
#2292 = CARTESIAN_POINT('',(80.6,-30.1));
#2293 = DIRECTION('',(0.,-1.));
#2294 = ( GEOMETRIC_REPRESENTATION_CONTEXT(2) 
PARAMETRIC_REPRESENTATION_CONTEXT() REPRESENTATION_CONTEXT('2D SPACE',''
  ) );
#2295 = PCURVE('',#402,#2296);
#2296 = DEFINITIONAL_REPRESENTATION('',(#2297),#2301);
#2297 = LINE('',#2298,#2299);
#2298 = CARTESIAN_POINT('',(-0.,-0.3));
#2299 = VECTOR('',#2300,1.);
#2300 = DIRECTION('',(-1.,-0.));
#2301 = ( GEOMETRIC_REPRESENTATION_CONTEXT(2) 
PARAMETRIC_REPRESENTATION_CONTEXT() REPRESENTATION_CONTEXT('2D SPACE',''
  ) );
#2302 = ORIENTED_EDGE('',*,*,#2303,.T.);
#2303 = EDGE_CURVE('',#2280,#2304,#2306,.T.);
#2304 = VERTEX_POINT('',#2305);
#2305 = CARTESIAN_POINT('',(84.3,-30.1,0.));
#2306 = SURFACE_CURVE('',#2307,(#2311,#2318),.PCURVE_S1.);
#2307 = LINE('',#2308,#2309);
#2308 = CARTESIAN_POINT('',(84.3,30.1,-7.105427357601E-15));
#2309 = VECTOR('',#2310,1.);
#2310 = DIRECTION('',(0.,-1.,1.224646799147E-16));
#2311 = PCURVE('',#428,#2312);
#2312 = DEFINITIONAL_REPRESENTATION('',(#2313),#2317);
#2313 = LINE('',#2314,#2315);
#2314 = CARTESIAN_POINT('',(84.3,-30.1));
#2315 = VECTOR('',#2316,1.);
#2316 = DIRECTION('',(0.,1.));
#2317 = ( GEOMETRIC_REPRESENTATION_CONTEXT(2) 
PARAMETRIC_REPRESENTATION_CONTEXT() REPRESENTATION_CONTEXT('2D SPACE',''
  ) );
#2318 = PCURVE('',#2319,#2324);
#2319 = PLANE('',#2320);
#2320 = AXIS2_PLACEMENT_3D('',#2321,#2322,#2323);
#2321 = CARTESIAN_POINT('',(84.45,30.1,0.15));
#2322 = DIRECTION('',(-0.707106781187,8.659560562355E-17,0.707106781187)
  );
#2323 = DIRECTION('',(-0.,1.,-1.224646799147E-16));
#2324 = DEFINITIONAL_REPRESENTATION('',(#2325),#2329);
#2325 = LINE('',#2326,#2327);
#2326 = CARTESIAN_POINT('',(1.836970198721E-17,0.212132034356));
#2327 = VECTOR('',#2328,1.);
#2328 = DIRECTION('',(-1.,0.));
#2329 = ( GEOMETRIC_REPRESENTATION_CONTEXT(2) 
PARAMETRIC_REPRESENTATION_CONTEXT() REPRESENTATION_CONTEXT('2D SPACE',''
  ) );
#2330 = ORIENTED_EDGE('',*,*,#2331,.T.);
#2331 = EDGE_CURVE('',#2304,#2332,#2334,.T.);
#2332 = VERTEX_POINT('',#2333);
#2333 = CARTESIAN_POINT('',(80.6,-33.8,7.105427357601E-15));
#2334 = SURFACE_CURVE('',#2335,(#2340,#2347),.PCURVE_S1.);
#2335 = CIRCLE('',#2336,3.7);
#2336 = AXIS2_PLACEMENT_3D('',#2337,#2338,#2339);
#2337 = CARTESIAN_POINT('',(80.6,-30.1,7.105427357601E-15));
#2338 = DIRECTION('',(0.,-1.224646799147E-16,-1.));
#2339 = DIRECTION('',(1.,0.,0.));
#2340 = PCURVE('',#428,#2341);
#2341 = DEFINITIONAL_REPRESENTATION('',(#2342),#2346);
#2342 = CIRCLE('',#2343,3.7);
#2343 = AXIS2_PLACEMENT_2D('',#2344,#2345);
#2344 = CARTESIAN_POINT('',(80.6,30.1));
#2345 = DIRECTION('',(1.,0.));
#2346 = ( GEOMETRIC_REPRESENTATION_CONTEXT(2) 
PARAMETRIC_REPRESENTATION_CONTEXT() REPRESENTATION_CONTEXT('2D SPACE',''
  ) );
#2347 = PCURVE('',#2348,#2353);
#2348 = CONICAL_SURFACE('',#2349,4.,0.785398163397);
#2349 = AXIS2_PLACEMENT_3D('',#2350,#2351,#2352);
#2350 = CARTESIAN_POINT('',(80.6,-30.1,0.3));
#2351 = DIRECTION('',(-0.,1.224646799147E-16,1.));
#2352 = DIRECTION('',(1.,0.,0.));
#2353 = DEFINITIONAL_REPRESENTATION('',(#2354),#2358);
#2354 = LINE('',#2355,#2356);
#2355 = CARTESIAN_POINT('',(-0.,-0.3));
#2356 = VECTOR('',#2357,1.);
#2357 = DIRECTION('',(-1.,-0.));
#2358 = ( GEOMETRIC_REPRESENTATION_CONTEXT(2) 
PARAMETRIC_REPRESENTATION_CONTEXT() REPRESENTATION_CONTEXT('2D SPACE',''
  ) );
#2359 = ORIENTED_EDGE('',*,*,#2360,.T.);
#2360 = EDGE_CURVE('',#2332,#2361,#2363,.T.);
#2361 = VERTEX_POINT('',#2362);
#2362 = CARTESIAN_POINT('',(-80.6,-33.8,7.105427357601E-15));
#2363 = SURFACE_CURVE('',#2364,(#2368,#2375),.PCURVE_S1.);
#2364 = LINE('',#2365,#2366);
#2365 = CARTESIAN_POINT('',(80.6,-33.8,7.105427357601E-15));
#2366 = VECTOR('',#2367,1.);
#2367 = DIRECTION('',(-1.,-0.,0.));
#2368 = PCURVE('',#428,#2369);
#2369 = DEFINITIONAL_REPRESENTATION('',(#2370),#2374);
#2370 = LINE('',#2371,#2372);
#2371 = CARTESIAN_POINT('',(80.6,33.8));
#2372 = VECTOR('',#2373,1.);
#2373 = DIRECTION('',(-1.,0.));
#2374 = ( GEOMETRIC_REPRESENTATION_CONTEXT(2) 
PARAMETRIC_REPRESENTATION_CONTEXT() REPRESENTATION_CONTEXT('2D SPACE',''
  ) );
#2375 = PCURVE('',#2376,#2381);
#2376 = PLANE('',#2377);
#2377 = AXIS2_PLACEMENT_3D('',#2378,#2379,#2380);
#2378 = CARTESIAN_POINT('',(80.6,-33.95,0.15));
#2379 = DIRECTION('',(0.,0.707106781187,0.707106781187));
#2380 = DIRECTION('',(1.,-0.,0.));
#2381 = DEFINITIONAL_REPRESENTATION('',(#2382),#2386);
#2382 = LINE('',#2383,#2384);
#2383 = CARTESIAN_POINT('',(-0.,0.212132034356));
#2384 = VECTOR('',#2385,1.);
#2385 = DIRECTION('',(-1.,-0.));
#2386 = ( GEOMETRIC_REPRESENTATION_CONTEXT(2) 
PARAMETRIC_REPRESENTATION_CONTEXT() REPRESENTATION_CONTEXT('2D SPACE',''
  ) );
#2387 = ORIENTED_EDGE('',*,*,#2388,.T.);
#2388 = EDGE_CURVE('',#2361,#2389,#2391,.T.);
#2389 = VERTEX_POINT('',#2390);
#2390 = CARTESIAN_POINT('',(-84.3,-30.1,7.105427357601E-15));
#2391 = SURFACE_CURVE('',#2392,(#2397,#2404),.PCURVE_S1.);
#2392 = CIRCLE('',#2393,3.7);
#2393 = AXIS2_PLACEMENT_3D('',#2394,#2395,#2396);
#2394 = CARTESIAN_POINT('',(-80.6,-30.1,7.105427357601E-15));
#2395 = DIRECTION('',(0.,-1.224646799147E-16,-1.));
#2396 = DIRECTION('',(0.,-1.,1.224646799147E-16));
#2397 = PCURVE('',#428,#2398);
#2398 = DEFINITIONAL_REPRESENTATION('',(#2399),#2403);
#2399 = CIRCLE('',#2400,3.7);
#2400 = AXIS2_PLACEMENT_2D('',#2401,#2402);
#2401 = CARTESIAN_POINT('',(-80.6,30.1));
#2402 = DIRECTION('',(0.,1.));
#2403 = ( GEOMETRIC_REPRESENTATION_CONTEXT(2) 
PARAMETRIC_REPRESENTATION_CONTEXT() REPRESENTATION_CONTEXT('2D SPACE',''
  ) );
#2404 = PCURVE('',#2405,#2410);
#2405 = CONICAL_SURFACE('',#2406,4.,0.785398163397);
#2406 = AXIS2_PLACEMENT_3D('',#2407,#2408,#2409);
#2407 = CARTESIAN_POINT('',(-80.6,-30.1,0.3));
#2408 = DIRECTION('',(-0.,1.224646799147E-16,1.));
#2409 = DIRECTION('',(0.,-1.,1.224646799147E-16));
#2410 = DEFINITIONAL_REPRESENTATION('',(#2411),#2415);
#2411 = LINE('',#2412,#2413);
#2412 = CARTESIAN_POINT('',(-0.,-0.3));
#2413 = VECTOR('',#2414,1.);
#2414 = DIRECTION('',(-1.,-0.));
#2415 = ( GEOMETRIC_REPRESENTATION_CONTEXT(2) 
PARAMETRIC_REPRESENTATION_CONTEXT() REPRESENTATION_CONTEXT('2D SPACE',''
  ) );
#2416 = ORIENTED_EDGE('',*,*,#2417,.T.);
#2417 = EDGE_CURVE('',#2389,#2202,#2418,.T.);
#2418 = SURFACE_CURVE('',#2419,(#2423,#2430),.PCURVE_S1.);
#2419 = LINE('',#2420,#2421);
#2420 = CARTESIAN_POINT('',(-84.3,-30.1,7.105427357601E-15));
#2421 = VECTOR('',#2422,1.);
#2422 = DIRECTION('',(0.,1.,-1.224646799147E-16));
#2423 = PCURVE('',#428,#2424);
#2424 = DEFINITIONAL_REPRESENTATION('',(#2425),#2429);
#2425 = LINE('',#2426,#2427);
#2426 = CARTESIAN_POINT('',(-84.3,30.1));
#2427 = VECTOR('',#2428,1.);
#2428 = DIRECTION('',(0.,-1.));
#2429 = ( GEOMETRIC_REPRESENTATION_CONTEXT(2) 
PARAMETRIC_REPRESENTATION_CONTEXT() REPRESENTATION_CONTEXT('2D SPACE',''
  ) );
#2430 = PCURVE('',#2184,#2431);
#2431 = DEFINITIONAL_REPRESENTATION('',(#2432),#2436);
#2432 = LINE('',#2433,#2434);
#2433 = CARTESIAN_POINT('',(-1.836970198721E-17,0.212132034356));
#2434 = VECTOR('',#2435,1.);
#2435 = DIRECTION('',(-1.,0.));
#2436 = ( GEOMETRIC_REPRESENTATION_CONTEXT(2) 
PARAMETRIC_REPRESENTATION_CONTEXT() REPRESENTATION_CONTEXT('2D SPACE',''
  ) );
#2437 = ORIENTED_EDGE('',*,*,#2226,.T.);
#2438 = ADVANCED_FACE('',(#2439),#402,.T.);
#2439 = FACE_BOUND('',#2440,.T.);
#2440 = EDGE_LOOP('',(#2441,#2442,#2443,#2464));
#2441 = ORIENTED_EDGE('',*,*,#386,.F.);
#2442 = ORIENTED_EDGE('',*,*,#880,.T.);
#2443 = ORIENTED_EDGE('',*,*,#2444,.T.);
#2444 = EDGE_CURVE('',#853,#2280,#2445,.T.);
#2445 = SURFACE_CURVE('',#2446,(#2450,#2457),.PCURVE_S1.);
#2446 = LINE('',#2447,#2448);
#2447 = CARTESIAN_POINT('',(84.6,30.1,0.3));
#2448 = VECTOR('',#2449,1.);
#2449 = DIRECTION('',(-0.707106781187,-1.298934084353E-16,
    -0.707106781187));
#2450 = PCURVE('',#402,#2451);
#2451 = DEFINITIONAL_REPRESENTATION('',(#2452),#2456);
#2452 = LINE('',#2453,#2454);
#2453 = CARTESIAN_POINT('',(-1.570796326795,-0.));
#2454 = VECTOR('',#2455,1.);
#2455 = DIRECTION('',(-0.,-1.));
#2456 = ( GEOMETRIC_REPRESENTATION_CONTEXT(2) 
PARAMETRIC_REPRESENTATION_CONTEXT() REPRESENTATION_CONTEXT('2D SPACE',''
  ) );
#2457 = PCURVE('',#2319,#2458);
#2458 = DEFINITIONAL_REPRESENTATION('',(#2459),#2463);
#2459 = LINE('',#2460,#2461);
#2460 = CARTESIAN_POINT('',(-1.836970198721E-17,-0.212132034356));
#2461 = VECTOR('',#2462,1.);
#2462 = DIRECTION('',(-4.329780281177E-17,1.));
#2463 = ( GEOMETRIC_REPRESENTATION_CONTEXT(2) 
PARAMETRIC_REPRESENTATION_CONTEXT() REPRESENTATION_CONTEXT('2D SPACE',''
  ) );
#2464 = ORIENTED_EDGE('',*,*,#2279,.F.);
#2465 = ADVANCED_FACE('',(#2466),#461,.F.);
#2466 = FACE_BOUND('',#2467,.F.);
#2467 = EDGE_LOOP('',(#2468,#2469,#2490,#2491));
#2468 = ORIENTED_EDGE('',*,*,#803,.F.);
#2469 = ORIENTED_EDGE('',*,*,#2470,.F.);
#2470 = EDGE_CURVE('',#444,#684,#2471,.T.);
#2471 = SURFACE_CURVE('',#2472,(#2476,#2483),.PCURVE_S1.);
#2472 = LINE('',#2473,#2474);
#2473 = CARTESIAN_POINT('',(7.8,36.8,10.7));
#2474 = VECTOR('',#2475,1.);
#2475 = DIRECTION('',(1.,0.,0.));
#2476 = PCURVE('',#461,#2477);
#2477 = DEFINITIONAL_REPRESENTATION('',(#2478),#2482);
#2478 = LINE('',#2479,#2480);
#2479 = CARTESIAN_POINT('',(0.,0.));
#2480 = VECTOR('',#2481,1.);
#2481 = DIRECTION('',(0.,1.));
#2482 = ( GEOMETRIC_REPRESENTATION_CONTEXT(2) 
PARAMETRIC_REPRESENTATION_CONTEXT() REPRESENTATION_CONTEXT('2D SPACE',''
  ) );
#2483 = PCURVE('',#490,#2484);
#2484 = DEFINITIONAL_REPRESENTATION('',(#2485),#2489);
#2485 = LINE('',#2486,#2487);
#2486 = CARTESIAN_POINT('',(-3.14159265359,0.));
#2487 = VECTOR('',#2488,1.);
#2488 = DIRECTION('',(-0.,-1.));
#2489 = ( GEOMETRIC_REPRESENTATION_CONTEXT(2) 
PARAMETRIC_REPRESENTATION_CONTEXT() REPRESENTATION_CONTEXT('2D SPACE',''
  ) );
#2490 = ORIENTED_EDGE('',*,*,#443,.T.);
#2491 = ORIENTED_EDGE('',*,*,#2492,.T.);
#2492 = EDGE_CURVE('',#446,#781,#2493,.T.);
#2493 = SURFACE_CURVE('',#2494,(#2498,#2505),.PCURVE_S1.);
#2494 = LINE('',#2495,#2496);
#2495 = CARTESIAN_POINT('',(7.8,36.8,1.6));
#2496 = VECTOR('',#2497,1.);
#2497 = DIRECTION('',(1.,0.,0.));
#2498 = PCURVE('',#461,#2499);
#2499 = DEFINITIONAL_REPRESENTATION('',(#2500),#2504);
#2500 = LINE('',#2501,#2502);
#2501 = CARTESIAN_POINT('',(9.1,0.));
#2502 = VECTOR('',#2503,1.);
#2503 = DIRECTION('',(0.,1.));
#2504 = ( GEOMETRIC_REPRESENTATION_CONTEXT(2) 
PARAMETRIC_REPRESENTATION_CONTEXT() REPRESENTATION_CONTEXT('2D SPACE',''
  ) );
#2505 = PCURVE('',#617,#2506);
#2506 = DEFINITIONAL_REPRESENTATION('',(#2507),#2511);
#2507 = LINE('',#2508,#2509);
#2508 = CARTESIAN_POINT('',(0.,0.));
#2509 = VECTOR('',#2510,1.);
#2510 = DIRECTION('',(1.,0.));
#2511 = ( GEOMETRIC_REPRESENTATION_CONTEXT(2) 
PARAMETRIC_REPRESENTATION_CONTEXT() REPRESENTATION_CONTEXT('2D SPACE',''
  ) );
#2512 = ADVANCED_FACE('',(#2513),#490,.T.);
#2513 = FACE_BOUND('',#2514,.F.);
#2514 = EDGE_LOOP('',(#2515,#2516,#2517,#2518));
#2515 = ORIENTED_EDGE('',*,*,#473,.F.);
#2516 = ORIENTED_EDGE('',*,*,#2470,.T.);
#2517 = ORIENTED_EDGE('',*,*,#681,.F.);
#2518 = ORIENTED_EDGE('',*,*,#2519,.T.);
#2519 = EDGE_CURVE('',#682,#474,#2520,.T.);
#2520 = SURFACE_CURVE('',#2521,(#2525,#2532),.PCURVE_S1.);
#2521 = LINE('',#2522,#2523);
#2522 = CARTESIAN_POINT('',(7.8,36.,9.568629150102));
#2523 = VECTOR('',#2524,1.);
#2524 = DIRECTION('',(-1.,0.,0.));
#2525 = PCURVE('',#490,#2526);
#2526 = DEFINITIONAL_REPRESENTATION('',(#2527),#2531);
#2527 = LINE('',#2528,#2529);
#2528 = CARTESIAN_POINT('',(-8.193818543429,0.));
#2529 = VECTOR('',#2530,1.);
#2530 = DIRECTION('',(-0.,1.));
#2531 = ( GEOMETRIC_REPRESENTATION_CONTEXT(2) 
PARAMETRIC_REPRESENTATION_CONTEXT() REPRESENTATION_CONTEXT('2D SPACE',''
  ) );
#2532 = PCURVE('',#518,#2533);
#2533 = DEFINITIONAL_REPRESENTATION('',(#2534),#2538);
#2534 = LINE('',#2535,#2536);
#2535 = CARTESIAN_POINT('',(1.131370849898,0.));
#2536 = VECTOR('',#2537,1.);
#2537 = DIRECTION('',(-0.,-1.));
#2538 = ( GEOMETRIC_REPRESENTATION_CONTEXT(2) 
PARAMETRIC_REPRESENTATION_CONTEXT() REPRESENTATION_CONTEXT('2D SPACE',''
  ) );
#2539 = ADVANCED_FACE('',(#2540),#518,.T.);
#2540 = FACE_BOUND('',#2541,.T.);
#2541 = EDGE_LOOP('',(#2542,#2543,#2544,#2545));
#2542 = ORIENTED_EDGE('',*,*,#711,.F.);
#2543 = ORIENTED_EDGE('',*,*,#2519,.T.);
#2544 = ORIENTED_EDGE('',*,*,#502,.T.);
#2545 = ORIENTED_EDGE('',*,*,#633,.T.);
#2546 = ADVANCED_FACE('',(#2547),#591,.F.);
#2547 = FACE_BOUND('',#2548,.F.);
#2548 = EDGE_LOOP('',(#2549,#2550,#2551,#2552));
#2549 = ORIENTED_EDGE('',*,*,#575,.F.);
#2550 = ORIENTED_EDGE('',*,*,#2254,.T.);
#2551 = ORIENTED_EDGE('',*,*,#757,.T.);
#2552 = ORIENTED_EDGE('',*,*,#2553,.T.);
#2553 = EDGE_CURVE('',#758,#576,#2554,.T.);
#2554 = SURFACE_CURVE('',#2555,(#2559,#2566),.PCURVE_S1.);
#2555 = LINE('',#2556,#2557);
#2556 = CARTESIAN_POINT('',(7.8,35.642857142857,1.6));
#2557 = VECTOR('',#2558,1.);
#2558 = DIRECTION('',(-1.,-0.,0.));
#2559 = PCURVE('',#591,#2560);
#2560 = DEFINITIONAL_REPRESENTATION('',(#2561),#2565);
#2561 = LINE('',#2562,#2563);
#2562 = CARTESIAN_POINT('',(2.22270289586,0.));
#2563 = VECTOR('',#2564,1.);
#2564 = DIRECTION('',(0.,1.));
#2565 = ( GEOMETRIC_REPRESENTATION_CONTEXT(2) 
PARAMETRIC_REPRESENTATION_CONTEXT() REPRESENTATION_CONTEXT('2D SPACE',''
  ) );
#2566 = PCURVE('',#617,#2567);
#2567 = DEFINITIONAL_REPRESENTATION('',(#2568),#2572);
#2568 = LINE('',#2569,#2570);
#2569 = CARTESIAN_POINT('',(0.,1.157142857143));
#2570 = VECTOR('',#2571,1.);
#2571 = DIRECTION('',(-1.,0.));
#2572 = ( GEOMETRIC_REPRESENTATION_CONTEXT(2) 
PARAMETRIC_REPRESENTATION_CONTEXT() REPRESENTATION_CONTEXT('2D SPACE',''
  ) );
#2573 = ADVANCED_FACE('',(#2574),#617,.T.);
#2574 = FACE_BOUND('',#2575,.T.);
#2575 = EDGE_LOOP('',(#2576,#2577,#2578,#2579));
#2576 = ORIENTED_EDGE('',*,*,#603,.F.);
#2577 = ORIENTED_EDGE('',*,*,#2492,.T.);
#2578 = ORIENTED_EDGE('',*,*,#780,.F.);
#2579 = ORIENTED_EDGE('',*,*,#2553,.T.);
#2580 = ADVANCED_FACE('',(#2581),#868,.F.);
#2581 = FACE_BOUND('',#2582,.F.);
#2582 = EDGE_LOOP('',(#2583,#2606,#2627,#2628));
#2583 = ORIENTED_EDGE('',*,*,#2584,.T.);
#2584 = EDGE_CURVE('',#853,#2585,#2587,.T.);
#2585 = VERTEX_POINT('',#2586);
#2586 = CARTESIAN_POINT('',(84.6,-30.1,0.3));
#2587 = SURFACE_CURVE('',#2588,(#2592,#2599),.PCURVE_S1.);
#2588 = LINE('',#2589,#2590);
#2589 = CARTESIAN_POINT('',(84.6,30.1,0.3));
#2590 = VECTOR('',#2591,1.);
#2591 = DIRECTION('',(0.,-1.,1.224646799147E-16));
#2592 = PCURVE('',#868,#2593);
#2593 = DEFINITIONAL_REPRESENTATION('',(#2594),#2598);
#2594 = LINE('',#2595,#2596);
#2595 = CARTESIAN_POINT('',(4.,-1.3));
#2596 = VECTOR('',#2597,1.);
#2597 = DIRECTION('',(1.,0.));
#2598 = ( GEOMETRIC_REPRESENTATION_CONTEXT(2) 
PARAMETRIC_REPRESENTATION_CONTEXT() REPRESENTATION_CONTEXT('2D SPACE',''
  ) );
#2599 = PCURVE('',#2319,#2600);
#2600 = DEFINITIONAL_REPRESENTATION('',(#2601),#2605);
#2601 = LINE('',#2602,#2603);
#2602 = CARTESIAN_POINT('',(-1.836970198721E-17,-0.212132034356));
#2603 = VECTOR('',#2604,1.);
#2604 = DIRECTION('',(-1.,0.));
#2605 = ( GEOMETRIC_REPRESENTATION_CONTEXT(2) 
PARAMETRIC_REPRESENTATION_CONTEXT() REPRESENTATION_CONTEXT('2D SPACE',''
  ) );
#2606 = ORIENTED_EDGE('',*,*,#2607,.F.);
#2607 = EDGE_CURVE('',#909,#2585,#2608,.T.);
#2608 = SURFACE_CURVE('',#2609,(#2613,#2620),.PCURVE_S1.);
#2609 = LINE('',#2610,#2611);
#2610 = CARTESIAN_POINT('',(84.6,-30.1,4.8));
#2611 = VECTOR('',#2612,1.);
#2612 = DIRECTION('',(0.,-1.224646799147E-16,-1.));
#2613 = PCURVE('',#868,#2614);
#2614 = DEFINITIONAL_REPRESENTATION('',(#2615),#2619);
#2615 = LINE('',#2616,#2617);
#2616 = CARTESIAN_POINT('',(64.2,3.2));
#2617 = VECTOR('',#2618,1.);
#2618 = DIRECTION('',(0.,-1.));
#2619 = ( GEOMETRIC_REPRESENTATION_CONTEXT(2) 
PARAMETRIC_REPRESENTATION_CONTEXT() REPRESENTATION_CONTEXT('2D SPACE',''
  ) );
#2620 = PCURVE('',#948,#2621);
#2621 = DEFINITIONAL_REPRESENTATION('',(#2622),#2626);
#2622 = LINE('',#2623,#2624);
#2623 = CARTESIAN_POINT('',(0.,0.));
#2624 = VECTOR('',#2625,1.);
#2625 = DIRECTION('',(0.,1.));
#2626 = ( GEOMETRIC_REPRESENTATION_CONTEXT(2) 
PARAMETRIC_REPRESENTATION_CONTEXT() REPRESENTATION_CONTEXT('2D SPACE',''
  ) );
#2627 = ORIENTED_EDGE('',*,*,#908,.F.);
#2628 = ORIENTED_EDGE('',*,*,#852,.T.);
#2629 = ADVANCED_FACE('',(#2630),#1545,.T.);
#2630 = FACE_BOUND('',#2631,.T.);
#2631 = EDGE_LOOP('',(#2632,#2655,#2656,#2657));
#2632 = ORIENTED_EDGE('',*,*,#2633,.T.);
#2633 = EDGE_CURVE('',#2634,#1506,#2636,.T.);
#2634 = VERTEX_POINT('',#2635);
#2635 = CARTESIAN_POINT('',(-80.6,-34.1,0.3));
#2636 = SURFACE_CURVE('',#2637,(#2641,#2648),.PCURVE_S1.);
#2637 = LINE('',#2638,#2639);
#2638 = CARTESIAN_POINT('',(-80.6,-34.1,0.3));
#2639 = VECTOR('',#2640,1.);
#2640 = DIRECTION('',(0.,1.224646799147E-16,1.));
#2641 = PCURVE('',#1545,#2642);
#2642 = DEFINITIONAL_REPRESENTATION('',(#2643),#2647);
#2643 = LINE('',#2644,#2645);
#2644 = CARTESIAN_POINT('',(0.,1.3));
#2645 = VECTOR('',#2646,1.);
#2646 = DIRECTION('',(-0.,-1.));
#2647 = ( GEOMETRIC_REPRESENTATION_CONTEXT(2) 
PARAMETRIC_REPRESENTATION_CONTEXT() REPRESENTATION_CONTEXT('2D SPACE',''
  ) );
#2648 = PCURVE('',#976,#2649);
#2649 = DEFINITIONAL_REPRESENTATION('',(#2650),#2654);
#2650 = LINE('',#2651,#2652);
#2651 = CARTESIAN_POINT('',(165.2,-4.5));
#2652 = VECTOR('',#2653,1.);
#2653 = DIRECTION('',(0.,1.));
#2654 = ( GEOMETRIC_REPRESENTATION_CONTEXT(2) 
PARAMETRIC_REPRESENTATION_CONTEXT() REPRESENTATION_CONTEXT('2D SPACE',''
  ) );
#2655 = ORIENTED_EDGE('',*,*,#1528,.T.);
#2656 = ORIENTED_EDGE('',*,*,#2147,.F.);
#2657 = ORIENTED_EDGE('',*,*,#2658,.F.);
#2658 = EDGE_CURVE('',#2634,#2148,#2659,.T.);
#2659 = SURFACE_CURVE('',#2660,(#2665,#2672),.PCURVE_S1.);
#2660 = CIRCLE('',#2661,4.);
#2661 = AXIS2_PLACEMENT_3D('',#2662,#2663,#2664);
#2662 = CARTESIAN_POINT('',(-80.6,-30.1,0.3));
#2663 = DIRECTION('',(0.,-1.224646799147E-16,-1.));
#2664 = DIRECTION('',(0.,-1.,1.224646799147E-16));
#2665 = PCURVE('',#1545,#2666);
#2666 = DEFINITIONAL_REPRESENTATION('',(#2667),#2671);
#2667 = LINE('',#2668,#2669);
#2668 = CARTESIAN_POINT('',(0.,1.3));
#2669 = VECTOR('',#2670,1.);
#2670 = DIRECTION('',(1.,0.));
#2671 = ( GEOMETRIC_REPRESENTATION_CONTEXT(2) 
PARAMETRIC_REPRESENTATION_CONTEXT() REPRESENTATION_CONTEXT('2D SPACE',''
  ) );
#2672 = PCURVE('',#2405,#2673);
#2673 = DEFINITIONAL_REPRESENTATION('',(#2674),#2678);
#2674 = LINE('',#2675,#2676);
#2675 = CARTESIAN_POINT('',(-0.,-0.));
#2676 = VECTOR('',#2677,1.);
#2677 = DIRECTION('',(-1.,-0.));
#2678 = ( GEOMETRIC_REPRESENTATION_CONTEXT(2) 
PARAMETRIC_REPRESENTATION_CONTEXT() REPRESENTATION_CONTEXT('2D SPACE',''
  ) );
#2679 = ADVANCED_FACE('',(#2680),#976,.F.);
#2680 = FACE_BOUND('',#2681,.F.);
#2681 = EDGE_LOOP('',(#2682,#2683,#2706,#2727,#2728,#2729,#2752,#2775,
    #2796,#2797,#2820,#2848,#2871,#2894,#2915,#2916,#2939,#2962,#2985,
    #3013,#3034,#3035,#3058,#3081));
#2682 = ORIENTED_EDGE('',*,*,#960,.F.);
#2683 = ORIENTED_EDGE('',*,*,#2684,.T.);
#2684 = EDGE_CURVE('',#932,#2685,#2687,.T.);
#2685 = VERTEX_POINT('',#2686);
#2686 = CARTESIAN_POINT('',(80.6,-34.1,0.3));
#2687 = SURFACE_CURVE('',#2688,(#2692,#2699),.PCURVE_S1.);
#2688 = LINE('',#2689,#2690);
#2689 = CARTESIAN_POINT('',(80.6,-34.1,4.8));
#2690 = VECTOR('',#2691,1.);
#2691 = DIRECTION('',(0.,-1.224646799147E-16,-1.));
#2692 = PCURVE('',#976,#2693);
#2693 = DEFINITIONAL_REPRESENTATION('',(#2694),#2698);
#2694 = LINE('',#2695,#2696);
#2695 = CARTESIAN_POINT('',(4.,0.));
#2696 = VECTOR('',#2697,1.);
#2697 = DIRECTION('',(0.,-1.));
#2698 = ( GEOMETRIC_REPRESENTATION_CONTEXT(2) 
PARAMETRIC_REPRESENTATION_CONTEXT() REPRESENTATION_CONTEXT('2D SPACE',''
  ) );
#2699 = PCURVE('',#948,#2700);
#2700 = DEFINITIONAL_REPRESENTATION('',(#2701),#2705);
#2701 = LINE('',#2702,#2703);
#2702 = CARTESIAN_POINT('',(1.570796326795,0.));
#2703 = VECTOR('',#2704,1.);
#2704 = DIRECTION('',(0.,1.));
#2705 = ( GEOMETRIC_REPRESENTATION_CONTEXT(2) 
PARAMETRIC_REPRESENTATION_CONTEXT() REPRESENTATION_CONTEXT('2D SPACE',''
  ) );
#2706 = ORIENTED_EDGE('',*,*,#2707,.T.);
#2707 = EDGE_CURVE('',#2685,#2634,#2708,.T.);
#2708 = SURFACE_CURVE('',#2709,(#2713,#2720),.PCURVE_S1.);
#2709 = LINE('',#2710,#2711);
#2710 = CARTESIAN_POINT('',(80.6,-34.1,0.3));
#2711 = VECTOR('',#2712,1.);
#2712 = DIRECTION('',(-1.,-0.,0.));
#2713 = PCURVE('',#976,#2714);
#2714 = DEFINITIONAL_REPRESENTATION('',(#2715),#2719);
#2715 = LINE('',#2716,#2717);
#2716 = CARTESIAN_POINT('',(4.,-4.5));
#2717 = VECTOR('',#2718,1.);
#2718 = DIRECTION('',(1.,0.));
#2719 = ( GEOMETRIC_REPRESENTATION_CONTEXT(2) 
PARAMETRIC_REPRESENTATION_CONTEXT() REPRESENTATION_CONTEXT('2D SPACE',''
  ) );
#2720 = PCURVE('',#2376,#2721);
#2721 = DEFINITIONAL_REPRESENTATION('',(#2722),#2726);
#2722 = LINE('',#2723,#2724);
#2723 = CARTESIAN_POINT('',(-0.,-0.212132034356));
#2724 = VECTOR('',#2725,1.);
#2725 = DIRECTION('',(-1.,-0.));
#2726 = ( GEOMETRIC_REPRESENTATION_CONTEXT(2) 
PARAMETRIC_REPRESENTATION_CONTEXT() REPRESENTATION_CONTEXT('2D SPACE',''
  ) );
#2727 = ORIENTED_EDGE('',*,*,#2633,.T.);
#2728 = ORIENTED_EDGE('',*,*,#1505,.F.);
#2729 = ORIENTED_EDGE('',*,*,#2730,.T.);
#2730 = EDGE_CURVE('',#1478,#2731,#2733,.T.);
#2731 = VERTEX_POINT('',#2732);
#2732 = CARTESIAN_POINT('',(-74.2,-34.1,2.997224362268));
#2733 = SURFACE_CURVE('',#2734,(#2738,#2745),.PCURVE_S1.);
#2734 = LINE('',#2735,#2736);
#2735 = CARTESIAN_POINT('',(-74.2,-34.1,4.8));
#2736 = VECTOR('',#2737,1.);
#2737 = DIRECTION('',(0.,-1.224646799147E-16,-1.));
#2738 = PCURVE('',#976,#2739);
#2739 = DEFINITIONAL_REPRESENTATION('',(#2740),#2744);
#2740 = LINE('',#2741,#2742);
#2741 = CARTESIAN_POINT('',(158.8,0.));
#2742 = VECTOR('',#2743,1.);
#2743 = DIRECTION('',(0.,-1.));
#2744 = ( GEOMETRIC_REPRESENTATION_CONTEXT(2) 
PARAMETRIC_REPRESENTATION_CONTEXT() REPRESENTATION_CONTEXT('2D SPACE',''
  ) );
#2745 = PCURVE('',#1493,#2746);
#2746 = DEFINITIONAL_REPRESENTATION('',(#2747),#2751);
#2747 = LINE('',#2748,#2749);
#2748 = CARTESIAN_POINT('',(-3.673940397442E-16,3.));
#2749 = VECTOR('',#2750,1.);
#2750 = DIRECTION('',(1.,0.));
#2751 = ( GEOMETRIC_REPRESENTATION_CONTEXT(2) 
PARAMETRIC_REPRESENTATION_CONTEXT() REPRESENTATION_CONTEXT('2D SPACE',''
  ) );
#2752 = ORIENTED_EDGE('',*,*,#2753,.F.);
#2753 = EDGE_CURVE('',#2754,#2731,#2756,.T.);
#2754 = VERTEX_POINT('',#2755);
#2755 = CARTESIAN_POINT('',(-70.8,-34.1,2.997224362268));
#2756 = SURFACE_CURVE('',#2757,(#2761,#2768),.PCURVE_S1.);
#2757 = LINE('',#2758,#2759);
#2758 = CARTESIAN_POINT('',(-74.2,-34.1,2.997224362268));
#2759 = VECTOR('',#2760,1.);
#2760 = DIRECTION('',(-1.,0.,0.));
#2761 = PCURVE('',#976,#2762);
#2762 = DEFINITIONAL_REPRESENTATION('',(#2763),#2767);
#2763 = LINE('',#2764,#2765);
#2764 = CARTESIAN_POINT('',(158.8,-1.802775637732));
#2765 = VECTOR('',#2766,1.);
#2766 = DIRECTION('',(1.,0.));
#2767 = ( GEOMETRIC_REPRESENTATION_CONTEXT(2) 
PARAMETRIC_REPRESENTATION_CONTEXT() REPRESENTATION_CONTEXT('2D SPACE',''
  ) );
#2768 = PCURVE('',#1465,#2769);
#2769 = DEFINITIONAL_REPRESENTATION('',(#2770),#2774);
#2770 = LINE('',#2771,#2772);
#2771 = CARTESIAN_POINT('',(-2.600493127633,0.));
#2772 = VECTOR('',#2773,1.);
#2773 = DIRECTION('',(-0.,1.));
#2774 = ( GEOMETRIC_REPRESENTATION_CONTEXT(2) 
PARAMETRIC_REPRESENTATION_CONTEXT() REPRESENTATION_CONTEXT('2D SPACE',''
  ) );
#2775 = ORIENTED_EDGE('',*,*,#2776,.F.);
#2776 = EDGE_CURVE('',#1399,#2754,#2777,.T.);
#2777 = SURFACE_CURVE('',#2778,(#2782,#2789),.PCURVE_S1.);
#2778 = LINE('',#2779,#2780);
#2779 = CARTESIAN_POINT('',(-70.8,-34.1,4.8));
#2780 = VECTOR('',#2781,1.);
#2781 = DIRECTION('',(0.,-1.224646799147E-16,-1.));
#2782 = PCURVE('',#976,#2783);
#2783 = DEFINITIONAL_REPRESENTATION('',(#2784),#2788);
#2784 = LINE('',#2785,#2786);
#2785 = CARTESIAN_POINT('',(155.4,0.));
#2786 = VECTOR('',#2787,1.);
#2787 = DIRECTION('',(0.,-1.));
#2788 = ( GEOMETRIC_REPRESENTATION_CONTEXT(2) 
PARAMETRIC_REPRESENTATION_CONTEXT() REPRESENTATION_CONTEXT('2D SPACE',''
  ) );
#2789 = PCURVE('',#1437,#2790);
#2790 = DEFINITIONAL_REPRESENTATION('',(#2791),#2795);
#2791 = LINE('',#2792,#2793);
#2792 = CARTESIAN_POINT('',(-3.673940397442E-16,3.));
#2793 = VECTOR('',#2794,1.);
#2794 = DIRECTION('',(1.,0.));
#2795 = ( GEOMETRIC_REPRESENTATION_CONTEXT(2) 
PARAMETRIC_REPRESENTATION_CONTEXT() REPRESENTATION_CONTEXT('2D SPACE',''
  ) );
#2796 = ORIENTED_EDGE('',*,*,#1398,.F.);
#2797 = ORIENTED_EDGE('',*,*,#2798,.T.);
#2798 = EDGE_CURVE('',#1371,#2799,#2801,.T.);
#2799 = VERTEX_POINT('',#2800);
#2800 = CARTESIAN_POINT('',(-70.6,-34.1,1.6));
#2801 = SURFACE_CURVE('',#2802,(#2806,#2813),.PCURVE_S1.);
#2802 = LINE('',#2803,#2804);
#2803 = CARTESIAN_POINT('',(-70.6,-34.1,4.8));
#2804 = VECTOR('',#2805,1.);
#2805 = DIRECTION('',(0.,-1.224646799147E-16,-1.));
#2806 = PCURVE('',#976,#2807);
#2807 = DEFINITIONAL_REPRESENTATION('',(#2808),#2812);
#2808 = LINE('',#2809,#2810);
#2809 = CARTESIAN_POINT('',(155.2,0.));
#2810 = VECTOR('',#2811,1.);
#2811 = DIRECTION('',(0.,-1.));
#2812 = ( GEOMETRIC_REPRESENTATION_CONTEXT(2) 
PARAMETRIC_REPRESENTATION_CONTEXT() REPRESENTATION_CONTEXT('2D SPACE',''
  ) );
#2813 = PCURVE('',#1386,#2814);
#2814 = DEFINITIONAL_REPRESENTATION('',(#2815),#2819);
#2815 = LINE('',#2816,#2817);
#2816 = CARTESIAN_POINT('',(3.185319639056E-15,3.));
#2817 = VECTOR('',#2818,1.);
#2818 = DIRECTION('',(1.,0.));
#2819 = ( GEOMETRIC_REPRESENTATION_CONTEXT(2) 
PARAMETRIC_REPRESENTATION_CONTEXT() REPRESENTATION_CONTEXT('2D SPACE',''
  ) );
#2820 = ORIENTED_EDGE('',*,*,#2821,.F.);
#2821 = EDGE_CURVE('',#2822,#2799,#2824,.T.);
#2822 = VERTEX_POINT('',#2823);
#2823 = CARTESIAN_POINT('',(-67.6,-34.1,1.6));
#2824 = SURFACE_CURVE('',#2825,(#2829,#2836),.PCURVE_S1.);
#2825 = LINE('',#2826,#2827);
#2826 = CARTESIAN_POINT('',(7.,-34.1,1.6));
#2827 = VECTOR('',#2828,1.);
#2828 = DIRECTION('',(-1.,-0.,0.));
#2829 = PCURVE('',#976,#2830);
#2830 = DEFINITIONAL_REPRESENTATION('',(#2831),#2835);
#2831 = LINE('',#2832,#2833);
#2832 = CARTESIAN_POINT('',(77.6,-3.2));
#2833 = VECTOR('',#2834,1.);
#2834 = DIRECTION('',(1.,0.));
#2835 = ( GEOMETRIC_REPRESENTATION_CONTEXT(2) 
PARAMETRIC_REPRESENTATION_CONTEXT() REPRESENTATION_CONTEXT('2D SPACE',''
  ) );
#2836 = PCURVE('',#2837,#2842);
#2837 = PLANE('',#2838);
#2838 = AXIS2_PLACEMENT_3D('',#2839,#2840,#2841);
#2839 = CARTESIAN_POINT('',(-70.6,-32.1,1.6));
#2840 = DIRECTION('',(0.,-1.224646799147E-16,-1.));
#2841 = DIRECTION('',(1.,0.,0.));
#2842 = DEFINITIONAL_REPRESENTATION('',(#2843),#2847);
#2843 = LINE('',#2844,#2845);
#2844 = CARTESIAN_POINT('',(77.6,2.));
#2845 = VECTOR('',#2846,1.);
#2846 = DIRECTION('',(-1.,0.));
#2847 = ( GEOMETRIC_REPRESENTATION_CONTEXT(2) 
PARAMETRIC_REPRESENTATION_CONTEXT() REPRESENTATION_CONTEXT('2D SPACE',''
  ) );
#2848 = ORIENTED_EDGE('',*,*,#2849,.F.);
#2849 = EDGE_CURVE('',#2850,#2822,#2852,.T.);
#2850 = VERTEX_POINT('',#2851);
#2851 = CARTESIAN_POINT('',(-67.6,-34.1,2.997224362268));
#2852 = SURFACE_CURVE('',#2853,(#2857,#2864),.PCURVE_S1.);
#2853 = LINE('',#2854,#2855);
#2854 = CARTESIAN_POINT('',(-67.6,-34.1,4.8));
#2855 = VECTOR('',#2856,1.);
#2856 = DIRECTION('',(0.,-1.224646799147E-16,-1.));
#2857 = PCURVE('',#976,#2858);
#2858 = DEFINITIONAL_REPRESENTATION('',(#2859),#2863);
#2859 = LINE('',#2860,#2861);
#2860 = CARTESIAN_POINT('',(152.2,0.));
#2861 = VECTOR('',#2862,1.);
#2862 = DIRECTION('',(0.,-1.));
#2863 = ( GEOMETRIC_REPRESENTATION_CONTEXT(2) 
PARAMETRIC_REPRESENTATION_CONTEXT() REPRESENTATION_CONTEXT('2D SPACE',''
  ) );
#2864 = PCURVE('',#1330,#2865);
#2865 = DEFINITIONAL_REPRESENTATION('',(#2866),#2870);
#2866 = LINE('',#2867,#2868);
#2867 = CARTESIAN_POINT('',(-3.673940397442E-16,3.));
#2868 = VECTOR('',#2869,1.);
#2869 = DIRECTION('',(1.,0.));
#2870 = ( GEOMETRIC_REPRESENTATION_CONTEXT(2) 
PARAMETRIC_REPRESENTATION_CONTEXT() REPRESENTATION_CONTEXT('2D SPACE',''
  ) );
#2871 = ORIENTED_EDGE('',*,*,#2872,.F.);
#2872 = EDGE_CURVE('',#2873,#2850,#2875,.T.);
#2873 = VERTEX_POINT('',#2874);
#2874 = CARTESIAN_POINT('',(-64.9,-34.1,2.997224362268));
#2875 = SURFACE_CURVE('',#2876,(#2880,#2887),.PCURVE_S1.);
#2876 = LINE('',#2877,#2878);
#2877 = CARTESIAN_POINT('',(-67.6,-34.1,2.997224362268));
#2878 = VECTOR('',#2879,1.);
#2879 = DIRECTION('',(-1.,0.,0.));
#2880 = PCURVE('',#976,#2881);
#2881 = DEFINITIONAL_REPRESENTATION('',(#2882),#2886);
#2882 = LINE('',#2883,#2884);
#2883 = CARTESIAN_POINT('',(152.2,-1.802775637732));
#2884 = VECTOR('',#2885,1.);
#2885 = DIRECTION('',(1.,0.));
#2886 = ( GEOMETRIC_REPRESENTATION_CONTEXT(2) 
PARAMETRIC_REPRESENTATION_CONTEXT() REPRESENTATION_CONTEXT('2D SPACE',''
  ) );
#2887 = PCURVE('',#1302,#2888);
#2888 = DEFINITIONAL_REPRESENTATION('',(#2889),#2893);
#2889 = LINE('',#2890,#2891);
#2890 = CARTESIAN_POINT('',(-2.600493127633,0.));
#2891 = VECTOR('',#2892,1.);
#2892 = DIRECTION('',(-0.,1.));
#2893 = ( GEOMETRIC_REPRESENTATION_CONTEXT(2) 
PARAMETRIC_REPRESENTATION_CONTEXT() REPRESENTATION_CONTEXT('2D SPACE',''
  ) );
#2894 = ORIENTED_EDGE('',*,*,#2895,.F.);
#2895 = EDGE_CURVE('',#1236,#2873,#2896,.T.);
#2896 = SURFACE_CURVE('',#2897,(#2901,#2908),.PCURVE_S1.);
#2897 = LINE('',#2898,#2899);
#2898 = CARTESIAN_POINT('',(-64.9,-34.1,4.8));
#2899 = VECTOR('',#2900,1.);
#2900 = DIRECTION('',(0.,-1.224646799147E-16,-1.));
#2901 = PCURVE('',#976,#2902);
#2902 = DEFINITIONAL_REPRESENTATION('',(#2903),#2907);
#2903 = LINE('',#2904,#2905);
#2904 = CARTESIAN_POINT('',(149.5,0.));
#2905 = VECTOR('',#2906,1.);
#2906 = DIRECTION('',(0.,-1.));
#2907 = ( GEOMETRIC_REPRESENTATION_CONTEXT(2) 
PARAMETRIC_REPRESENTATION_CONTEXT() REPRESENTATION_CONTEXT('2D SPACE',''
  ) );
#2908 = PCURVE('',#1274,#2909);
#2909 = DEFINITIONAL_REPRESENTATION('',(#2910),#2914);
#2910 = LINE('',#2911,#2912);
#2911 = CARTESIAN_POINT('',(-3.673940397442E-16,3.));
#2912 = VECTOR('',#2913,1.);
#2913 = DIRECTION('',(1.,0.));
#2914 = ( GEOMETRIC_REPRESENTATION_CONTEXT(2) 
PARAMETRIC_REPRESENTATION_CONTEXT() REPRESENTATION_CONTEXT('2D SPACE',''
  ) );
#2915 = ORIENTED_EDGE('',*,*,#1235,.F.);
#2916 = ORIENTED_EDGE('',*,*,#2917,.T.);
#2917 = EDGE_CURVE('',#1208,#2918,#2920,.T.);
#2918 = VERTEX_POINT('',#2919);
#2919 = CARTESIAN_POINT('',(64.9,-34.1,2.997224362268));
#2920 = SURFACE_CURVE('',#2921,(#2925,#2932),.PCURVE_S1.);
#2921 = LINE('',#2922,#2923);
#2922 = CARTESIAN_POINT('',(64.9,-34.1,4.8));
#2923 = VECTOR('',#2924,1.);
#2924 = DIRECTION('',(0.,-1.224646799147E-16,-1.));
#2925 = PCURVE('',#976,#2926);
#2926 = DEFINITIONAL_REPRESENTATION('',(#2927),#2931);
#2927 = LINE('',#2928,#2929);
#2928 = CARTESIAN_POINT('',(19.7,0.));
#2929 = VECTOR('',#2930,1.);
#2930 = DIRECTION('',(0.,-1.));
#2931 = ( GEOMETRIC_REPRESENTATION_CONTEXT(2) 
PARAMETRIC_REPRESENTATION_CONTEXT() REPRESENTATION_CONTEXT('2D SPACE',''
  ) );
#2932 = PCURVE('',#1223,#2933);
#2933 = DEFINITIONAL_REPRESENTATION('',(#2934),#2938);
#2934 = LINE('',#2935,#2936);
#2935 = CARTESIAN_POINT('',(-3.673940397442E-16,3.));
#2936 = VECTOR('',#2937,1.);
#2937 = DIRECTION('',(1.,0.));
#2938 = ( GEOMETRIC_REPRESENTATION_CONTEXT(2) 
PARAMETRIC_REPRESENTATION_CONTEXT() REPRESENTATION_CONTEXT('2D SPACE',''
  ) );
#2939 = ORIENTED_EDGE('',*,*,#2940,.F.);
#2940 = EDGE_CURVE('',#2941,#2918,#2943,.T.);
#2941 = VERTEX_POINT('',#2942);
#2942 = CARTESIAN_POINT('',(67.6,-34.1,2.997224362268));
#2943 = SURFACE_CURVE('',#2944,(#2948,#2955),.PCURVE_S1.);
#2944 = LINE('',#2945,#2946);
#2945 = CARTESIAN_POINT('',(64.9,-34.1,2.997224362268));
#2946 = VECTOR('',#2947,1.);
#2947 = DIRECTION('',(-1.,0.,0.));
#2948 = PCURVE('',#976,#2949);
#2949 = DEFINITIONAL_REPRESENTATION('',(#2950),#2954);
#2950 = LINE('',#2951,#2952);
#2951 = CARTESIAN_POINT('',(19.7,-1.802775637732));
#2952 = VECTOR('',#2953,1.);
#2953 = DIRECTION('',(1.,0.));
#2954 = ( GEOMETRIC_REPRESENTATION_CONTEXT(2) 
PARAMETRIC_REPRESENTATION_CONTEXT() REPRESENTATION_CONTEXT('2D SPACE',''
  ) );
#2955 = PCURVE('',#1195,#2956);
#2956 = DEFINITIONAL_REPRESENTATION('',(#2957),#2961);
#2957 = LINE('',#2958,#2959);
#2958 = CARTESIAN_POINT('',(-2.600493127633,0.));
#2959 = VECTOR('',#2960,1.);
#2960 = DIRECTION('',(-0.,1.));
#2961 = ( GEOMETRIC_REPRESENTATION_CONTEXT(2) 
PARAMETRIC_REPRESENTATION_CONTEXT() REPRESENTATION_CONTEXT('2D SPACE',''
  ) );
#2962 = ORIENTED_EDGE('',*,*,#2963,.T.);
#2963 = EDGE_CURVE('',#2941,#2964,#2966,.T.);
#2964 = VERTEX_POINT('',#2965);
#2965 = CARTESIAN_POINT('',(67.6,-34.1,1.6));
#2966 = SURFACE_CURVE('',#2967,(#2971,#2978),.PCURVE_S1.);
#2967 = LINE('',#2968,#2969);
#2968 = CARTESIAN_POINT('',(67.6,-34.1,4.8));
#2969 = VECTOR('',#2970,1.);
#2970 = DIRECTION('',(0.,-1.224646799147E-16,-1.));
#2971 = PCURVE('',#976,#2972);
#2972 = DEFINITIONAL_REPRESENTATION('',(#2973),#2977);
#2973 = LINE('',#2974,#2975);
#2974 = CARTESIAN_POINT('',(17.,0.));
#2975 = VECTOR('',#2976,1.);
#2976 = DIRECTION('',(0.,-1.));
#2977 = ( GEOMETRIC_REPRESENTATION_CONTEXT(2) 
PARAMETRIC_REPRESENTATION_CONTEXT() REPRESENTATION_CONTEXT('2D SPACE',''
  ) );
#2978 = PCURVE('',#1167,#2979);
#2979 = DEFINITIONAL_REPRESENTATION('',(#2980),#2984);
#2980 = LINE('',#2981,#2982);
#2981 = CARTESIAN_POINT('',(-3.673940397442E-16,3.));
#2982 = VECTOR('',#2983,1.);
#2983 = DIRECTION('',(1.,0.));
#2984 = ( GEOMETRIC_REPRESENTATION_CONTEXT(2) 
PARAMETRIC_REPRESENTATION_CONTEXT() REPRESENTATION_CONTEXT('2D SPACE',''
  ) );
#2985 = ORIENTED_EDGE('',*,*,#2986,.F.);
#2986 = EDGE_CURVE('',#2987,#2964,#2989,.T.);
#2987 = VERTEX_POINT('',#2988);
#2988 = CARTESIAN_POINT('',(70.6,-34.1,1.6));
#2989 = SURFACE_CURVE('',#2990,(#2994,#3001),.PCURVE_S1.);
#2990 = LINE('',#2991,#2992);
#2991 = CARTESIAN_POINT('',(76.1,-34.1,1.6));
#2992 = VECTOR('',#2993,1.);
#2993 = DIRECTION('',(-1.,-0.,0.));
#2994 = PCURVE('',#976,#2995);
#2995 = DEFINITIONAL_REPRESENTATION('',(#2996),#3000);
#2996 = LINE('',#2997,#2998);
#2997 = CARTESIAN_POINT('',(8.5,-3.2));
#2998 = VECTOR('',#2999,1.);
#2999 = DIRECTION('',(1.,0.));
#3000 = ( GEOMETRIC_REPRESENTATION_CONTEXT(2) 
PARAMETRIC_REPRESENTATION_CONTEXT() REPRESENTATION_CONTEXT('2D SPACE',''
  ) );
#3001 = PCURVE('',#3002,#3007);
#3002 = PLANE('',#3003);
#3003 = AXIS2_PLACEMENT_3D('',#3004,#3005,#3006);
#3004 = CARTESIAN_POINT('',(67.6,-32.1,1.6));
#3005 = DIRECTION('',(0.,-1.224646799147E-16,-1.));
#3006 = DIRECTION('',(1.,0.,0.));
#3007 = DEFINITIONAL_REPRESENTATION('',(#3008),#3012);
#3008 = LINE('',#3009,#3010);
#3009 = CARTESIAN_POINT('',(8.5,2.));
#3010 = VECTOR('',#3011,1.);
#3011 = DIRECTION('',(-1.,0.));
#3012 = ( GEOMETRIC_REPRESENTATION_CONTEXT(2) 
PARAMETRIC_REPRESENTATION_CONTEXT() REPRESENTATION_CONTEXT('2D SPACE',''
  ) );
#3013 = ORIENTED_EDGE('',*,*,#3014,.F.);
#3014 = EDGE_CURVE('',#1073,#2987,#3015,.T.);
#3015 = SURFACE_CURVE('',#3016,(#3020,#3027),.PCURVE_S1.);
#3016 = LINE('',#3017,#3018);
#3017 = CARTESIAN_POINT('',(70.6,-34.1,4.8));
#3018 = VECTOR('',#3019,1.);
#3019 = DIRECTION('',(0.,-1.224646799147E-16,-1.));
#3020 = PCURVE('',#976,#3021);
#3021 = DEFINITIONAL_REPRESENTATION('',(#3022),#3026);
#3022 = LINE('',#3023,#3024);
#3023 = CARTESIAN_POINT('',(14.,0.));
#3024 = VECTOR('',#3025,1.);
#3025 = DIRECTION('',(0.,-1.));
#3026 = ( GEOMETRIC_REPRESENTATION_CONTEXT(2) 
PARAMETRIC_REPRESENTATION_CONTEXT() REPRESENTATION_CONTEXT('2D SPACE',''
  ) );
#3027 = PCURVE('',#1111,#3028);
#3028 = DEFINITIONAL_REPRESENTATION('',(#3029),#3033);
#3029 = LINE('',#3030,#3031);
#3030 = CARTESIAN_POINT('',(3.185319639056E-15,3.));
#3031 = VECTOR('',#3032,1.);
#3032 = DIRECTION('',(1.,0.));
#3033 = ( GEOMETRIC_REPRESENTATION_CONTEXT(2) 
PARAMETRIC_REPRESENTATION_CONTEXT() REPRESENTATION_CONTEXT('2D SPACE',''
  ) );
#3034 = ORIENTED_EDGE('',*,*,#1072,.F.);
#3035 = ORIENTED_EDGE('',*,*,#3036,.T.);
#3036 = EDGE_CURVE('',#1045,#3037,#3039,.T.);
#3037 = VERTEX_POINT('',#3038);
#3038 = CARTESIAN_POINT('',(70.8,-34.1,2.997224362268));
#3039 = SURFACE_CURVE('',#3040,(#3044,#3051),.PCURVE_S1.);
#3040 = LINE('',#3041,#3042);
#3041 = CARTESIAN_POINT('',(70.8,-34.1,4.8));
#3042 = VECTOR('',#3043,1.);
#3043 = DIRECTION('',(0.,-1.224646799147E-16,-1.));
#3044 = PCURVE('',#976,#3045);
#3045 = DEFINITIONAL_REPRESENTATION('',(#3046),#3050);
#3046 = LINE('',#3047,#3048);
#3047 = CARTESIAN_POINT('',(13.8,0.));
#3048 = VECTOR('',#3049,1.);
#3049 = DIRECTION('',(0.,-1.));
#3050 = ( GEOMETRIC_REPRESENTATION_CONTEXT(2) 
PARAMETRIC_REPRESENTATION_CONTEXT() REPRESENTATION_CONTEXT('2D SPACE',''
  ) );
#3051 = PCURVE('',#1060,#3052);
#3052 = DEFINITIONAL_REPRESENTATION('',(#3053),#3057);
#3053 = LINE('',#3054,#3055);
#3054 = CARTESIAN_POINT('',(-3.673940397442E-16,3.));
#3055 = VECTOR('',#3056,1.);
#3056 = DIRECTION('',(1.,0.));
#3057 = ( GEOMETRIC_REPRESENTATION_CONTEXT(2) 
PARAMETRIC_REPRESENTATION_CONTEXT() REPRESENTATION_CONTEXT('2D SPACE',''
  ) );
#3058 = ORIENTED_EDGE('',*,*,#3059,.F.);
#3059 = EDGE_CURVE('',#3060,#3037,#3062,.T.);
#3060 = VERTEX_POINT('',#3061);
#3061 = CARTESIAN_POINT('',(74.2,-34.1,2.997224362268));
#3062 = SURFACE_CURVE('',#3063,(#3067,#3074),.PCURVE_S1.);
#3063 = LINE('',#3064,#3065);
#3064 = CARTESIAN_POINT('',(70.8,-34.1,2.997224362268));
#3065 = VECTOR('',#3066,1.);
#3066 = DIRECTION('',(-1.,0.,0.));
#3067 = PCURVE('',#976,#3068);
#3068 = DEFINITIONAL_REPRESENTATION('',(#3069),#3073);
#3069 = LINE('',#3070,#3071);
#3070 = CARTESIAN_POINT('',(13.8,-1.802775637732));
#3071 = VECTOR('',#3072,1.);
#3072 = DIRECTION('',(1.,0.));
#3073 = ( GEOMETRIC_REPRESENTATION_CONTEXT(2) 
PARAMETRIC_REPRESENTATION_CONTEXT() REPRESENTATION_CONTEXT('2D SPACE',''
  ) );
#3074 = PCURVE('',#1032,#3075);
#3075 = DEFINITIONAL_REPRESENTATION('',(#3076),#3080);
#3076 = LINE('',#3077,#3078);
#3077 = CARTESIAN_POINT('',(-2.600493127633,0.));
#3078 = VECTOR('',#3079,1.);
#3079 = DIRECTION('',(-0.,1.));
#3080 = ( GEOMETRIC_REPRESENTATION_CONTEXT(2) 
PARAMETRIC_REPRESENTATION_CONTEXT() REPRESENTATION_CONTEXT('2D SPACE',''
  ) );
#3081 = ORIENTED_EDGE('',*,*,#3082,.F.);
#3082 = EDGE_CURVE('',#961,#3060,#3083,.T.);
#3083 = SURFACE_CURVE('',#3084,(#3088,#3095),.PCURVE_S1.);
#3084 = LINE('',#3085,#3086);
#3085 = CARTESIAN_POINT('',(74.2,-34.1,4.8));
#3086 = VECTOR('',#3087,1.);
#3087 = DIRECTION('',(0.,-1.224646799147E-16,-1.));
#3088 = PCURVE('',#976,#3089);
#3089 = DEFINITIONAL_REPRESENTATION('',(#3090),#3094);
#3090 = LINE('',#3091,#3092);
#3091 = CARTESIAN_POINT('',(10.4,0.));
#3092 = VECTOR('',#3093,1.);
#3093 = DIRECTION('',(0.,-1.));
#3094 = ( GEOMETRIC_REPRESENTATION_CONTEXT(2) 
PARAMETRIC_REPRESENTATION_CONTEXT() REPRESENTATION_CONTEXT('2D SPACE',''
  ) );
#3095 = PCURVE('',#1004,#3096);
#3096 = DEFINITIONAL_REPRESENTATION('',(#3097),#3101);
#3097 = LINE('',#3098,#3099);
#3098 = CARTESIAN_POINT('',(-3.673940397442E-16,3.));
#3099 = VECTOR('',#3100,1.);
#3100 = DIRECTION('',(1.,0.));
#3101 = ( GEOMETRIC_REPRESENTATION_CONTEXT(2) 
PARAMETRIC_REPRESENTATION_CONTEXT() REPRESENTATION_CONTEXT('2D SPACE',''
  ) );
#3102 = ADVANCED_FACE('',(#3103),#948,.T.);
#3103 = FACE_BOUND('',#3104,.T.);
#3104 = EDGE_LOOP('',(#3105,#3106,#3107,#3129));
#3105 = ORIENTED_EDGE('',*,*,#931,.T.);
#3106 = ORIENTED_EDGE('',*,*,#2684,.T.);
#3107 = ORIENTED_EDGE('',*,*,#3108,.F.);
#3108 = EDGE_CURVE('',#2585,#2685,#3109,.T.);
#3109 = SURFACE_CURVE('',#3110,(#3115,#3122),.PCURVE_S1.);
#3110 = CIRCLE('',#3111,4.);
#3111 = AXIS2_PLACEMENT_3D('',#3112,#3113,#3114);
#3112 = CARTESIAN_POINT('',(80.6,-30.1,0.3));
#3113 = DIRECTION('',(0.,-1.224646799147E-16,-1.));
#3114 = DIRECTION('',(1.,0.,0.));
#3115 = PCURVE('',#948,#3116);
#3116 = DEFINITIONAL_REPRESENTATION('',(#3117),#3121);
#3117 = LINE('',#3118,#3119);
#3118 = CARTESIAN_POINT('',(0.,4.5));
#3119 = VECTOR('',#3120,1.);
#3120 = DIRECTION('',(1.,0.));
#3121 = ( GEOMETRIC_REPRESENTATION_CONTEXT(2) 
PARAMETRIC_REPRESENTATION_CONTEXT() REPRESENTATION_CONTEXT('2D SPACE',''
  ) );
#3122 = PCURVE('',#2348,#3123);
#3123 = DEFINITIONAL_REPRESENTATION('',(#3124),#3128);
#3124 = LINE('',#3125,#3126);
#3125 = CARTESIAN_POINT('',(-0.,-0.));
#3126 = VECTOR('',#3127,1.);
#3127 = DIRECTION('',(-1.,-0.));
#3128 = ( GEOMETRIC_REPRESENTATION_CONTEXT(2) 
PARAMETRIC_REPRESENTATION_CONTEXT() REPRESENTATION_CONTEXT('2D SPACE',''
  ) );
#3129 = ORIENTED_EDGE('',*,*,#2607,.F.);
#3130 = ADVANCED_FACE('',(#3131),#1493,.T.);
#3131 = FACE_BOUND('',#3132,.T.);
#3132 = EDGE_LOOP('',(#3133,#3134,#3156));
#3133 = ORIENTED_EDGE('',*,*,#2730,.T.);
#3134 = ORIENTED_EDGE('',*,*,#3135,.T.);
#3135 = EDGE_CURVE('',#2731,#1450,#3136,.T.);
#3136 = SURFACE_CURVE('',#3137,(#3142,#3149),.PCURVE_S1.);
#3137 = CIRCLE('',#3138,3.5);
#3138 = AXIS2_PLACEMENT_3D('',#3139,#3140,#3141);
#3139 = CARTESIAN_POINT('',(-74.2,-37.1,4.8));
#3140 = DIRECTION('',(1.,0.,0.));
#3141 = DIRECTION('',(0.,-1.,1.224646799147E-16));
#3142 = PCURVE('',#1493,#3143);
#3143 = DEFINITIONAL_REPRESENTATION('',(#3144),#3148);
#3144 = CIRCLE('',#3145,3.5);
#3145 = AXIS2_PLACEMENT_2D('',#3146,#3147);
#3146 = CARTESIAN_POINT('',(0.,0.));
#3147 = DIRECTION('',(0.,-1.));
#3148 = ( GEOMETRIC_REPRESENTATION_CONTEXT(2) 
PARAMETRIC_REPRESENTATION_CONTEXT() REPRESENTATION_CONTEXT('2D SPACE',''
  ) );
#3149 = PCURVE('',#1465,#3150);
#3150 = DEFINITIONAL_REPRESENTATION('',(#3151),#3155);
#3151 = LINE('',#3152,#3153);
#3152 = CARTESIAN_POINT('',(-0.,0.));
#3153 = VECTOR('',#3154,1.);
#3154 = DIRECTION('',(-1.,0.));
#3155 = ( GEOMETRIC_REPRESENTATION_CONTEXT(2) 
PARAMETRIC_REPRESENTATION_CONTEXT() REPRESENTATION_CONTEXT('2D SPACE',''
  ) );
#3156 = ORIENTED_EDGE('',*,*,#1477,.T.);
#3157 = ADVANCED_FACE('',(#3158),#1465,.F.);
#3158 = FACE_BOUND('',#3159,.T.);
#3159 = EDGE_LOOP('',(#3160,#3161,#3162,#3184));
#3160 = ORIENTED_EDGE('',*,*,#3135,.F.);
#3161 = ORIENTED_EDGE('',*,*,#2753,.F.);
#3162 = ORIENTED_EDGE('',*,*,#3163,.T.);
#3163 = EDGE_CURVE('',#2754,#1422,#3164,.T.);
#3164 = SURFACE_CURVE('',#3165,(#3170,#3177),.PCURVE_S1.);
#3165 = CIRCLE('',#3166,3.5);
#3166 = AXIS2_PLACEMENT_3D('',#3167,#3168,#3169);
#3167 = CARTESIAN_POINT('',(-70.8,-37.1,4.8));
#3168 = DIRECTION('',(1.,0.,0.));
#3169 = DIRECTION('',(0.,-1.,1.224646799147E-16));
#3170 = PCURVE('',#1465,#3171);
#3171 = DEFINITIONAL_REPRESENTATION('',(#3172),#3176);
#3172 = LINE('',#3173,#3174);
#3173 = CARTESIAN_POINT('',(-0.,-3.4));
#3174 = VECTOR('',#3175,1.);
#3175 = DIRECTION('',(-1.,0.));
#3176 = ( GEOMETRIC_REPRESENTATION_CONTEXT(2) 
PARAMETRIC_REPRESENTATION_CONTEXT() REPRESENTATION_CONTEXT('2D SPACE',''
  ) );
#3177 = PCURVE('',#1437,#3178);
#3178 = DEFINITIONAL_REPRESENTATION('',(#3179),#3183);
#3179 = CIRCLE('',#3180,3.5);
#3180 = AXIS2_PLACEMENT_2D('',#3181,#3182);
#3181 = CARTESIAN_POINT('',(0.,0.));
#3182 = DIRECTION('',(0.,-1.));
#3183 = ( GEOMETRIC_REPRESENTATION_CONTEXT(2) 
PARAMETRIC_REPRESENTATION_CONTEXT() REPRESENTATION_CONTEXT('2D SPACE',''
  ) );
#3184 = ORIENTED_EDGE('',*,*,#1449,.T.);
#3185 = ADVANCED_FACE('',(#3186),#1004,.F.);
#3186 = FACE_BOUND('',#3187,.F.);
#3187 = EDGE_LOOP('',(#3188,#3189,#3211));
#3188 = ORIENTED_EDGE('',*,*,#3082,.T.);
#3189 = ORIENTED_EDGE('',*,*,#3190,.T.);
#3190 = EDGE_CURVE('',#3060,#989,#3191,.T.);
#3191 = SURFACE_CURVE('',#3192,(#3197,#3204),.PCURVE_S1.);
#3192 = CIRCLE('',#3193,3.5);
#3193 = AXIS2_PLACEMENT_3D('',#3194,#3195,#3196);
#3194 = CARTESIAN_POINT('',(74.2,-37.1,4.8));
#3195 = DIRECTION('',(1.,0.,0.));
#3196 = DIRECTION('',(0.,-1.,1.224646799147E-16));
#3197 = PCURVE('',#1004,#3198);
#3198 = DEFINITIONAL_REPRESENTATION('',(#3199),#3203);
#3199 = CIRCLE('',#3200,3.5);
#3200 = AXIS2_PLACEMENT_2D('',#3201,#3202);
#3201 = CARTESIAN_POINT('',(0.,0.));
#3202 = DIRECTION('',(0.,-1.));
#3203 = ( GEOMETRIC_REPRESENTATION_CONTEXT(2) 
PARAMETRIC_REPRESENTATION_CONTEXT() REPRESENTATION_CONTEXT('2D SPACE',''
  ) );
#3204 = PCURVE('',#1032,#3205);
#3205 = DEFINITIONAL_REPRESENTATION('',(#3206),#3210);
#3206 = LINE('',#3207,#3208);
#3207 = CARTESIAN_POINT('',(-0.,-3.4));
#3208 = VECTOR('',#3209,1.);
#3209 = DIRECTION('',(-1.,0.));
#3210 = ( GEOMETRIC_REPRESENTATION_CONTEXT(2) 
PARAMETRIC_REPRESENTATION_CONTEXT() REPRESENTATION_CONTEXT('2D SPACE',''
  ) );
#3211 = ORIENTED_EDGE('',*,*,#988,.T.);
#3212 = ADVANCED_FACE('',(#3213),#1437,.F.);
#3213 = FACE_BOUND('',#3214,.F.);
#3214 = EDGE_LOOP('',(#3215,#3216,#3217));
#3215 = ORIENTED_EDGE('',*,*,#2776,.T.);
#3216 = ORIENTED_EDGE('',*,*,#3163,.T.);
#3217 = ORIENTED_EDGE('',*,*,#1421,.T.);
#3218 = ADVANCED_FACE('',(#3219),#1032,.F.);
#3219 = FACE_BOUND('',#3220,.T.);
#3220 = EDGE_LOOP('',(#3221,#3243,#3244,#3245));
#3221 = ORIENTED_EDGE('',*,*,#3222,.F.);
#3222 = EDGE_CURVE('',#3037,#1017,#3223,.T.);
#3223 = SURFACE_CURVE('',#3224,(#3229,#3236),.PCURVE_S1.);
#3224 = CIRCLE('',#3225,3.5);
#3225 = AXIS2_PLACEMENT_3D('',#3226,#3227,#3228);
#3226 = CARTESIAN_POINT('',(70.8,-37.1,4.8));
#3227 = DIRECTION('',(1.,0.,0.));
#3228 = DIRECTION('',(0.,-1.,1.224646799147E-16));
#3229 = PCURVE('',#1032,#3230);
#3230 = DEFINITIONAL_REPRESENTATION('',(#3231),#3235);
#3231 = LINE('',#3232,#3233);
#3232 = CARTESIAN_POINT('',(-0.,0.));
#3233 = VECTOR('',#3234,1.);
#3234 = DIRECTION('',(-1.,0.));
#3235 = ( GEOMETRIC_REPRESENTATION_CONTEXT(2) 
PARAMETRIC_REPRESENTATION_CONTEXT() REPRESENTATION_CONTEXT('2D SPACE',''
  ) );
#3236 = PCURVE('',#1060,#3237);
#3237 = DEFINITIONAL_REPRESENTATION('',(#3238),#3242);
#3238 = CIRCLE('',#3239,3.5);
#3239 = AXIS2_PLACEMENT_2D('',#3240,#3241);
#3240 = CARTESIAN_POINT('',(0.,0.));
#3241 = DIRECTION('',(0.,-1.));
#3242 = ( GEOMETRIC_REPRESENTATION_CONTEXT(2) 
PARAMETRIC_REPRESENTATION_CONTEXT() REPRESENTATION_CONTEXT('2D SPACE',''
  ) );
#3243 = ORIENTED_EDGE('',*,*,#3059,.F.);
#3244 = ORIENTED_EDGE('',*,*,#3190,.T.);
#3245 = ORIENTED_EDGE('',*,*,#1016,.T.);
#3246 = ADVANCED_FACE('',(#3247),#1060,.T.);
#3247 = FACE_BOUND('',#3248,.T.);
#3248 = EDGE_LOOP('',(#3249,#3250,#3251));
#3249 = ORIENTED_EDGE('',*,*,#3036,.T.);
#3250 = ORIENTED_EDGE('',*,*,#3222,.T.);
#3251 = ORIENTED_EDGE('',*,*,#1044,.T.);
#3252 = ADVANCED_FACE('',(#3253,#3302),#1386,.F.);
#3253 = FACE_BOUND('',#3254,.F.);
#3254 = EDGE_LOOP('',(#3255,#3256,#3280,#3301));
#3255 = ORIENTED_EDGE('',*,*,#1370,.F.);
#3256 = ORIENTED_EDGE('',*,*,#3257,.T.);
#3257 = EDGE_CURVE('',#1343,#3258,#3260,.T.);
#3258 = VERTEX_POINT('',#3259);
#3259 = CARTESIAN_POINT('',(-70.6,-37.1,1.6));
#3260 = SURFACE_CURVE('',#3261,(#3266,#3273),.PCURVE_S1.);
#3261 = CIRCLE('',#3262,3.2);
#3262 = AXIS2_PLACEMENT_3D('',#3263,#3264,#3265);
#3263 = CARTESIAN_POINT('',(-70.6,-37.1,4.8));
#3264 = DIRECTION('',(1.,-0.,0.));
#3265 = DIRECTION('',(0.,1.,-2.232692517242E-14));
#3266 = PCURVE('',#1386,#3267);
#3267 = DEFINITIONAL_REPRESENTATION('',(#3268),#3272);
#3268 = CIRCLE('',#3269,3.2);
#3269 = AXIS2_PLACEMENT_2D('',#3270,#3271);
#3270 = CARTESIAN_POINT('',(3.552713678801E-15,4.35081943503E-31));
#3271 = DIRECTION('',(2.22044604925E-14,1.));
#3272 = ( GEOMETRIC_REPRESENTATION_CONTEXT(2) 
PARAMETRIC_REPRESENTATION_CONTEXT() REPRESENTATION_CONTEXT('2D SPACE',''
  ) );
#3273 = PCURVE('',#1358,#3274);
#3274 = DEFINITIONAL_REPRESENTATION('',(#3275),#3279);
#3275 = LINE('',#3276,#3277);
#3276 = CARTESIAN_POINT('',(-3.14159265359,0.));
#3277 = VECTOR('',#3278,1.);
#3278 = DIRECTION('',(-1.,0.));
#3279 = ( GEOMETRIC_REPRESENTATION_CONTEXT(2) 
PARAMETRIC_REPRESENTATION_CONTEXT() REPRESENTATION_CONTEXT('2D SPACE',''
  ) );
#3280 = ORIENTED_EDGE('',*,*,#3281,.F.);
#3281 = EDGE_CURVE('',#2799,#3258,#3282,.T.);
#3282 = SURFACE_CURVE('',#3283,(#3287,#3294),.PCURVE_S1.);
#3283 = LINE('',#3284,#3285);
#3284 = CARTESIAN_POINT('',(-70.6,-32.1,1.6));
#3285 = VECTOR('',#3286,1.);
#3286 = DIRECTION('',(0.,-1.,1.224646799147E-16));
#3287 = PCURVE('',#1386,#3288);
#3288 = DEFINITIONAL_REPRESENTATION('',(#3289),#3293);
#3289 = LINE('',#3290,#3291);
#3290 = CARTESIAN_POINT('',(3.2,5.));
#3291 = VECTOR('',#3292,1.);
#3292 = DIRECTION('',(0.,-1.));
#3293 = ( GEOMETRIC_REPRESENTATION_CONTEXT(2) 
PARAMETRIC_REPRESENTATION_CONTEXT() REPRESENTATION_CONTEXT('2D SPACE',''
  ) );
#3294 = PCURVE('',#2837,#3295);
#3295 = DEFINITIONAL_REPRESENTATION('',(#3296),#3300);
#3296 = LINE('',#3297,#3298);
#3297 = CARTESIAN_POINT('',(0.,0.));
#3298 = VECTOR('',#3299,1.);
#3299 = DIRECTION('',(0.,1.));
#3300 = ( GEOMETRIC_REPRESENTATION_CONTEXT(2) 
PARAMETRIC_REPRESENTATION_CONTEXT() REPRESENTATION_CONTEXT('2D SPACE',''
  ) );
#3301 = ORIENTED_EDGE('',*,*,#2798,.F.);
#3302 = FACE_BOUND('',#3303,.F.);
#3303 = EDGE_LOOP('',(#3304,#3334,#3367));
#3304 = ORIENTED_EDGE('',*,*,#3305,.T.);
#3305 = EDGE_CURVE('',#3306,#3308,#3310,.T.);
#3306 = VERTEX_POINT('',#3307);
#3307 = CARTESIAN_POINT('',(-70.6,-37.1,7.2));
#3308 = VERTEX_POINT('',#3309);
#3309 = CARTESIAN_POINT('',(-70.6,-35.97071067811,6.070710678119));
#3310 = SURFACE_CURVE('',#3311,(#3315,#3322),.PCURVE_S1.);
#3311 = LINE('',#3312,#3313);
#3312 = CARTESIAN_POINT('',(-70.6,-35.9,6.));
#3313 = VECTOR('',#3314,1.);
#3314 = DIRECTION('',(0.,0.707106781187,-0.707106781187));
#3315 = PCURVE('',#1386,#3316);
#3316 = DEFINITIONAL_REPRESENTATION('',(#3317),#3321);
#3317 = LINE('',#3318,#3319);
#3318 = CARTESIAN_POINT('',(-1.2,1.2));
#3319 = VECTOR('',#3320,1.);
#3320 = DIRECTION('',(0.707106781187,0.707106781187));
#3321 = ( GEOMETRIC_REPRESENTATION_CONTEXT(2) 
PARAMETRIC_REPRESENTATION_CONTEXT() REPRESENTATION_CONTEXT('2D SPACE',''
  ) );
#3322 = PCURVE('',#3323,#3328);
#3323 = PLANE('',#3324);
#3324 = AXIS2_PLACEMENT_3D('',#3325,#3326,#3327);
#3325 = CARTESIAN_POINT('',(-70.7,-35.9,6.));
#3326 = DIRECTION('',(0.,-0.707106781187,-0.707106781187));
#3327 = DIRECTION('',(0.,-0.707106781187,0.707106781187));
#3328 = DEFINITIONAL_REPRESENTATION('',(#3329),#3333);
#3329 = LINE('',#3330,#3331);
#3330 = CARTESIAN_POINT('',(8.792517768629E-15,-9.999999999999E-02));
#3331 = VECTOR('',#3332,1.);
#3332 = DIRECTION('',(-1.,0.));
#3333 = ( GEOMETRIC_REPRESENTATION_CONTEXT(2) 
PARAMETRIC_REPRESENTATION_CONTEXT() REPRESENTATION_CONTEXT('2D SPACE',''
  ) );
#3334 = ORIENTED_EDGE('',*,*,#3335,.T.);
#3335 = EDGE_CURVE('',#3308,#3336,#3338,.T.);
#3336 = VERTEX_POINT('',#3337);
#3337 = CARTESIAN_POINT('',(-70.6,-38.22928932188,6.070710678119));
#3338 = SURFACE_CURVE('',#3339,(#3344,#3355),.PCURVE_S1.);
#3339 = CIRCLE('',#3340,1.7);
#3340 = AXIS2_PLACEMENT_3D('',#3341,#3342,#3343);
#3341 = CARTESIAN_POINT('',(-70.6,-37.1,4.8));
#3342 = DIRECTION('',(-1.,0.,0.));
#3343 = DIRECTION('',(0.,-1.,1.224646799147E-16));
#3344 = PCURVE('',#1386,#3345);
#3345 = DEFINITIONAL_REPRESENTATION('',(#3346),#3354);
#3346 = ( BOUNDED_CURVE() B_SPLINE_CURVE(2,(#3347,#3348,#3349,#3350,
#3351,#3352,#3353),.UNSPECIFIED.,.T.,.F.) B_SPLINE_CURVE_WITH_KNOTS((1,2
    ,2,2,2,1),(-2.094395102393,0.,2.094395102393,4.188790204786,
6.28318530718,8.377580409573),.UNSPECIFIED.) CURVE() 
GEOMETRIC_REPRESENTATION_ITEM() RATIONAL_B_SPLINE_CURVE((1.,0.5,1.,0.5,
1.,0.5,1.)) REPRESENTATION_ITEM('') );
#3347 = CARTESIAN_POINT('',(3.552713678801E-15,-1.7));
#3348 = CARTESIAN_POINT('',(-2.944486372867,-1.7));
#3349 = CARTESIAN_POINT('',(-1.472243186434,0.85));
#3350 = CARTESIAN_POINT('',(3.13633376709E-15,3.4));
#3351 = CARTESIAN_POINT('',(1.472243186434,0.85));
#3352 = CARTESIAN_POINT('',(2.944486372867,-1.7));
#3353 = CARTESIAN_POINT('',(3.552713678801E-15,-1.7));
#3354 = ( GEOMETRIC_REPRESENTATION_CONTEXT(2) 
PARAMETRIC_REPRESENTATION_CONTEXT() REPRESENTATION_CONTEXT('2D SPACE',''
  ) );
#3355 = PCURVE('',#3356,#3361);
#3356 = CYLINDRICAL_SURFACE('',#3357,1.7);
#3357 = AXIS2_PLACEMENT_3D('',#3358,#3359,#3360);
#3358 = CARTESIAN_POINT('',(-70.7,-37.1,4.8));
#3359 = DIRECTION('',(-1.,0.,0.));
#3360 = DIRECTION('',(0.,-1.,1.224646799147E-16));
#3361 = DEFINITIONAL_REPRESENTATION('',(#3362),#3366);
#3362 = LINE('',#3363,#3364);
#3363 = CARTESIAN_POINT('',(-12.56637061435,-9.999999999999E-02));
#3364 = VECTOR('',#3365,1.);
#3365 = DIRECTION('',(1.,-0.));
#3366 = ( GEOMETRIC_REPRESENTATION_CONTEXT(2) 
PARAMETRIC_REPRESENTATION_CONTEXT() REPRESENTATION_CONTEXT('2D SPACE',''
  ) );
#3367 = ORIENTED_EDGE('',*,*,#3368,.T.);
#3368 = EDGE_CURVE('',#3336,#3306,#3369,.T.);
#3369 = SURFACE_CURVE('',#3370,(#3374,#3381),.PCURVE_S1.);
#3370 = LINE('',#3371,#3372);
#3371 = CARTESIAN_POINT('',(-70.6,-37.7,6.6));
#3372 = VECTOR('',#3373,1.);
#3373 = DIRECTION('',(0.,0.707106781187,0.707106781187));
#3374 = PCURVE('',#1386,#3375);
#3375 = DEFINITIONAL_REPRESENTATION('',(#3376),#3380);
#3376 = LINE('',#3377,#3378);
#3377 = CARTESIAN_POINT('',(-1.8,-0.6));
#3378 = VECTOR('',#3379,1.);
#3379 = DIRECTION('',(-0.707106781187,0.707106781187));
#3380 = ( GEOMETRIC_REPRESENTATION_CONTEXT(2) 
PARAMETRIC_REPRESENTATION_CONTEXT() REPRESENTATION_CONTEXT('2D SPACE',''
  ) );
#3381 = PCURVE('',#3382,#3387);
#3382 = PLANE('',#3383);
#3383 = AXIS2_PLACEMENT_3D('',#3384,#3385,#3386);
#3384 = CARTESIAN_POINT('',(-70.7,-37.1,7.2));
#3385 = DIRECTION('',(0.,0.707106781187,-0.707106781187));
#3386 = DIRECTION('',(0.,-0.707106781187,-0.707106781187));
#3387 = DEFINITIONAL_REPRESENTATION('',(#3388),#3392);
#3388 = LINE('',#3389,#3390);
#3389 = CARTESIAN_POINT('',(0.848528137424,-9.999999999999E-02));
#3390 = VECTOR('',#3391,1.);
#3391 = DIRECTION('',(-1.,0.));
#3392 = ( GEOMETRIC_REPRESENTATION_CONTEXT(2) 
PARAMETRIC_REPRESENTATION_CONTEXT() REPRESENTATION_CONTEXT('2D SPACE',''
  ) );
#3393 = ADVANCED_FACE('',(#3394),#1358,.T.);
#3394 = FACE_BOUND('',#3395,.F.);
#3395 = EDGE_LOOP('',(#3396,#3397,#3398,#3426));
#3396 = ORIENTED_EDGE('',*,*,#3257,.F.);
#3397 = ORIENTED_EDGE('',*,*,#1342,.F.);
#3398 = ORIENTED_EDGE('',*,*,#3399,.F.);
#3399 = EDGE_CURVE('',#3400,#1315,#3402,.T.);
#3400 = VERTEX_POINT('',#3401);
#3401 = CARTESIAN_POINT('',(-67.6,-37.1,1.6));
#3402 = SURFACE_CURVE('',#3403,(#3408,#3415),.PCURVE_S1.);
#3403 = CIRCLE('',#3404,3.2);
#3404 = AXIS2_PLACEMENT_3D('',#3405,#3406,#3407);
#3405 = CARTESIAN_POINT('',(-67.6,-37.1,4.8));
#3406 = DIRECTION('',(-1.,-0.,0.));
#3407 = DIRECTION('',(0.,-1.224646799147E-16,-1.));
#3408 = PCURVE('',#1358,#3409);
#3409 = DEFINITIONAL_REPRESENTATION('',(#3410),#3414);
#3410 = LINE('',#3411,#3412);
#3411 = CARTESIAN_POINT('',(-7.853981633974,-3.));
#3412 = VECTOR('',#3413,1.);
#3413 = DIRECTION('',(1.,-0.));
#3414 = ( GEOMETRIC_REPRESENTATION_CONTEXT(2) 
PARAMETRIC_REPRESENTATION_CONTEXT() REPRESENTATION_CONTEXT('2D SPACE',''
  ) );
#3415 = PCURVE('',#1330,#3416);
#3416 = DEFINITIONAL_REPRESENTATION('',(#3417),#3425);
#3417 = ( BOUNDED_CURVE() B_SPLINE_CURVE(2,(#3418,#3419,#3420,#3421,
#3422,#3423,#3424),.UNSPECIFIED.,.T.,.F.) B_SPLINE_CURVE_WITH_KNOTS((1,2
    ,2,2,2,1),(-2.094395102393,0.,2.094395102393,4.188790204786,
6.28318530718,8.377580409573),.UNSPECIFIED.) CURVE() 
GEOMETRIC_REPRESENTATION_ITEM() RATIONAL_B_SPLINE_CURVE((1.,0.5,1.,0.5,
1.,0.5,1.)) REPRESENTATION_ITEM('') );
#3418 = CARTESIAN_POINT('',(3.2,0.));
#3419 = CARTESIAN_POINT('',(3.2,-5.54256258422));
#3420 = CARTESIAN_POINT('',(-1.6,-2.77128129211));
#3421 = CARTESIAN_POINT('',(-6.4,-7.837739514543E-16));
#3422 = CARTESIAN_POINT('',(-1.6,2.77128129211));
#3423 = CARTESIAN_POINT('',(3.2,5.54256258422));
#3424 = CARTESIAN_POINT('',(3.2,0.));
#3425 = ( GEOMETRIC_REPRESENTATION_CONTEXT(2) 
PARAMETRIC_REPRESENTATION_CONTEXT() REPRESENTATION_CONTEXT('2D SPACE',''
  ) );
#3426 = ORIENTED_EDGE('',*,*,#3427,.F.);
#3427 = EDGE_CURVE('',#3258,#3400,#3428,.T.);
#3428 = SURFACE_CURVE('',#3429,(#3433,#3440),.PCURVE_S1.);
#3429 = LINE('',#3430,#3431);
#3430 = CARTESIAN_POINT('',(-70.6,-37.1,1.6));
#3431 = VECTOR('',#3432,1.);
#3432 = DIRECTION('',(1.,0.,0.));
#3433 = PCURVE('',#1358,#3434);
#3434 = DEFINITIONAL_REPRESENTATION('',(#3435),#3439);
#3435 = LINE('',#3436,#3437);
#3436 = CARTESIAN_POINT('',(-7.853981633974,0.));
#3437 = VECTOR('',#3438,1.);
#3438 = DIRECTION('',(-0.,-1.));
#3439 = ( GEOMETRIC_REPRESENTATION_CONTEXT(2) 
PARAMETRIC_REPRESENTATION_CONTEXT() REPRESENTATION_CONTEXT('2D SPACE',''
  ) );
#3440 = PCURVE('',#2837,#3441);
#3441 = DEFINITIONAL_REPRESENTATION('',(#3442),#3446);
#3442 = LINE('',#3443,#3444);
#3443 = CARTESIAN_POINT('',(0.,5.));
#3444 = VECTOR('',#3445,1.);
#3445 = DIRECTION('',(1.,0.));
#3446 = ( GEOMETRIC_REPRESENTATION_CONTEXT(2) 
PARAMETRIC_REPRESENTATION_CONTEXT() REPRESENTATION_CONTEXT('2D SPACE',''
  ) );
#3447 = ADVANCED_FACE('',(#3448,#3501),#1111,.T.);
#3448 = FACE_BOUND('',#3449,.T.);
#3449 = EDGE_LOOP('',(#3450,#3478,#3499,#3500));
#3450 = ORIENTED_EDGE('',*,*,#3451,.F.);
#3451 = EDGE_CURVE('',#3452,#1096,#3454,.T.);
#3452 = VERTEX_POINT('',#3453);
#3453 = CARTESIAN_POINT('',(70.6,-37.1,1.6));
#3454 = SURFACE_CURVE('',#3455,(#3460,#3471),.PCURVE_S1.);
#3455 = CIRCLE('',#3456,3.2);
#3456 = AXIS2_PLACEMENT_3D('',#3457,#3458,#3459);
#3457 = CARTESIAN_POINT('',(70.6,-37.1,4.8));
#3458 = DIRECTION('',(-1.,-0.,0.));
#3459 = DIRECTION('',(0.,-1.224646799147E-16,-1.));
#3460 = PCURVE('',#1111,#3461);
#3461 = DEFINITIONAL_REPRESENTATION('',(#3462),#3470);
#3462 = ( BOUNDED_CURVE() B_SPLINE_CURVE(2,(#3463,#3464,#3465,#3466,
#3467,#3468,#3469),.UNSPECIFIED.,.T.,.F.) B_SPLINE_CURVE_WITH_KNOTS((1,2
    ,2,2,2,1),(-2.094395102393,0.,2.094395102393,4.188790204786,
6.28318530718,8.377580409573),.UNSPECIFIED.) CURVE() 
GEOMETRIC_REPRESENTATION_ITEM() RATIONAL_B_SPLINE_CURVE((1.,0.5,1.,0.5,
1.,0.5,1.)) REPRESENTATION_ITEM('') );
#3463 = CARTESIAN_POINT('',(3.2,4.35081943503E-31));
#3464 = CARTESIAN_POINT('',(3.2,-5.54256258422));
#3465 = CARTESIAN_POINT('',(-1.6,-2.77128129211));
#3466 = CARTESIAN_POINT('',(-6.4,-7.837739514543E-16));
#3467 = CARTESIAN_POINT('',(-1.6,2.77128129211));
#3468 = CARTESIAN_POINT('',(3.2,5.54256258422));
#3469 = CARTESIAN_POINT('',(3.2,4.35081943503E-31));
#3470 = ( GEOMETRIC_REPRESENTATION_CONTEXT(2) 
PARAMETRIC_REPRESENTATION_CONTEXT() REPRESENTATION_CONTEXT('2D SPACE',''
  ) );
#3471 = PCURVE('',#1139,#3472);
#3472 = DEFINITIONAL_REPRESENTATION('',(#3473),#3477);
#3473 = LINE('',#3474,#3475);
#3474 = CARTESIAN_POINT('',(-7.853981633974,-3.));
#3475 = VECTOR('',#3476,1.);
#3476 = DIRECTION('',(1.,-0.));
#3477 = ( GEOMETRIC_REPRESENTATION_CONTEXT(2) 
PARAMETRIC_REPRESENTATION_CONTEXT() REPRESENTATION_CONTEXT('2D SPACE',''
  ) );
#3478 = ORIENTED_EDGE('',*,*,#3479,.F.);
#3479 = EDGE_CURVE('',#2987,#3452,#3480,.T.);
#3480 = SURFACE_CURVE('',#3481,(#3485,#3492),.PCURVE_S1.);
#3481 = LINE('',#3482,#3483);
#3482 = CARTESIAN_POINT('',(70.6,-32.1,1.6));
#3483 = VECTOR('',#3484,1.);
#3484 = DIRECTION('',(0.,-1.,1.224646799147E-16));
#3485 = PCURVE('',#1111,#3486);
#3486 = DEFINITIONAL_REPRESENTATION('',(#3487),#3491);
#3487 = LINE('',#3488,#3489);
#3488 = CARTESIAN_POINT('',(3.2,5.));
#3489 = VECTOR('',#3490,1.);
#3490 = DIRECTION('',(0.,-1.));
#3491 = ( GEOMETRIC_REPRESENTATION_CONTEXT(2) 
PARAMETRIC_REPRESENTATION_CONTEXT() REPRESENTATION_CONTEXT('2D SPACE',''
  ) );
#3492 = PCURVE('',#3002,#3493);
#3493 = DEFINITIONAL_REPRESENTATION('',(#3494),#3498);
#3494 = LINE('',#3495,#3496);
#3495 = CARTESIAN_POINT('',(3.,0.));
#3496 = VECTOR('',#3497,1.);
#3497 = DIRECTION('',(0.,1.));
#3498 = ( GEOMETRIC_REPRESENTATION_CONTEXT(2) 
PARAMETRIC_REPRESENTATION_CONTEXT() REPRESENTATION_CONTEXT('2D SPACE',''
  ) );
#3499 = ORIENTED_EDGE('',*,*,#3014,.F.);
#3500 = ORIENTED_EDGE('',*,*,#1095,.F.);
#3501 = FACE_BOUND('',#3502,.T.);
#3502 = EDGE_LOOP('',(#3503,#3533,#3566));
#3503 = ORIENTED_EDGE('',*,*,#3504,.T.);
#3504 = EDGE_CURVE('',#3505,#3507,#3509,.T.);
#3505 = VERTEX_POINT('',#3506);
#3506 = CARTESIAN_POINT('',(70.6,-37.1,7.2));
#3507 = VERTEX_POINT('',#3508);
#3508 = CARTESIAN_POINT('',(70.6,-35.97071067811,6.070710678119));
#3509 = SURFACE_CURVE('',#3510,(#3514,#3521),.PCURVE_S1.);
#3510 = LINE('',#3511,#3512);
#3511 = CARTESIAN_POINT('',(70.6,-35.9,6.));
#3512 = VECTOR('',#3513,1.);
#3513 = DIRECTION('',(0.,0.707106781187,-0.707106781187));
#3514 = PCURVE('',#1111,#3515);
#3515 = DEFINITIONAL_REPRESENTATION('',(#3516),#3520);
#3516 = LINE('',#3517,#3518);
#3517 = CARTESIAN_POINT('',(-1.2,1.2));
#3518 = VECTOR('',#3519,1.);
#3519 = DIRECTION('',(0.707106781187,0.707106781187));
#3520 = ( GEOMETRIC_REPRESENTATION_CONTEXT(2) 
PARAMETRIC_REPRESENTATION_CONTEXT() REPRESENTATION_CONTEXT('2D SPACE',''
  ) );
#3521 = PCURVE('',#3522,#3527);
#3522 = PLANE('',#3523);
#3523 = AXIS2_PLACEMENT_3D('',#3524,#3525,#3526);
#3524 = CARTESIAN_POINT('',(67.5,-35.9,6.));
#3525 = DIRECTION('',(0.,-0.707106781187,-0.707106781187));
#3526 = DIRECTION('',(0.,-0.707106781187,0.707106781187));
#3527 = DEFINITIONAL_REPRESENTATION('',(#3528),#3532);
#3528 = LINE('',#3529,#3530);
#3529 = CARTESIAN_POINT('',(8.792517768629E-15,-3.1));
#3530 = VECTOR('',#3531,1.);
#3531 = DIRECTION('',(-1.,0.));
#3532 = ( GEOMETRIC_REPRESENTATION_CONTEXT(2) 
PARAMETRIC_REPRESENTATION_CONTEXT() REPRESENTATION_CONTEXT('2D SPACE',''
  ) );
#3533 = ORIENTED_EDGE('',*,*,#3534,.T.);
#3534 = EDGE_CURVE('',#3507,#3535,#3537,.T.);
#3535 = VERTEX_POINT('',#3536);
#3536 = CARTESIAN_POINT('',(70.6,-38.22928932188,6.070710678119));
#3537 = SURFACE_CURVE('',#3538,(#3543,#3554),.PCURVE_S1.);
#3538 = CIRCLE('',#3539,1.7);
#3539 = AXIS2_PLACEMENT_3D('',#3540,#3541,#3542);
#3540 = CARTESIAN_POINT('',(70.6,-37.1,4.8));
#3541 = DIRECTION('',(-1.,0.,0.));
#3542 = DIRECTION('',(0.,-1.,1.224646799147E-16));
#3543 = PCURVE('',#1111,#3544);
#3544 = DEFINITIONAL_REPRESENTATION('',(#3545),#3553);
#3545 = ( BOUNDED_CURVE() B_SPLINE_CURVE(2,(#3546,#3547,#3548,#3549,
#3550,#3551,#3552),.UNSPECIFIED.,.T.,.F.) B_SPLINE_CURVE_WITH_KNOTS((1,2
    ,2,2,2,1),(-2.094395102393,0.,2.094395102393,4.188790204786,
6.28318530718,8.377580409573),.UNSPECIFIED.) CURVE() 
GEOMETRIC_REPRESENTATION_ITEM() RATIONAL_B_SPLINE_CURVE((1.,0.5,1.,0.5,
1.,0.5,1.)) REPRESENTATION_ITEM('') );
#3546 = CARTESIAN_POINT('',(3.552713678801E-15,-1.7));
#3547 = CARTESIAN_POINT('',(-2.944486372867,-1.7));
#3548 = CARTESIAN_POINT('',(-1.472243186434,0.85));
#3549 = CARTESIAN_POINT('',(3.13633376709E-15,3.4));
#3550 = CARTESIAN_POINT('',(1.472243186434,0.85));
#3551 = CARTESIAN_POINT('',(2.944486372867,-1.7));
#3552 = CARTESIAN_POINT('',(3.552713678801E-15,-1.7));
#3553 = ( GEOMETRIC_REPRESENTATION_CONTEXT(2) 
PARAMETRIC_REPRESENTATION_CONTEXT() REPRESENTATION_CONTEXT('2D SPACE',''
  ) );
#3554 = PCURVE('',#3555,#3560);
#3555 = CYLINDRICAL_SURFACE('',#3556,1.7);
#3556 = AXIS2_PLACEMENT_3D('',#3557,#3558,#3559);
#3557 = CARTESIAN_POINT('',(67.5,-37.1,4.8));
#3558 = DIRECTION('',(-1.,0.,0.));
#3559 = DIRECTION('',(0.,-1.,1.224646799147E-16));
#3560 = DEFINITIONAL_REPRESENTATION('',(#3561),#3565);
#3561 = LINE('',#3562,#3563);
#3562 = CARTESIAN_POINT('',(-12.56637061435,-3.1));
#3563 = VECTOR('',#3564,1.);
#3564 = DIRECTION('',(1.,-0.));
#3565 = ( GEOMETRIC_REPRESENTATION_CONTEXT(2) 
PARAMETRIC_REPRESENTATION_CONTEXT() REPRESENTATION_CONTEXT('2D SPACE',''
  ) );
#3566 = ORIENTED_EDGE('',*,*,#3567,.T.);
#3567 = EDGE_CURVE('',#3535,#3505,#3568,.T.);
#3568 = SURFACE_CURVE('',#3569,(#3573,#3580),.PCURVE_S1.);
#3569 = LINE('',#3570,#3571);
#3570 = CARTESIAN_POINT('',(70.6,-37.7,6.6));
#3571 = VECTOR('',#3572,1.);
#3572 = DIRECTION('',(0.,0.707106781187,0.707106781187));
#3573 = PCURVE('',#1111,#3574);
#3574 = DEFINITIONAL_REPRESENTATION('',(#3575),#3579);
#3575 = LINE('',#3576,#3577);
#3576 = CARTESIAN_POINT('',(-1.8,-0.6));
#3577 = VECTOR('',#3578,1.);
#3578 = DIRECTION('',(-0.707106781187,0.707106781187));
#3579 = ( GEOMETRIC_REPRESENTATION_CONTEXT(2) 
PARAMETRIC_REPRESENTATION_CONTEXT() REPRESENTATION_CONTEXT('2D SPACE',''
  ) );
#3580 = PCURVE('',#3581,#3586);
#3581 = PLANE('',#3582);
#3582 = AXIS2_PLACEMENT_3D('',#3583,#3584,#3585);
#3583 = CARTESIAN_POINT('',(67.5,-37.1,7.2));
#3584 = DIRECTION('',(0.,0.707106781187,-0.707106781187));
#3585 = DIRECTION('',(0.,-0.707106781187,-0.707106781187));
#3586 = DEFINITIONAL_REPRESENTATION('',(#3587),#3591);
#3587 = LINE('',#3588,#3589);
#3588 = CARTESIAN_POINT('',(0.848528137424,-3.1));
#3589 = VECTOR('',#3590,1.);
#3590 = DIRECTION('',(-1.,0.));
#3591 = ( GEOMETRIC_REPRESENTATION_CONTEXT(2) 
PARAMETRIC_REPRESENTATION_CONTEXT() REPRESENTATION_CONTEXT('2D SPACE',''
  ) );
#3592 = ADVANCED_FACE('',(#3593,#3641),#1330,.T.);
#3593 = FACE_BOUND('',#3594,.T.);
#3594 = EDGE_LOOP('',(#3595,#3617,#3618,#3619,#3640));
#3595 = ORIENTED_EDGE('',*,*,#3596,.T.);
#3596 = EDGE_CURVE('',#2850,#1287,#3597,.T.);
#3597 = SURFACE_CURVE('',#3598,(#3603,#3610),.PCURVE_S1.);
#3598 = CIRCLE('',#3599,3.5);
#3599 = AXIS2_PLACEMENT_3D('',#3600,#3601,#3602);
#3600 = CARTESIAN_POINT('',(-67.6,-37.1,4.8));
#3601 = DIRECTION('',(1.,0.,0.));
#3602 = DIRECTION('',(0.,-1.,1.224646799147E-16));
#3603 = PCURVE('',#1330,#3604);
#3604 = DEFINITIONAL_REPRESENTATION('',(#3605),#3609);
#3605 = CIRCLE('',#3606,3.5);
#3606 = AXIS2_PLACEMENT_2D('',#3607,#3608);
#3607 = CARTESIAN_POINT('',(0.,0.));
#3608 = DIRECTION('',(0.,-1.));
#3609 = ( GEOMETRIC_REPRESENTATION_CONTEXT(2) 
PARAMETRIC_REPRESENTATION_CONTEXT() REPRESENTATION_CONTEXT('2D SPACE',''
  ) );
#3610 = PCURVE('',#1302,#3611);
#3611 = DEFINITIONAL_REPRESENTATION('',(#3612),#3616);
#3612 = LINE('',#3613,#3614);
#3613 = CARTESIAN_POINT('',(-0.,0.));
#3614 = VECTOR('',#3615,1.);
#3615 = DIRECTION('',(-1.,0.));
#3616 = ( GEOMETRIC_REPRESENTATION_CONTEXT(2) 
PARAMETRIC_REPRESENTATION_CONTEXT() REPRESENTATION_CONTEXT('2D SPACE',''
  ) );
#3617 = ORIENTED_EDGE('',*,*,#1314,.T.);
#3618 = ORIENTED_EDGE('',*,*,#3399,.F.);
#3619 = ORIENTED_EDGE('',*,*,#3620,.T.);
#3620 = EDGE_CURVE('',#3400,#2822,#3621,.T.);
#3621 = SURFACE_CURVE('',#3622,(#3626,#3633),.PCURVE_S1.);
#3622 = LINE('',#3623,#3624);
#3623 = CARTESIAN_POINT('',(-67.6,-37.1,1.6));
#3624 = VECTOR('',#3625,1.);
#3625 = DIRECTION('',(0.,1.,-1.224646799147E-16));
#3626 = PCURVE('',#1330,#3627);
#3627 = DEFINITIONAL_REPRESENTATION('',(#3628),#3632);
#3628 = LINE('',#3629,#3630);
#3629 = CARTESIAN_POINT('',(3.2,-6.713540381874E-15));
#3630 = VECTOR('',#3631,1.);
#3631 = DIRECTION('',(0.,1.));
#3632 = ( GEOMETRIC_REPRESENTATION_CONTEXT(2) 
PARAMETRIC_REPRESENTATION_CONTEXT() REPRESENTATION_CONTEXT('2D SPACE',''
  ) );
#3633 = PCURVE('',#2837,#3634);
#3634 = DEFINITIONAL_REPRESENTATION('',(#3635),#3639);
#3635 = LINE('',#3636,#3637);
#3636 = CARTESIAN_POINT('',(3.,5.));
#3637 = VECTOR('',#3638,1.);
#3638 = DIRECTION('',(0.,-1.));
#3639 = ( GEOMETRIC_REPRESENTATION_CONTEXT(2) 
PARAMETRIC_REPRESENTATION_CONTEXT() REPRESENTATION_CONTEXT('2D SPACE',''
  ) );
#3640 = ORIENTED_EDGE('',*,*,#2849,.F.);
#3641 = FACE_BOUND('',#3642,.T.);
#3642 = EDGE_LOOP('',(#3643,#3668,#3691));
#3643 = ORIENTED_EDGE('',*,*,#3644,.T.);
#3644 = EDGE_CURVE('',#3645,#3647,#3649,.T.);
#3645 = VERTEX_POINT('',#3646);
#3646 = CARTESIAN_POINT('',(-67.6,-38.22928932188,6.070710678119));
#3647 = VERTEX_POINT('',#3648);
#3648 = CARTESIAN_POINT('',(-67.6,-37.1,7.2));
#3649 = SURFACE_CURVE('',#3650,(#3654,#3661),.PCURVE_S1.);
#3650 = LINE('',#3651,#3652);
#3651 = CARTESIAN_POINT('',(-67.6,-37.7,6.6));
#3652 = VECTOR('',#3653,1.);
#3653 = DIRECTION('',(0.,0.707106781187,0.707106781187));
#3654 = PCURVE('',#1330,#3655);
#3655 = DEFINITIONAL_REPRESENTATION('',(#3656),#3660);
#3656 = LINE('',#3657,#3658);
#3657 = CARTESIAN_POINT('',(-1.8,-0.6));
#3658 = VECTOR('',#3659,1.);
#3659 = DIRECTION('',(-0.707106781187,0.707106781187));
#3660 = ( GEOMETRIC_REPRESENTATION_CONTEXT(2) 
PARAMETRIC_REPRESENTATION_CONTEXT() REPRESENTATION_CONTEXT('2D SPACE',''
  ) );
#3661 = PCURVE('',#3382,#3662);
#3662 = DEFINITIONAL_REPRESENTATION('',(#3663),#3667);
#3663 = LINE('',#3664,#3665);
#3664 = CARTESIAN_POINT('',(0.848528137424,-3.1));
#3665 = VECTOR('',#3666,1.);
#3666 = DIRECTION('',(-1.,0.));
#3667 = ( GEOMETRIC_REPRESENTATION_CONTEXT(2) 
PARAMETRIC_REPRESENTATION_CONTEXT() REPRESENTATION_CONTEXT('2D SPACE',''
  ) );
#3668 = ORIENTED_EDGE('',*,*,#3669,.T.);
#3669 = EDGE_CURVE('',#3647,#3670,#3672,.T.);
#3670 = VERTEX_POINT('',#3671);
#3671 = CARTESIAN_POINT('',(-67.6,-35.97071067811,6.070710678119));
#3672 = SURFACE_CURVE('',#3673,(#3677,#3684),.PCURVE_S1.);
#3673 = LINE('',#3674,#3675);
#3674 = CARTESIAN_POINT('',(-67.6,-35.9,6.));
#3675 = VECTOR('',#3676,1.);
#3676 = DIRECTION('',(0.,0.707106781187,-0.707106781187));
#3677 = PCURVE('',#1330,#3678);
#3678 = DEFINITIONAL_REPRESENTATION('',(#3679),#3683);
#3679 = LINE('',#3680,#3681);
#3680 = CARTESIAN_POINT('',(-1.2,1.2));
#3681 = VECTOR('',#3682,1.);
#3682 = DIRECTION('',(0.707106781187,0.707106781187));
#3683 = ( GEOMETRIC_REPRESENTATION_CONTEXT(2) 
PARAMETRIC_REPRESENTATION_CONTEXT() REPRESENTATION_CONTEXT('2D SPACE',''
  ) );
#3684 = PCURVE('',#3323,#3685);
#3685 = DEFINITIONAL_REPRESENTATION('',(#3686),#3690);
#3686 = LINE('',#3687,#3688);
#3687 = CARTESIAN_POINT('',(8.792517768629E-15,-3.1));
#3688 = VECTOR('',#3689,1.);
#3689 = DIRECTION('',(-1.,0.));
#3690 = ( GEOMETRIC_REPRESENTATION_CONTEXT(2) 
PARAMETRIC_REPRESENTATION_CONTEXT() REPRESENTATION_CONTEXT('2D SPACE',''
  ) );
#3691 = ORIENTED_EDGE('',*,*,#3692,.T.);
#3692 = EDGE_CURVE('',#3670,#3645,#3693,.T.);
#3693 = SURFACE_CURVE('',#3694,(#3699,#3710),.PCURVE_S1.);
#3694 = CIRCLE('',#3695,1.7);
#3695 = AXIS2_PLACEMENT_3D('',#3696,#3697,#3698);
#3696 = CARTESIAN_POINT('',(-67.6,-37.1,4.8));
#3697 = DIRECTION('',(-1.,0.,0.));
#3698 = DIRECTION('',(0.,-1.,1.224646799147E-16));
#3699 = PCURVE('',#1330,#3700);
#3700 = DEFINITIONAL_REPRESENTATION('',(#3701),#3709);
#3701 = ( BOUNDED_CURVE() B_SPLINE_CURVE(2,(#3702,#3703,#3704,#3705,
#3706,#3707,#3708),.UNSPECIFIED.,.T.,.F.) B_SPLINE_CURVE_WITH_KNOTS((1,2
    ,2,2,2,1),(-2.094395102393,0.,2.094395102393,4.188790204786,
6.28318530718,8.377580409573),.UNSPECIFIED.) CURVE() 
GEOMETRIC_REPRESENTATION_ITEM() RATIONAL_B_SPLINE_CURVE((1.,0.5,1.,0.5,
1.,0.5,1.)) REPRESENTATION_ITEM('') );
#3702 = CARTESIAN_POINT('',(0.,-1.7));
#3703 = CARTESIAN_POINT('',(-2.944486372867,-1.7));
#3704 = CARTESIAN_POINT('',(-1.472243186434,0.85));
#3705 = CARTESIAN_POINT('',(-4.163799117101E-16,3.4));
#3706 = CARTESIAN_POINT('',(1.472243186434,0.85));
#3707 = CARTESIAN_POINT('',(2.944486372867,-1.7));
#3708 = CARTESIAN_POINT('',(0.,-1.7));
#3709 = ( GEOMETRIC_REPRESENTATION_CONTEXT(2) 
PARAMETRIC_REPRESENTATION_CONTEXT() REPRESENTATION_CONTEXT('2D SPACE',''
  ) );
#3710 = PCURVE('',#3356,#3711);
#3711 = DEFINITIONAL_REPRESENTATION('',(#3712),#3716);
#3712 = LINE('',#3713,#3714);
#3713 = CARTESIAN_POINT('',(-12.56637061435,-3.1));
#3714 = VECTOR('',#3715,1.);
#3715 = DIRECTION('',(1.,-0.));
#3716 = ( GEOMETRIC_REPRESENTATION_CONTEXT(2) 
PARAMETRIC_REPRESENTATION_CONTEXT() REPRESENTATION_CONTEXT('2D SPACE',''
  ) );
#3717 = ADVANCED_FACE('',(#3718),#1139,.T.);
#3718 = FACE_BOUND('',#3719,.F.);
#3719 = EDGE_LOOP('',(#3720,#3744,#3745,#3746));
#3720 = ORIENTED_EDGE('',*,*,#3721,.F.);
#3721 = EDGE_CURVE('',#1124,#3722,#3724,.T.);
#3722 = VERTEX_POINT('',#3723);
#3723 = CARTESIAN_POINT('',(67.6,-37.1,1.6));
#3724 = SURFACE_CURVE('',#3725,(#3730,#3737),.PCURVE_S1.);
#3725 = CIRCLE('',#3726,3.2);
#3726 = AXIS2_PLACEMENT_3D('',#3727,#3728,#3729);
#3727 = CARTESIAN_POINT('',(67.6,-37.1,4.8));
#3728 = DIRECTION('',(1.,-0.,0.));
#3729 = DIRECTION('',(0.,1.,-2.232692517242E-14));
#3730 = PCURVE('',#1139,#3731);
#3731 = DEFINITIONAL_REPRESENTATION('',(#3732),#3736);
#3732 = LINE('',#3733,#3734);
#3733 = CARTESIAN_POINT('',(-3.14159265359,0.));
#3734 = VECTOR('',#3735,1.);
#3735 = DIRECTION('',(-1.,0.));
#3736 = ( GEOMETRIC_REPRESENTATION_CONTEXT(2) 
PARAMETRIC_REPRESENTATION_CONTEXT() REPRESENTATION_CONTEXT('2D SPACE',''
  ) );
#3737 = PCURVE('',#1167,#3738);
#3738 = DEFINITIONAL_REPRESENTATION('',(#3739),#3743);
#3739 = CIRCLE('',#3740,3.2);
#3740 = AXIS2_PLACEMENT_2D('',#3741,#3742);
#3741 = CARTESIAN_POINT('',(0.,0.));
#3742 = DIRECTION('',(2.22044604925E-14,1.));
#3743 = ( GEOMETRIC_REPRESENTATION_CONTEXT(2) 
PARAMETRIC_REPRESENTATION_CONTEXT() REPRESENTATION_CONTEXT('2D SPACE',''
  ) );
#3744 = ORIENTED_EDGE('',*,*,#1123,.F.);
#3745 = ORIENTED_EDGE('',*,*,#3451,.F.);
#3746 = ORIENTED_EDGE('',*,*,#3747,.F.);
#3747 = EDGE_CURVE('',#3722,#3452,#3748,.T.);
#3748 = SURFACE_CURVE('',#3749,(#3753,#3760),.PCURVE_S1.);
#3749 = LINE('',#3750,#3751);
#3750 = CARTESIAN_POINT('',(67.6,-37.1,1.6));
#3751 = VECTOR('',#3752,1.);
#3752 = DIRECTION('',(1.,0.,0.));
#3753 = PCURVE('',#1139,#3754);
#3754 = DEFINITIONAL_REPRESENTATION('',(#3755),#3759);
#3755 = LINE('',#3756,#3757);
#3756 = CARTESIAN_POINT('',(-7.853981633974,0.));
#3757 = VECTOR('',#3758,1.);
#3758 = DIRECTION('',(-0.,-1.));
#3759 = ( GEOMETRIC_REPRESENTATION_CONTEXT(2) 
PARAMETRIC_REPRESENTATION_CONTEXT() REPRESENTATION_CONTEXT('2D SPACE',''
  ) );
#3760 = PCURVE('',#3002,#3761);
#3761 = DEFINITIONAL_REPRESENTATION('',(#3762),#3766);
#3762 = LINE('',#3763,#3764);
#3763 = CARTESIAN_POINT('',(0.,5.));
#3764 = VECTOR('',#3765,1.);
#3765 = DIRECTION('',(1.,0.));
#3766 = ( GEOMETRIC_REPRESENTATION_CONTEXT(2) 
PARAMETRIC_REPRESENTATION_CONTEXT() REPRESENTATION_CONTEXT('2D SPACE',''
  ) );
#3767 = ADVANCED_FACE('',(#3768),#1302,.F.);
#3768 = FACE_BOUND('',#3769,.T.);
#3769 = EDGE_LOOP('',(#3770,#3771,#3772,#3773));
#3770 = ORIENTED_EDGE('',*,*,#1286,.T.);
#3771 = ORIENTED_EDGE('',*,*,#3596,.F.);
#3772 = ORIENTED_EDGE('',*,*,#2872,.F.);
#3773 = ORIENTED_EDGE('',*,*,#3774,.T.);
#3774 = EDGE_CURVE('',#2873,#1259,#3775,.T.);
#3775 = SURFACE_CURVE('',#3776,(#3781,#3788),.PCURVE_S1.);
#3776 = CIRCLE('',#3777,3.5);
#3777 = AXIS2_PLACEMENT_3D('',#3778,#3779,#3780);
#3778 = CARTESIAN_POINT('',(-64.9,-37.1,4.8));
#3779 = DIRECTION('',(1.,0.,0.));
#3780 = DIRECTION('',(0.,-1.,1.224646799147E-16));
#3781 = PCURVE('',#1302,#3782);
#3782 = DEFINITIONAL_REPRESENTATION('',(#3783),#3787);
#3783 = LINE('',#3784,#3785);
#3784 = CARTESIAN_POINT('',(-0.,-2.7));
#3785 = VECTOR('',#3786,1.);
#3786 = DIRECTION('',(-1.,0.));
#3787 = ( GEOMETRIC_REPRESENTATION_CONTEXT(2) 
PARAMETRIC_REPRESENTATION_CONTEXT() REPRESENTATION_CONTEXT('2D SPACE',''
  ) );
#3788 = PCURVE('',#1274,#3789);
#3789 = DEFINITIONAL_REPRESENTATION('',(#3790),#3794);
#3790 = CIRCLE('',#3791,3.5);
#3791 = AXIS2_PLACEMENT_2D('',#3792,#3793);
#3792 = CARTESIAN_POINT('',(0.,0.));
#3793 = DIRECTION('',(0.,-1.));
#3794 = ( GEOMETRIC_REPRESENTATION_CONTEXT(2) 
PARAMETRIC_REPRESENTATION_CONTEXT() REPRESENTATION_CONTEXT('2D SPACE',''
  ) );
#3795 = ADVANCED_FACE('',(#3796,#3844),#1167,.F.);
#3796 = FACE_BOUND('',#3797,.F.);
#3797 = EDGE_LOOP('',(#3798,#3820,#3821,#3822,#3843));
#3798 = ORIENTED_EDGE('',*,*,#3799,.T.);
#3799 = EDGE_CURVE('',#2941,#1152,#3800,.T.);
#3800 = SURFACE_CURVE('',#3801,(#3806,#3813),.PCURVE_S1.);
#3801 = CIRCLE('',#3802,3.5);
#3802 = AXIS2_PLACEMENT_3D('',#3803,#3804,#3805);
#3803 = CARTESIAN_POINT('',(67.6,-37.1,4.8));
#3804 = DIRECTION('',(1.,0.,0.));
#3805 = DIRECTION('',(0.,-1.,1.224646799147E-16));
#3806 = PCURVE('',#1167,#3807);
#3807 = DEFINITIONAL_REPRESENTATION('',(#3808),#3812);
#3808 = CIRCLE('',#3809,3.5);
#3809 = AXIS2_PLACEMENT_2D('',#3810,#3811);
#3810 = CARTESIAN_POINT('',(0.,0.));
#3811 = DIRECTION('',(0.,-1.));
#3812 = ( GEOMETRIC_REPRESENTATION_CONTEXT(2) 
PARAMETRIC_REPRESENTATION_CONTEXT() REPRESENTATION_CONTEXT('2D SPACE',''
  ) );
#3813 = PCURVE('',#1195,#3814);
#3814 = DEFINITIONAL_REPRESENTATION('',(#3815),#3819);
#3815 = LINE('',#3816,#3817);
#3816 = CARTESIAN_POINT('',(-0.,-2.7));
#3817 = VECTOR('',#3818,1.);
#3818 = DIRECTION('',(-1.,0.));
#3819 = ( GEOMETRIC_REPRESENTATION_CONTEXT(2) 
PARAMETRIC_REPRESENTATION_CONTEXT() REPRESENTATION_CONTEXT('2D SPACE',''
  ) );
#3820 = ORIENTED_EDGE('',*,*,#1151,.T.);
#3821 = ORIENTED_EDGE('',*,*,#3721,.T.);
#3822 = ORIENTED_EDGE('',*,*,#3823,.F.);
#3823 = EDGE_CURVE('',#2964,#3722,#3824,.T.);
#3824 = SURFACE_CURVE('',#3825,(#3829,#3836),.PCURVE_S1.);
#3825 = LINE('',#3826,#3827);
#3826 = CARTESIAN_POINT('',(67.6,-34.1,1.6));
#3827 = VECTOR('',#3828,1.);
#3828 = DIRECTION('',(0.,-1.,1.224646799147E-16));
#3829 = PCURVE('',#1167,#3830);
#3830 = DEFINITIONAL_REPRESENTATION('',(#3831),#3835);
#3831 = LINE('',#3832,#3833);
#3832 = CARTESIAN_POINT('',(3.2,3.));
#3833 = VECTOR('',#3834,1.);
#3834 = DIRECTION('',(0.,-1.));
#3835 = ( GEOMETRIC_REPRESENTATION_CONTEXT(2) 
PARAMETRIC_REPRESENTATION_CONTEXT() REPRESENTATION_CONTEXT('2D SPACE',''
  ) );
#3836 = PCURVE('',#3002,#3837);
#3837 = DEFINITIONAL_REPRESENTATION('',(#3838),#3842);
#3838 = LINE('',#3839,#3840);
#3839 = CARTESIAN_POINT('',(0.,2.));
#3840 = VECTOR('',#3841,1.);
#3841 = DIRECTION('',(0.,1.));
#3842 = ( GEOMETRIC_REPRESENTATION_CONTEXT(2) 
PARAMETRIC_REPRESENTATION_CONTEXT() REPRESENTATION_CONTEXT('2D SPACE',''
  ) );
#3843 = ORIENTED_EDGE('',*,*,#2963,.F.);
#3844 = FACE_BOUND('',#3845,.F.);
#3845 = EDGE_LOOP('',(#3846,#3871,#3894));
#3846 = ORIENTED_EDGE('',*,*,#3847,.T.);
#3847 = EDGE_CURVE('',#3848,#3850,#3852,.T.);
#3848 = VERTEX_POINT('',#3849);
#3849 = CARTESIAN_POINT('',(67.6,-38.22928932188,6.070710678119));
#3850 = VERTEX_POINT('',#3851);
#3851 = CARTESIAN_POINT('',(67.6,-37.1,7.2));
#3852 = SURFACE_CURVE('',#3853,(#3857,#3864),.PCURVE_S1.);
#3853 = LINE('',#3854,#3855);
#3854 = CARTESIAN_POINT('',(67.6,-37.7,6.6));
#3855 = VECTOR('',#3856,1.);
#3856 = DIRECTION('',(0.,0.707106781187,0.707106781187));
#3857 = PCURVE('',#1167,#3858);
#3858 = DEFINITIONAL_REPRESENTATION('',(#3859),#3863);
#3859 = LINE('',#3860,#3861);
#3860 = CARTESIAN_POINT('',(-1.8,-0.6));
#3861 = VECTOR('',#3862,1.);
#3862 = DIRECTION('',(-0.707106781187,0.707106781187));
#3863 = ( GEOMETRIC_REPRESENTATION_CONTEXT(2) 
PARAMETRIC_REPRESENTATION_CONTEXT() REPRESENTATION_CONTEXT('2D SPACE',''
  ) );
#3864 = PCURVE('',#3581,#3865);
#3865 = DEFINITIONAL_REPRESENTATION('',(#3866),#3870);
#3866 = LINE('',#3867,#3868);
#3867 = CARTESIAN_POINT('',(0.848528137424,-9.999999999999E-02));
#3868 = VECTOR('',#3869,1.);
#3869 = DIRECTION('',(-1.,0.));
#3870 = ( GEOMETRIC_REPRESENTATION_CONTEXT(2) 
PARAMETRIC_REPRESENTATION_CONTEXT() REPRESENTATION_CONTEXT('2D SPACE',''
  ) );
#3871 = ORIENTED_EDGE('',*,*,#3872,.T.);
#3872 = EDGE_CURVE('',#3850,#3873,#3875,.T.);
#3873 = VERTEX_POINT('',#3874);
#3874 = CARTESIAN_POINT('',(67.6,-35.97071067811,6.070710678119));
#3875 = SURFACE_CURVE('',#3876,(#3880,#3887),.PCURVE_S1.);
#3876 = LINE('',#3877,#3878);
#3877 = CARTESIAN_POINT('',(67.6,-35.9,6.));
#3878 = VECTOR('',#3879,1.);
#3879 = DIRECTION('',(0.,0.707106781187,-0.707106781187));
#3880 = PCURVE('',#1167,#3881);
#3881 = DEFINITIONAL_REPRESENTATION('',(#3882),#3886);
#3882 = LINE('',#3883,#3884);
#3883 = CARTESIAN_POINT('',(-1.2,1.2));
#3884 = VECTOR('',#3885,1.);
#3885 = DIRECTION('',(0.707106781187,0.707106781187));
#3886 = ( GEOMETRIC_REPRESENTATION_CONTEXT(2) 
PARAMETRIC_REPRESENTATION_CONTEXT() REPRESENTATION_CONTEXT('2D SPACE',''
  ) );
#3887 = PCURVE('',#3522,#3888);
#3888 = DEFINITIONAL_REPRESENTATION('',(#3889),#3893);
#3889 = LINE('',#3890,#3891);
#3890 = CARTESIAN_POINT('',(8.792517768629E-15,-9.999999999999E-02));
#3891 = VECTOR('',#3892,1.);
#3892 = DIRECTION('',(-1.,0.));
#3893 = ( GEOMETRIC_REPRESENTATION_CONTEXT(2) 
PARAMETRIC_REPRESENTATION_CONTEXT() REPRESENTATION_CONTEXT('2D SPACE',''
  ) );
#3894 = ORIENTED_EDGE('',*,*,#3895,.T.);
#3895 = EDGE_CURVE('',#3873,#3848,#3896,.T.);
#3896 = SURFACE_CURVE('',#3897,(#3902,#3913),.PCURVE_S1.);
#3897 = CIRCLE('',#3898,1.7);
#3898 = AXIS2_PLACEMENT_3D('',#3899,#3900,#3901);
#3899 = CARTESIAN_POINT('',(67.6,-37.1,4.8));
#3900 = DIRECTION('',(-1.,0.,0.));
#3901 = DIRECTION('',(0.,-1.,1.224646799147E-16));
#3902 = PCURVE('',#1167,#3903);
#3903 = DEFINITIONAL_REPRESENTATION('',(#3904),#3912);
#3904 = ( BOUNDED_CURVE() B_SPLINE_CURVE(2,(#3905,#3906,#3907,#3908,
#3909,#3910,#3911),.UNSPECIFIED.,.T.,.F.) B_SPLINE_CURVE_WITH_KNOTS((1,2
    ,2,2,2,1),(-2.094395102393,0.,2.094395102393,4.188790204786,
6.28318530718,8.377580409573),.UNSPECIFIED.) CURVE() 
GEOMETRIC_REPRESENTATION_ITEM() RATIONAL_B_SPLINE_CURVE((1.,0.5,1.,0.5,
1.,0.5,1.)) REPRESENTATION_ITEM('') );
#3905 = CARTESIAN_POINT('',(0.,-1.7));
#3906 = CARTESIAN_POINT('',(-2.944486372867,-1.7));
#3907 = CARTESIAN_POINT('',(-1.472243186434,0.85));
#3908 = CARTESIAN_POINT('',(-4.163799117101E-16,3.4));
#3909 = CARTESIAN_POINT('',(1.472243186434,0.85));
#3910 = CARTESIAN_POINT('',(2.944486372867,-1.7));
#3911 = CARTESIAN_POINT('',(0.,-1.7));
#3912 = ( GEOMETRIC_REPRESENTATION_CONTEXT(2) 
PARAMETRIC_REPRESENTATION_CONTEXT() REPRESENTATION_CONTEXT('2D SPACE',''
  ) );
#3913 = PCURVE('',#3555,#3914);
#3914 = DEFINITIONAL_REPRESENTATION('',(#3915),#3919);
#3915 = LINE('',#3916,#3917);
#3916 = CARTESIAN_POINT('',(-12.56637061435,-9.999999999999E-02));
#3917 = VECTOR('',#3918,1.);
#3918 = DIRECTION('',(1.,-0.));
#3919 = ( GEOMETRIC_REPRESENTATION_CONTEXT(2) 
PARAMETRIC_REPRESENTATION_CONTEXT() REPRESENTATION_CONTEXT('2D SPACE',''
  ) );
#3920 = ADVANCED_FACE('',(#3921),#1274,.F.);
#3921 = FACE_BOUND('',#3922,.F.);
#3922 = EDGE_LOOP('',(#3923,#3924,#3925));
#3923 = ORIENTED_EDGE('',*,*,#2895,.T.);
#3924 = ORIENTED_EDGE('',*,*,#3774,.T.);
#3925 = ORIENTED_EDGE('',*,*,#1258,.T.);
#3926 = ADVANCED_FACE('',(#3927),#1195,.F.);
#3927 = FACE_BOUND('',#3928,.T.);
#3928 = EDGE_LOOP('',(#3929,#3951,#3952,#3953));
#3929 = ORIENTED_EDGE('',*,*,#3930,.F.);
#3930 = EDGE_CURVE('',#2918,#1180,#3931,.T.);
#3931 = SURFACE_CURVE('',#3932,(#3937,#3944),.PCURVE_S1.);
#3932 = CIRCLE('',#3933,3.5);
#3933 = AXIS2_PLACEMENT_3D('',#3934,#3935,#3936);
#3934 = CARTESIAN_POINT('',(64.9,-37.1,4.8));
#3935 = DIRECTION('',(1.,0.,0.));
#3936 = DIRECTION('',(0.,-1.,1.224646799147E-16));
#3937 = PCURVE('',#1195,#3938);
#3938 = DEFINITIONAL_REPRESENTATION('',(#3939),#3943);
#3939 = LINE('',#3940,#3941);
#3940 = CARTESIAN_POINT('',(-0.,0.));
#3941 = VECTOR('',#3942,1.);
#3942 = DIRECTION('',(-1.,0.));
#3943 = ( GEOMETRIC_REPRESENTATION_CONTEXT(2) 
PARAMETRIC_REPRESENTATION_CONTEXT() REPRESENTATION_CONTEXT('2D SPACE',''
  ) );
#3944 = PCURVE('',#1223,#3945);
#3945 = DEFINITIONAL_REPRESENTATION('',(#3946),#3950);
#3946 = CIRCLE('',#3947,3.5);
#3947 = AXIS2_PLACEMENT_2D('',#3948,#3949);
#3948 = CARTESIAN_POINT('',(0.,0.));
#3949 = DIRECTION('',(0.,-1.));
#3950 = ( GEOMETRIC_REPRESENTATION_CONTEXT(2) 
PARAMETRIC_REPRESENTATION_CONTEXT() REPRESENTATION_CONTEXT('2D SPACE',''
  ) );
#3951 = ORIENTED_EDGE('',*,*,#2940,.F.);
#3952 = ORIENTED_EDGE('',*,*,#3799,.T.);
#3953 = ORIENTED_EDGE('',*,*,#1179,.T.);
#3954 = ADVANCED_FACE('',(#3955),#1223,.T.);
#3955 = FACE_BOUND('',#3956,.T.);
#3956 = EDGE_LOOP('',(#3957,#3958,#3959));
#3957 = ORIENTED_EDGE('',*,*,#2917,.T.);
#3958 = ORIENTED_EDGE('',*,*,#3930,.T.);
#3959 = ORIENTED_EDGE('',*,*,#1207,.T.);
#3960 = ADVANCED_FACE('',(#3961),#1598,.T.);
#3961 = FACE_BOUND('',#3962,.T.);
#3962 = EDGE_LOOP('',(#3963,#3964,#3987,#4015));
#3963 = ORIENTED_EDGE('',*,*,#1580,.T.);
#3964 = ORIENTED_EDGE('',*,*,#3965,.T.);
#3965 = EDGE_CURVE('',#1583,#3966,#3968,.T.);
#3966 = VERTEX_POINT('',#3967);
#3967 = CARTESIAN_POINT('',(-67.6,-32.9,1.6));
#3968 = SURFACE_CURVE('',#3969,(#3973,#3980),.PCURVE_S1.);
#3969 = LINE('',#3970,#3971);
#3970 = CARTESIAN_POINT('',(-67.6,-32.9,5.3));
#3971 = VECTOR('',#3972,1.);
#3972 = DIRECTION('',(0.,-1.224646799147E-16,-1.));
#3973 = PCURVE('',#1598,#3974);
#3974 = DEFINITIONAL_REPRESENTATION('',(#3975),#3979);
#3975 = LINE('',#3976,#3977);
#3976 = CARTESIAN_POINT('',(-0.5,4.2));
#3977 = VECTOR('',#3978,1.);
#3978 = DIRECTION('',(1.,0.));
#3979 = ( GEOMETRIC_REPRESENTATION_CONTEXT(2) 
PARAMETRIC_REPRESENTATION_CONTEXT() REPRESENTATION_CONTEXT('2D SPACE',''
  ) );
#3980 = PCURVE('',#1626,#3981);
#3981 = DEFINITIONAL_REPRESENTATION('',(#3982),#3986);
#3982 = LINE('',#3983,#3984);
#3983 = CARTESIAN_POINT('',(151.,-0.5));
#3984 = VECTOR('',#3985,1.);
#3985 = DIRECTION('',(0.,-1.));
#3986 = ( GEOMETRIC_REPRESENTATION_CONTEXT(2) 
PARAMETRIC_REPRESENTATION_CONTEXT() REPRESENTATION_CONTEXT('2D SPACE',''
  ) );
#3987 = ORIENTED_EDGE('',*,*,#3988,.F.);
#3988 = EDGE_CURVE('',#3989,#3966,#3991,.T.);
#3989 = VERTEX_POINT('',#3990);
#3990 = CARTESIAN_POINT('',(-67.6,-32.1,1.6));
#3991 = SURFACE_CURVE('',#3992,(#3996,#4003),.PCURVE_S1.);
#3992 = LINE('',#3993,#3994);
#3993 = CARTESIAN_POINT('',(-67.6,-32.1,1.6));
#3994 = VECTOR('',#3995,1.);
#3995 = DIRECTION('',(0.,-1.,1.224646799147E-16));
#3996 = PCURVE('',#1598,#3997);
#3997 = DEFINITIONAL_REPRESENTATION('',(#3998),#4002);
#3998 = LINE('',#3999,#4000);
#3999 = CARTESIAN_POINT('',(3.2,5.));
#4000 = VECTOR('',#4001,1.);
#4001 = DIRECTION('',(0.,-1.));
#4002 = ( GEOMETRIC_REPRESENTATION_CONTEXT(2) 
PARAMETRIC_REPRESENTATION_CONTEXT() REPRESENTATION_CONTEXT('2D SPACE',''
  ) );
#4003 = PCURVE('',#4004,#4009);
#4004 = PLANE('',#4005);
#4005 = AXIS2_PLACEMENT_3D('',#4006,#4007,#4008);
#4006 = CARTESIAN_POINT('',(0.,-3.82089801334E-15,1.6));
#4007 = DIRECTION('',(0.,-1.224646799147E-16,-1.));
#4008 = DIRECTION('',(1.,0.,0.));
#4009 = DEFINITIONAL_REPRESENTATION('',(#4010),#4014);
#4010 = LINE('',#4011,#4012);
#4011 = CARTESIAN_POINT('',(-67.6,32.1));
#4012 = VECTOR('',#4013,1.);
#4013 = DIRECTION('',(0.,1.));
#4014 = ( GEOMETRIC_REPRESENTATION_CONTEXT(2) 
PARAMETRIC_REPRESENTATION_CONTEXT() REPRESENTATION_CONTEXT('2D SPACE',''
  ) );
#4015 = ORIENTED_EDGE('',*,*,#4016,.F.);
#4016 = EDGE_CURVE('',#1581,#3989,#4017,.T.);
#4017 = SURFACE_CURVE('',#4018,(#4022,#4029),.PCURVE_S1.);
#4018 = LINE('',#4019,#4020);
#4019 = CARTESIAN_POINT('',(-67.6,-32.1,4.8));
#4020 = VECTOR('',#4021,1.);
#4021 = DIRECTION('',(0.,-1.224646799147E-16,-1.));
#4022 = PCURVE('',#1598,#4023);
#4023 = DEFINITIONAL_REPRESENTATION('',(#4024),#4028);
#4024 = LINE('',#4025,#4026);
#4025 = CARTESIAN_POINT('',(2.940390279227E-15,5.));
#4026 = VECTOR('',#4027,1.);
#4027 = DIRECTION('',(1.,0.));
#4028 = ( GEOMETRIC_REPRESENTATION_CONTEXT(2) 
PARAMETRIC_REPRESENTATION_CONTEXT() REPRESENTATION_CONTEXT('2D SPACE',''
  ) );
#4029 = PCURVE('',#2132,#4030);
#4030 = DEFINITIONAL_REPRESENTATION('',(#4031),#4035);
#4031 = LINE('',#4032,#4033);
#4032 = CARTESIAN_POINT('',(0.,3.));
#4033 = VECTOR('',#4034,1.);
#4034 = DIRECTION('',(1.,0.));
#4035 = ( GEOMETRIC_REPRESENTATION_CONTEXT(2) 
PARAMETRIC_REPRESENTATION_CONTEXT() REPRESENTATION_CONTEXT('2D SPACE',''
  ) );
#4036 = ADVANCED_FACE('',(#4037),#2132,.F.);
#4037 = FACE_BOUND('',#4038,.F.);
#4038 = EDGE_LOOP('',(#4039,#4040,#4063,#4084));
#4039 = ORIENTED_EDGE('',*,*,#2118,.F.);
#4040 = ORIENTED_EDGE('',*,*,#4041,.T.);
#4041 = EDGE_CURVE('',#2091,#4042,#4044,.T.);
#4042 = VERTEX_POINT('',#4043);
#4043 = CARTESIAN_POINT('',(-70.6,-32.1,1.6));
#4044 = SURFACE_CURVE('',#4045,(#4049,#4056),.PCURVE_S1.);
#4045 = LINE('',#4046,#4047);
#4046 = CARTESIAN_POINT('',(-70.6,-32.1,4.8));
#4047 = VECTOR('',#4048,1.);
#4048 = DIRECTION('',(0.,-1.224646799147E-16,-1.));
#4049 = PCURVE('',#2132,#4050);
#4050 = DEFINITIONAL_REPRESENTATION('',(#4051),#4055);
#4051 = LINE('',#4052,#4053);
#4052 = CARTESIAN_POINT('',(0.,0.));
#4053 = VECTOR('',#4054,1.);
#4054 = DIRECTION('',(1.,0.));
#4055 = ( GEOMETRIC_REPRESENTATION_CONTEXT(2) 
PARAMETRIC_REPRESENTATION_CONTEXT() REPRESENTATION_CONTEXT('2D SPACE',''
  ) );
#4056 = PCURVE('',#2106,#4057);
#4057 = DEFINITIONAL_REPRESENTATION('',(#4058),#4062);
#4058 = LINE('',#4059,#4060);
#4059 = CARTESIAN_POINT('',(2.940390279227E-15,5.));
#4060 = VECTOR('',#4061,1.);
#4061 = DIRECTION('',(1.,0.));
#4062 = ( GEOMETRIC_REPRESENTATION_CONTEXT(2) 
PARAMETRIC_REPRESENTATION_CONTEXT() REPRESENTATION_CONTEXT('2D SPACE',''
  ) );
#4063 = ORIENTED_EDGE('',*,*,#4064,.T.);
#4064 = EDGE_CURVE('',#4042,#3989,#4065,.T.);
#4065 = SURFACE_CURVE('',#4066,(#4070,#4077),.PCURVE_S1.);
#4066 = LINE('',#4067,#4068);
#4067 = CARTESIAN_POINT('',(-70.6,-32.1,1.6));
#4068 = VECTOR('',#4069,1.);
#4069 = DIRECTION('',(1.,0.,0.));
#4070 = PCURVE('',#2132,#4071);
#4071 = DEFINITIONAL_REPRESENTATION('',(#4072),#4076);
#4072 = LINE('',#4073,#4074);
#4073 = CARTESIAN_POINT('',(3.2,0.));
#4074 = VECTOR('',#4075,1.);
#4075 = DIRECTION('',(0.,1.));
#4076 = ( GEOMETRIC_REPRESENTATION_CONTEXT(2) 
PARAMETRIC_REPRESENTATION_CONTEXT() REPRESENTATION_CONTEXT('2D SPACE',''
  ) );
#4077 = PCURVE('',#4004,#4078);
#4078 = DEFINITIONAL_REPRESENTATION('',(#4079),#4083);
#4079 = LINE('',#4080,#4081);
#4080 = CARTESIAN_POINT('',(-70.6,32.1));
#4081 = VECTOR('',#4082,1.);
#4082 = DIRECTION('',(1.,0.));
#4083 = ( GEOMETRIC_REPRESENTATION_CONTEXT(2) 
PARAMETRIC_REPRESENTATION_CONTEXT() REPRESENTATION_CONTEXT('2D SPACE',''
  ) );
#4084 = ORIENTED_EDGE('',*,*,#4016,.F.);
#4085 = ADVANCED_FACE('',(#4086),#2106,.F.);
#4086 = FACE_BOUND('',#4087,.F.);
#4087 = EDGE_LOOP('',(#4088,#4089,#4112,#4133));
#4088 = ORIENTED_EDGE('',*,*,#2090,.T.);
#4089 = ORIENTED_EDGE('',*,*,#4090,.T.);
#4090 = EDGE_CURVE('',#2063,#4091,#4093,.T.);
#4091 = VERTEX_POINT('',#4092);
#4092 = CARTESIAN_POINT('',(-70.6,-32.9,1.6));
#4093 = SURFACE_CURVE('',#4094,(#4098,#4105),.PCURVE_S1.);
#4094 = LINE('',#4095,#4096);
#4095 = CARTESIAN_POINT('',(-70.6,-32.9,5.3));
#4096 = VECTOR('',#4097,1.);
#4097 = DIRECTION('',(0.,-1.224646799147E-16,-1.));
#4098 = PCURVE('',#2106,#4099);
#4099 = DEFINITIONAL_REPRESENTATION('',(#4100),#4104);
#4100 = LINE('',#4101,#4102);
#4101 = CARTESIAN_POINT('',(-0.5,4.2));
#4102 = VECTOR('',#4103,1.);
#4103 = DIRECTION('',(1.,0.));
#4104 = ( GEOMETRIC_REPRESENTATION_CONTEXT(2) 
PARAMETRIC_REPRESENTATION_CONTEXT() REPRESENTATION_CONTEXT('2D SPACE',''
  ) );
#4105 = PCURVE('',#2078,#4106);
#4106 = DEFINITIONAL_REPRESENTATION('',(#4107),#4111);
#4107 = LINE('',#4108,#4109);
#4108 = CARTESIAN_POINT('',(154.,-0.5));
#4109 = VECTOR('',#4110,1.);
#4110 = DIRECTION('',(0.,-1.));
#4111 = ( GEOMETRIC_REPRESENTATION_CONTEXT(2) 
PARAMETRIC_REPRESENTATION_CONTEXT() REPRESENTATION_CONTEXT('2D SPACE',''
  ) );
#4112 = ORIENTED_EDGE('',*,*,#4113,.F.);
#4113 = EDGE_CURVE('',#4042,#4091,#4114,.T.);
#4114 = SURFACE_CURVE('',#4115,(#4119,#4126),.PCURVE_S1.);
#4115 = LINE('',#4116,#4117);
#4116 = CARTESIAN_POINT('',(-70.6,-32.1,1.6));
#4117 = VECTOR('',#4118,1.);
#4118 = DIRECTION('',(0.,-1.,1.224646799147E-16));
#4119 = PCURVE('',#2106,#4120);
#4120 = DEFINITIONAL_REPRESENTATION('',(#4121),#4125);
#4121 = LINE('',#4122,#4123);
#4122 = CARTESIAN_POINT('',(3.2,5.));
#4123 = VECTOR('',#4124,1.);
#4124 = DIRECTION('',(0.,-1.));
#4125 = ( GEOMETRIC_REPRESENTATION_CONTEXT(2) 
PARAMETRIC_REPRESENTATION_CONTEXT() REPRESENTATION_CONTEXT('2D SPACE',''
  ) );
#4126 = PCURVE('',#4004,#4127);
#4127 = DEFINITIONAL_REPRESENTATION('',(#4128),#4132);
#4128 = LINE('',#4129,#4130);
#4129 = CARTESIAN_POINT('',(-70.6,32.1));
#4130 = VECTOR('',#4131,1.);
#4131 = DIRECTION('',(0.,1.));
#4132 = ( GEOMETRIC_REPRESENTATION_CONTEXT(2) 
PARAMETRIC_REPRESENTATION_CONTEXT() REPRESENTATION_CONTEXT('2D SPACE',''
  ) );
#4133 = ORIENTED_EDGE('',*,*,#4041,.F.);
#4134 = ADVANCED_FACE('',(#4135),#2078,.T.);
#4135 = FACE_BOUND('',#4136,.T.);
#4136 = EDGE_LOOP('',(#4137,#4160,#4161,#4162));
#4137 = ORIENTED_EDGE('',*,*,#4138,.F.);
#4138 = EDGE_CURVE('',#2034,#4139,#4141,.T.);
#4139 = VERTEX_POINT('',#4140);
#4140 = CARTESIAN_POINT('',(-80.6,-32.9,1.6));
#4141 = SURFACE_CURVE('',#4142,(#4146,#4153),.PCURVE_S1.);
#4142 = LINE('',#4143,#4144);
#4143 = CARTESIAN_POINT('',(-80.6,-32.9,5.8));
#4144 = VECTOR('',#4145,1.);
#4145 = DIRECTION('',(0.,-1.224646799147E-16,-1.));
#4146 = PCURVE('',#2078,#4147);
#4147 = DEFINITIONAL_REPRESENTATION('',(#4148),#4152);
#4148 = LINE('',#4149,#4150);
#4149 = CARTESIAN_POINT('',(164.,0.));
#4150 = VECTOR('',#4151,1.);
#4151 = DIRECTION('',(0.,-1.));
#4152 = ( GEOMETRIC_REPRESENTATION_CONTEXT(2) 
PARAMETRIC_REPRESENTATION_CONTEXT() REPRESENTATION_CONTEXT('2D SPACE',''
  ) );
#4153 = PCURVE('',#2050,#4154);
#4154 = DEFINITIONAL_REPRESENTATION('',(#4155),#4159);
#4155 = LINE('',#4156,#4157);
#4156 = CARTESIAN_POINT('',(0.,0.));
#4157 = VECTOR('',#4158,1.);
#4158 = DIRECTION('',(0.,1.));
#4159 = ( GEOMETRIC_REPRESENTATION_CONTEXT(2) 
PARAMETRIC_REPRESENTATION_CONTEXT() REPRESENTATION_CONTEXT('2D SPACE',''
  ) );
#4160 = ORIENTED_EDGE('',*,*,#2062,.T.);
#4161 = ORIENTED_EDGE('',*,*,#4090,.T.);
#4162 = ORIENTED_EDGE('',*,*,#4163,.F.);
#4163 = EDGE_CURVE('',#4139,#4091,#4164,.T.);
#4164 = SURFACE_CURVE('',#4165,(#4169,#4176),.PCURVE_S1.);
#4165 = LINE('',#4166,#4167);
#4166 = CARTESIAN_POINT('',(41.7,-32.9,1.6));
#4167 = VECTOR('',#4168,1.);
#4168 = DIRECTION('',(1.,0.,0.));
#4169 = PCURVE('',#2078,#4170);
#4170 = DEFINITIONAL_REPRESENTATION('',(#4171),#4175);
#4171 = LINE('',#4172,#4173);
#4172 = CARTESIAN_POINT('',(41.7,-4.2));
#4173 = VECTOR('',#4174,1.);
#4174 = DIRECTION('',(-1.,0.));
#4175 = ( GEOMETRIC_REPRESENTATION_CONTEXT(2) 
PARAMETRIC_REPRESENTATION_CONTEXT() REPRESENTATION_CONTEXT('2D SPACE',''
  ) );
#4176 = PCURVE('',#4004,#4177);
#4177 = DEFINITIONAL_REPRESENTATION('',(#4178),#4182);
#4178 = LINE('',#4179,#4180);
#4179 = CARTESIAN_POINT('',(41.7,32.9));
#4180 = VECTOR('',#4181,1.);
#4181 = DIRECTION('',(1.,0.));
#4182 = ( GEOMETRIC_REPRESENTATION_CONTEXT(2) 
PARAMETRIC_REPRESENTATION_CONTEXT() REPRESENTATION_CONTEXT('2D SPACE',''
  ) );
#4183 = ADVANCED_FACE('',(#4184),#2050,.F.);
#4184 = FACE_BOUND('',#4185,.F.);
#4185 = EDGE_LOOP('',(#4186,#4187,#4188,#4211));
#4186 = ORIENTED_EDGE('',*,*,#4138,.F.);
#4187 = ORIENTED_EDGE('',*,*,#2033,.T.);
#4188 = ORIENTED_EDGE('',*,*,#4189,.T.);
#4189 = EDGE_CURVE('',#2006,#4190,#4192,.T.);
#4190 = VERTEX_POINT('',#4191);
#4191 = CARTESIAN_POINT('',(-83.4,-30.1,1.6));
#4192 = SURFACE_CURVE('',#4193,(#4197,#4204),.PCURVE_S1.);
#4193 = LINE('',#4194,#4195);
#4194 = CARTESIAN_POINT('',(-83.4,-30.1,5.8));
#4195 = VECTOR('',#4196,1.);
#4196 = DIRECTION('',(0.,-1.224646799147E-16,-1.));
#4197 = PCURVE('',#2050,#4198);
#4198 = DEFINITIONAL_REPRESENTATION('',(#4199),#4203);
#4199 = LINE('',#4200,#4201);
#4200 = CARTESIAN_POINT('',(1.570796326795,0.));
#4201 = VECTOR('',#4202,1.);
#4202 = DIRECTION('',(0.,1.));
#4203 = ( GEOMETRIC_REPRESENTATION_CONTEXT(2) 
PARAMETRIC_REPRESENTATION_CONTEXT() REPRESENTATION_CONTEXT('2D SPACE',''
  ) );
#4204 = PCURVE('',#2021,#4205);
#4205 = DEFINITIONAL_REPRESENTATION('',(#4206),#4210);
#4206 = LINE('',#4207,#4208);
#4207 = CARTESIAN_POINT('',(2.8,3.429011037613E-16));
#4208 = VECTOR('',#4209,1.);
#4209 = DIRECTION('',(0.,-1.));
#4210 = ( GEOMETRIC_REPRESENTATION_CONTEXT(2) 
PARAMETRIC_REPRESENTATION_CONTEXT() REPRESENTATION_CONTEXT('2D SPACE',''
  ) );
#4211 = ORIENTED_EDGE('',*,*,#4212,.F.);
#4212 = EDGE_CURVE('',#4139,#4190,#4213,.T.);
#4213 = SURFACE_CURVE('',#4214,(#4219,#4226),.PCURVE_S1.);
#4214 = CIRCLE('',#4215,2.8);
#4215 = AXIS2_PLACEMENT_3D('',#4216,#4217,#4218);
#4216 = CARTESIAN_POINT('',(-80.6,-30.1,1.6));
#4217 = DIRECTION('',(0.,-1.224646799147E-16,-1.));
#4218 = DIRECTION('',(0.,-1.,1.224646799147E-16));
#4219 = PCURVE('',#2050,#4220);
#4220 = DEFINITIONAL_REPRESENTATION('',(#4221),#4225);
#4221 = LINE('',#4222,#4223);
#4222 = CARTESIAN_POINT('',(0.,4.2));
#4223 = VECTOR('',#4224,1.);
#4224 = DIRECTION('',(1.,0.));
#4225 = ( GEOMETRIC_REPRESENTATION_CONTEXT(2) 
PARAMETRIC_REPRESENTATION_CONTEXT() REPRESENTATION_CONTEXT('2D SPACE',''
  ) );
#4226 = PCURVE('',#4004,#4227);
#4227 = DEFINITIONAL_REPRESENTATION('',(#4228),#4232);
#4228 = CIRCLE('',#4229,2.8);
#4229 = AXIS2_PLACEMENT_2D('',#4230,#4231);
#4230 = CARTESIAN_POINT('',(-80.6,30.1));
#4231 = DIRECTION('',(0.,1.));
#4232 = ( GEOMETRIC_REPRESENTATION_CONTEXT(2) 
PARAMETRIC_REPRESENTATION_CONTEXT() REPRESENTATION_CONTEXT('2D SPACE',''
  ) );
#4233 = ADVANCED_FACE('',(#4234),#2021,.T.);
#4234 = FACE_BOUND('',#4235,.T.);
#4235 = EDGE_LOOP('',(#4236,#4237,#4238,#4261));
#4236 = ORIENTED_EDGE('',*,*,#2005,.T.);
#4237 = ORIENTED_EDGE('',*,*,#4189,.T.);
#4238 = ORIENTED_EDGE('',*,*,#4239,.F.);
#4239 = EDGE_CURVE('',#4240,#4190,#4242,.T.);
#4240 = VERTEX_POINT('',#4241);
#4241 = CARTESIAN_POINT('',(-83.4,30.1,1.6));
#4242 = SURFACE_CURVE('',#4243,(#4247,#4254),.PCURVE_S1.);
#4243 = LINE('',#4244,#4245);
#4244 = CARTESIAN_POINT('',(-83.4,-16.45,1.6));
#4245 = VECTOR('',#4246,1.);
#4246 = DIRECTION('',(0.,-1.,1.224646799147E-16));
#4247 = PCURVE('',#2021,#4248);
#4248 = DEFINITIONAL_REPRESENTATION('',(#4249),#4253);
#4249 = LINE('',#4250,#4251);
#4250 = CARTESIAN_POINT('',(16.45,-4.2));
#4251 = VECTOR('',#4252,1.);
#4252 = DIRECTION('',(-1.,0.));
#4253 = ( GEOMETRIC_REPRESENTATION_CONTEXT(2) 
PARAMETRIC_REPRESENTATION_CONTEXT() REPRESENTATION_CONTEXT('2D SPACE',''
  ) );
#4254 = PCURVE('',#4004,#4255);
#4255 = DEFINITIONAL_REPRESENTATION('',(#4256),#4260);
#4256 = LINE('',#4257,#4258);
#4257 = CARTESIAN_POINT('',(-83.4,16.45));
#4258 = VECTOR('',#4259,1.);
#4259 = DIRECTION('',(0.,1.));
#4260 = ( GEOMETRIC_REPRESENTATION_CONTEXT(2) 
PARAMETRIC_REPRESENTATION_CONTEXT() REPRESENTATION_CONTEXT('2D SPACE',''
  ) );
#4261 = ORIENTED_EDGE('',*,*,#4262,.F.);
#4262 = EDGE_CURVE('',#1977,#4240,#4263,.T.);
#4263 = SURFACE_CURVE('',#4264,(#4268,#4275),.PCURVE_S1.);
#4264 = LINE('',#4265,#4266);
#4265 = CARTESIAN_POINT('',(-83.4,30.1,5.8));
#4266 = VECTOR('',#4267,1.);
#4267 = DIRECTION('',(0.,-1.224646799147E-16,-1.));
#4268 = PCURVE('',#2021,#4269);
#4269 = DEFINITIONAL_REPRESENTATION('',(#4270),#4274);
#4270 = LINE('',#4271,#4272);
#4271 = CARTESIAN_POINT('',(63.,6.098474770273E-16));
#4272 = VECTOR('',#4273,1.);
#4273 = DIRECTION('',(0.,-1.));
#4274 = ( GEOMETRIC_REPRESENTATION_CONTEXT(2) 
PARAMETRIC_REPRESENTATION_CONTEXT() REPRESENTATION_CONTEXT('2D SPACE',''
  ) );
#4275 = PCURVE('',#1993,#4276);
#4276 = DEFINITIONAL_REPRESENTATION('',(#4277),#4281);
#4277 = LINE('',#4278,#4279);
#4278 = CARTESIAN_POINT('',(-1.570796326795,0.));
#4279 = VECTOR('',#4280,1.);
#4280 = DIRECTION('',(-0.,1.));
#4281 = ( GEOMETRIC_REPRESENTATION_CONTEXT(2) 
PARAMETRIC_REPRESENTATION_CONTEXT() REPRESENTATION_CONTEXT('2D SPACE',''
  ) );
#4282 = ADVANCED_FACE('',(#4283),#1993,.F.);
#4283 = FACE_BOUND('',#4284,.T.);
#4284 = EDGE_LOOP('',(#4285,#4308,#4309,#4310));
#4285 = ORIENTED_EDGE('',*,*,#4286,.F.);
#4286 = EDGE_CURVE('',#1949,#4287,#4289,.T.);
#4287 = VERTEX_POINT('',#4288);
#4288 = CARTESIAN_POINT('',(-80.6,32.9,1.6));
#4289 = SURFACE_CURVE('',#4290,(#4294,#4301),.PCURVE_S1.);
#4290 = LINE('',#4291,#4292);
#4291 = CARTESIAN_POINT('',(-80.6,32.9,5.8));
#4292 = VECTOR('',#4293,1.);
#4293 = DIRECTION('',(0.,-1.224646799147E-16,-1.));
#4294 = PCURVE('',#1993,#4295);
#4295 = DEFINITIONAL_REPRESENTATION('',(#4296),#4300);
#4296 = LINE('',#4297,#4298);
#4297 = CARTESIAN_POINT('',(-0.,0.));
#4298 = VECTOR('',#4299,1.);
#4299 = DIRECTION('',(-0.,1.));
#4300 = ( GEOMETRIC_REPRESENTATION_CONTEXT(2) 
PARAMETRIC_REPRESENTATION_CONTEXT() REPRESENTATION_CONTEXT('2D SPACE',''
  ) );
#4301 = PCURVE('',#1964,#4302);
#4302 = DEFINITIONAL_REPRESENTATION('',(#4303),#4307);
#4303 = LINE('',#4304,#4305);
#4304 = CARTESIAN_POINT('',(2.8,0.));
#4305 = VECTOR('',#4306,1.);
#4306 = DIRECTION('',(0.,-1.));
#4307 = ( GEOMETRIC_REPRESENTATION_CONTEXT(2) 
PARAMETRIC_REPRESENTATION_CONTEXT() REPRESENTATION_CONTEXT('2D SPACE',''
  ) );
#4308 = ORIENTED_EDGE('',*,*,#1976,.F.);
#4309 = ORIENTED_EDGE('',*,*,#4262,.T.);
#4310 = ORIENTED_EDGE('',*,*,#4311,.T.);
#4311 = EDGE_CURVE('',#4240,#4287,#4312,.T.);
#4312 = SURFACE_CURVE('',#4313,(#4318,#4325),.PCURVE_S1.);
#4313 = CIRCLE('',#4314,2.8);
#4314 = AXIS2_PLACEMENT_3D('',#4315,#4316,#4317);
#4315 = CARTESIAN_POINT('',(-80.6,30.1,1.6));
#4316 = DIRECTION('',(0.,-1.224646799147E-16,-1.));
#4317 = DIRECTION('',(0.,1.,-1.224646799147E-16));
#4318 = PCURVE('',#1993,#4319);
#4319 = DEFINITIONAL_REPRESENTATION('',(#4320),#4324);
#4320 = LINE('',#4321,#4322);
#4321 = CARTESIAN_POINT('',(-6.28318530718,4.2));
#4322 = VECTOR('',#4323,1.);
#4323 = DIRECTION('',(1.,-0.));
#4324 = ( GEOMETRIC_REPRESENTATION_CONTEXT(2) 
PARAMETRIC_REPRESENTATION_CONTEXT() REPRESENTATION_CONTEXT('2D SPACE',''
  ) );
#4325 = PCURVE('',#4004,#4326);
#4326 = DEFINITIONAL_REPRESENTATION('',(#4327),#4331);
#4327 = CIRCLE('',#4328,2.8);
#4328 = AXIS2_PLACEMENT_2D('',#4329,#4330);
#4329 = CARTESIAN_POINT('',(-80.6,-30.1));
#4330 = DIRECTION('',(0.,-1.));
#4331 = ( GEOMETRIC_REPRESENTATION_CONTEXT(2) 
PARAMETRIC_REPRESENTATION_CONTEXT() REPRESENTATION_CONTEXT('2D SPACE',''
  ) );
#4332 = ADVANCED_FACE('',(#4333),#1964,.T.);
#4333 = FACE_BOUND('',#4334,.T.);
#4334 = EDGE_LOOP('',(#4335,#4358,#4359,#4360));
#4335 = ORIENTED_EDGE('',*,*,#4336,.T.);
#4336 = EDGE_CURVE('',#4337,#1921,#4339,.T.);
#4337 = VERTEX_POINT('',#4338);
#4338 = CARTESIAN_POINT('',(-17.3,32.9,1.6));
#4339 = SURFACE_CURVE('',#4340,(#4344,#4351),.PCURVE_S1.);
#4340 = LINE('',#4341,#4342);
#4341 = CARTESIAN_POINT('',(-17.3,32.9,5.3));
#4342 = VECTOR('',#4343,1.);
#4343 = DIRECTION('',(0.,1.224646799147E-16,1.));
#4344 = PCURVE('',#1964,#4345);
#4345 = DEFINITIONAL_REPRESENTATION('',(#4346),#4350);
#4346 = LINE('',#4347,#4348);
#4347 = CARTESIAN_POINT('',(66.1,-0.5));
#4348 = VECTOR('',#4349,1.);
#4349 = DIRECTION('',(0.,1.));
#4350 = ( GEOMETRIC_REPRESENTATION_CONTEXT(2) 
PARAMETRIC_REPRESENTATION_CONTEXT() REPRESENTATION_CONTEXT('2D SPACE',''
  ) );
#4351 = PCURVE('',#1936,#4352);
#4352 = DEFINITIONAL_REPRESENTATION('',(#4353),#4357);
#4353 = LINE('',#4354,#4355);
#4354 = CARTESIAN_POINT('',(-0.5,-0.4));
#4355 = VECTOR('',#4356,1.);
#4356 = DIRECTION('',(-1.,0.));
#4357 = ( GEOMETRIC_REPRESENTATION_CONTEXT(2) 
PARAMETRIC_REPRESENTATION_CONTEXT() REPRESENTATION_CONTEXT('2D SPACE',''
  ) );
#4358 = ORIENTED_EDGE('',*,*,#1948,.T.);
#4359 = ORIENTED_EDGE('',*,*,#4286,.T.);
#4360 = ORIENTED_EDGE('',*,*,#4361,.T.);
#4361 = EDGE_CURVE('',#4287,#4337,#4362,.T.);
#4362 = SURFACE_CURVE('',#4363,(#4367,#4374),.PCURVE_S1.);
#4363 = LINE('',#4364,#4365);
#4364 = CARTESIAN_POINT('',(-80.6,32.9,1.6));
#4365 = VECTOR('',#4366,1.);
#4366 = DIRECTION('',(1.,0.,0.));
#4367 = PCURVE('',#1964,#4368);
#4368 = DEFINITIONAL_REPRESENTATION('',(#4369),#4373);
#4369 = LINE('',#4370,#4371);
#4370 = CARTESIAN_POINT('',(2.8,-4.2));
#4371 = VECTOR('',#4372,1.);
#4372 = DIRECTION('',(1.,0.));
#4373 = ( GEOMETRIC_REPRESENTATION_CONTEXT(2) 
PARAMETRIC_REPRESENTATION_CONTEXT() REPRESENTATION_CONTEXT('2D SPACE',''
  ) );
#4374 = PCURVE('',#4004,#4375);
#4375 = DEFINITIONAL_REPRESENTATION('',(#4376),#4380);
#4376 = LINE('',#4377,#4378);
#4377 = CARTESIAN_POINT('',(-80.6,-32.9));
#4378 = VECTOR('',#4379,1.);
#4379 = DIRECTION('',(1.,0.));
#4380 = ( GEOMETRIC_REPRESENTATION_CONTEXT(2) 
PARAMETRIC_REPRESENTATION_CONTEXT() REPRESENTATION_CONTEXT('2D SPACE',''
  ) );
#4381 = ADVANCED_FACE('',(#4382),#1936,.T.);
#4382 = FACE_BOUND('',#4383,.T.);
#4383 = EDGE_LOOP('',(#4384,#4407,#4428,#4429));
#4384 = ORIENTED_EDGE('',*,*,#4385,.F.);
#4385 = EDGE_CURVE('',#4386,#4337,#4388,.T.);
#4386 = VERTEX_POINT('',#4387);
#4387 = CARTESIAN_POINT('',(-17.3,33.3,1.6));
#4388 = SURFACE_CURVE('',#4389,(#4393,#4400),.PCURVE_S1.);
#4389 = LINE('',#4390,#4391);
#4390 = CARTESIAN_POINT('',(-17.3,33.3,1.6));
#4391 = VECTOR('',#4392,1.);
#4392 = DIRECTION('',(0.,-1.,1.224646799147E-16));
#4393 = PCURVE('',#1936,#4394);
#4394 = DEFINITIONAL_REPRESENTATION('',(#4395),#4399);
#4395 = LINE('',#4396,#4397);
#4396 = CARTESIAN_POINT('',(3.2,-6.713540381874E-15));
#4397 = VECTOR('',#4398,1.);
#4398 = DIRECTION('',(0.,-1.));
#4399 = ( GEOMETRIC_REPRESENTATION_CONTEXT(2) 
PARAMETRIC_REPRESENTATION_CONTEXT() REPRESENTATION_CONTEXT('2D SPACE',''
  ) );
#4400 = PCURVE('',#4004,#4401);
#4401 = DEFINITIONAL_REPRESENTATION('',(#4402),#4406);
#4402 = LINE('',#4403,#4404);
#4403 = CARTESIAN_POINT('',(-17.3,-33.3));
#4404 = VECTOR('',#4405,1.);
#4405 = DIRECTION('',(0.,1.));
#4406 = ( GEOMETRIC_REPRESENTATION_CONTEXT(2) 
PARAMETRIC_REPRESENTATION_CONTEXT() REPRESENTATION_CONTEXT('2D SPACE',''
  ) );
#4407 = ORIENTED_EDGE('',*,*,#4408,.F.);
#4408 = EDGE_CURVE('',#1893,#4386,#4409,.T.);
#4409 = SURFACE_CURVE('',#4410,(#4414,#4421),.PCURVE_S1.);
#4410 = LINE('',#4411,#4412);
#4411 = CARTESIAN_POINT('',(-17.3,33.3,4.8));
#4412 = VECTOR('',#4413,1.);
#4413 = DIRECTION('',(0.,-1.224646799147E-16,-1.));
#4414 = PCURVE('',#1936,#4415);
#4415 = DEFINITIONAL_REPRESENTATION('',(#4416),#4420);
#4416 = LINE('',#4417,#4418);
#4417 = CARTESIAN_POINT('',(0.,0.));
#4418 = VECTOR('',#4419,1.);
#4419 = DIRECTION('',(1.,0.));
#4420 = ( GEOMETRIC_REPRESENTATION_CONTEXT(2) 
PARAMETRIC_REPRESENTATION_CONTEXT() REPRESENTATION_CONTEXT('2D SPACE',''
  ) );
#4421 = PCURVE('',#1908,#4422);
#4422 = DEFINITIONAL_REPRESENTATION('',(#4423),#4427);
#4423 = LINE('',#4424,#4425);
#4424 = CARTESIAN_POINT('',(0.,0.));
#4425 = VECTOR('',#4426,1.);
#4426 = DIRECTION('',(1.,0.));
#4427 = ( GEOMETRIC_REPRESENTATION_CONTEXT(2) 
PARAMETRIC_REPRESENTATION_CONTEXT() REPRESENTATION_CONTEXT('2D SPACE',''
  ) );
#4428 = ORIENTED_EDGE('',*,*,#1920,.T.);
#4429 = ORIENTED_EDGE('',*,*,#4336,.F.);
#4430 = ADVANCED_FACE('',(#4431),#1908,.T.);
#4431 = FACE_BOUND('',#4432,.T.);
#4432 = EDGE_LOOP('',(#4433,#4434,#4435,#4458));
#4433 = ORIENTED_EDGE('',*,*,#1892,.F.);
#4434 = ORIENTED_EDGE('',*,*,#4408,.T.);
#4435 = ORIENTED_EDGE('',*,*,#4436,.T.);
#4436 = EDGE_CURVE('',#4386,#4437,#4439,.T.);
#4437 = VERTEX_POINT('',#4438);
#4438 = CARTESIAN_POINT('',(-10.7,33.3,1.6));
#4439 = SURFACE_CURVE('',#4440,(#4444,#4451),.PCURVE_S1.);
#4440 = LINE('',#4441,#4442);
#4441 = CARTESIAN_POINT('',(-17.3,33.3,1.6));
#4442 = VECTOR('',#4443,1.);
#4443 = DIRECTION('',(1.,0.,0.));
#4444 = PCURVE('',#1908,#4445);
#4445 = DEFINITIONAL_REPRESENTATION('',(#4446),#4450);
#4446 = LINE('',#4447,#4448);
#4447 = CARTESIAN_POINT('',(3.2,0.));
#4448 = VECTOR('',#4449,1.);
#4449 = DIRECTION('',(0.,1.));
#4450 = ( GEOMETRIC_REPRESENTATION_CONTEXT(2) 
PARAMETRIC_REPRESENTATION_CONTEXT() REPRESENTATION_CONTEXT('2D SPACE',''
  ) );
#4451 = PCURVE('',#4004,#4452);
#4452 = DEFINITIONAL_REPRESENTATION('',(#4453),#4457);
#4453 = LINE('',#4454,#4455);
#4454 = CARTESIAN_POINT('',(-17.3,-33.3));
#4455 = VECTOR('',#4456,1.);
#4456 = DIRECTION('',(1.,0.));
#4457 = ( GEOMETRIC_REPRESENTATION_CONTEXT(2) 
PARAMETRIC_REPRESENTATION_CONTEXT() REPRESENTATION_CONTEXT('2D SPACE',''
  ) );
#4458 = ORIENTED_EDGE('',*,*,#4459,.F.);
#4459 = EDGE_CURVE('',#1865,#4437,#4460,.T.);
#4460 = SURFACE_CURVE('',#4461,(#4465,#4472),.PCURVE_S1.);
#4461 = LINE('',#4462,#4463);
#4462 = CARTESIAN_POINT('',(-10.7,33.3,4.8));
#4463 = VECTOR('',#4464,1.);
#4464 = DIRECTION('',(0.,-1.224646799147E-16,-1.));
#4465 = PCURVE('',#1908,#4466);
#4466 = DEFINITIONAL_REPRESENTATION('',(#4467),#4471);
#4467 = LINE('',#4468,#4469);
#4468 = CARTESIAN_POINT('',(0.,6.6));
#4469 = VECTOR('',#4470,1.);
#4470 = DIRECTION('',(1.,0.));
#4471 = ( GEOMETRIC_REPRESENTATION_CONTEXT(2) 
PARAMETRIC_REPRESENTATION_CONTEXT() REPRESENTATION_CONTEXT('2D SPACE',''
  ) );
#4472 = PCURVE('',#1880,#4473);
#4473 = DEFINITIONAL_REPRESENTATION('',(#4474),#4478);
#4474 = LINE('',#4475,#4476);
#4475 = CARTESIAN_POINT('',(0.,0.));
#4476 = VECTOR('',#4477,1.);
#4477 = DIRECTION('',(1.,0.));
#4478 = ( GEOMETRIC_REPRESENTATION_CONTEXT(2) 
PARAMETRIC_REPRESENTATION_CONTEXT() REPRESENTATION_CONTEXT('2D SPACE',''
  ) );
#4479 = ADVANCED_FACE('',(#4480),#1880,.F.);
#4480 = FACE_BOUND('',#4481,.F.);
#4481 = EDGE_LOOP('',(#4482,#4505,#4506,#4507));
#4482 = ORIENTED_EDGE('',*,*,#4483,.F.);
#4483 = EDGE_CURVE('',#4437,#4484,#4486,.T.);
#4484 = VERTEX_POINT('',#4485);
#4485 = CARTESIAN_POINT('',(-10.7,32.9,1.6));
#4486 = SURFACE_CURVE('',#4487,(#4491,#4498),.PCURVE_S1.);
#4487 = LINE('',#4488,#4489);
#4488 = CARTESIAN_POINT('',(-10.7,33.3,1.6));
#4489 = VECTOR('',#4490,1.);
#4490 = DIRECTION('',(0.,-1.,1.224646799147E-16));
#4491 = PCURVE('',#1880,#4492);
#4492 = DEFINITIONAL_REPRESENTATION('',(#4493),#4497);
#4493 = LINE('',#4494,#4495);
#4494 = CARTESIAN_POINT('',(3.2,-6.713540381874E-15));
#4495 = VECTOR('',#4496,1.);
#4496 = DIRECTION('',(0.,-1.));
#4497 = ( GEOMETRIC_REPRESENTATION_CONTEXT(2) 
PARAMETRIC_REPRESENTATION_CONTEXT() REPRESENTATION_CONTEXT('2D SPACE',''
  ) );
#4498 = PCURVE('',#4004,#4499);
#4499 = DEFINITIONAL_REPRESENTATION('',(#4500),#4504);
#4500 = LINE('',#4501,#4502);
#4501 = CARTESIAN_POINT('',(-10.7,-33.3));
#4502 = VECTOR('',#4503,1.);
#4503 = DIRECTION('',(0.,1.));
#4504 = ( GEOMETRIC_REPRESENTATION_CONTEXT(2) 
PARAMETRIC_REPRESENTATION_CONTEXT() REPRESENTATION_CONTEXT('2D SPACE',''
  ) );
#4505 = ORIENTED_EDGE('',*,*,#4459,.F.);
#4506 = ORIENTED_EDGE('',*,*,#1864,.T.);
#4507 = ORIENTED_EDGE('',*,*,#4508,.F.);
#4508 = EDGE_CURVE('',#4484,#1837,#4509,.T.);
#4509 = SURFACE_CURVE('',#4510,(#4514,#4521),.PCURVE_S1.);
#4510 = LINE('',#4511,#4512);
#4511 = CARTESIAN_POINT('',(-10.7,32.9,5.3));
#4512 = VECTOR('',#4513,1.);
#4513 = DIRECTION('',(0.,1.224646799147E-16,1.));
#4514 = PCURVE('',#1880,#4515);
#4515 = DEFINITIONAL_REPRESENTATION('',(#4516),#4520);
#4516 = LINE('',#4517,#4518);
#4517 = CARTESIAN_POINT('',(-0.5,-0.4));
#4518 = VECTOR('',#4519,1.);
#4519 = DIRECTION('',(-1.,0.));
#4520 = ( GEOMETRIC_REPRESENTATION_CONTEXT(2) 
PARAMETRIC_REPRESENTATION_CONTEXT() REPRESENTATION_CONTEXT('2D SPACE',''
  ) );
#4521 = PCURVE('',#1852,#4522);
#4522 = DEFINITIONAL_REPRESENTATION('',(#4523),#4527);
#4523 = LINE('',#4524,#4525);
#4524 = CARTESIAN_POINT('',(72.7,-0.5));
#4525 = VECTOR('',#4526,1.);
#4526 = DIRECTION('',(0.,1.));
#4527 = ( GEOMETRIC_REPRESENTATION_CONTEXT(2) 
PARAMETRIC_REPRESENTATION_CONTEXT() REPRESENTATION_CONTEXT('2D SPACE',''
  ) );
#4528 = ADVANCED_FACE('',(#4529),#1852,.T.);
#4529 = FACE_BOUND('',#4530,.T.);
#4530 = EDGE_LOOP('',(#4531,#4554,#4555,#4556));
#4531 = ORIENTED_EDGE('',*,*,#4532,.F.);
#4532 = EDGE_CURVE('',#1808,#4533,#4535,.T.);
#4533 = VERTEX_POINT('',#4534);
#4534 = CARTESIAN_POINT('',(80.6,32.9,1.6));
#4535 = SURFACE_CURVE('',#4536,(#4540,#4547),.PCURVE_S1.);
#4536 = LINE('',#4537,#4538);
#4537 = CARTESIAN_POINT('',(80.6,32.9,5.8));
#4538 = VECTOR('',#4539,1.);
#4539 = DIRECTION('',(0.,-1.224646799147E-16,-1.));
#4540 = PCURVE('',#1852,#4541);
#4541 = DEFINITIONAL_REPRESENTATION('',(#4542),#4546);
#4542 = LINE('',#4543,#4544);
#4543 = CARTESIAN_POINT('',(164.,0.));
#4544 = VECTOR('',#4545,1.);
#4545 = DIRECTION('',(0.,-1.));
#4546 = ( GEOMETRIC_REPRESENTATION_CONTEXT(2) 
PARAMETRIC_REPRESENTATION_CONTEXT() REPRESENTATION_CONTEXT('2D SPACE',''
  ) );
#4547 = PCURVE('',#1824,#4548);
#4548 = DEFINITIONAL_REPRESENTATION('',(#4549),#4553);
#4549 = LINE('',#4550,#4551);
#4550 = CARTESIAN_POINT('',(0.,0.));
#4551 = VECTOR('',#4552,1.);
#4552 = DIRECTION('',(0.,1.));
#4553 = ( GEOMETRIC_REPRESENTATION_CONTEXT(2) 
PARAMETRIC_REPRESENTATION_CONTEXT() REPRESENTATION_CONTEXT('2D SPACE',''
  ) );
#4554 = ORIENTED_EDGE('',*,*,#1836,.T.);
#4555 = ORIENTED_EDGE('',*,*,#4508,.F.);
#4556 = ORIENTED_EDGE('',*,*,#4557,.T.);
#4557 = EDGE_CURVE('',#4484,#4533,#4558,.T.);
#4558 = SURFACE_CURVE('',#4559,(#4563,#4570),.PCURVE_S1.);
#4559 = LINE('',#4560,#4561);
#4560 = CARTESIAN_POINT('',(-80.6,32.9,1.6));
#4561 = VECTOR('',#4562,1.);
#4562 = DIRECTION('',(1.,0.,0.));
#4563 = PCURVE('',#1852,#4564);
#4564 = DEFINITIONAL_REPRESENTATION('',(#4565),#4569);
#4565 = LINE('',#4566,#4567);
#4566 = CARTESIAN_POINT('',(2.8,-4.2));
#4567 = VECTOR('',#4568,1.);
#4568 = DIRECTION('',(1.,0.));
#4569 = ( GEOMETRIC_REPRESENTATION_CONTEXT(2) 
PARAMETRIC_REPRESENTATION_CONTEXT() REPRESENTATION_CONTEXT('2D SPACE',''
  ) );
#4570 = PCURVE('',#4004,#4571);
#4571 = DEFINITIONAL_REPRESENTATION('',(#4572),#4576);
#4572 = LINE('',#4573,#4574);
#4573 = CARTESIAN_POINT('',(-80.6,-32.9));
#4574 = VECTOR('',#4575,1.);
#4575 = DIRECTION('',(1.,0.));
#4576 = ( GEOMETRIC_REPRESENTATION_CONTEXT(2) 
PARAMETRIC_REPRESENTATION_CONTEXT() REPRESENTATION_CONTEXT('2D SPACE',''
  ) );
#4577 = ADVANCED_FACE('',(#4578),#1824,.F.);
#4578 = FACE_BOUND('',#4579,.F.);
#4579 = EDGE_LOOP('',(#4580,#4581,#4582,#4605));
#4580 = ORIENTED_EDGE('',*,*,#4532,.F.);
#4581 = ORIENTED_EDGE('',*,*,#1807,.T.);
#4582 = ORIENTED_EDGE('',*,*,#4583,.T.);
#4583 = EDGE_CURVE('',#1780,#4584,#4586,.T.);
#4584 = VERTEX_POINT('',#4585);
#4585 = CARTESIAN_POINT('',(83.4,30.1,1.6));
#4586 = SURFACE_CURVE('',#4587,(#4591,#4598),.PCURVE_S1.);
#4587 = LINE('',#4588,#4589);
#4588 = CARTESIAN_POINT('',(83.4,30.1,5.8));
#4589 = VECTOR('',#4590,1.);
#4590 = DIRECTION('',(0.,-1.224646799147E-16,-1.));
#4591 = PCURVE('',#1824,#4592);
#4592 = DEFINITIONAL_REPRESENTATION('',(#4593),#4597);
#4593 = LINE('',#4594,#4595);
#4594 = CARTESIAN_POINT('',(1.570796326795,0.));
#4595 = VECTOR('',#4596,1.);
#4596 = DIRECTION('',(0.,1.));
#4597 = ( GEOMETRIC_REPRESENTATION_CONTEXT(2) 
PARAMETRIC_REPRESENTATION_CONTEXT() REPRESENTATION_CONTEXT('2D SPACE',''
  ) );
#4598 = PCURVE('',#1795,#4599);
#4599 = DEFINITIONAL_REPRESENTATION('',(#4600),#4604);
#4600 = LINE('',#4601,#4602);
#4601 = CARTESIAN_POINT('',(2.8,-3.429011037613E-16));
#4602 = VECTOR('',#4603,1.);
#4603 = DIRECTION('',(0.,-1.));
#4604 = ( GEOMETRIC_REPRESENTATION_CONTEXT(2) 
PARAMETRIC_REPRESENTATION_CONTEXT() REPRESENTATION_CONTEXT('2D SPACE',''
  ) );
#4605 = ORIENTED_EDGE('',*,*,#4606,.F.);
#4606 = EDGE_CURVE('',#4533,#4584,#4607,.T.);
#4607 = SURFACE_CURVE('',#4608,(#4613,#4620),.PCURVE_S1.);
#4608 = CIRCLE('',#4609,2.8);
#4609 = AXIS2_PLACEMENT_3D('',#4610,#4611,#4612);
#4610 = CARTESIAN_POINT('',(80.6,30.1,1.6));
#4611 = DIRECTION('',(0.,-1.224646799147E-16,-1.));
#4612 = DIRECTION('',(0.,1.,-1.224646799147E-16));
#4613 = PCURVE('',#1824,#4614);
#4614 = DEFINITIONAL_REPRESENTATION('',(#4615),#4619);
#4615 = LINE('',#4616,#4617);
#4616 = CARTESIAN_POINT('',(0.,4.2));
#4617 = VECTOR('',#4618,1.);
#4618 = DIRECTION('',(1.,0.));
#4619 = ( GEOMETRIC_REPRESENTATION_CONTEXT(2) 
PARAMETRIC_REPRESENTATION_CONTEXT() REPRESENTATION_CONTEXT('2D SPACE',''
  ) );
#4620 = PCURVE('',#4004,#4621);
#4621 = DEFINITIONAL_REPRESENTATION('',(#4622),#4626);
#4622 = CIRCLE('',#4623,2.8);
#4623 = AXIS2_PLACEMENT_2D('',#4624,#4625);
#4624 = CARTESIAN_POINT('',(80.6,-30.1));
#4625 = DIRECTION('',(0.,-1.));
#4626 = ( GEOMETRIC_REPRESENTATION_CONTEXT(2) 
PARAMETRIC_REPRESENTATION_CONTEXT() REPRESENTATION_CONTEXT('2D SPACE',''
  ) );
#4627 = ADVANCED_FACE('',(#4628),#1795,.T.);
#4628 = FACE_BOUND('',#4629,.T.);
#4629 = EDGE_LOOP('',(#4630,#4631,#4632,#4655));
#4630 = ORIENTED_EDGE('',*,*,#1779,.T.);
#4631 = ORIENTED_EDGE('',*,*,#4583,.T.);
#4632 = ORIENTED_EDGE('',*,*,#4633,.F.);
#4633 = EDGE_CURVE('',#4634,#4584,#4636,.T.);
#4634 = VERTEX_POINT('',#4635);
#4635 = CARTESIAN_POINT('',(83.4,-30.1,1.6));
#4636 = SURFACE_CURVE('',#4637,(#4641,#4648),.PCURVE_S1.);
#4637 = LINE('',#4638,#4639);
#4638 = CARTESIAN_POINT('',(83.4,16.45,1.6));
#4639 = VECTOR('',#4640,1.);
#4640 = DIRECTION('',(0.,1.,-1.224646799147E-16));
#4641 = PCURVE('',#1795,#4642);
#4642 = DEFINITIONAL_REPRESENTATION('',(#4643),#4647);
#4643 = LINE('',#4644,#4645);
#4644 = CARTESIAN_POINT('',(16.45,-4.2));
#4645 = VECTOR('',#4646,1.);
#4646 = DIRECTION('',(-1.,0.));
#4647 = ( GEOMETRIC_REPRESENTATION_CONTEXT(2) 
PARAMETRIC_REPRESENTATION_CONTEXT() REPRESENTATION_CONTEXT('2D SPACE',''
  ) );
#4648 = PCURVE('',#4004,#4649);
#4649 = DEFINITIONAL_REPRESENTATION('',(#4650),#4654);
#4650 = LINE('',#4651,#4652);
#4651 = CARTESIAN_POINT('',(83.4,-16.45));
#4652 = VECTOR('',#4653,1.);
#4653 = DIRECTION('',(0.,-1.));
#4654 = ( GEOMETRIC_REPRESENTATION_CONTEXT(2) 
PARAMETRIC_REPRESENTATION_CONTEXT() REPRESENTATION_CONTEXT('2D SPACE',''
  ) );
#4655 = ORIENTED_EDGE('',*,*,#4656,.F.);
#4656 = EDGE_CURVE('',#1751,#4634,#4657,.T.);
#4657 = SURFACE_CURVE('',#4658,(#4662,#4669),.PCURVE_S1.);
#4658 = LINE('',#4659,#4660);
#4659 = CARTESIAN_POINT('',(83.4,-30.1,5.8));
#4660 = VECTOR('',#4661,1.);
#4661 = DIRECTION('',(0.,-1.224646799147E-16,-1.));
#4662 = PCURVE('',#1795,#4663);
#4663 = DEFINITIONAL_REPRESENTATION('',(#4664),#4668);
#4664 = LINE('',#4665,#4666);
#4665 = CARTESIAN_POINT('',(63.,-6.098474770273E-16));
#4666 = VECTOR('',#4667,1.);
#4667 = DIRECTION('',(0.,-1.));
#4668 = ( GEOMETRIC_REPRESENTATION_CONTEXT(2) 
PARAMETRIC_REPRESENTATION_CONTEXT() REPRESENTATION_CONTEXT('2D SPACE',''
  ) );
#4669 = PCURVE('',#1767,#4670);
#4670 = DEFINITIONAL_REPRESENTATION('',(#4671),#4675);
#4671 = LINE('',#4672,#4673);
#4672 = CARTESIAN_POINT('',(0.,0.));
#4673 = VECTOR('',#4674,1.);
#4674 = DIRECTION('',(0.,1.));
#4675 = ( GEOMETRIC_REPRESENTATION_CONTEXT(2) 
PARAMETRIC_REPRESENTATION_CONTEXT() REPRESENTATION_CONTEXT('2D SPACE',''
  ) );
#4676 = ADVANCED_FACE('',(#4677),#1767,.F.);
#4677 = FACE_BOUND('',#4678,.F.);
#4678 = EDGE_LOOP('',(#4679,#4680,#4681,#4704));
#4679 = ORIENTED_EDGE('',*,*,#4656,.F.);
#4680 = ORIENTED_EDGE('',*,*,#1750,.T.);
#4681 = ORIENTED_EDGE('',*,*,#4682,.T.);
#4682 = EDGE_CURVE('',#1723,#4683,#4685,.T.);
#4683 = VERTEX_POINT('',#4684);
#4684 = CARTESIAN_POINT('',(80.6,-32.9,1.6));
#4685 = SURFACE_CURVE('',#4686,(#4690,#4697),.PCURVE_S1.);
#4686 = LINE('',#4687,#4688);
#4687 = CARTESIAN_POINT('',(80.6,-32.9,5.8));
#4688 = VECTOR('',#4689,1.);
#4689 = DIRECTION('',(0.,-1.224646799147E-16,-1.));
#4690 = PCURVE('',#1767,#4691);
#4691 = DEFINITIONAL_REPRESENTATION('',(#4692),#4696);
#4692 = LINE('',#4693,#4694);
#4693 = CARTESIAN_POINT('',(1.570796326795,0.));
#4694 = VECTOR('',#4695,1.);
#4695 = DIRECTION('',(0.,1.));
#4696 = ( GEOMETRIC_REPRESENTATION_CONTEXT(2) 
PARAMETRIC_REPRESENTATION_CONTEXT() REPRESENTATION_CONTEXT('2D SPACE',''
  ) );
#4697 = PCURVE('',#1738,#4698);
#4698 = DEFINITIONAL_REPRESENTATION('',(#4699),#4703);
#4699 = LINE('',#4700,#4701);
#4700 = CARTESIAN_POINT('',(2.8,0.));
#4701 = VECTOR('',#4702,1.);
#4702 = DIRECTION('',(0.,-1.));
#4703 = ( GEOMETRIC_REPRESENTATION_CONTEXT(2) 
PARAMETRIC_REPRESENTATION_CONTEXT() REPRESENTATION_CONTEXT('2D SPACE',''
  ) );
#4704 = ORIENTED_EDGE('',*,*,#4705,.F.);
#4705 = EDGE_CURVE('',#4634,#4683,#4706,.T.);
#4706 = SURFACE_CURVE('',#4707,(#4712,#4719),.PCURVE_S1.);
#4707 = CIRCLE('',#4708,2.8);
#4708 = AXIS2_PLACEMENT_3D('',#4709,#4710,#4711);
#4709 = CARTESIAN_POINT('',(80.6,-30.1,1.6));
#4710 = DIRECTION('',(0.,-1.224646799147E-16,-1.));
#4711 = DIRECTION('',(1.,0.,0.));
#4712 = PCURVE('',#1767,#4713);
#4713 = DEFINITIONAL_REPRESENTATION('',(#4714),#4718);
#4714 = LINE('',#4715,#4716);
#4715 = CARTESIAN_POINT('',(0.,4.2));
#4716 = VECTOR('',#4717,1.);
#4717 = DIRECTION('',(1.,0.));
#4718 = ( GEOMETRIC_REPRESENTATION_CONTEXT(2) 
PARAMETRIC_REPRESENTATION_CONTEXT() REPRESENTATION_CONTEXT('2D SPACE',''
  ) );
#4719 = PCURVE('',#4004,#4720);
#4720 = DEFINITIONAL_REPRESENTATION('',(#4721),#4725);
#4721 = CIRCLE('',#4722,2.8);
#4722 = AXIS2_PLACEMENT_2D('',#4723,#4724);
#4723 = CARTESIAN_POINT('',(80.6,30.1));
#4724 = DIRECTION('',(1.,0.));
#4725 = ( GEOMETRIC_REPRESENTATION_CONTEXT(2) 
PARAMETRIC_REPRESENTATION_CONTEXT() REPRESENTATION_CONTEXT('2D SPACE',''
  ) );
#4726 = ADVANCED_FACE('',(#4727),#1738,.T.);
#4727 = FACE_BOUND('',#4728,.T.);
#4728 = EDGE_LOOP('',(#4729,#4752,#4753,#4754));
#4729 = ORIENTED_EDGE('',*,*,#4730,.F.);
#4730 = EDGE_CURVE('',#1695,#4731,#4733,.T.);
#4731 = VERTEX_POINT('',#4732);
#4732 = CARTESIAN_POINT('',(70.6,-32.9,1.6));
#4733 = SURFACE_CURVE('',#4734,(#4738,#4745),.PCURVE_S1.);
#4734 = LINE('',#4735,#4736);
#4735 = CARTESIAN_POINT('',(70.6,-32.9,5.3));
#4736 = VECTOR('',#4737,1.);
#4737 = DIRECTION('',(0.,-1.224646799147E-16,-1.));
#4738 = PCURVE('',#1738,#4739);
#4739 = DEFINITIONAL_REPRESENTATION('',(#4740),#4744);
#4740 = LINE('',#4741,#4742);
#4741 = CARTESIAN_POINT('',(12.8,-0.5));
#4742 = VECTOR('',#4743,1.);
#4743 = DIRECTION('',(0.,-1.));
#4744 = ( GEOMETRIC_REPRESENTATION_CONTEXT(2) 
PARAMETRIC_REPRESENTATION_CONTEXT() REPRESENTATION_CONTEXT('2D SPACE',''
  ) );
#4745 = PCURVE('',#1710,#4746);
#4746 = DEFINITIONAL_REPRESENTATION('',(#4747),#4751);
#4747 = LINE('',#4748,#4749);
#4748 = CARTESIAN_POINT('',(-0.5,4.2));
#4749 = VECTOR('',#4750,1.);
#4750 = DIRECTION('',(1.,0.));
#4751 = ( GEOMETRIC_REPRESENTATION_CONTEXT(2) 
PARAMETRIC_REPRESENTATION_CONTEXT() REPRESENTATION_CONTEXT('2D SPACE',''
  ) );
#4752 = ORIENTED_EDGE('',*,*,#1722,.T.);
#4753 = ORIENTED_EDGE('',*,*,#4682,.T.);
#4754 = ORIENTED_EDGE('',*,*,#4755,.F.);
#4755 = EDGE_CURVE('',#4731,#4683,#4756,.T.);
#4756 = SURFACE_CURVE('',#4757,(#4761,#4768),.PCURVE_S1.);
#4757 = LINE('',#4758,#4759);
#4758 = CARTESIAN_POINT('',(41.7,-32.9,1.6));
#4759 = VECTOR('',#4760,1.);
#4760 = DIRECTION('',(1.,0.,0.));
#4761 = PCURVE('',#1738,#4762);
#4762 = DEFINITIONAL_REPRESENTATION('',(#4763),#4767);
#4763 = LINE('',#4764,#4765);
#4764 = CARTESIAN_POINT('',(41.7,-4.2));
#4765 = VECTOR('',#4766,1.);
#4766 = DIRECTION('',(-1.,0.));
#4767 = ( GEOMETRIC_REPRESENTATION_CONTEXT(2) 
PARAMETRIC_REPRESENTATION_CONTEXT() REPRESENTATION_CONTEXT('2D SPACE',''
  ) );
#4768 = PCURVE('',#4004,#4769);
#4769 = DEFINITIONAL_REPRESENTATION('',(#4770),#4774);
#4770 = LINE('',#4771,#4772);
#4771 = CARTESIAN_POINT('',(41.7,32.9));
#4772 = VECTOR('',#4773,1.);
#4773 = DIRECTION('',(1.,0.));
#4774 = ( GEOMETRIC_REPRESENTATION_CONTEXT(2) 
PARAMETRIC_REPRESENTATION_CONTEXT() REPRESENTATION_CONTEXT('2D SPACE',''
  ) );
#4775 = ADVANCED_FACE('',(#4776),#1710,.T.);
#4776 = FACE_BOUND('',#4777,.T.);
#4777 = EDGE_LOOP('',(#4778,#4779,#4780,#4803));
#4778 = ORIENTED_EDGE('',*,*,#1694,.T.);
#4779 = ORIENTED_EDGE('',*,*,#4730,.T.);
#4780 = ORIENTED_EDGE('',*,*,#4781,.F.);
#4781 = EDGE_CURVE('',#4782,#4731,#4784,.T.);
#4782 = VERTEX_POINT('',#4783);
#4783 = CARTESIAN_POINT('',(70.6,-32.1,1.6));
#4784 = SURFACE_CURVE('',#4785,(#4789,#4796),.PCURVE_S1.);
#4785 = LINE('',#4786,#4787);
#4786 = CARTESIAN_POINT('',(70.6,-32.1,1.6));
#4787 = VECTOR('',#4788,1.);
#4788 = DIRECTION('',(0.,-1.,1.224646799147E-16));
#4789 = PCURVE('',#1710,#4790);
#4790 = DEFINITIONAL_REPRESENTATION('',(#4791),#4795);
#4791 = LINE('',#4792,#4793);
#4792 = CARTESIAN_POINT('',(3.2,5.));
#4793 = VECTOR('',#4794,1.);
#4794 = DIRECTION('',(0.,-1.));
#4795 = ( GEOMETRIC_REPRESENTATION_CONTEXT(2) 
PARAMETRIC_REPRESENTATION_CONTEXT() REPRESENTATION_CONTEXT('2D SPACE',''
  ) );
#4796 = PCURVE('',#4004,#4797);
#4797 = DEFINITIONAL_REPRESENTATION('',(#4798),#4802);
#4798 = LINE('',#4799,#4800);
#4799 = CARTESIAN_POINT('',(70.6,32.1));
#4800 = VECTOR('',#4801,1.);
#4801 = DIRECTION('',(0.,1.));
#4802 = ( GEOMETRIC_REPRESENTATION_CONTEXT(2) 
PARAMETRIC_REPRESENTATION_CONTEXT() REPRESENTATION_CONTEXT('2D SPACE',''
  ) );
#4803 = ORIENTED_EDGE('',*,*,#4804,.F.);
#4804 = EDGE_CURVE('',#1667,#4782,#4805,.T.);
#4805 = SURFACE_CURVE('',#4806,(#4810,#4817),.PCURVE_S1.);
#4806 = LINE('',#4807,#4808);
#4807 = CARTESIAN_POINT('',(70.6,-32.1,4.8));
#4808 = VECTOR('',#4809,1.);
#4809 = DIRECTION('',(0.,-1.224646799147E-16,-1.));
#4810 = PCURVE('',#1710,#4811);
#4811 = DEFINITIONAL_REPRESENTATION('',(#4812),#4816);
#4812 = LINE('',#4813,#4814);
#4813 = CARTESIAN_POINT('',(2.940390279227E-15,5.));
#4814 = VECTOR('',#4815,1.);
#4815 = DIRECTION('',(1.,0.));
#4816 = ( GEOMETRIC_REPRESENTATION_CONTEXT(2) 
PARAMETRIC_REPRESENTATION_CONTEXT() REPRESENTATION_CONTEXT('2D SPACE',''
  ) );
#4817 = PCURVE('',#1682,#4818);
#4818 = DEFINITIONAL_REPRESENTATION('',(#4819),#4823);
#4819 = LINE('',#4820,#4821);
#4820 = CARTESIAN_POINT('',(0.,3.));
#4821 = VECTOR('',#4822,1.);
#4822 = DIRECTION('',(1.,0.));
#4823 = ( GEOMETRIC_REPRESENTATION_CONTEXT(2) 
PARAMETRIC_REPRESENTATION_CONTEXT() REPRESENTATION_CONTEXT('2D SPACE',''
  ) );
#4824 = ADVANCED_FACE('',(#4825),#1682,.F.);
#4825 = FACE_BOUND('',#4826,.F.);
#4826 = EDGE_LOOP('',(#4827,#4828,#4851,#4872));
#4827 = ORIENTED_EDGE('',*,*,#1666,.F.);
#4828 = ORIENTED_EDGE('',*,*,#4829,.T.);
#4829 = EDGE_CURVE('',#1639,#4830,#4832,.T.);
#4830 = VERTEX_POINT('',#4831);
#4831 = CARTESIAN_POINT('',(67.6,-32.1,1.6));
#4832 = SURFACE_CURVE('',#4833,(#4837,#4844),.PCURVE_S1.);
#4833 = LINE('',#4834,#4835);
#4834 = CARTESIAN_POINT('',(67.6,-32.1,4.8));
#4835 = VECTOR('',#4836,1.);
#4836 = DIRECTION('',(0.,-1.224646799147E-16,-1.));
#4837 = PCURVE('',#1682,#4838);
#4838 = DEFINITIONAL_REPRESENTATION('',(#4839),#4843);
#4839 = LINE('',#4840,#4841);
#4840 = CARTESIAN_POINT('',(0.,0.));
#4841 = VECTOR('',#4842,1.);
#4842 = DIRECTION('',(1.,0.));
#4843 = ( GEOMETRIC_REPRESENTATION_CONTEXT(2) 
PARAMETRIC_REPRESENTATION_CONTEXT() REPRESENTATION_CONTEXT('2D SPACE',''
  ) );
#4844 = PCURVE('',#1654,#4845);
#4845 = DEFINITIONAL_REPRESENTATION('',(#4846),#4850);
#4846 = LINE('',#4847,#4848);
#4847 = CARTESIAN_POINT('',(2.940390279227E-15,5.));
#4848 = VECTOR('',#4849,1.);
#4849 = DIRECTION('',(1.,0.));
#4850 = ( GEOMETRIC_REPRESENTATION_CONTEXT(2) 
PARAMETRIC_REPRESENTATION_CONTEXT() REPRESENTATION_CONTEXT('2D SPACE',''
  ) );
#4851 = ORIENTED_EDGE('',*,*,#4852,.T.);
#4852 = EDGE_CURVE('',#4830,#4782,#4853,.T.);
#4853 = SURFACE_CURVE('',#4854,(#4858,#4865),.PCURVE_S1.);
#4854 = LINE('',#4855,#4856);
#4855 = CARTESIAN_POINT('',(67.6,-32.1,1.6));
#4856 = VECTOR('',#4857,1.);
#4857 = DIRECTION('',(1.,0.,0.));
#4858 = PCURVE('',#1682,#4859);
#4859 = DEFINITIONAL_REPRESENTATION('',(#4860),#4864);
#4860 = LINE('',#4861,#4862);
#4861 = CARTESIAN_POINT('',(3.2,0.));
#4862 = VECTOR('',#4863,1.);
#4863 = DIRECTION('',(0.,1.));
#4864 = ( GEOMETRIC_REPRESENTATION_CONTEXT(2) 
PARAMETRIC_REPRESENTATION_CONTEXT() REPRESENTATION_CONTEXT('2D SPACE',''
  ) );
#4865 = PCURVE('',#4004,#4866);
#4866 = DEFINITIONAL_REPRESENTATION('',(#4867),#4871);
#4867 = LINE('',#4868,#4869);
#4868 = CARTESIAN_POINT('',(67.6,32.1));
#4869 = VECTOR('',#4870,1.);
#4870 = DIRECTION('',(1.,0.));
#4871 = ( GEOMETRIC_REPRESENTATION_CONTEXT(2) 
PARAMETRIC_REPRESENTATION_CONTEXT() REPRESENTATION_CONTEXT('2D SPACE',''
  ) );
#4872 = ORIENTED_EDGE('',*,*,#4804,.F.);
#4873 = ADVANCED_FACE('',(#4874),#1654,.F.);
#4874 = FACE_BOUND('',#4875,.F.);
#4875 = EDGE_LOOP('',(#4876,#4877,#4900,#4921));
#4876 = ORIENTED_EDGE('',*,*,#1638,.T.);
#4877 = ORIENTED_EDGE('',*,*,#4878,.T.);
#4878 = EDGE_CURVE('',#1611,#4879,#4881,.T.);
#4879 = VERTEX_POINT('',#4880);
#4880 = CARTESIAN_POINT('',(67.6,-32.9,1.6));
#4881 = SURFACE_CURVE('',#4882,(#4886,#4893),.PCURVE_S1.);
#4882 = LINE('',#4883,#4884);
#4883 = CARTESIAN_POINT('',(67.6,-32.9,5.3));
#4884 = VECTOR('',#4885,1.);
#4885 = DIRECTION('',(0.,-1.224646799147E-16,-1.));
#4886 = PCURVE('',#1654,#4887);
#4887 = DEFINITIONAL_REPRESENTATION('',(#4888),#4892);
#4888 = LINE('',#4889,#4890);
#4889 = CARTESIAN_POINT('',(-0.5,4.2));
#4890 = VECTOR('',#4891,1.);
#4891 = DIRECTION('',(1.,0.));
#4892 = ( GEOMETRIC_REPRESENTATION_CONTEXT(2) 
PARAMETRIC_REPRESENTATION_CONTEXT() REPRESENTATION_CONTEXT('2D SPACE',''
  ) );
#4893 = PCURVE('',#1626,#4894);
#4894 = DEFINITIONAL_REPRESENTATION('',(#4895),#4899);
#4895 = LINE('',#4896,#4897);
#4896 = CARTESIAN_POINT('',(15.8,-0.5));
#4897 = VECTOR('',#4898,1.);
#4898 = DIRECTION('',(0.,-1.));
#4899 = ( GEOMETRIC_REPRESENTATION_CONTEXT(2) 
PARAMETRIC_REPRESENTATION_CONTEXT() REPRESENTATION_CONTEXT('2D SPACE',''
  ) );
#4900 = ORIENTED_EDGE('',*,*,#4901,.F.);
#4901 = EDGE_CURVE('',#4830,#4879,#4902,.T.);
#4902 = SURFACE_CURVE('',#4903,(#4907,#4914),.PCURVE_S1.);
#4903 = LINE('',#4904,#4905);
#4904 = CARTESIAN_POINT('',(67.6,-32.1,1.6));
#4905 = VECTOR('',#4906,1.);
#4906 = DIRECTION('',(0.,-1.,1.224646799147E-16));
#4907 = PCURVE('',#1654,#4908);
#4908 = DEFINITIONAL_REPRESENTATION('',(#4909),#4913);
#4909 = LINE('',#4910,#4911);
#4910 = CARTESIAN_POINT('',(3.2,5.));
#4911 = VECTOR('',#4912,1.);
#4912 = DIRECTION('',(0.,-1.));
#4913 = ( GEOMETRIC_REPRESENTATION_CONTEXT(2) 
PARAMETRIC_REPRESENTATION_CONTEXT() REPRESENTATION_CONTEXT('2D SPACE',''
  ) );
#4914 = PCURVE('',#4004,#4915);
#4915 = DEFINITIONAL_REPRESENTATION('',(#4916),#4920);
#4916 = LINE('',#4917,#4918);
#4917 = CARTESIAN_POINT('',(67.6,32.1));
#4918 = VECTOR('',#4919,1.);
#4919 = DIRECTION('',(0.,1.));
#4920 = ( GEOMETRIC_REPRESENTATION_CONTEXT(2) 
PARAMETRIC_REPRESENTATION_CONTEXT() REPRESENTATION_CONTEXT('2D SPACE',''
  ) );
#4921 = ORIENTED_EDGE('',*,*,#4829,.F.);
#4922 = ADVANCED_FACE('',(#4923),#1626,.T.);
#4923 = FACE_BOUND('',#4924,.T.);
#4924 = EDGE_LOOP('',(#4925,#4926,#4927,#4928));
#4925 = ORIENTED_EDGE('',*,*,#3965,.F.);
#4926 = ORIENTED_EDGE('',*,*,#1610,.T.);
#4927 = ORIENTED_EDGE('',*,*,#4878,.T.);
#4928 = ORIENTED_EDGE('',*,*,#4929,.F.);
#4929 = EDGE_CURVE('',#3966,#4879,#4930,.T.);
#4930 = SURFACE_CURVE('',#4931,(#4935,#4942),.PCURVE_S1.);
#4931 = LINE('',#4932,#4933);
#4932 = CARTESIAN_POINT('',(41.7,-32.9,1.6));
#4933 = VECTOR('',#4934,1.);
#4934 = DIRECTION('',(1.,0.,0.));
#4935 = PCURVE('',#1626,#4936);
#4936 = DEFINITIONAL_REPRESENTATION('',(#4937),#4941);
#4937 = LINE('',#4938,#4939);
#4938 = CARTESIAN_POINT('',(41.7,-4.2));
#4939 = VECTOR('',#4940,1.);
#4940 = DIRECTION('',(-1.,0.));
#4941 = ( GEOMETRIC_REPRESENTATION_CONTEXT(2) 
PARAMETRIC_REPRESENTATION_CONTEXT() REPRESENTATION_CONTEXT('2D SPACE',''
  ) );
#4942 = PCURVE('',#4004,#4943);
#4943 = DEFINITIONAL_REPRESENTATION('',(#4944),#4948);
#4944 = LINE('',#4945,#4946);
#4945 = CARTESIAN_POINT('',(41.7,32.9));
#4946 = VECTOR('',#4947,1.);
#4947 = DIRECTION('',(1.,0.));
#4948 = ( GEOMETRIC_REPRESENTATION_CONTEXT(2) 
PARAMETRIC_REPRESENTATION_CONTEXT() REPRESENTATION_CONTEXT('2D SPACE',''
  ) );
#4949 = ADVANCED_FACE('',(#4950),#2184,.F.);
#4950 = FACE_BOUND('',#4951,.T.);
#4951 = EDGE_LOOP('',(#4952,#4973,#4974,#4975));
#4952 = ORIENTED_EDGE('',*,*,#4953,.F.);
#4953 = EDGE_CURVE('',#2148,#2389,#4954,.T.);
#4954 = SURFACE_CURVE('',#4955,(#4959,#4966),.PCURVE_S1.);
#4955 = LINE('',#4956,#4957);
#4956 = CARTESIAN_POINT('',(-84.6,-30.1,0.3));
#4957 = VECTOR('',#4958,1.);
#4958 = DIRECTION('',(0.707106781187,-4.329780281177E-17,-0.707106781187
    ));
#4959 = PCURVE('',#2184,#4960);
#4960 = DEFINITIONAL_REPRESENTATION('',(#4961),#4965);
#4961 = LINE('',#4962,#4963);
#4962 = CARTESIAN_POINT('',(1.836970198721E-17,-0.212132034356));
#4963 = VECTOR('',#4964,1.);
#4964 = DIRECTION('',(-4.329780281177E-17,1.));
#4965 = ( GEOMETRIC_REPRESENTATION_CONTEXT(2) 
PARAMETRIC_REPRESENTATION_CONTEXT() REPRESENTATION_CONTEXT('2D SPACE',''
  ) );
#4966 = PCURVE('',#2405,#4967);
#4967 = DEFINITIONAL_REPRESENTATION('',(#4968),#4972);
#4968 = LINE('',#4969,#4970);
#4969 = CARTESIAN_POINT('',(-1.570796326795,-0.));
#4970 = VECTOR('',#4971,1.);
#4971 = DIRECTION('',(-0.,-1.));
#4972 = ( GEOMETRIC_REPRESENTATION_CONTEXT(2) 
PARAMETRIC_REPRESENTATION_CONTEXT() REPRESENTATION_CONTEXT('2D SPACE',''
  ) );
#4973 = ORIENTED_EDGE('',*,*,#2170,.T.);
#4974 = ORIENTED_EDGE('',*,*,#2201,.T.);
#4975 = ORIENTED_EDGE('',*,*,#2417,.F.);
#4976 = ADVANCED_FACE('',(#4977),#2319,.F.);
#4977 = FACE_BOUND('',#4978,.T.);
#4978 = EDGE_LOOP('',(#4979,#4980,#4981,#5002));
#4979 = ORIENTED_EDGE('',*,*,#2444,.F.);
#4980 = ORIENTED_EDGE('',*,*,#2584,.T.);
#4981 = ORIENTED_EDGE('',*,*,#4982,.T.);
#4982 = EDGE_CURVE('',#2585,#2304,#4983,.T.);
#4983 = SURFACE_CURVE('',#4984,(#4988,#4995),.PCURVE_S1.);
#4984 = LINE('',#4985,#4986);
#4985 = CARTESIAN_POINT('',(84.45,-30.1,0.15));
#4986 = VECTOR('',#4987,1.);
#4987 = DIRECTION('',(-0.707106781187,-8.659560562355E-17,
    -0.707106781187));
#4988 = PCURVE('',#2319,#4989);
#4989 = DEFINITIONAL_REPRESENTATION('',(#4990),#4994);
#4990 = LINE('',#4991,#4992);
#4991 = CARTESIAN_POINT('',(-60.2,-2.421519121812E-15));
#4992 = VECTOR('',#4993,1.);
#4993 = DIRECTION('',(-0.,1.));
#4994 = ( GEOMETRIC_REPRESENTATION_CONTEXT(2) 
PARAMETRIC_REPRESENTATION_CONTEXT() REPRESENTATION_CONTEXT('2D SPACE',''
  ) );
#4995 = PCURVE('',#2348,#4996);
#4996 = DEFINITIONAL_REPRESENTATION('',(#4997),#5001);
#4997 = LINE('',#4998,#4999);
#4998 = CARTESIAN_POINT('',(-0.,-0.15));
#4999 = VECTOR('',#5000,1.);
#5000 = DIRECTION('',(-0.,-1.));
#5001 = ( GEOMETRIC_REPRESENTATION_CONTEXT(2) 
PARAMETRIC_REPRESENTATION_CONTEXT() REPRESENTATION_CONTEXT('2D SPACE',''
  ) );
#5002 = ORIENTED_EDGE('',*,*,#2303,.F.);
#5003 = ADVANCED_FACE('',(#5004),#2405,.T.);
#5004 = FACE_BOUND('',#5005,.T.);
#5005 = EDGE_LOOP('',(#5006,#5027,#5028,#5029));
#5006 = ORIENTED_EDGE('',*,*,#5007,.F.);
#5007 = EDGE_CURVE('',#2634,#2361,#5008,.T.);
#5008 = SURFACE_CURVE('',#5009,(#5013,#5020),.PCURVE_S1.);
#5009 = LINE('',#5010,#5011);
#5010 = CARTESIAN_POINT('',(-80.6,-33.95,0.15));
#5011 = VECTOR('',#5012,1.);
#5012 = DIRECTION('',(0.,0.707106781187,-0.707106781187));
#5013 = PCURVE('',#2405,#5014);
#5014 = DEFINITIONAL_REPRESENTATION('',(#5015),#5019);
#5015 = LINE('',#5016,#5017);
#5016 = CARTESIAN_POINT('',(-0.,-0.15));
#5017 = VECTOR('',#5018,1.);
#5018 = DIRECTION('',(-0.,-1.));
#5019 = ( GEOMETRIC_REPRESENTATION_CONTEXT(2) 
PARAMETRIC_REPRESENTATION_CONTEXT() REPRESENTATION_CONTEXT('2D SPACE',''
  ) );
#5020 = PCURVE('',#2376,#5021);
#5021 = DEFINITIONAL_REPRESENTATION('',(#5022),#5026);
#5022 = LINE('',#5023,#5024);
#5023 = CARTESIAN_POINT('',(-161.2,0.));
#5024 = VECTOR('',#5025,1.);
#5025 = DIRECTION('',(-0.,1.));
#5026 = ( GEOMETRIC_REPRESENTATION_CONTEXT(2) 
PARAMETRIC_REPRESENTATION_CONTEXT() REPRESENTATION_CONTEXT('2D SPACE',''
  ) );
#5027 = ORIENTED_EDGE('',*,*,#2658,.T.);
#5028 = ORIENTED_EDGE('',*,*,#4953,.T.);
#5029 = ORIENTED_EDGE('',*,*,#2388,.F.);
#5030 = ADVANCED_FACE('',(#5031),#2348,.T.);
#5031 = FACE_BOUND('',#5032,.T.);
#5032 = EDGE_LOOP('',(#5033,#5034,#5035,#5056));
#5033 = ORIENTED_EDGE('',*,*,#4982,.F.);
#5034 = ORIENTED_EDGE('',*,*,#3108,.T.);
#5035 = ORIENTED_EDGE('',*,*,#5036,.T.);
#5036 = EDGE_CURVE('',#2685,#2332,#5037,.T.);
#5037 = SURFACE_CURVE('',#5038,(#5042,#5049),.PCURVE_S1.);
#5038 = LINE('',#5039,#5040);
#5039 = CARTESIAN_POINT('',(80.6,-34.1,0.3));
#5040 = VECTOR('',#5041,1.);
#5041 = DIRECTION('',(-4.329780281177E-17,0.707106781187,-0.707106781187
    ));
#5042 = PCURVE('',#2348,#5043);
#5043 = DEFINITIONAL_REPRESENTATION('',(#5044),#5048);
#5044 = LINE('',#5045,#5046);
#5045 = CARTESIAN_POINT('',(-1.570796326795,-0.));
#5046 = VECTOR('',#5047,1.);
#5047 = DIRECTION('',(-0.,-1.));
#5048 = ( GEOMETRIC_REPRESENTATION_CONTEXT(2) 
PARAMETRIC_REPRESENTATION_CONTEXT() REPRESENTATION_CONTEXT('2D SPACE',''
  ) );
#5049 = PCURVE('',#2376,#5050);
#5050 = DEFINITIONAL_REPRESENTATION('',(#5051),#5055);
#5051 = LINE('',#5052,#5053);
#5052 = CARTESIAN_POINT('',(-0.,-0.212132034356));
#5053 = VECTOR('',#5054,1.);
#5054 = DIRECTION('',(-4.329780281177E-17,1.));
#5055 = ( GEOMETRIC_REPRESENTATION_CONTEXT(2) 
PARAMETRIC_REPRESENTATION_CONTEXT() REPRESENTATION_CONTEXT('2D SPACE',''
  ) );
#5056 = ORIENTED_EDGE('',*,*,#2331,.F.);
#5057 = ADVANCED_FACE('',(#5058),#2376,.F.);
#5058 = FACE_BOUND('',#5059,.T.);
#5059 = EDGE_LOOP('',(#5060,#5061,#5062,#5063));
#5060 = ORIENTED_EDGE('',*,*,#5036,.F.);
#5061 = ORIENTED_EDGE('',*,*,#2707,.T.);
#5062 = ORIENTED_EDGE('',*,*,#5007,.T.);
#5063 = ORIENTED_EDGE('',*,*,#2360,.F.);
#5064 = ADVANCED_FACE('',(#5065),#3002,.T.);
#5065 = FACE_BOUND('',#5066,.T.);
#5066 = EDGE_LOOP('',(#5067,#5068,#5069,#5070));
#5067 = ORIENTED_EDGE('',*,*,#3823,.F.);
#5068 = ORIENTED_EDGE('',*,*,#2986,.F.);
#5069 = ORIENTED_EDGE('',*,*,#3479,.T.);
#5070 = ORIENTED_EDGE('',*,*,#3747,.F.);
#5071 = ADVANCED_FACE('',(#5072),#2837,.T.);
#5072 = FACE_BOUND('',#5073,.T.);
#5073 = EDGE_LOOP('',(#5074,#5075,#5076,#5077));
#5074 = ORIENTED_EDGE('',*,*,#3281,.F.);
#5075 = ORIENTED_EDGE('',*,*,#2821,.F.);
#5076 = ORIENTED_EDGE('',*,*,#3620,.F.);
#5077 = ORIENTED_EDGE('',*,*,#3427,.F.);
#5078 = ADVANCED_FACE('',(#5079),#3323,.T.);
#5079 = FACE_BOUND('',#5080,.T.);
#5080 = EDGE_LOOP('',(#5081,#5082,#5103,#5104));
#5081 = ORIENTED_EDGE('',*,*,#3305,.T.);
#5082 = ORIENTED_EDGE('',*,*,#5083,.F.);
#5083 = EDGE_CURVE('',#3670,#3308,#5084,.T.);
#5084 = SURFACE_CURVE('',#5085,(#5089,#5096),.PCURVE_S1.);
#5085 = LINE('',#5086,#5087);
#5086 = CARTESIAN_POINT('',(-70.7,-35.97071067811,6.070710678119));
#5087 = VECTOR('',#5088,1.);
#5088 = DIRECTION('',(-1.,0.,0.));
#5089 = PCURVE('',#3323,#5090);
#5090 = DEFINITIONAL_REPRESENTATION('',(#5091),#5095);
#5091 = LINE('',#5092,#5093);
#5092 = CARTESIAN_POINT('',(0.1,0.));
#5093 = VECTOR('',#5094,1.);
#5094 = DIRECTION('',(0.,1.));
#5095 = ( GEOMETRIC_REPRESENTATION_CONTEXT(2) 
PARAMETRIC_REPRESENTATION_CONTEXT() REPRESENTATION_CONTEXT('2D SPACE',''
  ) );
#5096 = PCURVE('',#3356,#5097);
#5097 = DEFINITIONAL_REPRESENTATION('',(#5098),#5102);
#5098 = LINE('',#5099,#5100);
#5099 = CARTESIAN_POINT('',(-10.26903363011,0.));
#5100 = VECTOR('',#5101,1.);
#5101 = DIRECTION('',(-0.,1.));
#5102 = ( GEOMETRIC_REPRESENTATION_CONTEXT(2) 
PARAMETRIC_REPRESENTATION_CONTEXT() REPRESENTATION_CONTEXT('2D SPACE',''
  ) );
#5103 = ORIENTED_EDGE('',*,*,#3669,.F.);
#5104 = ORIENTED_EDGE('',*,*,#5105,.F.);
#5105 = EDGE_CURVE('',#3306,#3647,#5106,.T.);
#5106 = SURFACE_CURVE('',#5107,(#5111,#5118),.PCURVE_S1.);
#5107 = LINE('',#5108,#5109);
#5108 = CARTESIAN_POINT('',(-70.7,-37.1,7.2));
#5109 = VECTOR('',#5110,1.);
#5110 = DIRECTION('',(1.,0.,0.));
#5111 = PCURVE('',#3323,#5112);
#5112 = DEFINITIONAL_REPRESENTATION('',(#5113),#5117);
#5113 = LINE('',#5114,#5115);
#5114 = CARTESIAN_POINT('',(1.697056274848,0.));
#5115 = VECTOR('',#5116,1.);
#5116 = DIRECTION('',(0.,-1.));
#5117 = ( GEOMETRIC_REPRESENTATION_CONTEXT(2) 
PARAMETRIC_REPRESENTATION_CONTEXT() REPRESENTATION_CONTEXT('2D SPACE',''
  ) );
#5118 = PCURVE('',#3382,#5119);
#5119 = DEFINITIONAL_REPRESENTATION('',(#5120),#5124);
#5120 = LINE('',#5121,#5122);
#5121 = CARTESIAN_POINT('',(0.,0.));
#5122 = VECTOR('',#5123,1.);
#5123 = DIRECTION('',(0.,-1.));
#5124 = ( GEOMETRIC_REPRESENTATION_CONTEXT(2) 
PARAMETRIC_REPRESENTATION_CONTEXT() REPRESENTATION_CONTEXT('2D SPACE',''
  ) );
#5125 = ADVANCED_FACE('',(#5126),#3382,.T.);
#5126 = FACE_BOUND('',#5127,.T.);
#5127 = EDGE_LOOP('',(#5128,#5129,#5130,#5131));
#5128 = ORIENTED_EDGE('',*,*,#3368,.T.);
#5129 = ORIENTED_EDGE('',*,*,#5105,.T.);
#5130 = ORIENTED_EDGE('',*,*,#3644,.F.);
#5131 = ORIENTED_EDGE('',*,*,#5132,.T.);
#5132 = EDGE_CURVE('',#3645,#3336,#5133,.T.);
#5133 = SURFACE_CURVE('',#5134,(#5138,#5145),.PCURVE_S1.);
#5134 = LINE('',#5135,#5136);
#5135 = CARTESIAN_POINT('',(-70.7,-38.22928932188,6.070710678119));
#5136 = VECTOR('',#5137,1.);
#5137 = DIRECTION('',(-1.,0.,0.));
#5138 = PCURVE('',#3382,#5139);
#5139 = DEFINITIONAL_REPRESENTATION('',(#5140),#5144);
#5140 = LINE('',#5141,#5142);
#5141 = CARTESIAN_POINT('',(1.597056274848,0.));
#5142 = VECTOR('',#5143,1.);
#5143 = DIRECTION('',(-0.,1.));
#5144 = ( GEOMETRIC_REPRESENTATION_CONTEXT(2) 
PARAMETRIC_REPRESENTATION_CONTEXT() REPRESENTATION_CONTEXT('2D SPACE',''
  ) );
#5145 = PCURVE('',#3356,#5146);
#5146 = DEFINITIONAL_REPRESENTATION('',(#5147),#5151);
#5147 = LINE('',#5148,#5149);
#5148 = CARTESIAN_POINT('',(-5.438929637835,0.));
#5149 = VECTOR('',#5150,1.);
#5150 = DIRECTION('',(-0.,1.));
#5151 = ( GEOMETRIC_REPRESENTATION_CONTEXT(2) 
PARAMETRIC_REPRESENTATION_CONTEXT() REPRESENTATION_CONTEXT('2D SPACE',''
  ) );
#5152 = ADVANCED_FACE('',(#5153),#3356,.F.);
#5153 = FACE_BOUND('',#5154,.T.);
#5154 = EDGE_LOOP('',(#5155,#5156,#5157,#5158));
#5155 = ORIENTED_EDGE('',*,*,#3335,.T.);
#5156 = ORIENTED_EDGE('',*,*,#5132,.F.);
#5157 = ORIENTED_EDGE('',*,*,#3692,.F.);
#5158 = ORIENTED_EDGE('',*,*,#5083,.T.);
#5159 = ADVANCED_FACE('',(#5160),#3522,.T.);
#5160 = FACE_BOUND('',#5161,.T.);
#5161 = EDGE_LOOP('',(#5162,#5163,#5184,#5185));
#5162 = ORIENTED_EDGE('',*,*,#3872,.T.);
#5163 = ORIENTED_EDGE('',*,*,#5164,.F.);
#5164 = EDGE_CURVE('',#3507,#3873,#5165,.T.);
#5165 = SURFACE_CURVE('',#5166,(#5170,#5177),.PCURVE_S1.);
#5166 = LINE('',#5167,#5168);
#5167 = CARTESIAN_POINT('',(67.5,-35.97071067811,6.070710678119));
#5168 = VECTOR('',#5169,1.);
#5169 = DIRECTION('',(-1.,0.,0.));
#5170 = PCURVE('',#3522,#5171);
#5171 = DEFINITIONAL_REPRESENTATION('',(#5172),#5176);
#5172 = LINE('',#5173,#5174);
#5173 = CARTESIAN_POINT('',(0.1,0.));
#5174 = VECTOR('',#5175,1.);
#5175 = DIRECTION('',(0.,1.));
#5176 = ( GEOMETRIC_REPRESENTATION_CONTEXT(2) 
PARAMETRIC_REPRESENTATION_CONTEXT() REPRESENTATION_CONTEXT('2D SPACE',''
  ) );
#5177 = PCURVE('',#3555,#5178);
#5178 = DEFINITIONAL_REPRESENTATION('',(#5179),#5183);
#5179 = LINE('',#5180,#5181);
#5180 = CARTESIAN_POINT('',(-10.26903363011,0.));
#5181 = VECTOR('',#5182,1.);
#5182 = DIRECTION('',(-0.,1.));
#5183 = ( GEOMETRIC_REPRESENTATION_CONTEXT(2) 
PARAMETRIC_REPRESENTATION_CONTEXT() REPRESENTATION_CONTEXT('2D SPACE',''
  ) );
#5184 = ORIENTED_EDGE('',*,*,#3504,.F.);
#5185 = ORIENTED_EDGE('',*,*,#5186,.F.);
#5186 = EDGE_CURVE('',#3850,#3505,#5187,.T.);
#5187 = SURFACE_CURVE('',#5188,(#5192,#5199),.PCURVE_S1.);
#5188 = LINE('',#5189,#5190);
#5189 = CARTESIAN_POINT('',(67.5,-37.1,7.2));
#5190 = VECTOR('',#5191,1.);
#5191 = DIRECTION('',(1.,0.,0.));
#5192 = PCURVE('',#3522,#5193);
#5193 = DEFINITIONAL_REPRESENTATION('',(#5194),#5198);
#5194 = LINE('',#5195,#5196);
#5195 = CARTESIAN_POINT('',(1.697056274848,0.));
#5196 = VECTOR('',#5197,1.);
#5197 = DIRECTION('',(0.,-1.));
#5198 = ( GEOMETRIC_REPRESENTATION_CONTEXT(2) 
PARAMETRIC_REPRESENTATION_CONTEXT() REPRESENTATION_CONTEXT('2D SPACE',''
  ) );
#5199 = PCURVE('',#3581,#5200);
#5200 = DEFINITIONAL_REPRESENTATION('',(#5201),#5205);
#5201 = LINE('',#5202,#5203);
#5202 = CARTESIAN_POINT('',(0.,0.));
#5203 = VECTOR('',#5204,1.);
#5204 = DIRECTION('',(0.,-1.));
#5205 = ( GEOMETRIC_REPRESENTATION_CONTEXT(2) 
PARAMETRIC_REPRESENTATION_CONTEXT() REPRESENTATION_CONTEXT('2D SPACE',''
  ) );
#5206 = ADVANCED_FACE('',(#5207),#3581,.T.);
#5207 = FACE_BOUND('',#5208,.T.);
#5208 = EDGE_LOOP('',(#5209,#5210,#5211,#5212));
#5209 = ORIENTED_EDGE('',*,*,#3847,.T.);
#5210 = ORIENTED_EDGE('',*,*,#5186,.T.);
#5211 = ORIENTED_EDGE('',*,*,#3567,.F.);
#5212 = ORIENTED_EDGE('',*,*,#5213,.T.);
#5213 = EDGE_CURVE('',#3535,#3848,#5214,.T.);
#5214 = SURFACE_CURVE('',#5215,(#5219,#5226),.PCURVE_S1.);
#5215 = LINE('',#5216,#5217);
#5216 = CARTESIAN_POINT('',(67.5,-38.22928932188,6.070710678119));
#5217 = VECTOR('',#5218,1.);
#5218 = DIRECTION('',(-1.,0.,0.));
#5219 = PCURVE('',#3581,#5220);
#5220 = DEFINITIONAL_REPRESENTATION('',(#5221),#5225);
#5221 = LINE('',#5222,#5223);
#5222 = CARTESIAN_POINT('',(1.597056274848,0.));
#5223 = VECTOR('',#5224,1.);
#5224 = DIRECTION('',(-0.,1.));
#5225 = ( GEOMETRIC_REPRESENTATION_CONTEXT(2) 
PARAMETRIC_REPRESENTATION_CONTEXT() REPRESENTATION_CONTEXT('2D SPACE',''
  ) );
#5226 = PCURVE('',#3555,#5227);
#5227 = DEFINITIONAL_REPRESENTATION('',(#5228),#5232);
#5228 = LINE('',#5229,#5230);
#5229 = CARTESIAN_POINT('',(-5.438929637835,0.));
#5230 = VECTOR('',#5231,1.);
#5231 = DIRECTION('',(-0.,1.));
#5232 = ( GEOMETRIC_REPRESENTATION_CONTEXT(2) 
PARAMETRIC_REPRESENTATION_CONTEXT() REPRESENTATION_CONTEXT('2D SPACE',''
  ) );
#5233 = ADVANCED_FACE('',(#5234),#3555,.F.);
#5234 = FACE_BOUND('',#5235,.T.);
#5235 = EDGE_LOOP('',(#5236,#5237,#5238,#5239));
#5236 = ORIENTED_EDGE('',*,*,#3895,.T.);
#5237 = ORIENTED_EDGE('',*,*,#5213,.F.);
#5238 = ORIENTED_EDGE('',*,*,#3534,.F.);
#5239 = ORIENTED_EDGE('',*,*,#5164,.T.);
#5240 = ADVANCED_FACE('',(#5241),#4004,.F.);
#5241 = FACE_BOUND('',#5242,.F.);
#5242 = EDGE_LOOP('',(#5243,#5244,#5245,#5246,#5247,#5248,#5249,#5250,
    #5251,#5252,#5253,#5254,#5255,#5256,#5257,#5258,#5259,#5260,#5261,
    #5262));
#5243 = ORIENTED_EDGE('',*,*,#4311,.T.);
#5244 = ORIENTED_EDGE('',*,*,#4361,.T.);
#5245 = ORIENTED_EDGE('',*,*,#4385,.F.);
#5246 = ORIENTED_EDGE('',*,*,#4436,.T.);
#5247 = ORIENTED_EDGE('',*,*,#4483,.T.);
#5248 = ORIENTED_EDGE('',*,*,#4557,.T.);
#5249 = ORIENTED_EDGE('',*,*,#4606,.T.);
#5250 = ORIENTED_EDGE('',*,*,#4633,.F.);
#5251 = ORIENTED_EDGE('',*,*,#4705,.T.);
#5252 = ORIENTED_EDGE('',*,*,#4755,.F.);
#5253 = ORIENTED_EDGE('',*,*,#4781,.F.);
#5254 = ORIENTED_EDGE('',*,*,#4852,.F.);
#5255 = ORIENTED_EDGE('',*,*,#4901,.T.);
#5256 = ORIENTED_EDGE('',*,*,#4929,.F.);
#5257 = ORIENTED_EDGE('',*,*,#3988,.F.);
#5258 = ORIENTED_EDGE('',*,*,#4064,.F.);
#5259 = ORIENTED_EDGE('',*,*,#4113,.T.);
#5260 = ORIENTED_EDGE('',*,*,#4163,.F.);
#5261 = ORIENTED_EDGE('',*,*,#4212,.T.);
#5262 = ORIENTED_EDGE('',*,*,#4239,.F.);
#5263 = ( GEOMETRIC_REPRESENTATION_CONTEXT(3) 
GLOBAL_UNCERTAINTY_ASSIGNED_CONTEXT((#5267)) 
GLOBAL_UNIT_ASSIGNED_CONTEXT((#5264,#5265,#5266)) REPRESENTATION_CONTEXT
('Context #1','3D Context with UNIT and UNCERTAINTY') );
#5264 = ( LENGTH_UNIT() NAMED_UNIT(*) SI_UNIT(.MILLI.,.METRE.) );
#5265 = ( NAMED_UNIT(*) PLANE_ANGLE_UNIT() SI_UNIT($,.RADIAN.) );
#5266 = ( NAMED_UNIT(*) SI_UNIT($,.STERADIAN.) SOLID_ANGLE_UNIT() );
#5267 = UNCERTAINTY_MEASURE_WITH_UNIT(LENGTH_MEASURE(1.E-07),#5264,
  'distance_accuracy_value','confusion accuracy');
#5268 = PRODUCT_RELATED_PRODUCT_CATEGORY('part',$,(#7));
ENDSEC;
END-ISO-10303-21;
