ISO-10303-21;
HEADER;
FILE_DESCRIPTION(('Open CASCADE Model'),'2;1');
FILE_NAME('Open CASCADE Shape Model','2026-09-07T01:33:42',('Author'),(
    'Open CASCADE'),'Open CASCADE STEP processor 7.9','Open CASCADE 7.9'
  ,'Unknown');
FILE_SCHEMA(('AUTOMOTIVE_DESIGN { 1 0 10303 214 1 1 1 1 }'));
ENDSEC;
DATA;
#1 = APPLICATION_PROTOCOL_DEFINITION('international standard',
  'automotive_design',2000,#2);
#2 = APPLICATION_CONTEXT(
  'core data for automotive mechanical design processes');
#3 = SHAPE_DEFINITION_REPRESENTATION(#4,#10);
#4 = PRODUCT_DEFINITION_SHAPE('','',#5);
#5 = PRODUCT_DEFINITION('design','',#6,#9);
#6 = PRODUCT_DEFINITION_FORMATION('','',#7);
#7 = PRODUCT('Open CASCADE STEP translator 7.9 12',
  'Open CASCADE STEP translator 7.9 12','',(#8));
#8 = PRODUCT_CONTEXT('',#2,'mechanical');
#9 = PRODUCT_DEFINITION_CONTEXT('part definition',#2,'design');
#10 = SHAPE_REPRESENTATION('',(#11,#15,#19),#23);
#11 = AXIS2_PLACEMENT_3D('',#12,#13,#14);
#12 = CARTESIAN_POINT('',(0.,0.,0.));
#13 = DIRECTION('',(0.,0.,1.));
#14 = DIRECTION('',(1.,0.,-0.));
#15 = AXIS2_PLACEMENT_3D('',#16,#17,#18);
#16 = CARTESIAN_POINT('',(0.,0.,0.));
#17 = DIRECTION('',(0.,0.,1.));
#18 = DIRECTION('',(1.,0.,-0.));
#19 = AXIS2_PLACEMENT_3D('',#20,#21,#22);
#20 = CARTESIAN_POINT('',(0.,0.,0.));
#21 = DIRECTION('',(0.,0.,1.));
#22 = DIRECTION('',(1.,0.,-0.));
#23 = ( GEOMETRIC_REPRESENTATION_CONTEXT(3) 
GLOBAL_UNCERTAINTY_ASSIGNED_CONTEXT((#27)) GLOBAL_UNIT_ASSIGNED_CONTEXT(
(#24,#25,#26)) REPRESENTATION_CONTEXT('Context #1',
  '3D Context with UNIT and UNCERTAINTY') );
#24 = ( LENGTH_UNIT() NAMED_UNIT(*) SI_UNIT(.MILLI.,.METRE.) );
#25 = ( NAMED_UNIT(*) PLANE_ANGLE_UNIT() SI_UNIT($,.RADIAN.) );
#26 = ( NAMED_UNIT(*) SI_UNIT($,.STERADIAN.) SOLID_ANGLE_UNIT() );
#27 = UNCERTAINTY_MEASURE_WITH_UNIT(LENGTH_MEASURE(2.E-06),#24,
  'distance_accuracy_value','confusion accuracy');
#28 = PRODUCT_RELATED_PRODUCT_CATEGORY('part',$,(#7));
#29 = SHAPE_DEFINITION_REPRESENTATION(#30,#36);
#30 = PRODUCT_DEFINITION_SHAPE('','',#31);
#31 = PRODUCT_DEFINITION('design','',#32,#35);
#32 = PRODUCT_DEFINITION_FORMATION('','',#33);
#33 = PRODUCT('Open CASCADE STEP translator 7.9 12.1',
  'Open CASCADE STEP translator 7.9 12.1','',(#34));
#34 = PRODUCT_CONTEXT('',#2,'mechanical');
#35 = PRODUCT_DEFINITION_CONTEXT('part definition',#2,'design');
#36 = ADVANCED_BREP_SHAPE_REPRESENTATION('',(#11,#37),#8925);
#37 = MANIFOLD_SOLID_BREP('',#38);
#38 = CLOSED_SHELL('',(#39,#159,#247,#324,#401,#538,#591,#648,#830,#884,
    #1638,#1814,#1839,#1979,#2049,#2376,#2401,#2426,#2504,#2580,#2657,
    #2706,#2756,#2781,#2828,#2882,#3046,#3096,#3251,#3276,#3451,#3501,
    #3621,#3646,#3790,#3840,#3995,#4020,#4158,#4185,#4258,#4310,#4363,
    #4415,#4468,#4520,#4573,#4605,#4630,#4655,#4703,#4730,#4775,#4782,
    #4789,#4843,#4871,#4898,#4925,#4932,#4959,#4966,#5011,#5018,#5025,
    #5080,#5125,#5132,#5139,#5194,#5239,#5246,#5253,#5308,#5363,#5440,
    #5597,#5651,#5700,#5750,#5907,#5961,#5988,#5992,#5996,#6000,#6004,
    #6553,#6629,#6790,#6837,#6961,#7037,#7198,#7245,#7369,#7445,#7494,
    #7543,#7592,#7641,#7690,#7739,#7788,#7837,#7886,#7935,#7984,#8033,
    #8082,#8131,#8180,#8229,#8256,#8281,#8313,#8394,#8441,#8448,#8519,
    #8544,#8576,#8597,#8624,#8651,#8658,#8685,#8761,#8793,#8842,#8891,
    #8918));
#39 = ADVANCED_FACE('',(#40),#54,.F.);
#40 = FACE_BOUND('',#41,.F.);
#41 = EDGE_LOOP('',(#42,#77,#105,#133));
#42 = ORIENTED_EDGE('',*,*,#43,.F.);
#43 = EDGE_CURVE('',#44,#46,#48,.T.);
#44 = VERTEX_POINT('',#45);
#45 = CARTESIAN_POINT('',(-30.,-16.,0.8));
#46 = VERTEX_POINT('',#47);
#47 = CARTESIAN_POINT('',(-30.,-16.,29.7));
#48 = SURFACE_CURVE('',#49,(#53,#65),.PCURVE_S1.);
#49 = LINE('',#50,#51);
#50 = CARTESIAN_POINT('',(-30.,-16.,0.));
#51 = VECTOR('',#52,1.);
#52 = DIRECTION('',(0.,0.,1.));
#53 = PCURVE('',#54,#59);
#54 = PLANE('',#55);
#55 = AXIS2_PLACEMENT_3D('',#56,#57,#58);
#56 = CARTESIAN_POINT('',(-30.,-20.,0.));
#57 = DIRECTION('',(1.,0.,0.));
#58 = DIRECTION('',(0.,0.,1.));
#59 = DEFINITIONAL_REPRESENTATION('',(#60),#64);
#60 = LINE('',#61,#62);
#61 = CARTESIAN_POINT('',(0.,-4.));
#62 = VECTOR('',#63,1.);
#63 = DIRECTION('',(1.,0.));
#64 = ( GEOMETRIC_REPRESENTATION_CONTEXT(2) 
PARAMETRIC_REPRESENTATION_CONTEXT() REPRESENTATION_CONTEXT('2D SPACE',''
  ) );
#65 = PCURVE('',#66,#71);
#66 = CYLINDRICAL_SURFACE('',#67,4.);
#67 = AXIS2_PLACEMENT_3D('',#68,#69,#70);
#68 = CARTESIAN_POINT('',(-26.,-16.,0.));
#69 = DIRECTION('',(0.,0.,1.));
#70 = DIRECTION('',(-1.,-0.,0.));
#71 = DEFINITIONAL_REPRESENTATION('',(#72),#76);
#72 = LINE('',#73,#74);
#73 = CARTESIAN_POINT('',(0.,0.));
#74 = VECTOR('',#75,1.);
#75 = DIRECTION('',(0.,1.));
#76 = ( GEOMETRIC_REPRESENTATION_CONTEXT(2) 
PARAMETRIC_REPRESENTATION_CONTEXT() REPRESENTATION_CONTEXT('2D SPACE',''
  ) );
#77 = ORIENTED_EDGE('',*,*,#78,.T.);
#78 = EDGE_CURVE('',#44,#79,#81,.T.);
#79 = VERTEX_POINT('',#80);
#80 = CARTESIAN_POINT('',(-30.,16.,0.8));
#81 = SURFACE_CURVE('',#82,(#86,#93),.PCURVE_S1.);
#82 = LINE('',#83,#84);
#83 = CARTESIAN_POINT('',(-30.,-16.,0.8));
#84 = VECTOR('',#85,1.);
#85 = DIRECTION('',(0.,1.,0.));
#86 = PCURVE('',#54,#87);
#87 = DEFINITIONAL_REPRESENTATION('',(#88),#92);
#88 = LINE('',#89,#90);
#89 = CARTESIAN_POINT('',(0.8,-4.));
#90 = VECTOR('',#91,1.);
#91 = DIRECTION('',(0.,-1.));
#92 = ( GEOMETRIC_REPRESENTATION_CONTEXT(2) 
PARAMETRIC_REPRESENTATION_CONTEXT() REPRESENTATION_CONTEXT('2D SPACE',''
  ) );
#93 = PCURVE('',#94,#99);
#94 = PLANE('',#95);
#95 = AXIS2_PLACEMENT_3D('',#96,#97,#98);
#96 = CARTESIAN_POINT('',(-29.6,-16.,0.4));
#97 = DIRECTION('',(-0.707106781187,6.983161618628E-18,-0.707106781187)
  );
#98 = DIRECTION('',(4.937840934654E-18,1.,4.937840934654E-18));
#99 = DEFINITIONAL_REPRESENTATION('',(#100),#104);
#100 = LINE('',#101,#102);
#101 = CARTESIAN_POINT('',(0.,-0.565685424949));
#102 = VECTOR('',#103,1.);
#103 = DIRECTION('',(1.,0.));
#104 = ( GEOMETRIC_REPRESENTATION_CONTEXT(2) 
PARAMETRIC_REPRESENTATION_CONTEXT() REPRESENTATION_CONTEXT('2D SPACE',''
  ) );
#105 = ORIENTED_EDGE('',*,*,#106,.T.);
#106 = EDGE_CURVE('',#79,#107,#109,.T.);
#107 = VERTEX_POINT('',#108);
#108 = CARTESIAN_POINT('',(-30.,16.,29.7));
#109 = SURFACE_CURVE('',#110,(#114,#121),.PCURVE_S1.);
#110 = LINE('',#111,#112);
#111 = CARTESIAN_POINT('',(-30.,16.,0.));
#112 = VECTOR('',#113,1.);
#113 = DIRECTION('',(0.,0.,1.));
#114 = PCURVE('',#54,#115);
#115 = DEFINITIONAL_REPRESENTATION('',(#116),#120);
#116 = LINE('',#117,#118);
#117 = CARTESIAN_POINT('',(0.,-36.));
#118 = VECTOR('',#119,1.);
#119 = DIRECTION('',(1.,0.));
#120 = ( GEOMETRIC_REPRESENTATION_CONTEXT(2) 
PARAMETRIC_REPRESENTATION_CONTEXT() REPRESENTATION_CONTEXT('2D SPACE',''
  ) );
#121 = PCURVE('',#122,#127);
#122 = CYLINDRICAL_SURFACE('',#123,4.);
#123 = AXIS2_PLACEMENT_3D('',#124,#125,#126);
#124 = CARTESIAN_POINT('',(-26.,16.,0.));
#125 = DIRECTION('',(0.,0.,1.));
#126 = DIRECTION('',(-1.,-0.,0.));
#127 = DEFINITIONAL_REPRESENTATION('',(#128),#132);
#128 = LINE('',#129,#130);
#129 = CARTESIAN_POINT('',(-0.,0.));
#130 = VECTOR('',#131,1.);
#131 = DIRECTION('',(-0.,1.));
#132 = ( GEOMETRIC_REPRESENTATION_CONTEXT(2) 
PARAMETRIC_REPRESENTATION_CONTEXT() REPRESENTATION_CONTEXT('2D SPACE',''
  ) );
#133 = ORIENTED_EDGE('',*,*,#134,.T.);
#134 = EDGE_CURVE('',#107,#46,#135,.T.);
#135 = SURFACE_CURVE('',#136,(#140,#147),.PCURVE_S1.);
#136 = LINE('',#137,#138);
#137 = CARTESIAN_POINT('',(-30.,16.,29.7));
#138 = VECTOR('',#139,1.);
#139 = DIRECTION('',(-0.,-1.,-0.));
#140 = PCURVE('',#54,#141);
#141 = DEFINITIONAL_REPRESENTATION('',(#142),#146);
#142 = LINE('',#143,#144);
#143 = CARTESIAN_POINT('',(29.7,-36.));
#144 = VECTOR('',#145,1.);
#145 = DIRECTION('',(-0.,1.));
#146 = ( GEOMETRIC_REPRESENTATION_CONTEXT(2) 
PARAMETRIC_REPRESENTATION_CONTEXT() REPRESENTATION_CONTEXT('2D SPACE',''
  ) );
#147 = PCURVE('',#148,#153);
#148 = PLANE('',#149);
#149 = AXIS2_PLACEMENT_3D('',#150,#151,#152);
#150 = CARTESIAN_POINT('',(-29.85,16.,29.85));
#151 = DIRECTION('',(0.707106781187,0.,-0.707106781187));
#152 = DIRECTION('',(-0.,1.,0.));
#153 = DEFINITIONAL_REPRESENTATION('',(#154),#158);
#154 = LINE('',#155,#156);
#155 = CARTESIAN_POINT('',(-0.,-0.212132034356));
#156 = VECTOR('',#157,1.);
#157 = DIRECTION('',(-1.,0.));
#158 = ( GEOMETRIC_REPRESENTATION_CONTEXT(2) 
PARAMETRIC_REPRESENTATION_CONTEXT() REPRESENTATION_CONTEXT('2D SPACE',''
  ) );
#159 = ADVANCED_FACE('',(#160),#66,.T.);
#160 = FACE_BOUND('',#161,.T.);
#161 = EDGE_LOOP('',(#162,#163,#192,#220));
#162 = ORIENTED_EDGE('',*,*,#43,.F.);
#163 = ORIENTED_EDGE('',*,*,#164,.F.);
#164 = EDGE_CURVE('',#165,#44,#167,.T.);
#165 = VERTEX_POINT('',#166);
#166 = CARTESIAN_POINT('',(-26.,-20.,0.8));
#167 = SURFACE_CURVE('',#168,(#173,#180),.PCURVE_S1.);
#168 = CIRCLE('',#169,4.);
#169 = AXIS2_PLACEMENT_3D('',#170,#171,#172);
#170 = CARTESIAN_POINT('',(-26.,-16.,0.8));
#171 = DIRECTION('',(-0.,-0.,-1.));
#172 = DIRECTION('',(0.,-1.,0.));
#173 = PCURVE('',#66,#174);
#174 = DEFINITIONAL_REPRESENTATION('',(#175),#179);
#175 = LINE('',#176,#177);
#176 = CARTESIAN_POINT('',(1.570796326795,0.8));
#177 = VECTOR('',#178,1.);
#178 = DIRECTION('',(-1.,-0.));
#179 = ( GEOMETRIC_REPRESENTATION_CONTEXT(2) 
PARAMETRIC_REPRESENTATION_CONTEXT() REPRESENTATION_CONTEXT('2D SPACE',''
  ) );
#180 = PCURVE('',#181,#186);
#181 = CONICAL_SURFACE('',#182,4.,0.785398163397);
#182 = AXIS2_PLACEMENT_3D('',#183,#184,#185);
#183 = CARTESIAN_POINT('',(-26.,-16.,0.8));
#184 = DIRECTION('',(0.,0.,1.));
#185 = DIRECTION('',(0.,-1.,0.));
#186 = DEFINITIONAL_REPRESENTATION('',(#187),#191);
#187 = LINE('',#188,#189);
#188 = CARTESIAN_POINT('',(-0.,-0.));
#189 = VECTOR('',#190,1.);
#190 = DIRECTION('',(-1.,-0.));
#191 = ( GEOMETRIC_REPRESENTATION_CONTEXT(2) 
PARAMETRIC_REPRESENTATION_CONTEXT() REPRESENTATION_CONTEXT('2D SPACE',''
  ) );
#192 = ORIENTED_EDGE('',*,*,#193,.T.);
#193 = EDGE_CURVE('',#165,#194,#196,.T.);
#194 = VERTEX_POINT('',#195);
#195 = CARTESIAN_POINT('',(-26.,-20.,29.7));
#196 = SURFACE_CURVE('',#197,(#201,#208),.PCURVE_S1.);
#197 = LINE('',#198,#199);
#198 = CARTESIAN_POINT('',(-26.,-20.,0.));
#199 = VECTOR('',#200,1.);
#200 = DIRECTION('',(0.,0.,1.));
#201 = PCURVE('',#66,#202);
#202 = DEFINITIONAL_REPRESENTATION('',(#203),#207);
#203 = LINE('',#204,#205);
#204 = CARTESIAN_POINT('',(1.570796326795,0.));
#205 = VECTOR('',#206,1.);
#206 = DIRECTION('',(0.,1.));
#207 = ( GEOMETRIC_REPRESENTATION_CONTEXT(2) 
PARAMETRIC_REPRESENTATION_CONTEXT() REPRESENTATION_CONTEXT('2D SPACE',''
  ) );
#208 = PCURVE('',#209,#214);
#209 = PLANE('',#210);
#210 = AXIS2_PLACEMENT_3D('',#211,#212,#213);
#211 = CARTESIAN_POINT('',(-30.,-20.,0.));
#212 = DIRECTION('',(0.,1.,0.));
#213 = DIRECTION('',(0.,0.,1.));
#214 = DEFINITIONAL_REPRESENTATION('',(#215),#219);
#215 = LINE('',#216,#217);
#216 = CARTESIAN_POINT('',(0.,4.));
#217 = VECTOR('',#218,1.);
#218 = DIRECTION('',(1.,0.));
#219 = ( GEOMETRIC_REPRESENTATION_CONTEXT(2) 
PARAMETRIC_REPRESENTATION_CONTEXT() REPRESENTATION_CONTEXT('2D SPACE',''
  ) );
#220 = ORIENTED_EDGE('',*,*,#221,.F.);
#221 = EDGE_CURVE('',#46,#194,#222,.T.);
#222 = SURFACE_CURVE('',#223,(#228,#235),.PCURVE_S1.);
#223 = CIRCLE('',#224,4.);
#224 = AXIS2_PLACEMENT_3D('',#225,#226,#227);
#225 = CARTESIAN_POINT('',(-26.,-16.,29.7));
#226 = DIRECTION('',(0.,0.,1.));
#227 = DIRECTION('',(-1.,0.,0.));
#228 = PCURVE('',#66,#229);
#229 = DEFINITIONAL_REPRESENTATION('',(#230),#234);
#230 = LINE('',#231,#232);
#231 = CARTESIAN_POINT('',(0.,29.7));
#232 = VECTOR('',#233,1.);
#233 = DIRECTION('',(1.,0.));
#234 = ( GEOMETRIC_REPRESENTATION_CONTEXT(2) 
PARAMETRIC_REPRESENTATION_CONTEXT() REPRESENTATION_CONTEXT('2D SPACE',''
  ) );
#235 = PCURVE('',#236,#241);
#236 = CONICAL_SURFACE('',#237,4.,0.785398163397);
#237 = AXIS2_PLACEMENT_3D('',#238,#239,#240);
#238 = CARTESIAN_POINT('',(-26.,-16.,29.7));
#239 = DIRECTION('',(-0.,-0.,-1.));
#240 = DIRECTION('',(-1.,0.,0.));
#241 = DEFINITIONAL_REPRESENTATION('',(#242),#246);
#242 = LINE('',#243,#244);
#243 = CARTESIAN_POINT('',(-0.,-0.));
#244 = VECTOR('',#245,1.);
#245 = DIRECTION('',(-1.,-0.));
#246 = ( GEOMETRIC_REPRESENTATION_CONTEXT(2) 
PARAMETRIC_REPRESENTATION_CONTEXT() REPRESENTATION_CONTEXT('2D SPACE',''
  ) );
#247 = ADVANCED_FACE('',(#248),#148,.F.);
#248 = FACE_BOUND('',#249,.T.);
#249 = EDGE_LOOP('',(#250,#276,#277,#298));
#250 = ORIENTED_EDGE('',*,*,#251,.F.);
#251 = EDGE_CURVE('',#107,#252,#254,.T.);
#252 = VERTEX_POINT('',#253);
#253 = CARTESIAN_POINT('',(-29.7,16.,30.));
#254 = SURFACE_CURVE('',#255,(#259,#265),.PCURVE_S1.);
#255 = LINE('',#256,#257);
#256 = CARTESIAN_POINT('',(-30.,16.,29.7));
#257 = VECTOR('',#258,1.);
#258 = DIRECTION('',(0.707106781187,-4.329780281177E-17,0.707106781187)
  );
#259 = PCURVE('',#148,#260);
#260 = DEFINITIONAL_REPRESENTATION('',(#261),#264);
#261 = B_SPLINE_CURVE_WITH_KNOTS('',1,(#262,#263),.UNSPECIFIED.,.F.,.F.,
  (2,2),(0.,0.424264068712),.PIECEWISE_BEZIER_KNOTS.);
#262 = CARTESIAN_POINT('',(0.,-0.212132034356));
#263 = CARTESIAN_POINT('',(0.,0.212132034356));
#264 = ( GEOMETRIC_REPRESENTATION_CONTEXT(2) 
PARAMETRIC_REPRESENTATION_CONTEXT() REPRESENTATION_CONTEXT('2D SPACE',''
  ) );
#265 = PCURVE('',#266,#271);
#266 = CONICAL_SURFACE('',#267,4.,0.785398163397);
#267 = AXIS2_PLACEMENT_3D('',#268,#269,#270);
#268 = CARTESIAN_POINT('',(-26.,16.,29.7));
#269 = DIRECTION('',(-0.,-0.,-1.));
#270 = DIRECTION('',(0.,1.,-0.));
#271 = DEFINITIONAL_REPRESENTATION('',(#272),#275);
#272 = B_SPLINE_CURVE_WITH_KNOTS('',1,(#273,#274),.UNSPECIFIED.,.F.,.F.,
  (2,2),(0.,0.424264068712),.PIECEWISE_BEZIER_KNOTS.);
#273 = CARTESIAN_POINT('',(-1.570796326795,0.));
#274 = CARTESIAN_POINT('',(-1.570796326795,-0.3));
#275 = ( GEOMETRIC_REPRESENTATION_CONTEXT(2) 
PARAMETRIC_REPRESENTATION_CONTEXT() REPRESENTATION_CONTEXT('2D SPACE',''
  ) );
#276 = ORIENTED_EDGE('',*,*,#134,.T.);
#277 = ORIENTED_EDGE('',*,*,#278,.T.);
#278 = EDGE_CURVE('',#46,#279,#281,.T.);
#279 = VERTEX_POINT('',#280);
#280 = CARTESIAN_POINT('',(-29.7,-16.,30.));
#281 = SURFACE_CURVE('',#282,(#286,#292),.PCURVE_S1.);
#282 = LINE('',#283,#284);
#283 = CARTESIAN_POINT('',(-30.,-16.,29.7));
#284 = VECTOR('',#285,1.);
#285 = DIRECTION('',(0.707106781187,0.,0.707106781187));
#286 = PCURVE('',#148,#287);
#287 = DEFINITIONAL_REPRESENTATION('',(#288),#291);
#288 = B_SPLINE_CURVE_WITH_KNOTS('',1,(#289,#290),.UNSPECIFIED.,.F.,.F.,
  (2,2),(0.,0.424264068712),.PIECEWISE_BEZIER_KNOTS.);
#289 = CARTESIAN_POINT('',(-32.,-0.212132034356));
#290 = CARTESIAN_POINT('',(-32.,0.212132034356));
#291 = ( GEOMETRIC_REPRESENTATION_CONTEXT(2) 
PARAMETRIC_REPRESENTATION_CONTEXT() REPRESENTATION_CONTEXT('2D SPACE',''
  ) );
#292 = PCURVE('',#236,#293);
#293 = DEFINITIONAL_REPRESENTATION('',(#294),#297);
#294 = B_SPLINE_CURVE_WITH_KNOTS('',1,(#295,#296),.UNSPECIFIED.,.F.,.F.,
  (2,2),(0.,0.424264068712),.PIECEWISE_BEZIER_KNOTS.);
#295 = CARTESIAN_POINT('',(0.,0.));
#296 = CARTESIAN_POINT('',(0.,-0.3));
#297 = ( GEOMETRIC_REPRESENTATION_CONTEXT(2) 
PARAMETRIC_REPRESENTATION_CONTEXT() REPRESENTATION_CONTEXT('2D SPACE',''
  ) );
#298 = ORIENTED_EDGE('',*,*,#299,.F.);
#299 = EDGE_CURVE('',#252,#279,#300,.T.);
#300 = SURFACE_CURVE('',#301,(#305,#312),.PCURVE_S1.);
#301 = LINE('',#302,#303);
#302 = CARTESIAN_POINT('',(-29.7,16.,30.));
#303 = VECTOR('',#304,1.);
#304 = DIRECTION('',(-0.,-1.,-0.));
#305 = PCURVE('',#148,#306);
#306 = DEFINITIONAL_REPRESENTATION('',(#307),#311);
#307 = LINE('',#308,#309);
#308 = CARTESIAN_POINT('',(-0.,0.212132034356));
#309 = VECTOR('',#310,1.);
#310 = DIRECTION('',(-1.,0.));
#311 = ( GEOMETRIC_REPRESENTATION_CONTEXT(2) 
PARAMETRIC_REPRESENTATION_CONTEXT() REPRESENTATION_CONTEXT('2D SPACE',''
  ) );
#312 = PCURVE('',#313,#318);
#313 = PLANE('',#314);
#314 = AXIS2_PLACEMENT_3D('',#315,#316,#317);
#315 = CARTESIAN_POINT('',(-30.,-20.,30.));
#316 = DIRECTION('',(0.,0.,1.));
#317 = DIRECTION('',(1.,0.,0.));
#318 = DEFINITIONAL_REPRESENTATION('',(#319),#323);
#319 = LINE('',#320,#321);
#320 = CARTESIAN_POINT('',(0.3,36.));
#321 = VECTOR('',#322,1.);
#322 = DIRECTION('',(0.,-1.));
#323 = ( GEOMETRIC_REPRESENTATION_CONTEXT(2) 
PARAMETRIC_REPRESENTATION_CONTEXT() REPRESENTATION_CONTEXT('2D SPACE',''
  ) );
#324 = ADVANCED_FACE('',(#325),#94,.T.);
#325 = FACE_BOUND('',#326,.T.);
#326 = EDGE_LOOP('',(#327,#348,#349,#375));
#327 = ORIENTED_EDGE('',*,*,#328,.F.);
#328 = EDGE_CURVE('',#44,#329,#331,.T.);
#329 = VERTEX_POINT('',#330);
#330 = CARTESIAN_POINT('',(-29.2,-16.,-1.554312234475E-15));
#331 = SURFACE_CURVE('',#332,(#336,#342),.PCURVE_S1.);
#332 = LINE('',#333,#334);
#333 = CARTESIAN_POINT('',(-29.6,-16.,0.4));
#334 = VECTOR('',#335,1.);
#335 = DIRECTION('',(0.707106781187,0.,-0.707106781187));
#336 = PCURVE('',#94,#337);
#337 = DEFINITIONAL_REPRESENTATION('',(#338),#341);
#338 = B_SPLINE_CURVE_WITH_KNOTS('',1,(#339,#340),.UNSPECIFIED.,.F.,.F.,
  (2,2),(-0.565685424949,0.565685424949),.PIECEWISE_BEZIER_KNOTS.);
#339 = CARTESIAN_POINT('',(0.,-0.565685424949));
#340 = CARTESIAN_POINT('',(0.,0.565685424949));
#341 = ( GEOMETRIC_REPRESENTATION_CONTEXT(2) 
PARAMETRIC_REPRESENTATION_CONTEXT() REPRESENTATION_CONTEXT('2D SPACE',''
  ) );
#342 = PCURVE('',#181,#343);
#343 = DEFINITIONAL_REPRESENTATION('',(#344),#347);
#344 = B_SPLINE_CURVE_WITH_KNOTS('',1,(#345,#346),.UNSPECIFIED.,.F.,.F.,
  (2,2),(-0.565685424949,0.565685424949),.PIECEWISE_BEZIER_KNOTS.);
#345 = CARTESIAN_POINT('',(-1.570796326795,0.));
#346 = CARTESIAN_POINT('',(-1.570796326795,-0.8));
#347 = ( GEOMETRIC_REPRESENTATION_CONTEXT(2) 
PARAMETRIC_REPRESENTATION_CONTEXT() REPRESENTATION_CONTEXT('2D SPACE',''
  ) );
#348 = ORIENTED_EDGE('',*,*,#78,.T.);
#349 = ORIENTED_EDGE('',*,*,#350,.T.);
#350 = EDGE_CURVE('',#79,#351,#353,.T.);
#351 = VERTEX_POINT('',#352);
#352 = CARTESIAN_POINT('',(-29.2,16.,-1.387778780781E-15));
#353 = SURFACE_CURVE('',#354,(#358,#364),.PCURVE_S1.);
#354 = LINE('',#355,#356);
#355 = CARTESIAN_POINT('',(-29.6,16.,0.4));
#356 = VECTOR('',#357,1.);
#357 = DIRECTION('',(0.707106781187,0.,-0.707106781187));
#358 = PCURVE('',#94,#359);
#359 = DEFINITIONAL_REPRESENTATION('',(#360),#363);
#360 = B_SPLINE_CURVE_WITH_KNOTS('',1,(#361,#362),.UNSPECIFIED.,.F.,.F.,
  (2,2),(-0.565685424949,0.565685424949),.PIECEWISE_BEZIER_KNOTS.);
#361 = CARTESIAN_POINT('',(32.,-0.565685424949));
#362 = CARTESIAN_POINT('',(32.,0.565685424949));
#363 = ( GEOMETRIC_REPRESENTATION_CONTEXT(2) 
PARAMETRIC_REPRESENTATION_CONTEXT() REPRESENTATION_CONTEXT('2D SPACE',''
  ) );
#364 = PCURVE('',#365,#370);
#365 = CONICAL_SURFACE('',#366,4.,0.785398163397);
#366 = AXIS2_PLACEMENT_3D('',#367,#368,#369);
#367 = CARTESIAN_POINT('',(-26.,16.,0.8));
#368 = DIRECTION('',(0.,0.,1.));
#369 = DIRECTION('',(-1.,0.,0.));
#370 = DEFINITIONAL_REPRESENTATION('',(#371),#374);
#371 = B_SPLINE_CURVE_WITH_KNOTS('',1,(#372,#373),.UNSPECIFIED.,.F.,.F.,
  (2,2),(-0.565685424949,0.565685424949),.PIECEWISE_BEZIER_KNOTS.);
#372 = CARTESIAN_POINT('',(0.,0.));
#373 = CARTESIAN_POINT('',(0.,-0.8));
#374 = ( GEOMETRIC_REPRESENTATION_CONTEXT(2) 
PARAMETRIC_REPRESENTATION_CONTEXT() REPRESENTATION_CONTEXT('2D SPACE',''
  ) );
#375 = ORIENTED_EDGE('',*,*,#376,.F.);
#376 = EDGE_CURVE('',#329,#351,#377,.T.);
#377 = SURFACE_CURVE('',#378,(#382,#389),.PCURVE_S1.);
#378 = LINE('',#379,#380);
#379 = CARTESIAN_POINT('',(-29.2,-16.,0.));
#380 = VECTOR('',#381,1.);
#381 = DIRECTION('',(0.,1.,0.));
#382 = PCURVE('',#94,#383);
#383 = DEFINITIONAL_REPRESENTATION('',(#384),#388);
#384 = LINE('',#385,#386);
#385 = CARTESIAN_POINT('',(0.,0.565685424949));
#386 = VECTOR('',#387,1.);
#387 = DIRECTION('',(1.,0.));
#388 = ( GEOMETRIC_REPRESENTATION_CONTEXT(2) 
PARAMETRIC_REPRESENTATION_CONTEXT() REPRESENTATION_CONTEXT('2D SPACE',''
  ) );
#389 = PCURVE('',#390,#395);
#390 = PLANE('',#391);
#391 = AXIS2_PLACEMENT_3D('',#392,#393,#394);
#392 = CARTESIAN_POINT('',(-30.,-20.,0.));
#393 = DIRECTION('',(0.,0.,1.));
#394 = DIRECTION('',(1.,0.,0.));
#395 = DEFINITIONAL_REPRESENTATION('',(#396),#400);
#396 = LINE('',#397,#398);
#397 = CARTESIAN_POINT('',(0.8,4.));
#398 = VECTOR('',#399,1.);
#399 = DIRECTION('',(0.,1.));
#400 = ( GEOMETRIC_REPRESENTATION_CONTEXT(2) 
PARAMETRIC_REPRESENTATION_CONTEXT() REPRESENTATION_CONTEXT('2D SPACE',''
  ) );
#401 = ADVANCED_FACE('',(#402),#122,.T.);
#402 = FACE_BOUND('',#403,.F.);
#403 = EDGE_LOOP('',(#404,#428,#429,#453,#481,#514));
#404 = ORIENTED_EDGE('',*,*,#405,.T.);
#405 = EDGE_CURVE('',#406,#107,#408,.T.);
#406 = VERTEX_POINT('',#407);
#407 = CARTESIAN_POINT('',(-28.,19.464101615138,29.7));
#408 = SURFACE_CURVE('',#409,(#414,#421),.PCURVE_S1.);
#409 = CIRCLE('',#410,4.);
#410 = AXIS2_PLACEMENT_3D('',#411,#412,#413);
#411 = CARTESIAN_POINT('',(-26.,16.,29.7));
#412 = DIRECTION('',(0.,0.,1.));
#413 = DIRECTION('',(0.,1.,-0.));
#414 = PCURVE('',#122,#415);
#415 = DEFINITIONAL_REPRESENTATION('',(#416),#420);
#416 = LINE('',#417,#418);
#417 = CARTESIAN_POINT('',(-1.570796326795,29.7));
#418 = VECTOR('',#419,1.);
#419 = DIRECTION('',(1.,-0.));
#420 = ( GEOMETRIC_REPRESENTATION_CONTEXT(2) 
PARAMETRIC_REPRESENTATION_CONTEXT() REPRESENTATION_CONTEXT('2D SPACE',''
  ) );
#421 = PCURVE('',#266,#422);
#422 = DEFINITIONAL_REPRESENTATION('',(#423),#427);
#423 = LINE('',#424,#425);
#424 = CARTESIAN_POINT('',(-0.,-0.));
#425 = VECTOR('',#426,1.);
#426 = DIRECTION('',(-1.,-0.));
#427 = ( GEOMETRIC_REPRESENTATION_CONTEXT(2) 
PARAMETRIC_REPRESENTATION_CONTEXT() REPRESENTATION_CONTEXT('2D SPACE',''
  ) );
#428 = ORIENTED_EDGE('',*,*,#106,.F.);
#429 = ORIENTED_EDGE('',*,*,#430,.T.);
#430 = EDGE_CURVE('',#79,#431,#433,.T.);
#431 = VERTEX_POINT('',#432);
#432 = CARTESIAN_POINT('',(-26.,20.,0.8));
#433 = SURFACE_CURVE('',#434,(#439,#446),.PCURVE_S1.);
#434 = CIRCLE('',#435,4.);
#435 = AXIS2_PLACEMENT_3D('',#436,#437,#438);
#436 = CARTESIAN_POINT('',(-26.,16.,0.8));
#437 = DIRECTION('',(-0.,0.,-1.));
#438 = DIRECTION('',(-1.,0.,0.));
#439 = PCURVE('',#122,#440);
#440 = DEFINITIONAL_REPRESENTATION('',(#441),#445);
#441 = LINE('',#442,#443);
#442 = CARTESIAN_POINT('',(-0.,0.8));
#443 = VECTOR('',#444,1.);
#444 = DIRECTION('',(-1.,0.));
#445 = ( GEOMETRIC_REPRESENTATION_CONTEXT(2) 
PARAMETRIC_REPRESENTATION_CONTEXT() REPRESENTATION_CONTEXT('2D SPACE',''
  ) );
#446 = PCURVE('',#365,#447);
#447 = DEFINITIONAL_REPRESENTATION('',(#448),#452);
#448 = LINE('',#449,#450);
#449 = CARTESIAN_POINT('',(-0.,-0.));
#450 = VECTOR('',#451,1.);
#451 = DIRECTION('',(-1.,-0.));
#452 = ( GEOMETRIC_REPRESENTATION_CONTEXT(2) 
PARAMETRIC_REPRESENTATION_CONTEXT() REPRESENTATION_CONTEXT('2D SPACE',''
  ) );
#453 = ORIENTED_EDGE('',*,*,#454,.T.);
#454 = EDGE_CURVE('',#431,#455,#457,.T.);
#455 = VERTEX_POINT('',#456);
#456 = CARTESIAN_POINT('',(-26.,20.,13.360808101421));
#457 = SURFACE_CURVE('',#458,(#462,#469),.PCURVE_S1.);
#458 = LINE('',#459,#460);
#459 = CARTESIAN_POINT('',(-26.,20.,0.));
#460 = VECTOR('',#461,1.);
#461 = DIRECTION('',(0.,0.,1.));
#462 = PCURVE('',#122,#463);
#463 = DEFINITIONAL_REPRESENTATION('',(#464),#468);
#464 = LINE('',#465,#466);
#465 = CARTESIAN_POINT('',(-1.570796326795,0.));
#466 = VECTOR('',#467,1.);
#467 = DIRECTION('',(-0.,1.));
#468 = ( GEOMETRIC_REPRESENTATION_CONTEXT(2) 
PARAMETRIC_REPRESENTATION_CONTEXT() REPRESENTATION_CONTEXT('2D SPACE',''
  ) );
#469 = PCURVE('',#470,#475);
#470 = PLANE('',#471);
#471 = AXIS2_PLACEMENT_3D('',#472,#473,#474);
#472 = CARTESIAN_POINT('',(-30.,20.,0.));
#473 = DIRECTION('',(0.,1.,0.));
#474 = DIRECTION('',(0.,0.,1.));
#475 = DEFINITIONAL_REPRESENTATION('',(#476),#480);
#476 = LINE('',#477,#478);
#477 = CARTESIAN_POINT('',(0.,4.));
#478 = VECTOR('',#479,1.);
#479 = DIRECTION('',(1.,0.));
#480 = ( GEOMETRIC_REPRESENTATION_CONTEXT(2) 
PARAMETRIC_REPRESENTATION_CONTEXT() REPRESENTATION_CONTEXT('2D SPACE',''
  ) );
#481 = ORIENTED_EDGE('',*,*,#482,.T.);
#482 = EDGE_CURVE('',#455,#483,#485,.T.);
#483 = VERTEX_POINT('',#484);
#484 = CARTESIAN_POINT('',(-28.,19.464101615138,12.824909716559));
#485 = SURFACE_CURVE('',#486,(#491,#502),.PCURVE_S1.);
#486 = ELLIPSE('',#487,5.656854249492,4.);
#487 = AXIS2_PLACEMENT_3D('',#488,#489,#490);
#488 = CARTESIAN_POINT('',(-26.,16.,9.360808101421));
#489 = DIRECTION('',(0.,-0.707106781187,0.707106781187));
#490 = DIRECTION('',(0.,0.707106781187,0.707106781187));
#491 = PCURVE('',#122,#492);
#492 = DEFINITIONAL_REPRESENTATION('',(#493),#501);
#493 = B_SPLINE_CURVE_WITH_KNOTS('',6,(#494,#495,#496,#497,#498,#499,
    #500),.UNSPECIFIED.,.F.,.F.,(7,7),(0.,0.691249036673),
  .PIECEWISE_BEZIER_KNOTS.);
#494 = CARTESIAN_POINT('',(-1.570796326795,13.360808101421));
#495 = CARTESIAN_POINT('',(-1.455588154016,13.360808101421));
#496 = CARTESIAN_POINT('',(-1.340379981237,13.297098177343));
#497 = CARTESIAN_POINT('',(-1.225171808458,13.169677579738));
#498 = CARTESIAN_POINT('',(-1.109963635679,12.981085660906));
#499 = CARTESIAN_POINT('',(-0.9947554629,12.736390363255));
#500 = CARTESIAN_POINT('',(-0.879547290122,12.442609522668));
#501 = ( GEOMETRIC_REPRESENTATION_CONTEXT(2) 
PARAMETRIC_REPRESENTATION_CONTEXT() REPRESENTATION_CONTEXT('2D SPACE',''
  ) );
#502 = PCURVE('',#503,#508);
#503 = PLANE('',#504);
#504 = AXIS2_PLACEMENT_3D('',#505,#506,#507);
#505 = CARTESIAN_POINT('',(-28.,19.,12.360808101421));
#506 = DIRECTION('',(0.,-0.707106781187,0.707106781187));
#507 = DIRECTION('',(0.,0.707106781187,0.707106781187));
#508 = DEFINITIONAL_REPRESENTATION('',(#509),#513);
#509 = ELLIPSE('',#510,5.656854249492,4.);
#510 = AXIS2_PLACEMENT_2D('',#511,#512);
#511 = CARTESIAN_POINT('',(-4.242640687119,-2.));
#512 = DIRECTION('',(1.,0.));
#513 = ( GEOMETRIC_REPRESENTATION_CONTEXT(2) 
PARAMETRIC_REPRESENTATION_CONTEXT() REPRESENTATION_CONTEXT('2D SPACE',''
  ) );
#514 = ORIENTED_EDGE('',*,*,#515,.T.);
#515 = EDGE_CURVE('',#483,#406,#516,.T.);
#516 = SURFACE_CURVE('',#517,(#521,#527),.PCURVE_S1.);
#517 = LINE('',#518,#519);
#518 = CARTESIAN_POINT('',(-28.,19.464101615138,0.));
#519 = VECTOR('',#520,1.);
#520 = DIRECTION('',(0.,0.,1.));
#521 = PCURVE('',#122,#522);
#522 = DEFINITIONAL_REPRESENTATION('',(#523),#526);
#523 = B_SPLINE_CURVE_WITH_KNOTS('',1,(#524,#525),.UNSPECIFIED.,.F.,.F.,
  (2,2),(10.036888911563,29.7000006),.PIECEWISE_BEZIER_KNOTS.);
#524 = CARTESIAN_POINT('',(-1.047197551197,10.036888911563));
#525 = CARTESIAN_POINT('',(-1.047197551197,29.7000006));
#526 = ( GEOMETRIC_REPRESENTATION_CONTEXT(2) 
PARAMETRIC_REPRESENTATION_CONTEXT() REPRESENTATION_CONTEXT('2D SPACE',''
  ) );
#527 = PCURVE('',#528,#533);
#528 = PLANE('',#529);
#529 = AXIS2_PLACEMENT_3D('',#530,#531,#532);
#530 = CARTESIAN_POINT('',(-28.,28.719595949289,29.307872865187));
#531 = DIRECTION('',(1.,0.,0.));
#532 = DIRECTION('',(-0.,0.,1.));
#533 = DEFINITIONAL_REPRESENTATION('',(#534),#537);
#534 = B_SPLINE_CURVE_WITH_KNOTS('',1,(#535,#536),.UNSPECIFIED.,.F.,.F.,
  (2,2),(10.036888911563,29.7000006),.PIECEWISE_BEZIER_KNOTS.);
#535 = CARTESIAN_POINT('',(-19.27098395362,9.255494334152));
#536 = CARTESIAN_POINT('',(0.392127734813,9.255494334152));
#537 = ( GEOMETRIC_REPRESENTATION_CONTEXT(2) 
PARAMETRIC_REPRESENTATION_CONTEXT() REPRESENTATION_CONTEXT('2D SPACE',''
  ) );
#538 = ADVANCED_FACE('',(#539),#236,.T.);
#539 = FACE_BOUND('',#540,.T.);
#540 = EDGE_LOOP('',(#541,#542,#543,#569));
#541 = ORIENTED_EDGE('',*,*,#278,.F.);
#542 = ORIENTED_EDGE('',*,*,#221,.T.);
#543 = ORIENTED_EDGE('',*,*,#544,.T.);
#544 = EDGE_CURVE('',#194,#545,#547,.T.);
#545 = VERTEX_POINT('',#546);
#546 = CARTESIAN_POINT('',(-26.,-19.7,30.));
#547 = SURFACE_CURVE('',#548,(#552,#558),.PCURVE_S1.);
#548 = LINE('',#549,#550);
#549 = CARTESIAN_POINT('',(-26.,-20.,29.7));
#550 = VECTOR('',#551,1.);
#551 = DIRECTION('',(4.329780281177E-17,0.707106781187,0.707106781187));
#552 = PCURVE('',#236,#553);
#553 = DEFINITIONAL_REPRESENTATION('',(#554),#557);
#554 = B_SPLINE_CURVE_WITH_KNOTS('',1,(#555,#556),.UNSPECIFIED.,.F.,.F.,
  (2,2),(0.,0.424264068712),.PIECEWISE_BEZIER_KNOTS.);
#555 = CARTESIAN_POINT('',(-1.570796326795,0.));
#556 = CARTESIAN_POINT('',(-1.570796326795,-0.3));
#557 = ( GEOMETRIC_REPRESENTATION_CONTEXT(2) 
PARAMETRIC_REPRESENTATION_CONTEXT() REPRESENTATION_CONTEXT('2D SPACE',''
  ) );
#558 = PCURVE('',#559,#564);
#559 = PLANE('',#560);
#560 = AXIS2_PLACEMENT_3D('',#561,#562,#563);
#561 = CARTESIAN_POINT('',(-26.,-19.85,29.85));
#562 = DIRECTION('',(0.,0.707106781187,-0.707106781187));
#563 = DIRECTION('',(-1.,-0.,-0.));
#564 = DEFINITIONAL_REPRESENTATION('',(#565),#568);
#565 = B_SPLINE_CURVE_WITH_KNOTS('',1,(#566,#567),.UNSPECIFIED.,.F.,.F.,
  (2,2),(0.,0.424264068712),.PIECEWISE_BEZIER_KNOTS.);
#566 = CARTESIAN_POINT('',(0.,-0.212132034356));
#567 = CARTESIAN_POINT('',(0.,0.212132034356));
#568 = ( GEOMETRIC_REPRESENTATION_CONTEXT(2) 
PARAMETRIC_REPRESENTATION_CONTEXT() REPRESENTATION_CONTEXT('2D SPACE',''
  ) );
#569 = ORIENTED_EDGE('',*,*,#570,.F.);
#570 = EDGE_CURVE('',#279,#545,#571,.T.);
#571 = SURFACE_CURVE('',#572,(#577,#584),.PCURVE_S1.);
#572 = CIRCLE('',#573,3.7);
#573 = AXIS2_PLACEMENT_3D('',#574,#575,#576);
#574 = CARTESIAN_POINT('',(-26.,-16.,30.));
#575 = DIRECTION('',(0.,0.,1.));
#576 = DIRECTION('',(-1.,0.,0.));
#577 = PCURVE('',#236,#578);
#578 = DEFINITIONAL_REPRESENTATION('',(#579),#583);
#579 = LINE('',#580,#581);
#580 = CARTESIAN_POINT('',(-0.,-0.3));
#581 = VECTOR('',#582,1.);
#582 = DIRECTION('',(-1.,-0.));
#583 = ( GEOMETRIC_REPRESENTATION_CONTEXT(2) 
PARAMETRIC_REPRESENTATION_CONTEXT() REPRESENTATION_CONTEXT('2D SPACE',''
  ) );
#584 = PCURVE('',#313,#585);
#585 = DEFINITIONAL_REPRESENTATION('',(#586),#590);
#586 = CIRCLE('',#587,3.7);
#587 = AXIS2_PLACEMENT_2D('',#588,#589);
#588 = CARTESIAN_POINT('',(4.,4.));
#589 = DIRECTION('',(-1.,0.));
#590 = ( GEOMETRIC_REPRESENTATION_CONTEXT(2) 
PARAMETRIC_REPRESENTATION_CONTEXT() REPRESENTATION_CONTEXT('2D SPACE',''
  ) );
#591 = ADVANCED_FACE('',(#592),#181,.T.);
#592 = FACE_BOUND('',#593,.T.);
#593 = EDGE_LOOP('',(#594,#620,#621,#622));
#594 = ORIENTED_EDGE('',*,*,#595,.F.);
#595 = EDGE_CURVE('',#165,#596,#598,.T.);
#596 = VERTEX_POINT('',#597);
#597 = CARTESIAN_POINT('',(-26.,-19.2,0.));
#598 = SURFACE_CURVE('',#599,(#603,#609),.PCURVE_S1.);
#599 = LINE('',#600,#601);
#600 = CARTESIAN_POINT('',(-26.,-19.6,0.4));
#601 = VECTOR('',#602,1.);
#602 = DIRECTION('',(0.,0.707106781187,-0.707106781187));
#603 = PCURVE('',#181,#604);
#604 = DEFINITIONAL_REPRESENTATION('',(#605),#608);
#605 = B_SPLINE_CURVE_WITH_KNOTS('',1,(#606,#607),.UNSPECIFIED.,.F.,.F.,
  (2,2),(-0.565685424949,0.565685424949),.PIECEWISE_BEZIER_KNOTS.);
#606 = CARTESIAN_POINT('',(0.,0.));
#607 = CARTESIAN_POINT('',(0.,-0.8));
#608 = ( GEOMETRIC_REPRESENTATION_CONTEXT(2) 
PARAMETRIC_REPRESENTATION_CONTEXT() REPRESENTATION_CONTEXT('2D SPACE',''
  ) );
#609 = PCURVE('',#610,#615);
#610 = PLANE('',#611);
#611 = AXIS2_PLACEMENT_3D('',#612,#613,#614);
#612 = CARTESIAN_POINT('',(26.,-19.6,0.4));
#613 = DIRECTION('',(-6.983161618628E-18,-0.707106781187,-0.707106781187
    ));
#614 = DIRECTION('',(-1.,4.937840934654E-18,4.937840934654E-18));
#615 = DEFINITIONAL_REPRESENTATION('',(#616),#619);
#616 = B_SPLINE_CURVE_WITH_KNOTS('',1,(#617,#618),.UNSPECIFIED.,.F.,.F.,
  (2,2),(-0.565685424949,0.565685424949),.PIECEWISE_BEZIER_KNOTS.);
#617 = CARTESIAN_POINT('',(52.,-0.565685424949));
#618 = CARTESIAN_POINT('',(52.,0.565685424949));
#619 = ( GEOMETRIC_REPRESENTATION_CONTEXT(2) 
PARAMETRIC_REPRESENTATION_CONTEXT() REPRESENTATION_CONTEXT('2D SPACE',''
  ) );
#620 = ORIENTED_EDGE('',*,*,#164,.T.);
#621 = ORIENTED_EDGE('',*,*,#328,.T.);
#622 = ORIENTED_EDGE('',*,*,#623,.F.);
#623 = EDGE_CURVE('',#596,#329,#624,.T.);
#624 = SURFACE_CURVE('',#625,(#630,#637),.PCURVE_S1.);
#625 = CIRCLE('',#626,3.2);
#626 = AXIS2_PLACEMENT_3D('',#627,#628,#629);
#627 = CARTESIAN_POINT('',(-26.,-16.,0.));
#628 = DIRECTION('',(-0.,-0.,-1.));
#629 = DIRECTION('',(0.,-1.,0.));
#630 = PCURVE('',#181,#631);
#631 = DEFINITIONAL_REPRESENTATION('',(#632),#636);
#632 = LINE('',#633,#634);
#633 = CARTESIAN_POINT('',(-0.,-0.8));
#634 = VECTOR('',#635,1.);
#635 = DIRECTION('',(-1.,-0.));
#636 = ( GEOMETRIC_REPRESENTATION_CONTEXT(2) 
PARAMETRIC_REPRESENTATION_CONTEXT() REPRESENTATION_CONTEXT('2D SPACE',''
  ) );
#637 = PCURVE('',#390,#638);
#638 = DEFINITIONAL_REPRESENTATION('',(#639),#647);
#639 = ( BOUNDED_CURVE() B_SPLINE_CURVE(2,(#640,#641,#642,#643,#644,#645
,#646),.UNSPECIFIED.,.T.,.F.) B_SPLINE_CURVE_WITH_KNOTS((1,2,2,2,2,1),(
    -2.094395102393,0.,2.094395102393,4.188790204786,6.28318530718,
8.377580409573),.UNSPECIFIED.) CURVE() GEOMETRIC_REPRESENTATION_ITEM() 
RATIONAL_B_SPLINE_CURVE((1.,0.5,1.,0.5,1.,0.5,1.)) REPRESENTATION_ITEM(
  '') );
#640 = CARTESIAN_POINT('',(4.,0.8));
#641 = CARTESIAN_POINT('',(-1.54256258422,0.8));
#642 = CARTESIAN_POINT('',(1.22871870789,5.6));
#643 = CARTESIAN_POINT('',(4.,10.4));
#644 = CARTESIAN_POINT('',(6.77128129211,5.6));
#645 = CARTESIAN_POINT('',(9.54256258422,0.8));
#646 = CARTESIAN_POINT('',(4.,0.8));
#647 = ( GEOMETRIC_REPRESENTATION_CONTEXT(2) 
PARAMETRIC_REPRESENTATION_CONTEXT() REPRESENTATION_CONTEXT('2D SPACE',''
  ) );
#648 = ADVANCED_FACE('',(#649,#724),#209,.F.);
#649 = FACE_BOUND('',#650,.F.);
#650 = EDGE_LOOP('',(#651,#652,#675,#703));
#651 = ORIENTED_EDGE('',*,*,#193,.T.);
#652 = ORIENTED_EDGE('',*,*,#653,.T.);
#653 = EDGE_CURVE('',#194,#654,#656,.T.);
#654 = VERTEX_POINT('',#655);
#655 = CARTESIAN_POINT('',(26.,-20.,29.7));
#656 = SURFACE_CURVE('',#657,(#661,#668),.PCURVE_S1.);
#657 = LINE('',#658,#659);
#658 = CARTESIAN_POINT('',(-26.,-20.,29.7));
#659 = VECTOR('',#660,1.);
#660 = DIRECTION('',(1.,0.,0.));
#661 = PCURVE('',#209,#662);
#662 = DEFINITIONAL_REPRESENTATION('',(#663),#667);
#663 = LINE('',#664,#665);
#664 = CARTESIAN_POINT('',(29.7,4.));
#665 = VECTOR('',#666,1.);
#666 = DIRECTION('',(0.,1.));
#667 = ( GEOMETRIC_REPRESENTATION_CONTEXT(2) 
PARAMETRIC_REPRESENTATION_CONTEXT() REPRESENTATION_CONTEXT('2D SPACE',''
  ) );
#668 = PCURVE('',#559,#669);
#669 = DEFINITIONAL_REPRESENTATION('',(#670),#674);
#670 = LINE('',#671,#672);
#671 = CARTESIAN_POINT('',(-0.,-0.212132034356));
#672 = VECTOR('',#673,1.);
#673 = DIRECTION('',(-1.,0.));
#674 = ( GEOMETRIC_REPRESENTATION_CONTEXT(2) 
PARAMETRIC_REPRESENTATION_CONTEXT() REPRESENTATION_CONTEXT('2D SPACE',''
  ) );
#675 = ORIENTED_EDGE('',*,*,#676,.F.);
#676 = EDGE_CURVE('',#677,#654,#679,.T.);
#677 = VERTEX_POINT('',#678);
#678 = CARTESIAN_POINT('',(26.,-20.,0.8));
#679 = SURFACE_CURVE('',#680,(#684,#691),.PCURVE_S1.);
#680 = LINE('',#681,#682);
#681 = CARTESIAN_POINT('',(26.,-20.,0.));
#682 = VECTOR('',#683,1.);
#683 = DIRECTION('',(0.,0.,1.));
#684 = PCURVE('',#209,#685);
#685 = DEFINITIONAL_REPRESENTATION('',(#686),#690);
#686 = LINE('',#687,#688);
#687 = CARTESIAN_POINT('',(0.,56.));
#688 = VECTOR('',#689,1.);
#689 = DIRECTION('',(1.,0.));
#690 = ( GEOMETRIC_REPRESENTATION_CONTEXT(2) 
PARAMETRIC_REPRESENTATION_CONTEXT() REPRESENTATION_CONTEXT('2D SPACE',''
  ) );
#691 = PCURVE('',#692,#697);
#692 = CYLINDRICAL_SURFACE('',#693,4.);
#693 = AXIS2_PLACEMENT_3D('',#694,#695,#696);
#694 = CARTESIAN_POINT('',(26.,-16.,0.));
#695 = DIRECTION('',(0.,0.,1.));
#696 = DIRECTION('',(1.,0.,-0.));
#697 = DEFINITIONAL_REPRESENTATION('',(#698),#702);
#698 = LINE('',#699,#700);
#699 = CARTESIAN_POINT('',(-1.570796326795,0.));
#700 = VECTOR('',#701,1.);
#701 = DIRECTION('',(-0.,1.));
#702 = ( GEOMETRIC_REPRESENTATION_CONTEXT(2) 
PARAMETRIC_REPRESENTATION_CONTEXT() REPRESENTATION_CONTEXT('2D SPACE',''
  ) );
#703 = ORIENTED_EDGE('',*,*,#704,.T.);
#704 = EDGE_CURVE('',#677,#165,#705,.T.);
#705 = SURFACE_CURVE('',#706,(#710,#717),.PCURVE_S1.);
#706 = LINE('',#707,#708);
#707 = CARTESIAN_POINT('',(26.,-20.,0.8));
#708 = VECTOR('',#709,1.);
#709 = DIRECTION('',(-1.,-0.,-0.));
#710 = PCURVE('',#209,#711);
#711 = DEFINITIONAL_REPRESENTATION('',(#712),#716);
#712 = LINE('',#713,#714);
#713 = CARTESIAN_POINT('',(0.8,56.));
#714 = VECTOR('',#715,1.);
#715 = DIRECTION('',(-0.,-1.));
#716 = ( GEOMETRIC_REPRESENTATION_CONTEXT(2) 
PARAMETRIC_REPRESENTATION_CONTEXT() REPRESENTATION_CONTEXT('2D SPACE',''
  ) );
#717 = PCURVE('',#610,#718);
#718 = DEFINITIONAL_REPRESENTATION('',(#719),#723);
#719 = LINE('',#720,#721);
#720 = CARTESIAN_POINT('',(0.,-0.565685424949));
#721 = VECTOR('',#722,1.);
#722 = DIRECTION('',(1.,0.));
#723 = ( GEOMETRIC_REPRESENTATION_CONTEXT(2) 
PARAMETRIC_REPRESENTATION_CONTEXT() REPRESENTATION_CONTEXT('2D SPACE',''
  ) );
#724 = FACE_BOUND('',#725,.F.);
#725 = EDGE_LOOP('',(#726,#754,#780,#806));
#726 = ORIENTED_EDGE('',*,*,#727,.F.);
#727 = EDGE_CURVE('',#728,#730,#732,.T.);
#728 = VERTEX_POINT('',#729);
#729 = CARTESIAN_POINT('',(5.,-20.,23.7));
#730 = VERTEX_POINT('',#731);
#731 = CARTESIAN_POINT('',(-5.,-20.,23.7));
#732 = SURFACE_CURVE('',#733,(#737,#743),.PCURVE_S1.);
#733 = LINE('',#734,#735);
#734 = CARTESIAN_POINT('',(-17.5,-20.,23.7));
#735 = VECTOR('',#736,1.);
#736 = DIRECTION('',(-1.,0.,-0.));
#737 = PCURVE('',#209,#738);
#738 = DEFINITIONAL_REPRESENTATION('',(#739),#742);
#739 = B_SPLINE_CURVE_WITH_KNOTS('',1,(#740,#741),.UNSPECIFIED.,.F.,.F.,
  (2,2),(-22.5,-12.5),.PIECEWISE_BEZIER_KNOTS.);
#740 = CARTESIAN_POINT('',(23.7,35.));
#741 = CARTESIAN_POINT('',(23.7,25.));
#742 = ( GEOMETRIC_REPRESENTATION_CONTEXT(2) 
PARAMETRIC_REPRESENTATION_CONTEXT() REPRESENTATION_CONTEXT('2D SPACE',''
  ) );
#743 = PCURVE('',#744,#749);
#744 = PLANE('',#745);
#745 = AXIS2_PLACEMENT_3D('',#746,#747,#748);
#746 = CARTESIAN_POINT('',(-5.,-19.7,23.4));
#747 = DIRECTION('',(0.,-0.707106781187,-0.707106781187));
#748 = DIRECTION('',(0.,-0.707106781187,0.707106781187));
#749 = DEFINITIONAL_REPRESENTATION('',(#750),#753);
#750 = B_SPLINE_CURVE_WITH_KNOTS('',1,(#751,#752),.UNSPECIFIED.,.F.,.F.,
  (2,2),(-22.5,-12.5),.PIECEWISE_BEZIER_KNOTS.);
#751 = CARTESIAN_POINT('',(0.424264068712,-10.));
#752 = CARTESIAN_POINT('',(0.424264068712,0.));
#753 = ( GEOMETRIC_REPRESENTATION_CONTEXT(2) 
PARAMETRIC_REPRESENTATION_CONTEXT() REPRESENTATION_CONTEXT('2D SPACE',''
  ) );
#754 = ORIENTED_EDGE('',*,*,#755,.T.);
#755 = EDGE_CURVE('',#728,#756,#758,.T.);
#756 = VERTEX_POINT('',#757);
#757 = CARTESIAN_POINT('',(5.,-20.,29.4));
#758 = SURFACE_CURVE('',#759,(#763,#769),.PCURVE_S1.);
#759 = LINE('',#760,#761);
#760 = CARTESIAN_POINT('',(5.,-20.,13.254073772598));
#761 = VECTOR('',#762,1.);
#762 = DIRECTION('',(0.,0.,1.));
#763 = PCURVE('',#209,#764);
#764 = DEFINITIONAL_REPRESENTATION('',(#765),#768);
#765 = B_SPLINE_CURVE_WITH_KNOTS('',1,(#766,#767),.UNSPECIFIED.,.F.,.F.,
  (2,2),(10.145926227402,16.445926227402),.PIECEWISE_BEZIER_KNOTS.);
#766 = CARTESIAN_POINT('',(23.4,35.));
#767 = CARTESIAN_POINT('',(29.7,35.));
#768 = ( GEOMETRIC_REPRESENTATION_CONTEXT(2) 
PARAMETRIC_REPRESENTATION_CONTEXT() REPRESENTATION_CONTEXT('2D SPACE',''
  ) );
#769 = PCURVE('',#770,#775);
#770 = PLANE('',#771);
#771 = AXIS2_PLACEMENT_3D('',#772,#773,#774);
#772 = CARTESIAN_POINT('',(5.,-21.11766391842,26.508147545195));
#773 = DIRECTION('',(-1.,-0.,-0.));
#774 = DIRECTION('',(0.,0.,-1.));
#775 = DEFINITIONAL_REPRESENTATION('',(#776),#779);
#776 = B_SPLINE_CURVE_WITH_KNOTS('',1,(#777,#778),.UNSPECIFIED.,.F.,.F.,
  (2,2),(10.145926227402,16.445926227402),.PIECEWISE_BEZIER_KNOTS.);
#777 = CARTESIAN_POINT('',(3.108147545195,-1.117663918421));
#778 = CARTESIAN_POINT('',(-3.191852454805,-1.117663918421));
#779 = ( GEOMETRIC_REPRESENTATION_CONTEXT(2) 
PARAMETRIC_REPRESENTATION_CONTEXT() REPRESENTATION_CONTEXT('2D SPACE',''
  ) );
#780 = ORIENTED_EDGE('',*,*,#781,.F.);
#781 = EDGE_CURVE('',#782,#756,#784,.T.);
#782 = VERTEX_POINT('',#783);
#783 = CARTESIAN_POINT('',(-5.,-20.,29.4));
#784 = SURFACE_CURVE('',#785,(#789,#795),.PCURVE_S1.);
#785 = LINE('',#786,#787);
#786 = CARTESIAN_POINT('',(-17.5,-20.,29.4));
#787 = VECTOR('',#788,1.);
#788 = DIRECTION('',(1.,0.,-0.));
#789 = PCURVE('',#209,#790);
#790 = DEFINITIONAL_REPRESENTATION('',(#791),#794);
#791 = B_SPLINE_CURVE_WITH_KNOTS('',1,(#792,#793),.UNSPECIFIED.,.F.,.F.,
  (2,2),(12.5,22.5),.PIECEWISE_BEZIER_KNOTS.);
#792 = CARTESIAN_POINT('',(29.4,25.));
#793 = CARTESIAN_POINT('',(29.4,35.));
#794 = ( GEOMETRIC_REPRESENTATION_CONTEXT(2) 
PARAMETRIC_REPRESENTATION_CONTEXT() REPRESENTATION_CONTEXT('2D SPACE',''
  ) );
#795 = PCURVE('',#796,#801);
#796 = PLANE('',#797);
#797 = AXIS2_PLACEMENT_3D('',#798,#799,#800);
#798 = CARTESIAN_POINT('',(-5.,-23.4,26.));
#799 = DIRECTION('',(0.,-0.707106781187,0.707106781187));
#800 = DIRECTION('',(0.,0.707106781187,0.707106781187));
#801 = DEFINITIONAL_REPRESENTATION('',(#802),#805);
#802 = B_SPLINE_CURVE_WITH_KNOTS('',1,(#803,#804),.UNSPECIFIED.,.F.,.F.,
  (2,2),(12.5,22.5),.PIECEWISE_BEZIER_KNOTS.);
#803 = CARTESIAN_POINT('',(4.808326112069,0.));
#804 = CARTESIAN_POINT('',(4.808326112069,-10.));
#805 = ( GEOMETRIC_REPRESENTATION_CONTEXT(2) 
PARAMETRIC_REPRESENTATION_CONTEXT() REPRESENTATION_CONTEXT('2D SPACE',''
  ) );
#806 = ORIENTED_EDGE('',*,*,#807,.F.);
#807 = EDGE_CURVE('',#730,#782,#808,.T.);
#808 = SURFACE_CURVE('',#809,(#813,#819),.PCURVE_S1.);
#809 = LINE('',#810,#811);
#810 = CARTESIAN_POINT('',(-5.,-20.,13.254073772598));
#811 = VECTOR('',#812,1.);
#812 = DIRECTION('',(0.,0.,1.));
#813 = PCURVE('',#209,#814);
#814 = DEFINITIONAL_REPRESENTATION('',(#815),#818);
#815 = B_SPLINE_CURVE_WITH_KNOTS('',1,(#816,#817),.UNSPECIFIED.,.F.,.F.,
  (2,2),(10.145926227402,16.445926227402),.PIECEWISE_BEZIER_KNOTS.);
#816 = CARTESIAN_POINT('',(23.4,25.));
#817 = CARTESIAN_POINT('',(29.7,25.));
#818 = ( GEOMETRIC_REPRESENTATION_CONTEXT(2) 
PARAMETRIC_REPRESENTATION_CONTEXT() REPRESENTATION_CONTEXT('2D SPACE',''
  ) );
#819 = PCURVE('',#820,#825);
#820 = PLANE('',#821);
#821 = AXIS2_PLACEMENT_3D('',#822,#823,#824);
#822 = CARTESIAN_POINT('',(-5.,-21.11766391842,26.508147545195));
#823 = DIRECTION('',(-1.,-0.,-0.));
#824 = DIRECTION('',(0.,0.,-1.));
#825 = DEFINITIONAL_REPRESENTATION('',(#826),#829);
#826 = B_SPLINE_CURVE_WITH_KNOTS('',1,(#827,#828),.UNSPECIFIED.,.F.,.F.,
  (2,2),(10.145926227402,16.445926227402),.PIECEWISE_BEZIER_KNOTS.);
#827 = CARTESIAN_POINT('',(3.108147545195,-1.117663918421));
#828 = CARTESIAN_POINT('',(-3.191852454805,-1.117663918421));
#829 = ( GEOMETRIC_REPRESENTATION_CONTEXT(2) 
PARAMETRIC_REPRESENTATION_CONTEXT() REPRESENTATION_CONTEXT('2D SPACE',''
  ) );
#830 = ADVANCED_FACE('',(#831),#266,.T.);
#831 = FACE_BOUND('',#832,.T.);
#832 = EDGE_LOOP('',(#833,#860,#861,#862));
#833 = ORIENTED_EDGE('',*,*,#834,.T.);
#834 = EDGE_CURVE('',#835,#406,#837,.T.);
#835 = VERTEX_POINT('',#836);
#836 = CARTESIAN_POINT('',(-28.,19.112876483255,30.));
#837 = SURFACE_CURVE('',#838,(#843,#853),.PCURVE_S1.);
#838 = HYPERBOLA('',#839,2.,2.);
#839 = AXIS2_PLACEMENT_3D('',#840,#841,#842);
#840 = CARTESIAN_POINT('',(-28.,16.,33.7));
#841 = DIRECTION('',(1.,0.,0.));
#842 = DIRECTION('',(0.,0.,-1.));
#843 = PCURVE('',#266,#844);
#844 = DEFINITIONAL_REPRESENTATION('',(#845),#852);
#845 = B_SPLINE_CURVE_WITH_KNOTS('',5,(#846,#847,#848,#849,#850,#851),
  .UNSPECIFIED.,.F.,.F.,(6,6),(1.225667241499,1.316957896925),
  .PIECEWISE_BEZIER_KNOTS.);
#846 = CARTESIAN_POINT('',(-0.571079469456,-0.3));
#847 = CARTESIAN_POINT('',(-0.56121020941,-0.243164693117));
#848 = CARTESIAN_POINT('',(-0.551530450233,-0.184787599305));
#849 = CARTESIAN_POINT('',(-0.542037342775,-0.124829246077));
#850 = CARTESIAN_POINT('',(-0.532727841141,-6.32480213812E-02));
#851 = CARTESIAN_POINT('',(-0.523598775598,-1.33226762955E-15));
#852 = ( GEOMETRIC_REPRESENTATION_CONTEXT(2) 
PARAMETRIC_REPRESENTATION_CONTEXT() REPRESENTATION_CONTEXT('2D SPACE',''
  ) );
#853 = PCURVE('',#528,#854);
#854 = DEFINITIONAL_REPRESENTATION('',(#855),#859);
#855 = ( BOUNDED_CURVE() B_SPLINE_CURVE(2,(#856,#857,#858),
.UNSPECIFIED.,.F.,.F.) B_SPLINE_CURVE_WITH_KNOTS((3,3),(1.225667241499,
1.316957896925),.PIECEWISE_BEZIER_KNOTS.) CURVE() 
GEOMETRIC_REPRESENTATION_ITEM() RATIONAL_B_SPLINE_CURVE((1.,
1.001041928857,1.)) REPRESENTATION_ITEM('') );
#856 = CARTESIAN_POINT('',(0.692127134813,9.606719466035));
#857 = CARTESIAN_POINT('',(0.550137465545,9.437948948117));
#858 = CARTESIAN_POINT('',(0.392127134813,9.255494334152));
#859 = ( GEOMETRIC_REPRESENTATION_CONTEXT(2) 
PARAMETRIC_REPRESENTATION_CONTEXT() REPRESENTATION_CONTEXT('2D SPACE',''
  ) );
#860 = ORIENTED_EDGE('',*,*,#405,.T.);
#861 = ORIENTED_EDGE('',*,*,#251,.T.);
#862 = ORIENTED_EDGE('',*,*,#863,.F.);
#863 = EDGE_CURVE('',#835,#252,#864,.T.);
#864 = SURFACE_CURVE('',#865,(#870,#877),.PCURVE_S1.);
#865 = CIRCLE('',#866,3.7);
#866 = AXIS2_PLACEMENT_3D('',#867,#868,#869);
#867 = CARTESIAN_POINT('',(-26.,16.,30.));
#868 = DIRECTION('',(0.,0.,1.));
#869 = DIRECTION('',(0.,1.,-0.));
#870 = PCURVE('',#266,#871);
#871 = DEFINITIONAL_REPRESENTATION('',(#872),#876);
#872 = LINE('',#873,#874);
#873 = CARTESIAN_POINT('',(-0.,-0.3));
#874 = VECTOR('',#875,1.);
#875 = DIRECTION('',(-1.,-0.));
#876 = ( GEOMETRIC_REPRESENTATION_CONTEXT(2) 
PARAMETRIC_REPRESENTATION_CONTEXT() REPRESENTATION_CONTEXT('2D SPACE',''
  ) );
#877 = PCURVE('',#313,#878);
#878 = DEFINITIONAL_REPRESENTATION('',(#879),#883);
#879 = CIRCLE('',#880,3.7);
#880 = AXIS2_PLACEMENT_2D('',#881,#882);
#881 = CARTESIAN_POINT('',(4.,36.));
#882 = DIRECTION('',(0.,1.));
#883 = ( GEOMETRIC_REPRESENTATION_CONTEXT(2) 
PARAMETRIC_REPRESENTATION_CONTEXT() REPRESENTATION_CONTEXT('2D SPACE',''
  ) );
#884 = ADVANCED_FACE('',(#885,#1408),#313,.T.);
#885 = FACE_BOUND('',#886,.T.);
#886 = EDGE_LOOP('',(#887,#888,#889,#890,#913,#942,#970,#999,#1027,#1054
    ,#1082,#1110,#1138,#1165,#1193,#1221,#1249,#1276,#1304,#1332,#1360,
    #1387));
#887 = ORIENTED_EDGE('',*,*,#863,.T.);
#888 = ORIENTED_EDGE('',*,*,#299,.T.);
#889 = ORIENTED_EDGE('',*,*,#570,.T.);
#890 = ORIENTED_EDGE('',*,*,#891,.T.);
#891 = EDGE_CURVE('',#545,#892,#894,.T.);
#892 = VERTEX_POINT('',#893);
#893 = CARTESIAN_POINT('',(26.,-19.7,30.));
#894 = SURFACE_CURVE('',#895,(#899,#906),.PCURVE_S1.);
#895 = LINE('',#896,#897);
#896 = CARTESIAN_POINT('',(-26.,-19.7,30.));
#897 = VECTOR('',#898,1.);
#898 = DIRECTION('',(1.,0.,0.));
#899 = PCURVE('',#313,#900);
#900 = DEFINITIONAL_REPRESENTATION('',(#901),#905);
#901 = LINE('',#902,#903);
#902 = CARTESIAN_POINT('',(4.,0.3));
#903 = VECTOR('',#904,1.);
#904 = DIRECTION('',(1.,0.));
#905 = ( GEOMETRIC_REPRESENTATION_CONTEXT(2) 
PARAMETRIC_REPRESENTATION_CONTEXT() REPRESENTATION_CONTEXT('2D SPACE',''
  ) );
#906 = PCURVE('',#559,#907);
#907 = DEFINITIONAL_REPRESENTATION('',(#908),#912);
#908 = LINE('',#909,#910);
#909 = CARTESIAN_POINT('',(-0.,0.212132034356));
#910 = VECTOR('',#911,1.);
#911 = DIRECTION('',(-1.,0.));
#912 = ( GEOMETRIC_REPRESENTATION_CONTEXT(2) 
PARAMETRIC_REPRESENTATION_CONTEXT() REPRESENTATION_CONTEXT('2D SPACE',''
  ) );
#913 = ORIENTED_EDGE('',*,*,#914,.T.);
#914 = EDGE_CURVE('',#892,#915,#917,.T.);
#915 = VERTEX_POINT('',#916);
#916 = CARTESIAN_POINT('',(29.7,-16.,30.));
#917 = SURFACE_CURVE('',#918,(#923,#930),.PCURVE_S1.);
#918 = CIRCLE('',#919,3.7);
#919 = AXIS2_PLACEMENT_3D('',#920,#921,#922);
#920 = CARTESIAN_POINT('',(26.,-16.,30.));
#921 = DIRECTION('',(0.,0.,1.));
#922 = DIRECTION('',(0.,-1.,0.));
#923 = PCURVE('',#313,#924);
#924 = DEFINITIONAL_REPRESENTATION('',(#925),#929);
#925 = CIRCLE('',#926,3.7);
#926 = AXIS2_PLACEMENT_2D('',#927,#928);
#927 = CARTESIAN_POINT('',(56.,4.));
#928 = DIRECTION('',(0.,-1.));
#929 = ( GEOMETRIC_REPRESENTATION_CONTEXT(2) 
PARAMETRIC_REPRESENTATION_CONTEXT() REPRESENTATION_CONTEXT('2D SPACE',''
  ) );
#930 = PCURVE('',#931,#936);
#931 = CONICAL_SURFACE('',#932,4.,0.785398163397);
#932 = AXIS2_PLACEMENT_3D('',#933,#934,#935);
#933 = CARTESIAN_POINT('',(26.,-16.,29.7));
#934 = DIRECTION('',(-0.,-0.,-1.));
#935 = DIRECTION('',(0.,-1.,0.));
#936 = DEFINITIONAL_REPRESENTATION('',(#937),#941);
#937 = LINE('',#938,#939);
#938 = CARTESIAN_POINT('',(-0.,-0.3));
#939 = VECTOR('',#940,1.);
#940 = DIRECTION('',(-1.,-0.));
#941 = ( GEOMETRIC_REPRESENTATION_CONTEXT(2) 
PARAMETRIC_REPRESENTATION_CONTEXT() REPRESENTATION_CONTEXT('2D SPACE',''
  ) );
#942 = ORIENTED_EDGE('',*,*,#943,.T.);
#943 = EDGE_CURVE('',#915,#944,#946,.T.);
#944 = VERTEX_POINT('',#945);
#945 = CARTESIAN_POINT('',(29.7,16.,30.));
#946 = SURFACE_CURVE('',#947,(#951,#958),.PCURVE_S1.);
#947 = LINE('',#948,#949);
#948 = CARTESIAN_POINT('',(29.7,-16.,30.));
#949 = VECTOR('',#950,1.);
#950 = DIRECTION('',(0.,1.,0.));
#951 = PCURVE('',#313,#952);
#952 = DEFINITIONAL_REPRESENTATION('',(#953),#957);
#953 = LINE('',#954,#955);
#954 = CARTESIAN_POINT('',(59.7,4.));
#955 = VECTOR('',#956,1.);
#956 = DIRECTION('',(0.,1.));
#957 = ( GEOMETRIC_REPRESENTATION_CONTEXT(2) 
PARAMETRIC_REPRESENTATION_CONTEXT() REPRESENTATION_CONTEXT('2D SPACE',''
  ) );
#958 = PCURVE('',#959,#964);
#959 = PLANE('',#960);
#960 = AXIS2_PLACEMENT_3D('',#961,#962,#963);
#961 = CARTESIAN_POINT('',(29.85,-16.,29.85));
#962 = DIRECTION('',(0.707106781187,0.,0.707106781187));
#963 = DIRECTION('',(-0.,1.,0.));
#964 = DEFINITIONAL_REPRESENTATION('',(#965),#969);
#965 = LINE('',#966,#967);
#966 = CARTESIAN_POINT('',(0.,0.212132034356));
#967 = VECTOR('',#968,1.);
#968 = DIRECTION('',(1.,0.));
#969 = ( GEOMETRIC_REPRESENTATION_CONTEXT(2) 
PARAMETRIC_REPRESENTATION_CONTEXT() REPRESENTATION_CONTEXT('2D SPACE',''
  ) );
#970 = ORIENTED_EDGE('',*,*,#971,.T.);
#971 = EDGE_CURVE('',#944,#972,#974,.T.);
#972 = VERTEX_POINT('',#973);
#973 = CARTESIAN_POINT('',(28.,19.112876483255,30.));
#974 = SURFACE_CURVE('',#975,(#980,#987),.PCURVE_S1.);
#975 = CIRCLE('',#976,3.7);
#976 = AXIS2_PLACEMENT_3D('',#977,#978,#979);
#977 = CARTESIAN_POINT('',(26.,16.,30.));
#978 = DIRECTION('',(0.,0.,1.));
#979 = DIRECTION('',(1.,0.,-0.));
#980 = PCURVE('',#313,#981);
#981 = DEFINITIONAL_REPRESENTATION('',(#982),#986);
#982 = CIRCLE('',#983,3.7);
#983 = AXIS2_PLACEMENT_2D('',#984,#985);
#984 = CARTESIAN_POINT('',(56.,36.));
#985 = DIRECTION('',(1.,0.));
#986 = ( GEOMETRIC_REPRESENTATION_CONTEXT(2) 
PARAMETRIC_REPRESENTATION_CONTEXT() REPRESENTATION_CONTEXT('2D SPACE',''
  ) );
#987 = PCURVE('',#988,#993);
#988 = CONICAL_SURFACE('',#989,4.,0.785398163397);
#989 = AXIS2_PLACEMENT_3D('',#990,#991,#992);
#990 = CARTESIAN_POINT('',(26.,16.,29.7));
#991 = DIRECTION('',(-0.,-0.,-1.));
#992 = DIRECTION('',(1.,0.,0.));
#993 = DEFINITIONAL_REPRESENTATION('',(#994),#998);
#994 = LINE('',#995,#996);
#995 = CARTESIAN_POINT('',(-0.,-0.3));
#996 = VECTOR('',#997,1.);
#997 = DIRECTION('',(-1.,-0.));
#998 = ( GEOMETRIC_REPRESENTATION_CONTEXT(2) 
PARAMETRIC_REPRESENTATION_CONTEXT() REPRESENTATION_CONTEXT('2D SPACE',''
  ) );
#999 = ORIENTED_EDGE('',*,*,#1000,.F.);
#1000 = EDGE_CURVE('',#1001,#972,#1003,.T.);
#1001 = VERTEX_POINT('',#1002);
#1002 = CARTESIAN_POINT('',(28.,23.119595949289,30.));
#1003 = SURFACE_CURVE('',#1004,(#1008,#1015),.PCURVE_S1.);
#1004 = LINE('',#1005,#1006);
#1005 = CARTESIAN_POINT('',(28.,28.719595949289,30.));
#1006 = VECTOR('',#1007,1.);
#1007 = DIRECTION('',(0.,-1.,0.));
#1008 = PCURVE('',#313,#1009);
#1009 = DEFINITIONAL_REPRESENTATION('',(#1010),#1014);
#1010 = LINE('',#1011,#1012);
#1011 = CARTESIAN_POINT('',(58.,48.719595949289));
#1012 = VECTOR('',#1013,1.);
#1013 = DIRECTION('',(0.,-1.));
#1014 = ( GEOMETRIC_REPRESENTATION_CONTEXT(2) 
PARAMETRIC_REPRESENTATION_CONTEXT() REPRESENTATION_CONTEXT('2D SPACE',''
  ) );
#1015 = PCURVE('',#1016,#1021);
#1016 = PLANE('',#1017);
#1017 = AXIS2_PLACEMENT_3D('',#1018,#1019,#1020);
#1018 = CARTESIAN_POINT('',(28.,28.719595949289,29.307872865187));
#1019 = DIRECTION('',(1.,0.,0.));
#1020 = DIRECTION('',(-0.,0.,1.));
#1021 = DEFINITIONAL_REPRESENTATION('',(#1022),#1026);
#1022 = LINE('',#1023,#1024);
#1023 = CARTESIAN_POINT('',(0.692127134813,7.105427357601E-15));
#1024 = VECTOR('',#1025,1.);
#1025 = DIRECTION('',(0.,1.));
#1026 = ( GEOMETRIC_REPRESENTATION_CONTEXT(2) 
PARAMETRIC_REPRESENTATION_CONTEXT() REPRESENTATION_CONTEXT('2D SPACE',''
  ) );
#1027 = ORIENTED_EDGE('',*,*,#1028,.T.);
#1028 = EDGE_CURVE('',#1001,#1029,#1031,.T.);
#1029 = VERTEX_POINT('',#1030);
#1030 = CARTESIAN_POINT('',(22.5,23.119595949289,30.));
#1031 = SURFACE_CURVE('',#1032,(#1036,#1043),.PCURVE_S1.);
#1032 = LINE('',#1033,#1034);
#1033 = CARTESIAN_POINT('',(22.5,23.119595949289,30.));
#1034 = VECTOR('',#1035,1.);
#1035 = DIRECTION('',(-1.,-0.,0.));
#1036 = PCURVE('',#313,#1037);
#1037 = DEFINITIONAL_REPRESENTATION('',(#1038),#1042);
#1038 = LINE('',#1039,#1040);
#1039 = CARTESIAN_POINT('',(52.5,43.119595949289));
#1040 = VECTOR('',#1041,1.);
#1041 = DIRECTION('',(-1.,0.));
#1042 = ( GEOMETRIC_REPRESENTATION_CONTEXT(2) 
PARAMETRIC_REPRESENTATION_CONTEXT() REPRESENTATION_CONTEXT('2D SPACE',''
  ) );
#1043 = PCURVE('',#1044,#1049);
#1044 = CYLINDRICAL_SURFACE('',#1045,5.6);
#1045 = AXIS2_PLACEMENT_3D('',#1046,#1047,#1048);
#1046 = CARTESIAN_POINT('',(22.5,28.719595949289,30.));
#1047 = DIRECTION('',(-1.,-0.,0.));
#1048 = DIRECTION('',(-0.,0.707106781187,-0.707106781187));
#1049 = DEFINITIONAL_REPRESENTATION('',(#1050),#1053);
#1050 = B_SPLINE_CURVE_WITH_KNOTS('',1,(#1051,#1052),.UNSPECIFIED.,.F.,
  .F.,(2,2),(-5.5000006,5.999999999062E-07),.PIECEWISE_BEZIER_KNOTS.);
#1051 = CARTESIAN_POINT('',(-3.926990816987,-5.5000006));
#1052 = CARTESIAN_POINT('',(-3.926990816987,5.999999999062E-07));
#1053 = ( GEOMETRIC_REPRESENTATION_CONTEXT(2) 
PARAMETRIC_REPRESENTATION_CONTEXT() REPRESENTATION_CONTEXT('2D SPACE',''
  ) );
#1054 = ORIENTED_EDGE('',*,*,#1055,.T.);
#1055 = EDGE_CURVE('',#1029,#1056,#1058,.T.);
#1056 = VERTEX_POINT('',#1057);
#1057 = CARTESIAN_POINT('',(22.5,19.7,30.));
#1058 = SURFACE_CURVE('',#1059,(#1063,#1070),.PCURVE_S1.);
#1059 = LINE('',#1060,#1061);
#1060 = CARTESIAN_POINT('',(22.5,28.719595949289,30.));
#1061 = VECTOR('',#1062,1.);
#1062 = DIRECTION('',(0.,-1.,0.));
#1063 = PCURVE('',#313,#1064);
#1064 = DEFINITIONAL_REPRESENTATION('',(#1065),#1069);
#1065 = LINE('',#1066,#1067);
#1066 = CARTESIAN_POINT('',(52.5,48.719595949289));
#1067 = VECTOR('',#1068,1.);
#1068 = DIRECTION('',(0.,-1.));
#1069 = ( GEOMETRIC_REPRESENTATION_CONTEXT(2) 
PARAMETRIC_REPRESENTATION_CONTEXT() REPRESENTATION_CONTEXT('2D SPACE',''
  ) );
#1070 = PCURVE('',#1071,#1076);
#1071 = PLANE('',#1072);
#1072 = AXIS2_PLACEMENT_3D('',#1073,#1074,#1075);
#1073 = CARTESIAN_POINT('',(22.5,28.719595949289,29.307872865187));
#1074 = DIRECTION('',(1.,0.,0.));
#1075 = DIRECTION('',(-0.,0.,1.));
#1076 = DEFINITIONAL_REPRESENTATION('',(#1077),#1081);
#1077 = LINE('',#1078,#1079);
#1078 = CARTESIAN_POINT('',(0.692127134813,7.105427357601E-15));
#1079 = VECTOR('',#1080,1.);
#1080 = DIRECTION('',(0.,1.));
#1081 = ( GEOMETRIC_REPRESENTATION_CONTEXT(2) 
PARAMETRIC_REPRESENTATION_CONTEXT() REPRESENTATION_CONTEXT('2D SPACE',''
  ) );
#1082 = ORIENTED_EDGE('',*,*,#1083,.T.);
#1083 = EDGE_CURVE('',#1056,#1084,#1086,.T.);
#1084 = VERTEX_POINT('',#1085);
#1085 = CARTESIAN_POINT('',(13.5,19.7,30.));
#1086 = SURFACE_CURVE('',#1087,(#1091,#1098),.PCURVE_S1.);
#1087 = LINE('',#1088,#1089);
#1088 = CARTESIAN_POINT('',(26.,19.7,30.));
#1089 = VECTOR('',#1090,1.);
#1090 = DIRECTION('',(-1.,-0.,-0.));
#1091 = PCURVE('',#313,#1092);
#1092 = DEFINITIONAL_REPRESENTATION('',(#1093),#1097);
#1093 = LINE('',#1094,#1095);
#1094 = CARTESIAN_POINT('',(56.,39.7));
#1095 = VECTOR('',#1096,1.);
#1096 = DIRECTION('',(-1.,0.));
#1097 = ( GEOMETRIC_REPRESENTATION_CONTEXT(2) 
PARAMETRIC_REPRESENTATION_CONTEXT() REPRESENTATION_CONTEXT('2D SPACE',''
  ) );
#1098 = PCURVE('',#1099,#1104);
#1099 = PLANE('',#1100);
#1100 = AXIS2_PLACEMENT_3D('',#1101,#1102,#1103);
#1101 = CARTESIAN_POINT('',(26.,19.85,29.85));
#1102 = DIRECTION('',(0.,0.707106781187,0.707106781187));
#1103 = DIRECTION('',(-1.,0.,0.));
#1104 = DEFINITIONAL_REPRESENTATION('',(#1105),#1109);
#1105 = LINE('',#1106,#1107);
#1106 = CARTESIAN_POINT('',(0.,0.212132034356));
#1107 = VECTOR('',#1108,1.);
#1108 = DIRECTION('',(1.,0.));
#1109 = ( GEOMETRIC_REPRESENTATION_CONTEXT(2) 
PARAMETRIC_REPRESENTATION_CONTEXT() REPRESENTATION_CONTEXT('2D SPACE',''
  ) );
#1110 = ORIENTED_EDGE('',*,*,#1111,.F.);
#1111 = EDGE_CURVE('',#1112,#1084,#1114,.T.);
#1112 = VERTEX_POINT('',#1113);
#1113 = CARTESIAN_POINT('',(13.5,23.119595949289,30.));
#1114 = SURFACE_CURVE('',#1115,(#1119,#1126),.PCURVE_S1.);
#1115 = LINE('',#1116,#1117);
#1116 = CARTESIAN_POINT('',(13.5,28.719595949289,30.));
#1117 = VECTOR('',#1118,1.);
#1118 = DIRECTION('',(0.,-1.,0.));
#1119 = PCURVE('',#313,#1120);
#1120 = DEFINITIONAL_REPRESENTATION('',(#1121),#1125);
#1121 = LINE('',#1122,#1123);
#1122 = CARTESIAN_POINT('',(43.5,48.719595949289));
#1123 = VECTOR('',#1124,1.);
#1124 = DIRECTION('',(0.,-1.));
#1125 = ( GEOMETRIC_REPRESENTATION_CONTEXT(2) 
PARAMETRIC_REPRESENTATION_CONTEXT() REPRESENTATION_CONTEXT('2D SPACE',''
  ) );
#1126 = PCURVE('',#1127,#1132);
#1127 = PLANE('',#1128);
#1128 = AXIS2_PLACEMENT_3D('',#1129,#1130,#1131);
#1129 = CARTESIAN_POINT('',(13.5,28.719595949289,29.307872865187));
#1130 = DIRECTION('',(1.,0.,0.));
#1131 = DIRECTION('',(-0.,0.,1.));
#1132 = DEFINITIONAL_REPRESENTATION('',(#1133),#1137);
#1133 = LINE('',#1134,#1135);
#1134 = CARTESIAN_POINT('',(0.692127134813,7.105427357601E-15));
#1135 = VECTOR('',#1136,1.);
#1136 = DIRECTION('',(0.,1.));
#1137 = ( GEOMETRIC_REPRESENTATION_CONTEXT(2) 
PARAMETRIC_REPRESENTATION_CONTEXT() REPRESENTATION_CONTEXT('2D SPACE',''
  ) );
#1138 = ORIENTED_EDGE('',*,*,#1139,.T.);
#1139 = EDGE_CURVE('',#1112,#1140,#1142,.T.);
#1140 = VERTEX_POINT('',#1141);
#1141 = CARTESIAN_POINT('',(8.,23.119595949289,30.));
#1142 = SURFACE_CURVE('',#1143,(#1147,#1154),.PCURVE_S1.);
#1143 = LINE('',#1144,#1145);
#1144 = CARTESIAN_POINT('',(8.,23.119595949289,30.));
#1145 = VECTOR('',#1146,1.);
#1146 = DIRECTION('',(-1.,-0.,0.));
#1147 = PCURVE('',#313,#1148);
#1148 = DEFINITIONAL_REPRESENTATION('',(#1149),#1153);
#1149 = LINE('',#1150,#1151);
#1150 = CARTESIAN_POINT('',(38.,43.119595949289));
#1151 = VECTOR('',#1152,1.);
#1152 = DIRECTION('',(-1.,0.));
#1153 = ( GEOMETRIC_REPRESENTATION_CONTEXT(2) 
PARAMETRIC_REPRESENTATION_CONTEXT() REPRESENTATION_CONTEXT('2D SPACE',''
  ) );
#1154 = PCURVE('',#1155,#1160);
#1155 = CYLINDRICAL_SURFACE('',#1156,5.6);
#1156 = AXIS2_PLACEMENT_3D('',#1157,#1158,#1159);
#1157 = CARTESIAN_POINT('',(8.,28.719595949289,30.));
#1158 = DIRECTION('',(-1.,-0.,0.));
#1159 = DIRECTION('',(-0.,0.707106781187,-0.707106781187));
#1160 = DEFINITIONAL_REPRESENTATION('',(#1161),#1164);
#1161 = B_SPLINE_CURVE_WITH_KNOTS('',1,(#1162,#1163),.UNSPECIFIED.,.F.,
  .F.,(2,2),(-5.5000006,5.999999999062E-07),.PIECEWISE_BEZIER_KNOTS.);
#1162 = CARTESIAN_POINT('',(-3.926990816987,-5.5000006));
#1163 = CARTESIAN_POINT('',(-3.926990816987,5.999999999062E-07));
#1164 = ( GEOMETRIC_REPRESENTATION_CONTEXT(2) 
PARAMETRIC_REPRESENTATION_CONTEXT() REPRESENTATION_CONTEXT('2D SPACE',''
  ) );
#1165 = ORIENTED_EDGE('',*,*,#1166,.T.);
#1166 = EDGE_CURVE('',#1140,#1167,#1169,.T.);
#1167 = VERTEX_POINT('',#1168);
#1168 = CARTESIAN_POINT('',(8.,19.7,30.));
#1169 = SURFACE_CURVE('',#1170,(#1174,#1181),.PCURVE_S1.);
#1170 = LINE('',#1171,#1172);
#1171 = CARTESIAN_POINT('',(8.,28.719595949289,30.));
#1172 = VECTOR('',#1173,1.);
#1173 = DIRECTION('',(0.,-1.,0.));
#1174 = PCURVE('',#313,#1175);
#1175 = DEFINITIONAL_REPRESENTATION('',(#1176),#1180);
#1176 = LINE('',#1177,#1178);
#1177 = CARTESIAN_POINT('',(38.,48.719595949289));
#1178 = VECTOR('',#1179,1.);
#1179 = DIRECTION('',(0.,-1.));
#1180 = ( GEOMETRIC_REPRESENTATION_CONTEXT(2) 
PARAMETRIC_REPRESENTATION_CONTEXT() REPRESENTATION_CONTEXT('2D SPACE',''
  ) );
#1181 = PCURVE('',#1182,#1187);
#1182 = PLANE('',#1183);
#1183 = AXIS2_PLACEMENT_3D('',#1184,#1185,#1186);
#1184 = CARTESIAN_POINT('',(8.,28.719595949289,29.307872865187));
#1185 = DIRECTION('',(1.,0.,0.));
#1186 = DIRECTION('',(-0.,0.,1.));
#1187 = DEFINITIONAL_REPRESENTATION('',(#1188),#1192);
#1188 = LINE('',#1189,#1190);
#1189 = CARTESIAN_POINT('',(0.692127134813,7.105427357601E-15));
#1190 = VECTOR('',#1191,1.);
#1191 = DIRECTION('',(0.,1.));
#1192 = ( GEOMETRIC_REPRESENTATION_CONTEXT(2) 
PARAMETRIC_REPRESENTATION_CONTEXT() REPRESENTATION_CONTEXT('2D SPACE',''
  ) );
#1193 = ORIENTED_EDGE('',*,*,#1194,.T.);
#1194 = EDGE_CURVE('',#1167,#1195,#1197,.T.);
#1195 = VERTEX_POINT('',#1196);
#1196 = CARTESIAN_POINT('',(-8.,19.7,30.));
#1197 = SURFACE_CURVE('',#1198,(#1202,#1209),.PCURVE_S1.);
#1198 = LINE('',#1199,#1200);
#1199 = CARTESIAN_POINT('',(26.,19.7,30.));
#1200 = VECTOR('',#1201,1.);
#1201 = DIRECTION('',(-1.,-0.,-0.));
#1202 = PCURVE('',#313,#1203);
#1203 = DEFINITIONAL_REPRESENTATION('',(#1204),#1208);
#1204 = LINE('',#1205,#1206);
#1205 = CARTESIAN_POINT('',(56.,39.7));
#1206 = VECTOR('',#1207,1.);
#1207 = DIRECTION('',(-1.,0.));
#1208 = ( GEOMETRIC_REPRESENTATION_CONTEXT(2) 
PARAMETRIC_REPRESENTATION_CONTEXT() REPRESENTATION_CONTEXT('2D SPACE',''
  ) );
#1209 = PCURVE('',#1210,#1215);
#1210 = PLANE('',#1211);
#1211 = AXIS2_PLACEMENT_3D('',#1212,#1213,#1214);
#1212 = CARTESIAN_POINT('',(26.,19.85,29.85));
#1213 = DIRECTION('',(0.,0.707106781187,0.707106781187));
#1214 = DIRECTION('',(-1.,0.,0.));
#1215 = DEFINITIONAL_REPRESENTATION('',(#1216),#1220);
#1216 = LINE('',#1217,#1218);
#1217 = CARTESIAN_POINT('',(0.,0.212132034356));
#1218 = VECTOR('',#1219,1.);
#1219 = DIRECTION('',(1.,0.));
#1220 = ( GEOMETRIC_REPRESENTATION_CONTEXT(2) 
PARAMETRIC_REPRESENTATION_CONTEXT() REPRESENTATION_CONTEXT('2D SPACE',''
  ) );
#1221 = ORIENTED_EDGE('',*,*,#1222,.F.);
#1222 = EDGE_CURVE('',#1223,#1195,#1225,.T.);
#1223 = VERTEX_POINT('',#1224);
#1224 = CARTESIAN_POINT('',(-8.,23.119595949289,30.));
#1225 = SURFACE_CURVE('',#1226,(#1230,#1237),.PCURVE_S1.);
#1226 = LINE('',#1227,#1228);
#1227 = CARTESIAN_POINT('',(-8.,28.719595949289,30.));
#1228 = VECTOR('',#1229,1.);
#1229 = DIRECTION('',(0.,-1.,0.));
#1230 = PCURVE('',#313,#1231);
#1231 = DEFINITIONAL_REPRESENTATION('',(#1232),#1236);
#1232 = LINE('',#1233,#1234);
#1233 = CARTESIAN_POINT('',(22.,48.719595949289));
#1234 = VECTOR('',#1235,1.);
#1235 = DIRECTION('',(0.,-1.));
#1236 = ( GEOMETRIC_REPRESENTATION_CONTEXT(2) 
PARAMETRIC_REPRESENTATION_CONTEXT() REPRESENTATION_CONTEXT('2D SPACE',''
  ) );
#1237 = PCURVE('',#1238,#1243);
#1238 = PLANE('',#1239);
#1239 = AXIS2_PLACEMENT_3D('',#1240,#1241,#1242);
#1240 = CARTESIAN_POINT('',(-8.,28.719595949289,29.307872865187));
#1241 = DIRECTION('',(1.,0.,0.));
#1242 = DIRECTION('',(-0.,0.,1.));
#1243 = DEFINITIONAL_REPRESENTATION('',(#1244),#1248);
#1244 = LINE('',#1245,#1246);
#1245 = CARTESIAN_POINT('',(0.692127134813,7.105427357601E-15));
#1246 = VECTOR('',#1247,1.);
#1247 = DIRECTION('',(0.,1.));
#1248 = ( GEOMETRIC_REPRESENTATION_CONTEXT(2) 
PARAMETRIC_REPRESENTATION_CONTEXT() REPRESENTATION_CONTEXT('2D SPACE',''
  ) );
#1249 = ORIENTED_EDGE('',*,*,#1250,.T.);
#1250 = EDGE_CURVE('',#1223,#1251,#1253,.T.);
#1251 = VERTEX_POINT('',#1252);
#1252 = CARTESIAN_POINT('',(-13.5,23.119595949289,30.));
#1253 = SURFACE_CURVE('',#1254,(#1258,#1265),.PCURVE_S1.);
#1254 = LINE('',#1255,#1256);
#1255 = CARTESIAN_POINT('',(-13.5,23.119595949289,30.));
#1256 = VECTOR('',#1257,1.);
#1257 = DIRECTION('',(-1.,-0.,0.));
#1258 = PCURVE('',#313,#1259);
#1259 = DEFINITIONAL_REPRESENTATION('',(#1260),#1264);
#1260 = LINE('',#1261,#1262);
#1261 = CARTESIAN_POINT('',(16.5,43.119595949289));
#1262 = VECTOR('',#1263,1.);
#1263 = DIRECTION('',(-1.,0.));
#1264 = ( GEOMETRIC_REPRESENTATION_CONTEXT(2) 
PARAMETRIC_REPRESENTATION_CONTEXT() REPRESENTATION_CONTEXT('2D SPACE',''
  ) );
#1265 = PCURVE('',#1266,#1271);
#1266 = CYLINDRICAL_SURFACE('',#1267,5.6);
#1267 = AXIS2_PLACEMENT_3D('',#1268,#1269,#1270);
#1268 = CARTESIAN_POINT('',(-13.5,28.719595949289,30.));
#1269 = DIRECTION('',(-1.,-0.,0.));
#1270 = DIRECTION('',(-0.,0.707106781187,-0.707106781187));
#1271 = DEFINITIONAL_REPRESENTATION('',(#1272),#1275);
#1272 = B_SPLINE_CURVE_WITH_KNOTS('',1,(#1273,#1274),.UNSPECIFIED.,.F.,
  .F.,(2,2),(-5.5000006,5.999999999062E-07),.PIECEWISE_BEZIER_KNOTS.);
#1273 = CARTESIAN_POINT('',(-3.926990816987,-5.5000006));
#1274 = CARTESIAN_POINT('',(-3.926990816987,5.999999999062E-07));
#1275 = ( GEOMETRIC_REPRESENTATION_CONTEXT(2) 
PARAMETRIC_REPRESENTATION_CONTEXT() REPRESENTATION_CONTEXT('2D SPACE',''
  ) );
#1276 = ORIENTED_EDGE('',*,*,#1277,.T.);
#1277 = EDGE_CURVE('',#1251,#1278,#1280,.T.);
#1278 = VERTEX_POINT('',#1279);
#1279 = CARTESIAN_POINT('',(-13.5,19.7,30.));
#1280 = SURFACE_CURVE('',#1281,(#1285,#1292),.PCURVE_S1.);
#1281 = LINE('',#1282,#1283);
#1282 = CARTESIAN_POINT('',(-13.5,28.719595949289,30.));
#1283 = VECTOR('',#1284,1.);
#1284 = DIRECTION('',(0.,-1.,0.));
#1285 = PCURVE('',#313,#1286);
#1286 = DEFINITIONAL_REPRESENTATION('',(#1287),#1291);
#1287 = LINE('',#1288,#1289);
#1288 = CARTESIAN_POINT('',(16.5,48.719595949289));
#1289 = VECTOR('',#1290,1.);
#1290 = DIRECTION('',(0.,-1.));
#1291 = ( GEOMETRIC_REPRESENTATION_CONTEXT(2) 
PARAMETRIC_REPRESENTATION_CONTEXT() REPRESENTATION_CONTEXT('2D SPACE',''
  ) );
#1292 = PCURVE('',#1293,#1298);
#1293 = PLANE('',#1294);
#1294 = AXIS2_PLACEMENT_3D('',#1295,#1296,#1297);
#1295 = CARTESIAN_POINT('',(-13.5,28.719595949289,29.307872865187));
#1296 = DIRECTION('',(1.,0.,0.));
#1297 = DIRECTION('',(-0.,0.,1.));
#1298 = DEFINITIONAL_REPRESENTATION('',(#1299),#1303);
#1299 = LINE('',#1300,#1301);
#1300 = CARTESIAN_POINT('',(0.692127134813,7.105427357601E-15));
#1301 = VECTOR('',#1302,1.);
#1302 = DIRECTION('',(0.,1.));
#1303 = ( GEOMETRIC_REPRESENTATION_CONTEXT(2) 
PARAMETRIC_REPRESENTATION_CONTEXT() REPRESENTATION_CONTEXT('2D SPACE',''
  ) );
#1304 = ORIENTED_EDGE('',*,*,#1305,.T.);
#1305 = EDGE_CURVE('',#1278,#1306,#1308,.T.);
#1306 = VERTEX_POINT('',#1307);
#1307 = CARTESIAN_POINT('',(-22.5,19.7,30.));
#1308 = SURFACE_CURVE('',#1309,(#1313,#1320),.PCURVE_S1.);
#1309 = LINE('',#1310,#1311);
#1310 = CARTESIAN_POINT('',(26.,19.7,30.));
#1311 = VECTOR('',#1312,1.);
#1312 = DIRECTION('',(-1.,-0.,-0.));
#1313 = PCURVE('',#313,#1314);
#1314 = DEFINITIONAL_REPRESENTATION('',(#1315),#1319);
#1315 = LINE('',#1316,#1317);
#1316 = CARTESIAN_POINT('',(56.,39.7));
#1317 = VECTOR('',#1318,1.);
#1318 = DIRECTION('',(-1.,0.));
#1319 = ( GEOMETRIC_REPRESENTATION_CONTEXT(2) 
PARAMETRIC_REPRESENTATION_CONTEXT() REPRESENTATION_CONTEXT('2D SPACE',''
  ) );
#1320 = PCURVE('',#1321,#1326);
#1321 = PLANE('',#1322);
#1322 = AXIS2_PLACEMENT_3D('',#1323,#1324,#1325);
#1323 = CARTESIAN_POINT('',(26.,19.85,29.85));
#1324 = DIRECTION('',(0.,0.707106781187,0.707106781187));
#1325 = DIRECTION('',(-1.,0.,0.));
#1326 = DEFINITIONAL_REPRESENTATION('',(#1327),#1331);
#1327 = LINE('',#1328,#1329);
#1328 = CARTESIAN_POINT('',(0.,0.212132034356));
#1329 = VECTOR('',#1330,1.);
#1330 = DIRECTION('',(1.,0.));
#1331 = ( GEOMETRIC_REPRESENTATION_CONTEXT(2) 
PARAMETRIC_REPRESENTATION_CONTEXT() REPRESENTATION_CONTEXT('2D SPACE',''
  ) );
#1332 = ORIENTED_EDGE('',*,*,#1333,.F.);
#1333 = EDGE_CURVE('',#1334,#1306,#1336,.T.);
#1334 = VERTEX_POINT('',#1335);
#1335 = CARTESIAN_POINT('',(-22.5,23.119595949289,30.));
#1336 = SURFACE_CURVE('',#1337,(#1341,#1348),.PCURVE_S1.);
#1337 = LINE('',#1338,#1339);
#1338 = CARTESIAN_POINT('',(-22.5,28.719595949289,30.));
#1339 = VECTOR('',#1340,1.);
#1340 = DIRECTION('',(0.,-1.,0.));
#1341 = PCURVE('',#313,#1342);
#1342 = DEFINITIONAL_REPRESENTATION('',(#1343),#1347);
#1343 = LINE('',#1344,#1345);
#1344 = CARTESIAN_POINT('',(7.5,48.719595949289));
#1345 = VECTOR('',#1346,1.);
#1346 = DIRECTION('',(0.,-1.));
#1347 = ( GEOMETRIC_REPRESENTATION_CONTEXT(2) 
PARAMETRIC_REPRESENTATION_CONTEXT() REPRESENTATION_CONTEXT('2D SPACE',''
  ) );
#1348 = PCURVE('',#1349,#1354);
#1349 = PLANE('',#1350);
#1350 = AXIS2_PLACEMENT_3D('',#1351,#1352,#1353);
#1351 = CARTESIAN_POINT('',(-22.5,28.719595949289,29.307872865187));
#1352 = DIRECTION('',(1.,0.,0.));
#1353 = DIRECTION('',(-0.,0.,1.));
#1354 = DEFINITIONAL_REPRESENTATION('',(#1355),#1359);
#1355 = LINE('',#1356,#1357);
#1356 = CARTESIAN_POINT('',(0.692127134813,7.105427357601E-15));
#1357 = VECTOR('',#1358,1.);
#1358 = DIRECTION('',(0.,1.));
#1359 = ( GEOMETRIC_REPRESENTATION_CONTEXT(2) 
PARAMETRIC_REPRESENTATION_CONTEXT() REPRESENTATION_CONTEXT('2D SPACE',''
  ) );
#1360 = ORIENTED_EDGE('',*,*,#1361,.T.);
#1361 = EDGE_CURVE('',#1334,#1362,#1364,.T.);
#1362 = VERTEX_POINT('',#1363);
#1363 = CARTESIAN_POINT('',(-28.,23.119595949289,30.));
#1364 = SURFACE_CURVE('',#1365,(#1369,#1376),.PCURVE_S1.);
#1365 = LINE('',#1366,#1367);
#1366 = CARTESIAN_POINT('',(-28.,23.119595949289,30.));
#1367 = VECTOR('',#1368,1.);
#1368 = DIRECTION('',(-1.,-0.,0.));
#1369 = PCURVE('',#313,#1370);
#1370 = DEFINITIONAL_REPRESENTATION('',(#1371),#1375);
#1371 = LINE('',#1372,#1373);
#1372 = CARTESIAN_POINT('',(2.,43.119595949289));
#1373 = VECTOR('',#1374,1.);
#1374 = DIRECTION('',(-1.,0.));
#1375 = ( GEOMETRIC_REPRESENTATION_CONTEXT(2) 
PARAMETRIC_REPRESENTATION_CONTEXT() REPRESENTATION_CONTEXT('2D SPACE',''
  ) );
#1376 = PCURVE('',#1377,#1382);
#1377 = CYLINDRICAL_SURFACE('',#1378,5.6);
#1378 = AXIS2_PLACEMENT_3D('',#1379,#1380,#1381);
#1379 = CARTESIAN_POINT('',(-28.,28.719595949289,30.));
#1380 = DIRECTION('',(-1.,-0.,0.));
#1381 = DIRECTION('',(-0.,0.707106781187,-0.707106781187));
#1382 = DEFINITIONAL_REPRESENTATION('',(#1383),#1386);
#1383 = B_SPLINE_CURVE_WITH_KNOTS('',1,(#1384,#1385),.UNSPECIFIED.,.F.,
  .F.,(2,2),(-5.5000006,5.999999999062E-07),.PIECEWISE_BEZIER_KNOTS.);
#1384 = CARTESIAN_POINT('',(-3.926990816987,-5.5000006));
#1385 = CARTESIAN_POINT('',(-3.926990816987,5.999999999062E-07));
#1386 = ( GEOMETRIC_REPRESENTATION_CONTEXT(2) 
PARAMETRIC_REPRESENTATION_CONTEXT() REPRESENTATION_CONTEXT('2D SPACE',''
  ) );
#1387 = ORIENTED_EDGE('',*,*,#1388,.T.);
#1388 = EDGE_CURVE('',#1362,#835,#1389,.T.);
#1389 = SURFACE_CURVE('',#1390,(#1394,#1401),.PCURVE_S1.);
#1390 = LINE('',#1391,#1392);
#1391 = CARTESIAN_POINT('',(-28.,28.719595949289,30.));
#1392 = VECTOR('',#1393,1.);
#1393 = DIRECTION('',(0.,-1.,0.));
#1394 = PCURVE('',#313,#1395);
#1395 = DEFINITIONAL_REPRESENTATION('',(#1396),#1400);
#1396 = LINE('',#1397,#1398);
#1397 = CARTESIAN_POINT('',(2.,48.719595949289));
#1398 = VECTOR('',#1399,1.);
#1399 = DIRECTION('',(0.,-1.));
#1400 = ( GEOMETRIC_REPRESENTATION_CONTEXT(2) 
PARAMETRIC_REPRESENTATION_CONTEXT() REPRESENTATION_CONTEXT('2D SPACE',''
  ) );
#1401 = PCURVE('',#528,#1402);
#1402 = DEFINITIONAL_REPRESENTATION('',(#1403),#1407);
#1403 = LINE('',#1404,#1405);
#1404 = CARTESIAN_POINT('',(0.692127134813,7.105427357601E-15));
#1405 = VECTOR('',#1406,1.);
#1406 = DIRECTION('',(0.,1.));
#1407 = ( GEOMETRIC_REPRESENTATION_CONTEXT(2) 
PARAMETRIC_REPRESENTATION_CONTEXT() REPRESENTATION_CONTEXT('2D SPACE',''
  ) );
#1408 = FACE_BOUND('',#1409,.T.);
#1409 = EDGE_LOOP('',(#1410,#1441,#1469,#1498,#1526,#1555,#1583,#1612));
#1410 = ORIENTED_EDGE('',*,*,#1411,.F.);
#1411 = EDGE_CURVE('',#1412,#1414,#1416,.T.);
#1412 = VERTEX_POINT('',#1413);
#1413 = CARTESIAN_POINT('',(-27.3,-16.,30.));
#1414 = VERTEX_POINT('',#1415);
#1415 = CARTESIAN_POINT('',(-26.,-17.3,30.));
#1416 = SURFACE_CURVE('',#1417,(#1422,#1429),.PCURVE_S1.);
#1417 = CIRCLE('',#1418,1.3);
#1418 = AXIS2_PLACEMENT_3D('',#1419,#1420,#1421);
#1419 = CARTESIAN_POINT('',(-26.,-16.,30.));
#1420 = DIRECTION('',(0.,0.,1.));
#1421 = DIRECTION('',(-1.,0.,0.));
#1422 = PCURVE('',#313,#1423);
#1423 = DEFINITIONAL_REPRESENTATION('',(#1424),#1428);
#1424 = CIRCLE('',#1425,1.3);
#1425 = AXIS2_PLACEMENT_2D('',#1426,#1427);
#1426 = CARTESIAN_POINT('',(4.,4.));
#1427 = DIRECTION('',(-1.,0.));
#1428 = ( GEOMETRIC_REPRESENTATION_CONTEXT(2) 
PARAMETRIC_REPRESENTATION_CONTEXT() REPRESENTATION_CONTEXT('2D SPACE',''
  ) );
#1429 = PCURVE('',#1430,#1435);
#1430 = CONICAL_SURFACE('',#1431,1.,0.785398163397);
#1431 = AXIS2_PLACEMENT_3D('',#1432,#1433,#1434);
#1432 = CARTESIAN_POINT('',(-26.,-16.,29.7));
#1433 = DIRECTION('',(0.,0.,1.));
#1434 = DIRECTION('',(-1.,0.,0.));
#1435 = DEFINITIONAL_REPRESENTATION('',(#1436),#1440);
#1436 = LINE('',#1437,#1438);
#1437 = CARTESIAN_POINT('',(-0.,0.3));
#1438 = VECTOR('',#1439,1.);
#1439 = DIRECTION('',(1.,-0.));
#1440 = ( GEOMETRIC_REPRESENTATION_CONTEXT(2) 
PARAMETRIC_REPRESENTATION_CONTEXT() REPRESENTATION_CONTEXT('2D SPACE',''
  ) );
#1441 = ORIENTED_EDGE('',*,*,#1442,.F.);
#1442 = EDGE_CURVE('',#1443,#1412,#1445,.T.);
#1443 = VERTEX_POINT('',#1444);
#1444 = CARTESIAN_POINT('',(-27.3,16.,30.));
#1445 = SURFACE_CURVE('',#1446,(#1450,#1457),.PCURVE_S1.);
#1446 = LINE('',#1447,#1448);
#1447 = CARTESIAN_POINT('',(-27.3,16.,30.));
#1448 = VECTOR('',#1449,1.);
#1449 = DIRECTION('',(-0.,-1.,-0.));
#1450 = PCURVE('',#313,#1451);
#1451 = DEFINITIONAL_REPRESENTATION('',(#1452),#1456);
#1452 = LINE('',#1453,#1454);
#1453 = CARTESIAN_POINT('',(2.7,36.));
#1454 = VECTOR('',#1455,1.);
#1455 = DIRECTION('',(0.,-1.));
#1456 = ( GEOMETRIC_REPRESENTATION_CONTEXT(2) 
PARAMETRIC_REPRESENTATION_CONTEXT() REPRESENTATION_CONTEXT('2D SPACE',''
  ) );
#1457 = PCURVE('',#1458,#1463);
#1458 = PLANE('',#1459);
#1459 = AXIS2_PLACEMENT_3D('',#1460,#1461,#1462);
#1460 = CARTESIAN_POINT('',(-27.15,16.,29.85));
#1461 = DIRECTION('',(0.707106781187,0.,0.707106781187));
#1462 = DIRECTION('',(0.,-1.,0.));
#1463 = DEFINITIONAL_REPRESENTATION('',(#1464),#1468);
#1464 = LINE('',#1465,#1466);
#1465 = CARTESIAN_POINT('',(0.,-0.212132034356));
#1466 = VECTOR('',#1467,1.);
#1467 = DIRECTION('',(1.,0.));
#1468 = ( GEOMETRIC_REPRESENTATION_CONTEXT(2) 
PARAMETRIC_REPRESENTATION_CONTEXT() REPRESENTATION_CONTEXT('2D SPACE',''
  ) );
#1469 = ORIENTED_EDGE('',*,*,#1470,.F.);
#1470 = EDGE_CURVE('',#1471,#1443,#1473,.T.);
#1471 = VERTEX_POINT('',#1472);
#1472 = CARTESIAN_POINT('',(-26.,17.3,30.));
#1473 = SURFACE_CURVE('',#1474,(#1479,#1486),.PCURVE_S1.);
#1474 = CIRCLE('',#1475,1.3);
#1475 = AXIS2_PLACEMENT_3D('',#1476,#1477,#1478);
#1476 = CARTESIAN_POINT('',(-26.,16.,30.));
#1477 = DIRECTION('',(0.,-0.,1.));
#1478 = DIRECTION('',(0.,1.,0.));
#1479 = PCURVE('',#313,#1480);
#1480 = DEFINITIONAL_REPRESENTATION('',(#1481),#1485);
#1481 = CIRCLE('',#1482,1.3);
#1482 = AXIS2_PLACEMENT_2D('',#1483,#1484);
#1483 = CARTESIAN_POINT('',(4.,36.));
#1484 = DIRECTION('',(0.,1.));
#1485 = ( GEOMETRIC_REPRESENTATION_CONTEXT(2) 
PARAMETRIC_REPRESENTATION_CONTEXT() REPRESENTATION_CONTEXT('2D SPACE',''
  ) );
#1486 = PCURVE('',#1487,#1492);
#1487 = CONICAL_SURFACE('',#1488,1.,0.785398163397);
#1488 = AXIS2_PLACEMENT_3D('',#1489,#1490,#1491);
#1489 = CARTESIAN_POINT('',(-26.,16.,29.7));
#1490 = DIRECTION('',(0.,0.,1.));
#1491 = DIRECTION('',(0.,1.,0.));
#1492 = DEFINITIONAL_REPRESENTATION('',(#1493),#1497);
#1493 = LINE('',#1494,#1495);
#1494 = CARTESIAN_POINT('',(-0.,0.3));
#1495 = VECTOR('',#1496,1.);
#1496 = DIRECTION('',(1.,-0.));
#1497 = ( GEOMETRIC_REPRESENTATION_CONTEXT(2) 
PARAMETRIC_REPRESENTATION_CONTEXT() REPRESENTATION_CONTEXT('2D SPACE',''
  ) );
#1498 = ORIENTED_EDGE('',*,*,#1499,.F.);
#1499 = EDGE_CURVE('',#1500,#1471,#1502,.T.);
#1500 = VERTEX_POINT('',#1501);
#1501 = CARTESIAN_POINT('',(26.,17.3,30.));
#1502 = SURFACE_CURVE('',#1503,(#1507,#1514),.PCURVE_S1.);
#1503 = LINE('',#1504,#1505);
#1504 = CARTESIAN_POINT('',(26.,17.3,30.));
#1505 = VECTOR('',#1506,1.);
#1506 = DIRECTION('',(-1.,0.,0.));
#1507 = PCURVE('',#313,#1508);
#1508 = DEFINITIONAL_REPRESENTATION('',(#1509),#1513);
#1509 = LINE('',#1510,#1511);
#1510 = CARTESIAN_POINT('',(56.,37.3));
#1511 = VECTOR('',#1512,1.);
#1512 = DIRECTION('',(-1.,0.));
#1513 = ( GEOMETRIC_REPRESENTATION_CONTEXT(2) 
PARAMETRIC_REPRESENTATION_CONTEXT() REPRESENTATION_CONTEXT('2D SPACE',''
  ) );
#1514 = PCURVE('',#1515,#1520);
#1515 = PLANE('',#1516);
#1516 = AXIS2_PLACEMENT_3D('',#1517,#1518,#1519);
#1517 = CARTESIAN_POINT('',(26.,17.15,29.85));
#1518 = DIRECTION('',(0.,0.707106781187,-0.707106781187));
#1519 = DIRECTION('',(1.,-0.,-0.));
#1520 = DEFINITIONAL_REPRESENTATION('',(#1521),#1525);
#1521 = LINE('',#1522,#1523);
#1522 = CARTESIAN_POINT('',(-0.,-0.212132034356));
#1523 = VECTOR('',#1524,1.);
#1524 = DIRECTION('',(-1.,0.));
#1525 = ( GEOMETRIC_REPRESENTATION_CONTEXT(2) 
PARAMETRIC_REPRESENTATION_CONTEXT() REPRESENTATION_CONTEXT('2D SPACE',''
  ) );
#1526 = ORIENTED_EDGE('',*,*,#1527,.F.);
#1527 = EDGE_CURVE('',#1528,#1500,#1530,.T.);
#1528 = VERTEX_POINT('',#1529);
#1529 = CARTESIAN_POINT('',(27.3,16.,30.));
#1530 = SURFACE_CURVE('',#1531,(#1536,#1543),.PCURVE_S1.);
#1531 = CIRCLE('',#1532,1.3);
#1532 = AXIS2_PLACEMENT_3D('',#1533,#1534,#1535);
#1533 = CARTESIAN_POINT('',(26.,16.,30.));
#1534 = DIRECTION('',(0.,0.,1.));
#1535 = DIRECTION('',(1.,0.,-0.));
#1536 = PCURVE('',#313,#1537);
#1537 = DEFINITIONAL_REPRESENTATION('',(#1538),#1542);
#1538 = CIRCLE('',#1539,1.3);
#1539 = AXIS2_PLACEMENT_2D('',#1540,#1541);
#1540 = CARTESIAN_POINT('',(56.,36.));
#1541 = DIRECTION('',(1.,0.));
#1542 = ( GEOMETRIC_REPRESENTATION_CONTEXT(2) 
PARAMETRIC_REPRESENTATION_CONTEXT() REPRESENTATION_CONTEXT('2D SPACE',''
  ) );
#1543 = PCURVE('',#1544,#1549);
#1544 = CONICAL_SURFACE('',#1545,1.,0.785398163397);
#1545 = AXIS2_PLACEMENT_3D('',#1546,#1547,#1548);
#1546 = CARTESIAN_POINT('',(26.,16.,29.7));
#1547 = DIRECTION('',(0.,0.,1.));
#1548 = DIRECTION('',(1.,0.,-0.));
#1549 = DEFINITIONAL_REPRESENTATION('',(#1550),#1554);
#1550 = LINE('',#1551,#1552);
#1551 = CARTESIAN_POINT('',(-0.,0.3));
#1552 = VECTOR('',#1553,1.);
#1553 = DIRECTION('',(1.,-0.));
#1554 = ( GEOMETRIC_REPRESENTATION_CONTEXT(2) 
PARAMETRIC_REPRESENTATION_CONTEXT() REPRESENTATION_CONTEXT('2D SPACE',''
  ) );
#1555 = ORIENTED_EDGE('',*,*,#1556,.F.);
#1556 = EDGE_CURVE('',#1557,#1528,#1559,.T.);
#1557 = VERTEX_POINT('',#1558);
#1558 = CARTESIAN_POINT('',(27.3,-16.,30.));
#1559 = SURFACE_CURVE('',#1560,(#1564,#1571),.PCURVE_S1.);
#1560 = LINE('',#1561,#1562);
#1561 = CARTESIAN_POINT('',(27.3,-16.,30.));
#1562 = VECTOR('',#1563,1.);
#1563 = DIRECTION('',(0.,1.,0.));
#1564 = PCURVE('',#313,#1565);
#1565 = DEFINITIONAL_REPRESENTATION('',(#1566),#1570);
#1566 = LINE('',#1567,#1568);
#1567 = CARTESIAN_POINT('',(57.3,4.));
#1568 = VECTOR('',#1569,1.);
#1569 = DIRECTION('',(0.,1.));
#1570 = ( GEOMETRIC_REPRESENTATION_CONTEXT(2) 
PARAMETRIC_REPRESENTATION_CONTEXT() REPRESENTATION_CONTEXT('2D SPACE',''
  ) );
#1571 = PCURVE('',#1572,#1577);
#1572 = PLANE('',#1573);
#1573 = AXIS2_PLACEMENT_3D('',#1574,#1575,#1576);
#1574 = CARTESIAN_POINT('',(27.15,-16.,29.85));
#1575 = DIRECTION('',(0.707106781187,0.,-0.707106781187));
#1576 = DIRECTION('',(-0.,-1.,-0.));
#1577 = DEFINITIONAL_REPRESENTATION('',(#1578),#1582);
#1578 = LINE('',#1579,#1580);
#1579 = CARTESIAN_POINT('',(-0.,-0.212132034356));
#1580 = VECTOR('',#1581,1.);
#1581 = DIRECTION('',(-1.,0.));
#1582 = ( GEOMETRIC_REPRESENTATION_CONTEXT(2) 
PARAMETRIC_REPRESENTATION_CONTEXT() REPRESENTATION_CONTEXT('2D SPACE',''
  ) );
#1583 = ORIENTED_EDGE('',*,*,#1584,.F.);
#1584 = EDGE_CURVE('',#1585,#1557,#1587,.T.);
#1585 = VERTEX_POINT('',#1586);
#1586 = CARTESIAN_POINT('',(26.,-17.3,30.));
#1587 = SURFACE_CURVE('',#1588,(#1593,#1600),.PCURVE_S1.);
#1588 = CIRCLE('',#1589,1.3);
#1589 = AXIS2_PLACEMENT_3D('',#1590,#1591,#1592);
#1590 = CARTESIAN_POINT('',(26.,-16.,30.));
#1591 = DIRECTION('',(0.,0.,1.));
#1592 = DIRECTION('',(0.,-1.,0.));
#1593 = PCURVE('',#313,#1594);
#1594 = DEFINITIONAL_REPRESENTATION('',(#1595),#1599);
#1595 = CIRCLE('',#1596,1.3);
#1596 = AXIS2_PLACEMENT_2D('',#1597,#1598);
#1597 = CARTESIAN_POINT('',(56.,4.));
#1598 = DIRECTION('',(0.,-1.));
#1599 = ( GEOMETRIC_REPRESENTATION_CONTEXT(2) 
PARAMETRIC_REPRESENTATION_CONTEXT() REPRESENTATION_CONTEXT('2D SPACE',''
  ) );
#1600 = PCURVE('',#1601,#1606);
#1601 = CONICAL_SURFACE('',#1602,1.,0.785398163397);
#1602 = AXIS2_PLACEMENT_3D('',#1603,#1604,#1605);
#1603 = CARTESIAN_POINT('',(26.,-16.,29.7));
#1604 = DIRECTION('',(0.,0.,1.));
#1605 = DIRECTION('',(0.,-1.,0.));
#1606 = DEFINITIONAL_REPRESENTATION('',(#1607),#1611);
#1607 = LINE('',#1608,#1609);
#1608 = CARTESIAN_POINT('',(-0.,0.3));
#1609 = VECTOR('',#1610,1.);
#1610 = DIRECTION('',(1.,-0.));
#1611 = ( GEOMETRIC_REPRESENTATION_CONTEXT(2) 
PARAMETRIC_REPRESENTATION_CONTEXT() REPRESENTATION_CONTEXT('2D SPACE',''
  ) );
#1612 = ORIENTED_EDGE('',*,*,#1613,.F.);
#1613 = EDGE_CURVE('',#1414,#1585,#1614,.T.);
#1614 = SURFACE_CURVE('',#1615,(#1619,#1626),.PCURVE_S1.);
#1615 = LINE('',#1616,#1617);
#1616 = CARTESIAN_POINT('',(-26.,-17.3,30.));
#1617 = VECTOR('',#1618,1.);
#1618 = DIRECTION('',(1.,-0.,-0.));
#1619 = PCURVE('',#313,#1620);
#1620 = DEFINITIONAL_REPRESENTATION('',(#1621),#1625);
#1621 = LINE('',#1622,#1623);
#1622 = CARTESIAN_POINT('',(4.,2.7));
#1623 = VECTOR('',#1624,1.);
#1624 = DIRECTION('',(1.,0.));
#1625 = ( GEOMETRIC_REPRESENTATION_CONTEXT(2) 
PARAMETRIC_REPRESENTATION_CONTEXT() REPRESENTATION_CONTEXT('2D SPACE',''
  ) );
#1626 = PCURVE('',#1627,#1632);
#1627 = PLANE('',#1628);
#1628 = AXIS2_PLACEMENT_3D('',#1629,#1630,#1631);
#1629 = CARTESIAN_POINT('',(-26.,-17.15,29.85));
#1630 = DIRECTION('',(0.,0.707106781187,0.707106781187));
#1631 = DIRECTION('',(1.,0.,-0.));
#1632 = DEFINITIONAL_REPRESENTATION('',(#1633),#1637);
#1633 = LINE('',#1634,#1635);
#1634 = CARTESIAN_POINT('',(0.,-0.212132034356));
#1635 = VECTOR('',#1636,1.);
#1636 = DIRECTION('',(1.,0.));
#1637 = ( GEOMETRIC_REPRESENTATION_CONTEXT(2) 
PARAMETRIC_REPRESENTATION_CONTEXT() REPRESENTATION_CONTEXT('2D SPACE',''
  ) );
#1638 = ADVANCED_FACE('',(#1639),#390,.F.);
#1639 = FACE_BOUND('',#1640,.F.);
#1640 = EDGE_LOOP('',(#1641,#1642,#1643,#1666,#1699,#1727,#1760,#1788));
#1641 = ORIENTED_EDGE('',*,*,#376,.F.);
#1642 = ORIENTED_EDGE('',*,*,#623,.F.);
#1643 = ORIENTED_EDGE('',*,*,#1644,.F.);
#1644 = EDGE_CURVE('',#1645,#596,#1647,.T.);
#1645 = VERTEX_POINT('',#1646);
#1646 = CARTESIAN_POINT('',(26.,-19.2,2.22044604925E-16));
#1647 = SURFACE_CURVE('',#1648,(#1652,#1659),.PCURVE_S1.);
#1648 = LINE('',#1649,#1650);
#1649 = CARTESIAN_POINT('',(26.,-19.2,0.));
#1650 = VECTOR('',#1651,1.);
#1651 = DIRECTION('',(-1.,-0.,-0.));
#1652 = PCURVE('',#390,#1653);
#1653 = DEFINITIONAL_REPRESENTATION('',(#1654),#1658);
#1654 = LINE('',#1655,#1656);
#1655 = CARTESIAN_POINT('',(56.,0.8));
#1656 = VECTOR('',#1657,1.);
#1657 = DIRECTION('',(-1.,-0.));
#1658 = ( GEOMETRIC_REPRESENTATION_CONTEXT(2) 
PARAMETRIC_REPRESENTATION_CONTEXT() REPRESENTATION_CONTEXT('2D SPACE',''
  ) );
#1659 = PCURVE('',#610,#1660);
#1660 = DEFINITIONAL_REPRESENTATION('',(#1661),#1665);
#1661 = LINE('',#1662,#1663);
#1662 = CARTESIAN_POINT('',(0.,0.565685424949));
#1663 = VECTOR('',#1664,1.);
#1664 = DIRECTION('',(1.,0.));
#1665 = ( GEOMETRIC_REPRESENTATION_CONTEXT(2) 
PARAMETRIC_REPRESENTATION_CONTEXT() REPRESENTATION_CONTEXT('2D SPACE',''
  ) );
#1666 = ORIENTED_EDGE('',*,*,#1667,.F.);
#1667 = EDGE_CURVE('',#1668,#1645,#1670,.T.);
#1668 = VERTEX_POINT('',#1669);
#1669 = CARTESIAN_POINT('',(29.2,-16.,-1.720845688169E-15));
#1670 = SURFACE_CURVE('',#1671,(#1676,#1687),.PCURVE_S1.);
#1671 = CIRCLE('',#1672,3.2);
#1672 = AXIS2_PLACEMENT_3D('',#1673,#1674,#1675);
#1673 = CARTESIAN_POINT('',(26.,-16.,0.));
#1674 = DIRECTION('',(0.,-0.,-1.));
#1675 = DIRECTION('',(1.,0.,-0.));
#1676 = PCURVE('',#390,#1677);
#1677 = DEFINITIONAL_REPRESENTATION('',(#1678),#1686);
#1678 = ( BOUNDED_CURVE() B_SPLINE_CURVE(2,(#1679,#1680,#1681,#1682,
#1683,#1684,#1685),.UNSPECIFIED.,.T.,.F.) B_SPLINE_CURVE_WITH_KNOTS((1,2
    ,2,2,2,1),(-2.094395102393,0.,2.094395102393,4.188790204786,
6.28318530718,8.377580409573),.UNSPECIFIED.) CURVE() 
GEOMETRIC_REPRESENTATION_ITEM() RATIONAL_B_SPLINE_CURVE((1.,0.5,1.,0.5,
1.,0.5,1.)) REPRESENTATION_ITEM('') );
#1679 = CARTESIAN_POINT('',(59.2,4.));
#1680 = CARTESIAN_POINT('',(59.2,-1.54256258422));
#1681 = CARTESIAN_POINT('',(54.4,1.22871870789));
#1682 = CARTESIAN_POINT('',(49.6,4.));
#1683 = CARTESIAN_POINT('',(54.4,6.77128129211));
#1684 = CARTESIAN_POINT('',(59.2,9.54256258422));
#1685 = CARTESIAN_POINT('',(59.2,4.));
#1686 = ( GEOMETRIC_REPRESENTATION_CONTEXT(2) 
PARAMETRIC_REPRESENTATION_CONTEXT() REPRESENTATION_CONTEXT('2D SPACE',''
  ) );
#1687 = PCURVE('',#1688,#1693);
#1688 = CONICAL_SURFACE('',#1689,4.,0.785398163397);
#1689 = AXIS2_PLACEMENT_3D('',#1690,#1691,#1692);
#1690 = CARTESIAN_POINT('',(26.,-16.,0.8));
#1691 = DIRECTION('',(0.,0.,1.));
#1692 = DIRECTION('',(1.,0.,-0.));
#1693 = DEFINITIONAL_REPRESENTATION('',(#1694),#1698);
#1694 = LINE('',#1695,#1696);
#1695 = CARTESIAN_POINT('',(-0.,-0.8));
#1696 = VECTOR('',#1697,1.);
#1697 = DIRECTION('',(-1.,-0.));
#1698 = ( GEOMETRIC_REPRESENTATION_CONTEXT(2) 
PARAMETRIC_REPRESENTATION_CONTEXT() REPRESENTATION_CONTEXT('2D SPACE',''
  ) );
#1699 = ORIENTED_EDGE('',*,*,#1700,.F.);
#1700 = EDGE_CURVE('',#1701,#1668,#1703,.T.);
#1701 = VERTEX_POINT('',#1702);
#1702 = CARTESIAN_POINT('',(29.2,16.,2.22044604925E-16));
#1703 = SURFACE_CURVE('',#1704,(#1708,#1715),.PCURVE_S1.);
#1704 = LINE('',#1705,#1706);
#1705 = CARTESIAN_POINT('',(29.2,16.,0.));
#1706 = VECTOR('',#1707,1.);
#1707 = DIRECTION('',(-0.,-1.,-0.));
#1708 = PCURVE('',#390,#1709);
#1709 = DEFINITIONAL_REPRESENTATION('',(#1710),#1714);
#1710 = LINE('',#1711,#1712);
#1711 = CARTESIAN_POINT('',(59.2,36.));
#1712 = VECTOR('',#1713,1.);
#1713 = DIRECTION('',(-0.,-1.));
#1714 = ( GEOMETRIC_REPRESENTATION_CONTEXT(2) 
PARAMETRIC_REPRESENTATION_CONTEXT() REPRESENTATION_CONTEXT('2D SPACE',''
  ) );
#1715 = PCURVE('',#1716,#1721);
#1716 = PLANE('',#1717);
#1717 = AXIS2_PLACEMENT_3D('',#1718,#1719,#1720);
#1718 = CARTESIAN_POINT('',(29.6,16.,0.4));
#1719 = DIRECTION('',(-0.707106781187,-6.983161618628E-18,0.707106781187
    ));
#1720 = DIRECTION('',(-4.937840934654E-18,1.,4.937840934654E-18));
#1721 = DEFINITIONAL_REPRESENTATION('',(#1722),#1726);
#1722 = LINE('',#1723,#1724);
#1723 = CARTESIAN_POINT('',(-0.,0.565685424949));
#1724 = VECTOR('',#1725,1.);
#1725 = DIRECTION('',(-1.,0.));
#1726 = ( GEOMETRIC_REPRESENTATION_CONTEXT(2) 
PARAMETRIC_REPRESENTATION_CONTEXT() REPRESENTATION_CONTEXT('2D SPACE',''
  ) );
#1727 = ORIENTED_EDGE('',*,*,#1728,.F.);
#1728 = EDGE_CURVE('',#1729,#1701,#1731,.T.);
#1729 = VERTEX_POINT('',#1730);
#1730 = CARTESIAN_POINT('',(26.,19.2,-5.551115123126E-16));
#1731 = SURFACE_CURVE('',#1732,(#1737,#1748),.PCURVE_S1.);
#1732 = CIRCLE('',#1733,3.2);
#1733 = AXIS2_PLACEMENT_3D('',#1734,#1735,#1736);
#1734 = CARTESIAN_POINT('',(26.,16.,0.));
#1735 = DIRECTION('',(0.,-0.,-1.));
#1736 = DIRECTION('',(0.,1.,-0.));
#1737 = PCURVE('',#390,#1738);
#1738 = DEFINITIONAL_REPRESENTATION('',(#1739),#1747);
#1739 = ( BOUNDED_CURVE() B_SPLINE_CURVE(2,(#1740,#1741,#1742,#1743,
#1744,#1745,#1746),.UNSPECIFIED.,.T.,.F.) B_SPLINE_CURVE_WITH_KNOTS((1,2
    ,2,2,2,1),(-2.094395102393,0.,2.094395102393,4.188790204786,
6.28318530718,8.377580409573),.UNSPECIFIED.) CURVE() 
GEOMETRIC_REPRESENTATION_ITEM() RATIONAL_B_SPLINE_CURVE((1.,0.5,1.,0.5,
1.,0.5,1.)) REPRESENTATION_ITEM('') );
#1740 = CARTESIAN_POINT('',(56.,39.2));
#1741 = CARTESIAN_POINT('',(61.54256258422,39.2));
#1742 = CARTESIAN_POINT('',(58.77128129211,34.4));
#1743 = CARTESIAN_POINT('',(56.,29.6));
#1744 = CARTESIAN_POINT('',(53.22871870789,34.4));
#1745 = CARTESIAN_POINT('',(50.45743741578,39.2));
#1746 = CARTESIAN_POINT('',(56.,39.2));
#1747 = ( GEOMETRIC_REPRESENTATION_CONTEXT(2) 
PARAMETRIC_REPRESENTATION_CONTEXT() REPRESENTATION_CONTEXT('2D SPACE',''
  ) );
#1748 = PCURVE('',#1749,#1754);
#1749 = CONICAL_SURFACE('',#1750,4.,0.785398163397);
#1750 = AXIS2_PLACEMENT_3D('',#1751,#1752,#1753);
#1751 = CARTESIAN_POINT('',(26.,16.,0.8));
#1752 = DIRECTION('',(0.,0.,1.));
#1753 = DIRECTION('',(0.,1.,0.));
#1754 = DEFINITIONAL_REPRESENTATION('',(#1755),#1759);
#1755 = LINE('',#1756,#1757);
#1756 = CARTESIAN_POINT('',(-0.,-0.8));
#1757 = VECTOR('',#1758,1.);
#1758 = DIRECTION('',(-1.,-0.));
#1759 = ( GEOMETRIC_REPRESENTATION_CONTEXT(2) 
PARAMETRIC_REPRESENTATION_CONTEXT() REPRESENTATION_CONTEXT('2D SPACE',''
  ) );
#1760 = ORIENTED_EDGE('',*,*,#1761,.F.);
#1761 = EDGE_CURVE('',#1762,#1729,#1764,.T.);
#1762 = VERTEX_POINT('',#1763);
#1763 = CARTESIAN_POINT('',(-26.,19.2,2.22044604925E-16));
#1764 = SURFACE_CURVE('',#1765,(#1769,#1776),.PCURVE_S1.);
#1765 = LINE('',#1766,#1767);
#1766 = CARTESIAN_POINT('',(-26.,19.2,0.));
#1767 = VECTOR('',#1768,1.);
#1768 = DIRECTION('',(1.,0.,0.));
#1769 = PCURVE('',#390,#1770);
#1770 = DEFINITIONAL_REPRESENTATION('',(#1771),#1775);
#1771 = LINE('',#1772,#1773);
#1772 = CARTESIAN_POINT('',(4.,39.2));
#1773 = VECTOR('',#1774,1.);
#1774 = DIRECTION('',(1.,0.));
#1775 = ( GEOMETRIC_REPRESENTATION_CONTEXT(2) 
PARAMETRIC_REPRESENTATION_CONTEXT() REPRESENTATION_CONTEXT('2D SPACE',''
  ) );
#1776 = PCURVE('',#1777,#1782);
#1777 = PLANE('',#1778);
#1778 = AXIS2_PLACEMENT_3D('',#1779,#1780,#1781);
#1779 = CARTESIAN_POINT('',(-26.,19.6,0.4));
#1780 = DIRECTION('',(6.983161618628E-18,-0.707106781187,0.707106781187)
  );
#1781 = DIRECTION('',(-1.,-4.937840934654E-18,4.937840934654E-18));
#1782 = DEFINITIONAL_REPRESENTATION('',(#1783),#1787);
#1783 = LINE('',#1784,#1785);
#1784 = CARTESIAN_POINT('',(-0.,0.565685424949));
#1785 = VECTOR('',#1786,1.);
#1786 = DIRECTION('',(-1.,0.));
#1787 = ( GEOMETRIC_REPRESENTATION_CONTEXT(2) 
PARAMETRIC_REPRESENTATION_CONTEXT() REPRESENTATION_CONTEXT('2D SPACE',''
  ) );
#1788 = ORIENTED_EDGE('',*,*,#1789,.F.);
#1789 = EDGE_CURVE('',#351,#1762,#1790,.T.);
#1790 = SURFACE_CURVE('',#1791,(#1796,#1807),.PCURVE_S1.);
#1791 = CIRCLE('',#1792,3.2);
#1792 = AXIS2_PLACEMENT_3D('',#1793,#1794,#1795);
#1793 = CARTESIAN_POINT('',(-26.,16.,0.));
#1794 = DIRECTION('',(-0.,0.,-1.));
#1795 = DIRECTION('',(-1.,0.,0.));
#1796 = PCURVE('',#390,#1797);
#1797 = DEFINITIONAL_REPRESENTATION('',(#1798),#1806);
#1798 = ( BOUNDED_CURVE() B_SPLINE_CURVE(2,(#1799,#1800,#1801,#1802,
#1803,#1804,#1805),.UNSPECIFIED.,.T.,.F.) B_SPLINE_CURVE_WITH_KNOTS((1,2
    ,2,2,2,1),(-2.094395102393,0.,2.094395102393,4.188790204786,
6.28318530718,8.377580409573),.UNSPECIFIED.) CURVE() 
GEOMETRIC_REPRESENTATION_ITEM() RATIONAL_B_SPLINE_CURVE((1.,0.5,1.,0.5,
1.,0.5,1.)) REPRESENTATION_ITEM('') );
#1799 = CARTESIAN_POINT('',(0.8,36.));
#1800 = CARTESIAN_POINT('',(0.8,41.54256258422));
#1801 = CARTESIAN_POINT('',(5.6,38.77128129211));
#1802 = CARTESIAN_POINT('',(10.4,36.));
#1803 = CARTESIAN_POINT('',(5.6,33.22871870789));
#1804 = CARTESIAN_POINT('',(0.8,30.45743741578));
#1805 = CARTESIAN_POINT('',(0.8,36.));
#1806 = ( GEOMETRIC_REPRESENTATION_CONTEXT(2) 
PARAMETRIC_REPRESENTATION_CONTEXT() REPRESENTATION_CONTEXT('2D SPACE',''
  ) );
#1807 = PCURVE('',#365,#1808);
#1808 = DEFINITIONAL_REPRESENTATION('',(#1809),#1813);
#1809 = LINE('',#1810,#1811);
#1810 = CARTESIAN_POINT('',(-0.,-0.8));
#1811 = VECTOR('',#1812,1.);
#1812 = DIRECTION('',(-1.,-0.));
#1813 = ( GEOMETRIC_REPRESENTATION_CONTEXT(2) 
PARAMETRIC_REPRESENTATION_CONTEXT() REPRESENTATION_CONTEXT('2D SPACE',''
  ) );
#1814 = ADVANCED_FACE('',(#1815),#365,.T.);
#1815 = FACE_BOUND('',#1816,.T.);
#1816 = EDGE_LOOP('',(#1817,#1818,#1819,#1838));
#1817 = ORIENTED_EDGE('',*,*,#350,.F.);
#1818 = ORIENTED_EDGE('',*,*,#430,.T.);
#1819 = ORIENTED_EDGE('',*,*,#1820,.T.);
#1820 = EDGE_CURVE('',#431,#1762,#1821,.T.);
#1821 = SURFACE_CURVE('',#1822,(#1826,#1832),.PCURVE_S1.);
#1822 = LINE('',#1823,#1824);
#1823 = CARTESIAN_POINT('',(-26.,20.,0.8));
#1824 = VECTOR('',#1825,1.);
#1825 = DIRECTION('',(4.329780281177E-17,-0.707106781187,-0.707106781187
    ));
#1826 = PCURVE('',#365,#1827);
#1827 = DEFINITIONAL_REPRESENTATION('',(#1828),#1831);
#1828 = B_SPLINE_CURVE_WITH_KNOTS('',1,(#1829,#1830),.UNSPECIFIED.,.F.,
  .F.,(2,2),(0.,1.131370849898),.PIECEWISE_BEZIER_KNOTS.);
#1829 = CARTESIAN_POINT('',(-1.570796326795,0.));
#1830 = CARTESIAN_POINT('',(-1.570796326795,-0.8));
#1831 = ( GEOMETRIC_REPRESENTATION_CONTEXT(2) 
PARAMETRIC_REPRESENTATION_CONTEXT() REPRESENTATION_CONTEXT('2D SPACE',''
  ) );
#1832 = PCURVE('',#1777,#1833);
#1833 = DEFINITIONAL_REPRESENTATION('',(#1834),#1837);
#1834 = B_SPLINE_CURVE_WITH_KNOTS('',1,(#1835,#1836),.UNSPECIFIED.,.F.,
  .F.,(2,2),(0.,1.131370849898),.PIECEWISE_BEZIER_KNOTS.);
#1835 = CARTESIAN_POINT('',(0.,-0.565685424949));
#1836 = CARTESIAN_POINT('',(0.,0.565685424949));
#1837 = ( GEOMETRIC_REPRESENTATION_CONTEXT(2) 
PARAMETRIC_REPRESENTATION_CONTEXT() REPRESENTATION_CONTEXT('2D SPACE',''
  ) );
#1838 = ORIENTED_EDGE('',*,*,#1789,.F.);
#1839 = ADVANCED_FACE('',(#1840),#528,.F.);
#1840 = FACE_BOUND('',#1841,.F.);
#1841 = EDGE_LOOP('',(#1842,#1877,#1905,#1927,#1928,#1929,#1930,#1953));
#1842 = ORIENTED_EDGE('',*,*,#1843,.F.);
#1843 = EDGE_CURVE('',#1844,#1846,#1848,.T.);
#1844 = VERTEX_POINT('',#1845);
#1845 = CARTESIAN_POINT('',(-28.,29.285281374239,22.64608947566));
#1846 = VERTEX_POINT('',#1847);
#1847 = CARTESIAN_POINT('',(-28.,28.719595949289,22.411774900609));
#1848 = SURFACE_CURVE('',#1849,(#1854,#1865),.PCURVE_S1.);
#1849 = CIRCLE('',#1850,0.8);
#1850 = AXIS2_PLACEMENT_3D('',#1851,#1852,#1853);
#1851 = CARTESIAN_POINT('',(-28.,28.719595949289,23.211774900609));
#1852 = DIRECTION('',(-1.,0.,-0.));
#1853 = DIRECTION('',(-0.,0.,1.));
#1854 = PCURVE('',#528,#1855);
#1855 = DEFINITIONAL_REPRESENTATION('',(#1856),#1864);
#1856 = ( BOUNDED_CURVE() B_SPLINE_CURVE(2,(#1857,#1858,#1859,#1860,
#1861,#1862,#1863),.UNSPECIFIED.,.T.,.F.) B_SPLINE_CURVE_WITH_KNOTS((1,2
    ,2,2,2,1),(-2.094395102393,0.,2.094395102393,4.188790204786,
6.28318530718,8.377580409573),.UNSPECIFIED.) CURVE() 
GEOMETRIC_REPRESENTATION_ITEM() RATIONAL_B_SPLINE_CURVE((1.,0.5,1.,0.5,
1.,0.5,1.)) REPRESENTATION_ITEM('') );
#1857 = CARTESIAN_POINT('',(-5.296097964578,7.105427357601E-15));
#1858 = CARTESIAN_POINT('',(-5.296097964578,-1.385640646055));
#1859 = CARTESIAN_POINT('',(-6.496097964578,-0.692820323028));
#1860 = CARTESIAN_POINT('',(-7.696097964578,6.909483869737E-15));
#1861 = CARTESIAN_POINT('',(-6.496097964578,0.692820323028));
#1862 = CARTESIAN_POINT('',(-5.296097964578,1.385640646055));
#1863 = CARTESIAN_POINT('',(-5.296097964578,7.105427357601E-15));
#1864 = ( GEOMETRIC_REPRESENTATION_CONTEXT(2) 
PARAMETRIC_REPRESENTATION_CONTEXT() REPRESENTATION_CONTEXT('2D SPACE',''
  ) );
#1865 = PCURVE('',#1866,#1871);
#1866 = CYLINDRICAL_SURFACE('',#1867,0.8);
#1867 = AXIS2_PLACEMENT_3D('',#1868,#1869,#1870);
#1868 = CARTESIAN_POINT('',(-28.,28.719595949289,23.211774900609));
#1869 = DIRECTION('',(1.,0.,0.));
#1870 = DIRECTION('',(0.,0.707106781187,-0.707106781187));
#1871 = DEFINITIONAL_REPRESENTATION('',(#1872),#1876);
#1872 = LINE('',#1873,#1874);
#1873 = CARTESIAN_POINT('',(2.356194490192,-3.552713678801E-15));
#1874 = VECTOR('',#1875,1.);
#1875 = DIRECTION('',(-1.,0.));
#1876 = ( GEOMETRIC_REPRESENTATION_CONTEXT(2) 
PARAMETRIC_REPRESENTATION_CONTEXT() REPRESENTATION_CONTEXT('2D SPACE',''
  ) );
#1877 = ORIENTED_EDGE('',*,*,#1878,.T.);
#1878 = EDGE_CURVE('',#1844,#1879,#1881,.T.);
#1879 = VERTEX_POINT('',#1880);
#1880 = CARTESIAN_POINT('',(-28.,32.679393923934,26.040202025355));
#1881 = SURFACE_CURVE('',#1882,(#1886,#1893),.PCURVE_S1.);
#1882 = LINE('',#1883,#1884);
#1883 = CARTESIAN_POINT('',(-28.,28.719595949289,22.080404050711));
#1884 = VECTOR('',#1885,1.);
#1885 = DIRECTION('',(0.,0.707106781187,0.707106781187));
#1886 = PCURVE('',#528,#1887);
#1887 = DEFINITIONAL_REPRESENTATION('',(#1888),#1892);
#1888 = LINE('',#1889,#1890);
#1889 = CARTESIAN_POINT('',(-7.227468814476,7.105427357601E-15));
#1890 = VECTOR('',#1891,1.);
#1891 = DIRECTION('',(0.707106781187,-0.707106781187));
#1892 = ( GEOMETRIC_REPRESENTATION_CONTEXT(2) 
PARAMETRIC_REPRESENTATION_CONTEXT() REPRESENTATION_CONTEXT('2D SPACE',''
  ) );
#1893 = PCURVE('',#1894,#1899);
#1894 = PLANE('',#1895);
#1895 = AXIS2_PLACEMENT_3D('',#1896,#1897,#1898);
#1896 = CARTESIAN_POINT('',(-28.,28.719595949289,22.080404050711));
#1897 = DIRECTION('',(0.,-0.707106781187,0.707106781187));
#1898 = DIRECTION('',(0.,0.707106781187,0.707106781187));
#1899 = DEFINITIONAL_REPRESENTATION('',(#1900),#1904);
#1900 = LINE('',#1901,#1902);
#1901 = CARTESIAN_POINT('',(0.,0.));
#1902 = VECTOR('',#1903,1.);
#1903 = DIRECTION('',(1.,0.));
#1904 = ( GEOMETRIC_REPRESENTATION_CONTEXT(2) 
PARAMETRIC_REPRESENTATION_CONTEXT() REPRESENTATION_CONTEXT('2D SPACE',''
  ) );
#1905 = ORIENTED_EDGE('',*,*,#1906,.T.);
#1906 = EDGE_CURVE('',#1879,#1362,#1907,.T.);
#1907 = SURFACE_CURVE('',#1908,(#1913,#1920),.PCURVE_S1.);
#1908 = CIRCLE('',#1909,5.6);
#1909 = AXIS2_PLACEMENT_3D('',#1910,#1911,#1912);
#1910 = CARTESIAN_POINT('',(-28.,28.719595949289,30.));
#1911 = DIRECTION('',(1.,-0.,0.));
#1912 = DIRECTION('',(0.,0.707106781187,-0.707106781187));
#1913 = PCURVE('',#528,#1914);
#1914 = DEFINITIONAL_REPRESENTATION('',(#1915),#1919);
#1915 = CIRCLE('',#1916,5.6);
#1916 = AXIS2_PLACEMENT_2D('',#1917,#1918);
#1917 = CARTESIAN_POINT('',(0.692127134813,1.06581410364E-14));
#1918 = DIRECTION('',(-0.707106781187,-0.707106781187));
#1919 = ( GEOMETRIC_REPRESENTATION_CONTEXT(2) 
PARAMETRIC_REPRESENTATION_CONTEXT() REPRESENTATION_CONTEXT('2D SPACE',''
  ) );
#1920 = PCURVE('',#1377,#1921);
#1921 = DEFINITIONAL_REPRESENTATION('',(#1922),#1926);
#1922 = LINE('',#1923,#1924);
#1923 = CARTESIAN_POINT('',(-0.,0.));
#1924 = VECTOR('',#1925,1.);
#1925 = DIRECTION('',(-1.,0.));
#1926 = ( GEOMETRIC_REPRESENTATION_CONTEXT(2) 
PARAMETRIC_REPRESENTATION_CONTEXT() REPRESENTATION_CONTEXT('2D SPACE',''
  ) );
#1927 = ORIENTED_EDGE('',*,*,#1388,.T.);
#1928 = ORIENTED_EDGE('',*,*,#834,.T.);
#1929 = ORIENTED_EDGE('',*,*,#515,.F.);
#1930 = ORIENTED_EDGE('',*,*,#1931,.T.);
#1931 = EDGE_CURVE('',#483,#1932,#1934,.T.);
#1932 = VERTEX_POINT('',#1933);
#1933 = CARTESIAN_POINT('',(-28.,28.719595949289,22.080404050711));
#1934 = SURFACE_CURVE('',#1935,(#1939,#1946),.PCURVE_S1.);
#1935 = LINE('',#1936,#1937);
#1936 = CARTESIAN_POINT('',(-28.,19.,12.360808101421));
#1937 = VECTOR('',#1938,1.);
#1938 = DIRECTION('',(0.,0.707106781187,0.707106781187));
#1939 = PCURVE('',#528,#1940);
#1940 = DEFINITIONAL_REPRESENTATION('',(#1941),#1945);
#1941 = LINE('',#1942,#1943);
#1942 = CARTESIAN_POINT('',(-16.94706476376,9.719595949289));
#1943 = VECTOR('',#1944,1.);
#1944 = DIRECTION('',(0.707106781187,-0.707106781187));
#1945 = ( GEOMETRIC_REPRESENTATION_CONTEXT(2) 
PARAMETRIC_REPRESENTATION_CONTEXT() REPRESENTATION_CONTEXT('2D SPACE',''
  ) );
#1946 = PCURVE('',#503,#1947);
#1947 = DEFINITIONAL_REPRESENTATION('',(#1948),#1952);
#1948 = LINE('',#1949,#1950);
#1949 = CARTESIAN_POINT('',(0.,0.));
#1950 = VECTOR('',#1951,1.);
#1951 = DIRECTION('',(1.,0.));
#1952 = ( GEOMETRIC_REPRESENTATION_CONTEXT(2) 
PARAMETRIC_REPRESENTATION_CONTEXT() REPRESENTATION_CONTEXT('2D SPACE',''
  ) );
#1953 = ORIENTED_EDGE('',*,*,#1954,.T.);
#1954 = EDGE_CURVE('',#1932,#1846,#1955,.T.);
#1955 = SURFACE_CURVE('',#1956,(#1960,#1967),.PCURVE_S1.);
#1956 = LINE('',#1957,#1958);
#1957 = CARTESIAN_POINT('',(-28.,28.719595949289,22.080404050711));
#1958 = VECTOR('',#1959,1.);
#1959 = DIRECTION('',(0.,0.,1.));
#1960 = PCURVE('',#528,#1961);
#1961 = DEFINITIONAL_REPRESENTATION('',(#1962),#1966);
#1962 = LINE('',#1963,#1964);
#1963 = CARTESIAN_POINT('',(-7.227468814476,7.105427357601E-15));
#1964 = VECTOR('',#1965,1.);
#1965 = DIRECTION('',(1.,0.));
#1966 = ( GEOMETRIC_REPRESENTATION_CONTEXT(2) 
PARAMETRIC_REPRESENTATION_CONTEXT() REPRESENTATION_CONTEXT('2D SPACE',''
  ) );
#1967 = PCURVE('',#1968,#1973);
#1968 = PLANE('',#1969);
#1969 = AXIS2_PLACEMENT_3D('',#1970,#1971,#1972);
#1970 = CARTESIAN_POINT('',(-28.,28.719595949289,22.080404050711));
#1971 = DIRECTION('',(0.,-1.,0.));
#1972 = DIRECTION('',(0.,0.,1.));
#1973 = DEFINITIONAL_REPRESENTATION('',(#1974),#1978);
#1974 = LINE('',#1975,#1976);
#1975 = CARTESIAN_POINT('',(0.,0.));
#1976 = VECTOR('',#1977,1.);
#1977 = DIRECTION('',(1.,0.));
#1978 = ( GEOMETRIC_REPRESENTATION_CONTEXT(2) 
PARAMETRIC_REPRESENTATION_CONTEXT() REPRESENTATION_CONTEXT('2D SPACE',''
  ) );
#1979 = ADVANCED_FACE('',(#1980),#503,.F.);
#1980 = FACE_BOUND('',#1981,.F.);
#1981 = EDGE_LOOP('',(#1982,#1983,#1984,#2005,#2028));
#1982 = ORIENTED_EDGE('',*,*,#1931,.F.);
#1983 = ORIENTED_EDGE('',*,*,#482,.F.);
#1984 = ORIENTED_EDGE('',*,*,#1985,.T.);
#1985 = EDGE_CURVE('',#455,#1986,#1988,.T.);
#1986 = VERTEX_POINT('',#1987);
#1987 = CARTESIAN_POINT('',(-22.5,20.,13.360808101421));
#1988 = SURFACE_CURVE('',#1989,(#1993,#1999),.PCURVE_S1.);
#1989 = LINE('',#1990,#1991);
#1990 = CARTESIAN_POINT('',(-29.,20.,13.360808101421));
#1991 = VECTOR('',#1992,1.);
#1992 = DIRECTION('',(1.,0.,-0.));
#1993 = PCURVE('',#503,#1994);
#1994 = DEFINITIONAL_REPRESENTATION('',(#1995),#1998);
#1995 = B_SPLINE_CURVE_WITH_KNOTS('',1,(#1996,#1997),.UNSPECIFIED.,.F.,
  .F.,(2,2),(3.,6.5),.PIECEWISE_BEZIER_KNOTS.);
#1996 = CARTESIAN_POINT('',(1.414213562373,-2.));
#1997 = CARTESIAN_POINT('',(1.414213562373,-5.5));
#1998 = ( GEOMETRIC_REPRESENTATION_CONTEXT(2) 
PARAMETRIC_REPRESENTATION_CONTEXT() REPRESENTATION_CONTEXT('2D SPACE',''
  ) );
#1999 = PCURVE('',#470,#2000);
#2000 = DEFINITIONAL_REPRESENTATION('',(#2001),#2004);
#2001 = B_SPLINE_CURVE_WITH_KNOTS('',1,(#2002,#2003),.UNSPECIFIED.,.F.,
  .F.,(2,2),(3.,6.5),.PIECEWISE_BEZIER_KNOTS.);
#2002 = CARTESIAN_POINT('',(13.360808101421,4.));
#2003 = CARTESIAN_POINT('',(13.360808101421,7.5));
#2004 = ( GEOMETRIC_REPRESENTATION_CONTEXT(2) 
PARAMETRIC_REPRESENTATION_CONTEXT() REPRESENTATION_CONTEXT('2D SPACE',''
  ) );
#2005 = ORIENTED_EDGE('',*,*,#2006,.T.);
#2006 = EDGE_CURVE('',#1986,#2007,#2009,.T.);
#2007 = VERTEX_POINT('',#2008);
#2008 = CARTESIAN_POINT('',(-22.5,28.719595949289,22.080404050711));
#2009 = SURFACE_CURVE('',#2010,(#2014,#2021),.PCURVE_S1.);
#2010 = LINE('',#2011,#2012);
#2011 = CARTESIAN_POINT('',(-22.5,19.,12.360808101421));
#2012 = VECTOR('',#2013,1.);
#2013 = DIRECTION('',(0.,0.707106781187,0.707106781187));
#2014 = PCURVE('',#503,#2015);
#2015 = DEFINITIONAL_REPRESENTATION('',(#2016),#2020);
#2016 = LINE('',#2017,#2018);
#2017 = CARTESIAN_POINT('',(0.,-5.5));
#2018 = VECTOR('',#2019,1.);
#2019 = DIRECTION('',(1.,0.));
#2020 = ( GEOMETRIC_REPRESENTATION_CONTEXT(2) 
PARAMETRIC_REPRESENTATION_CONTEXT() REPRESENTATION_CONTEXT('2D SPACE',''
  ) );
#2021 = PCURVE('',#1349,#2022);
#2022 = DEFINITIONAL_REPRESENTATION('',(#2023),#2027);
#2023 = LINE('',#2024,#2025);
#2024 = CARTESIAN_POINT('',(-16.94706476376,9.719595949289));
#2025 = VECTOR('',#2026,1.);
#2026 = DIRECTION('',(0.707106781187,-0.707106781187));
#2027 = ( GEOMETRIC_REPRESENTATION_CONTEXT(2) 
PARAMETRIC_REPRESENTATION_CONTEXT() REPRESENTATION_CONTEXT('2D SPACE',''
  ) );
#2028 = ORIENTED_EDGE('',*,*,#2029,.F.);
#2029 = EDGE_CURVE('',#1932,#2007,#2030,.T.);
#2030 = SURFACE_CURVE('',#2031,(#2035,#2042),.PCURVE_S1.);
#2031 = LINE('',#2032,#2033);
#2032 = CARTESIAN_POINT('',(-28.,28.719595949289,22.080404050711));
#2033 = VECTOR('',#2034,1.);
#2034 = DIRECTION('',(1.,0.,0.));
#2035 = PCURVE('',#503,#2036);
#2036 = DEFINITIONAL_REPRESENTATION('',(#2037),#2041);
#2037 = LINE('',#2038,#2039);
#2038 = CARTESIAN_POINT('',(13.745584412272,0.));
#2039 = VECTOR('',#2040,1.);
#2040 = DIRECTION('',(0.,-1.));
#2041 = ( GEOMETRIC_REPRESENTATION_CONTEXT(2) 
PARAMETRIC_REPRESENTATION_CONTEXT() REPRESENTATION_CONTEXT('2D SPACE',''
  ) );
#2042 = PCURVE('',#1968,#2043);
#2043 = DEFINITIONAL_REPRESENTATION('',(#2044),#2048);
#2044 = LINE('',#2045,#2046);
#2045 = CARTESIAN_POINT('',(0.,0.));
#2046 = VECTOR('',#2047,1.);
#2047 = DIRECTION('',(0.,-1.));
#2048 = ( GEOMETRIC_REPRESENTATION_CONTEXT(2) 
PARAMETRIC_REPRESENTATION_CONTEXT() REPRESENTATION_CONTEXT('2D SPACE',''
  ) );
#2049 = ADVANCED_FACE('',(#2050),#470,.T.);
#2050 = FACE_BOUND('',#2051,.T.);
#2051 = EDGE_LOOP('',(#2052,#2075,#2076,#2077,#2098,#2121,#2142,#2168,
    #2189,#2212,#2233,#2259,#2280,#2303,#2324,#2350));
#2052 = ORIENTED_EDGE('',*,*,#2053,.F.);
#2053 = EDGE_CURVE('',#431,#2054,#2056,.T.);
#2054 = VERTEX_POINT('',#2055);
#2055 = CARTESIAN_POINT('',(26.,20.,0.8));
#2056 = SURFACE_CURVE('',#2057,(#2061,#2068),.PCURVE_S1.);
#2057 = LINE('',#2058,#2059);
#2058 = CARTESIAN_POINT('',(-26.,20.,0.8));
#2059 = VECTOR('',#2060,1.);
#2060 = DIRECTION('',(1.,0.,0.));
#2061 = PCURVE('',#470,#2062);
#2062 = DEFINITIONAL_REPRESENTATION('',(#2063),#2067);
#2063 = LINE('',#2064,#2065);
#2064 = CARTESIAN_POINT('',(0.8,4.));
#2065 = VECTOR('',#2066,1.);
#2066 = DIRECTION('',(0.,1.));
#2067 = ( GEOMETRIC_REPRESENTATION_CONTEXT(2) 
PARAMETRIC_REPRESENTATION_CONTEXT() REPRESENTATION_CONTEXT('2D SPACE',''
  ) );
#2068 = PCURVE('',#1777,#2069);
#2069 = DEFINITIONAL_REPRESENTATION('',(#2070),#2074);
#2070 = LINE('',#2071,#2072);
#2071 = CARTESIAN_POINT('',(-0.,-0.565685424949));
#2072 = VECTOR('',#2073,1.);
#2073 = DIRECTION('',(-1.,0.));
#2074 = ( GEOMETRIC_REPRESENTATION_CONTEXT(2) 
PARAMETRIC_REPRESENTATION_CONTEXT() REPRESENTATION_CONTEXT('2D SPACE',''
  ) );
#2075 = ORIENTED_EDGE('',*,*,#454,.T.);
#2076 = ORIENTED_EDGE('',*,*,#1985,.T.);
#2077 = ORIENTED_EDGE('',*,*,#2078,.F.);
#2078 = EDGE_CURVE('',#2079,#1986,#2081,.T.);
#2079 = VERTEX_POINT('',#2080);
#2080 = CARTESIAN_POINT('',(-22.5,20.,29.7));
#2081 = SURFACE_CURVE('',#2082,(#2086,#2092),.PCURVE_S1.);
#2082 = LINE('',#2083,#2084);
#2083 = CARTESIAN_POINT('',(-22.5,20.,14.653936432593));
#2084 = VECTOR('',#2085,1.);
#2085 = DIRECTION('',(0.,0.,-1.));
#2086 = PCURVE('',#470,#2087);
#2087 = DEFINITIONAL_REPRESENTATION('',(#2088),#2091);
#2088 = B_SPLINE_CURVE_WITH_KNOTS('',1,(#2089,#2090),.UNSPECIFIED.,.F.,
  .F.,(2,2),(-15.0460635674,2.293128331172),.PIECEWISE_BEZIER_KNOTS.);
#2089 = CARTESIAN_POINT('',(29.7,7.5));
#2090 = CARTESIAN_POINT('',(12.360808101421,7.5));
#2091 = ( GEOMETRIC_REPRESENTATION_CONTEXT(2) 
PARAMETRIC_REPRESENTATION_CONTEXT() REPRESENTATION_CONTEXT('2D SPACE',''
  ) );
#2092 = PCURVE('',#1349,#2093);
#2093 = DEFINITIONAL_REPRESENTATION('',(#2094),#2097);
#2094 = B_SPLINE_CURVE_WITH_KNOTS('',1,(#2095,#2096),.UNSPECIFIED.,.F.,
  .F.,(2,2),(-15.0460635674,2.293128331172),.PIECEWISE_BEZIER_KNOTS.);
#2095 = CARTESIAN_POINT('',(0.392127134813,8.719595949289));
#2096 = CARTESIAN_POINT('',(-16.94706476376,8.719595949289));
#2097 = ( GEOMETRIC_REPRESENTATION_CONTEXT(2) 
PARAMETRIC_REPRESENTATION_CONTEXT() REPRESENTATION_CONTEXT('2D SPACE',''
  ) );
#2098 = ORIENTED_EDGE('',*,*,#2099,.F.);
#2099 = EDGE_CURVE('',#2100,#2079,#2102,.T.);
#2100 = VERTEX_POINT('',#2101);
#2101 = CARTESIAN_POINT('',(-13.5,20.,29.7));
#2102 = SURFACE_CURVE('',#2103,(#2107,#2114),.PCURVE_S1.);
#2103 = LINE('',#2104,#2105);
#2104 = CARTESIAN_POINT('',(26.,20.,29.7));
#2105 = VECTOR('',#2106,1.);
#2106 = DIRECTION('',(-1.,-0.,-0.));
#2107 = PCURVE('',#470,#2108);
#2108 = DEFINITIONAL_REPRESENTATION('',(#2109),#2113);
#2109 = LINE('',#2110,#2111);
#2110 = CARTESIAN_POINT('',(29.7,56.));
#2111 = VECTOR('',#2112,1.);
#2112 = DIRECTION('',(-0.,-1.));
#2113 = ( GEOMETRIC_REPRESENTATION_CONTEXT(2) 
PARAMETRIC_REPRESENTATION_CONTEXT() REPRESENTATION_CONTEXT('2D SPACE',''
  ) );
#2114 = PCURVE('',#1321,#2115);
#2115 = DEFINITIONAL_REPRESENTATION('',(#2116),#2120);
#2116 = LINE('',#2117,#2118);
#2117 = CARTESIAN_POINT('',(0.,-0.212132034356));
#2118 = VECTOR('',#2119,1.);
#2119 = DIRECTION('',(1.,0.));
#2120 = ( GEOMETRIC_REPRESENTATION_CONTEXT(2) 
PARAMETRIC_REPRESENTATION_CONTEXT() REPRESENTATION_CONTEXT('2D SPACE',''
  ) );
#2121 = ORIENTED_EDGE('',*,*,#2122,.T.);
#2122 = EDGE_CURVE('',#2100,#2123,#2125,.T.);
#2123 = VERTEX_POINT('',#2124);
#2124 = CARTESIAN_POINT('',(-13.5,20.,13.360808101421));
#2125 = SURFACE_CURVE('',#2126,(#2130,#2136),.PCURVE_S1.);
#2126 = LINE('',#2127,#2128);
#2127 = CARTESIAN_POINT('',(-13.5,20.,14.653936432593));
#2128 = VECTOR('',#2129,1.);
#2129 = DIRECTION('',(0.,0.,-1.));
#2130 = PCURVE('',#470,#2131);
#2131 = DEFINITIONAL_REPRESENTATION('',(#2132),#2135);
#2132 = B_SPLINE_CURVE_WITH_KNOTS('',1,(#2133,#2134),.UNSPECIFIED.,.F.,
  .F.,(2,2),(-15.0460635674,2.293128331172),.PIECEWISE_BEZIER_KNOTS.);
#2133 = CARTESIAN_POINT('',(29.7,16.5));
#2134 = CARTESIAN_POINT('',(12.360808101421,16.5));
#2135 = ( GEOMETRIC_REPRESENTATION_CONTEXT(2) 
PARAMETRIC_REPRESENTATION_CONTEXT() REPRESENTATION_CONTEXT('2D SPACE',''
  ) );
#2136 = PCURVE('',#1293,#2137);
#2137 = DEFINITIONAL_REPRESENTATION('',(#2138),#2141);
#2138 = B_SPLINE_CURVE_WITH_KNOTS('',1,(#2139,#2140),.UNSPECIFIED.,.F.,
  .F.,(2,2),(-15.0460635674,2.293128331172),.PIECEWISE_BEZIER_KNOTS.);
#2139 = CARTESIAN_POINT('',(0.392127134813,8.719595949289));
#2140 = CARTESIAN_POINT('',(-16.94706476376,8.719595949289));
#2141 = ( GEOMETRIC_REPRESENTATION_CONTEXT(2) 
PARAMETRIC_REPRESENTATION_CONTEXT() REPRESENTATION_CONTEXT('2D SPACE',''
  ) );
#2142 = ORIENTED_EDGE('',*,*,#2143,.T.);
#2143 = EDGE_CURVE('',#2123,#2144,#2146,.T.);
#2144 = VERTEX_POINT('',#2145);
#2145 = CARTESIAN_POINT('',(-8.,20.,13.360808101421));
#2146 = SURFACE_CURVE('',#2147,(#2151,#2157),.PCURVE_S1.);
#2147 = LINE('',#2148,#2149);
#2148 = CARTESIAN_POINT('',(-21.75,20.,13.360808101421));
#2149 = VECTOR('',#2150,1.);
#2150 = DIRECTION('',(1.,0.,-0.));
#2151 = PCURVE('',#470,#2152);
#2152 = DEFINITIONAL_REPRESENTATION('',(#2153),#2156);
#2153 = B_SPLINE_CURVE_WITH_KNOTS('',1,(#2154,#2155),.UNSPECIFIED.,.F.,
  .F.,(2,2),(8.25,13.75),.PIECEWISE_BEZIER_KNOTS.);
#2154 = CARTESIAN_POINT('',(13.360808101421,16.5));
#2155 = CARTESIAN_POINT('',(13.360808101421,22.));
#2156 = ( GEOMETRIC_REPRESENTATION_CONTEXT(2) 
PARAMETRIC_REPRESENTATION_CONTEXT() REPRESENTATION_CONTEXT('2D SPACE',''
  ) );
#2157 = PCURVE('',#2158,#2163);
#2158 = PLANE('',#2159);
#2159 = AXIS2_PLACEMENT_3D('',#2160,#2161,#2162);
#2160 = CARTESIAN_POINT('',(-13.5,19.,12.360808101421));
#2161 = DIRECTION('',(0.,-0.707106781187,0.707106781187));
#2162 = DIRECTION('',(0.,0.707106781187,0.707106781187));
#2163 = DEFINITIONAL_REPRESENTATION('',(#2164),#2167);
#2164 = B_SPLINE_CURVE_WITH_KNOTS('',1,(#2165,#2166),.UNSPECIFIED.,.F.,
  .F.,(2,2),(8.25,13.75),.PIECEWISE_BEZIER_KNOTS.);
#2165 = CARTESIAN_POINT('',(1.414213562373,0.));
#2166 = CARTESIAN_POINT('',(1.414213562373,-5.5));
#2167 = ( GEOMETRIC_REPRESENTATION_CONTEXT(2) 
PARAMETRIC_REPRESENTATION_CONTEXT() REPRESENTATION_CONTEXT('2D SPACE',''
  ) );
#2168 = ORIENTED_EDGE('',*,*,#2169,.F.);
#2169 = EDGE_CURVE('',#2170,#2144,#2172,.T.);
#2170 = VERTEX_POINT('',#2171);
#2171 = CARTESIAN_POINT('',(-8.,20.,29.7));
#2172 = SURFACE_CURVE('',#2173,(#2177,#2183),.PCURVE_S1.);
#2173 = LINE('',#2174,#2175);
#2174 = CARTESIAN_POINT('',(-8.,20.,14.653936432593));
#2175 = VECTOR('',#2176,1.);
#2176 = DIRECTION('',(0.,0.,-1.));
#2177 = PCURVE('',#470,#2178);
#2178 = DEFINITIONAL_REPRESENTATION('',(#2179),#2182);
#2179 = B_SPLINE_CURVE_WITH_KNOTS('',1,(#2180,#2181),.UNSPECIFIED.,.F.,
  .F.,(2,2),(-15.0460635674,2.293128331172),.PIECEWISE_BEZIER_KNOTS.);
#2180 = CARTESIAN_POINT('',(29.7,22.));
#2181 = CARTESIAN_POINT('',(12.360808101421,22.));
#2182 = ( GEOMETRIC_REPRESENTATION_CONTEXT(2) 
PARAMETRIC_REPRESENTATION_CONTEXT() REPRESENTATION_CONTEXT('2D SPACE',''
  ) );
#2183 = PCURVE('',#1238,#2184);
#2184 = DEFINITIONAL_REPRESENTATION('',(#2185),#2188);
#2185 = B_SPLINE_CURVE_WITH_KNOTS('',1,(#2186,#2187),.UNSPECIFIED.,.F.,
  .F.,(2,2),(-15.0460635674,2.293128331172),.PIECEWISE_BEZIER_KNOTS.);
#2186 = CARTESIAN_POINT('',(0.392127134813,8.719595949289));
#2187 = CARTESIAN_POINT('',(-16.94706476376,8.719595949289));
#2188 = ( GEOMETRIC_REPRESENTATION_CONTEXT(2) 
PARAMETRIC_REPRESENTATION_CONTEXT() REPRESENTATION_CONTEXT('2D SPACE',''
  ) );
#2189 = ORIENTED_EDGE('',*,*,#2190,.F.);
#2190 = EDGE_CURVE('',#2191,#2170,#2193,.T.);
#2191 = VERTEX_POINT('',#2192);
#2192 = CARTESIAN_POINT('',(8.,20.,29.7));
#2193 = SURFACE_CURVE('',#2194,(#2198,#2205),.PCURVE_S1.);
#2194 = LINE('',#2195,#2196);
#2195 = CARTESIAN_POINT('',(26.,20.,29.7));
#2196 = VECTOR('',#2197,1.);
#2197 = DIRECTION('',(-1.,-0.,-0.));
#2198 = PCURVE('',#470,#2199);
#2199 = DEFINITIONAL_REPRESENTATION('',(#2200),#2204);
#2200 = LINE('',#2201,#2202);
#2201 = CARTESIAN_POINT('',(29.7,56.));
#2202 = VECTOR('',#2203,1.);
#2203 = DIRECTION('',(-0.,-1.));
#2204 = ( GEOMETRIC_REPRESENTATION_CONTEXT(2) 
PARAMETRIC_REPRESENTATION_CONTEXT() REPRESENTATION_CONTEXT('2D SPACE',''
  ) );
#2205 = PCURVE('',#1210,#2206);
#2206 = DEFINITIONAL_REPRESENTATION('',(#2207),#2211);
#2207 = LINE('',#2208,#2209);
#2208 = CARTESIAN_POINT('',(0.,-0.212132034356));
#2209 = VECTOR('',#2210,1.);
#2210 = DIRECTION('',(1.,0.));
#2211 = ( GEOMETRIC_REPRESENTATION_CONTEXT(2) 
PARAMETRIC_REPRESENTATION_CONTEXT() REPRESENTATION_CONTEXT('2D SPACE',''
  ) );
#2212 = ORIENTED_EDGE('',*,*,#2213,.T.);
#2213 = EDGE_CURVE('',#2191,#2214,#2216,.T.);
#2214 = VERTEX_POINT('',#2215);
#2215 = CARTESIAN_POINT('',(8.,20.,13.360808101421));
#2216 = SURFACE_CURVE('',#2217,(#2221,#2227),.PCURVE_S1.);
#2217 = LINE('',#2218,#2219);
#2218 = CARTESIAN_POINT('',(8.,20.,14.653936432593));
#2219 = VECTOR('',#2220,1.);
#2220 = DIRECTION('',(0.,0.,-1.));
#2221 = PCURVE('',#470,#2222);
#2222 = DEFINITIONAL_REPRESENTATION('',(#2223),#2226);
#2223 = B_SPLINE_CURVE_WITH_KNOTS('',1,(#2224,#2225),.UNSPECIFIED.,.F.,
  .F.,(2,2),(-15.0460635674,2.293128331172),.PIECEWISE_BEZIER_KNOTS.);
#2224 = CARTESIAN_POINT('',(29.7,38.));
#2225 = CARTESIAN_POINT('',(12.360808101421,38.));
#2226 = ( GEOMETRIC_REPRESENTATION_CONTEXT(2) 
PARAMETRIC_REPRESENTATION_CONTEXT() REPRESENTATION_CONTEXT('2D SPACE',''
  ) );
#2227 = PCURVE('',#1182,#2228);
#2228 = DEFINITIONAL_REPRESENTATION('',(#2229),#2232);
#2229 = B_SPLINE_CURVE_WITH_KNOTS('',1,(#2230,#2231),.UNSPECIFIED.,.F.,
  .F.,(2,2),(-15.0460635674,2.293128331172),.PIECEWISE_BEZIER_KNOTS.);
#2230 = CARTESIAN_POINT('',(0.392127134813,8.719595949289));
#2231 = CARTESIAN_POINT('',(-16.94706476376,8.719595949289));
#2232 = ( GEOMETRIC_REPRESENTATION_CONTEXT(2) 
PARAMETRIC_REPRESENTATION_CONTEXT() REPRESENTATION_CONTEXT('2D SPACE',''
  ) );
#2233 = ORIENTED_EDGE('',*,*,#2234,.T.);
#2234 = EDGE_CURVE('',#2214,#2235,#2237,.T.);
#2235 = VERTEX_POINT('',#2236);
#2236 = CARTESIAN_POINT('',(13.5,20.,13.360808101421));
#2237 = SURFACE_CURVE('',#2238,(#2242,#2248),.PCURVE_S1.);
#2238 = LINE('',#2239,#2240);
#2239 = CARTESIAN_POINT('',(-11.,20.,13.360808101421));
#2240 = VECTOR('',#2241,1.);
#2241 = DIRECTION('',(1.,0.,-0.));
#2242 = PCURVE('',#470,#2243);
#2243 = DEFINITIONAL_REPRESENTATION('',(#2244),#2247);
#2244 = B_SPLINE_CURVE_WITH_KNOTS('',1,(#2245,#2246),.UNSPECIFIED.,.F.,
  .F.,(2,2),(19.,24.5),.PIECEWISE_BEZIER_KNOTS.);
#2245 = CARTESIAN_POINT('',(13.360808101421,38.));
#2246 = CARTESIAN_POINT('',(13.360808101421,43.5));
#2247 = ( GEOMETRIC_REPRESENTATION_CONTEXT(2) 
PARAMETRIC_REPRESENTATION_CONTEXT() REPRESENTATION_CONTEXT('2D SPACE',''
  ) );
#2248 = PCURVE('',#2249,#2254);
#2249 = PLANE('',#2250);
#2250 = AXIS2_PLACEMENT_3D('',#2251,#2252,#2253);
#2251 = CARTESIAN_POINT('',(8.,19.,12.360808101421));
#2252 = DIRECTION('',(0.,-0.707106781187,0.707106781187));
#2253 = DIRECTION('',(0.,0.707106781187,0.707106781187));
#2254 = DEFINITIONAL_REPRESENTATION('',(#2255),#2258);
#2255 = B_SPLINE_CURVE_WITH_KNOTS('',1,(#2256,#2257),.UNSPECIFIED.,.F.,
  .F.,(2,2),(19.,24.5),.PIECEWISE_BEZIER_KNOTS.);
#2256 = CARTESIAN_POINT('',(1.414213562373,0.));
#2257 = CARTESIAN_POINT('',(1.414213562373,-5.5));
#2258 = ( GEOMETRIC_REPRESENTATION_CONTEXT(2) 
PARAMETRIC_REPRESENTATION_CONTEXT() REPRESENTATION_CONTEXT('2D SPACE',''
  ) );
#2259 = ORIENTED_EDGE('',*,*,#2260,.F.);
#2260 = EDGE_CURVE('',#2261,#2235,#2263,.T.);
#2261 = VERTEX_POINT('',#2262);
#2262 = CARTESIAN_POINT('',(13.5,20.,29.7));
#2263 = SURFACE_CURVE('',#2264,(#2268,#2274),.PCURVE_S1.);
#2264 = LINE('',#2265,#2266);
#2265 = CARTESIAN_POINT('',(13.5,20.,14.653936432593));
#2266 = VECTOR('',#2267,1.);
#2267 = DIRECTION('',(0.,0.,-1.));
#2268 = PCURVE('',#470,#2269);
#2269 = DEFINITIONAL_REPRESENTATION('',(#2270),#2273);
#2270 = B_SPLINE_CURVE_WITH_KNOTS('',1,(#2271,#2272),.UNSPECIFIED.,.F.,
  .F.,(2,2),(-15.0460635674,2.293128331172),.PIECEWISE_BEZIER_KNOTS.);
#2271 = CARTESIAN_POINT('',(29.7,43.5));
#2272 = CARTESIAN_POINT('',(12.360808101421,43.5));
#2273 = ( GEOMETRIC_REPRESENTATION_CONTEXT(2) 
PARAMETRIC_REPRESENTATION_CONTEXT() REPRESENTATION_CONTEXT('2D SPACE',''
  ) );
#2274 = PCURVE('',#1127,#2275);
#2275 = DEFINITIONAL_REPRESENTATION('',(#2276),#2279);
#2276 = B_SPLINE_CURVE_WITH_KNOTS('',1,(#2277,#2278),.UNSPECIFIED.,.F.,
  .F.,(2,2),(-15.0460635674,2.293128331172),.PIECEWISE_BEZIER_KNOTS.);
#2277 = CARTESIAN_POINT('',(0.392127134813,8.719595949289));
#2278 = CARTESIAN_POINT('',(-16.94706476376,8.719595949289));
#2279 = ( GEOMETRIC_REPRESENTATION_CONTEXT(2) 
PARAMETRIC_REPRESENTATION_CONTEXT() REPRESENTATION_CONTEXT('2D SPACE',''
  ) );
#2280 = ORIENTED_EDGE('',*,*,#2281,.F.);
#2281 = EDGE_CURVE('',#2282,#2261,#2284,.T.);
#2282 = VERTEX_POINT('',#2283);
#2283 = CARTESIAN_POINT('',(22.5,20.,29.7));
#2284 = SURFACE_CURVE('',#2285,(#2289,#2296),.PCURVE_S1.);
#2285 = LINE('',#2286,#2287);
#2286 = CARTESIAN_POINT('',(26.,20.,29.7));
#2287 = VECTOR('',#2288,1.);
#2288 = DIRECTION('',(-1.,-0.,-0.));
#2289 = PCURVE('',#470,#2290);
#2290 = DEFINITIONAL_REPRESENTATION('',(#2291),#2295);
#2291 = LINE('',#2292,#2293);
#2292 = CARTESIAN_POINT('',(29.7,56.));
#2293 = VECTOR('',#2294,1.);
#2294 = DIRECTION('',(-0.,-1.));
#2295 = ( GEOMETRIC_REPRESENTATION_CONTEXT(2) 
PARAMETRIC_REPRESENTATION_CONTEXT() REPRESENTATION_CONTEXT('2D SPACE',''
  ) );
#2296 = PCURVE('',#1099,#2297);
#2297 = DEFINITIONAL_REPRESENTATION('',(#2298),#2302);
#2298 = LINE('',#2299,#2300);
#2299 = CARTESIAN_POINT('',(0.,-0.212132034356));
#2300 = VECTOR('',#2301,1.);
#2301 = DIRECTION('',(1.,0.));
#2302 = ( GEOMETRIC_REPRESENTATION_CONTEXT(2) 
PARAMETRIC_REPRESENTATION_CONTEXT() REPRESENTATION_CONTEXT('2D SPACE',''
  ) );
#2303 = ORIENTED_EDGE('',*,*,#2304,.T.);
#2304 = EDGE_CURVE('',#2282,#2305,#2307,.T.);
#2305 = VERTEX_POINT('',#2306);
#2306 = CARTESIAN_POINT('',(22.5,20.,13.360808101421));
#2307 = SURFACE_CURVE('',#2308,(#2312,#2318),.PCURVE_S1.);
#2308 = LINE('',#2309,#2310);
#2309 = CARTESIAN_POINT('',(22.5,20.,14.653936432593));
#2310 = VECTOR('',#2311,1.);
#2311 = DIRECTION('',(0.,0.,-1.));
#2312 = PCURVE('',#470,#2313);
#2313 = DEFINITIONAL_REPRESENTATION('',(#2314),#2317);
#2314 = B_SPLINE_CURVE_WITH_KNOTS('',1,(#2315,#2316),.UNSPECIFIED.,.F.,
  .F.,(2,2),(-15.0460635674,2.293128331172),.PIECEWISE_BEZIER_KNOTS.);
#2315 = CARTESIAN_POINT('',(29.7,52.5));
#2316 = CARTESIAN_POINT('',(12.360808101421,52.5));
#2317 = ( GEOMETRIC_REPRESENTATION_CONTEXT(2) 
PARAMETRIC_REPRESENTATION_CONTEXT() REPRESENTATION_CONTEXT('2D SPACE',''
  ) );
#2318 = PCURVE('',#1071,#2319);
#2319 = DEFINITIONAL_REPRESENTATION('',(#2320),#2323);
#2320 = B_SPLINE_CURVE_WITH_KNOTS('',1,(#2321,#2322),.UNSPECIFIED.,.F.,
  .F.,(2,2),(-15.0460635674,2.293128331172),.PIECEWISE_BEZIER_KNOTS.);
#2321 = CARTESIAN_POINT('',(0.392127134813,8.719595949289));
#2322 = CARTESIAN_POINT('',(-16.94706476376,8.719595949289));
#2323 = ( GEOMETRIC_REPRESENTATION_CONTEXT(2) 
PARAMETRIC_REPRESENTATION_CONTEXT() REPRESENTATION_CONTEXT('2D SPACE',''
  ) );
#2324 = ORIENTED_EDGE('',*,*,#2325,.T.);
#2325 = EDGE_CURVE('',#2305,#2326,#2328,.T.);
#2326 = VERTEX_POINT('',#2327);
#2327 = CARTESIAN_POINT('',(26.,20.,13.360808101421));
#2328 = SURFACE_CURVE('',#2329,(#2333,#2339),.PCURVE_S1.);
#2329 = LINE('',#2330,#2331);
#2330 = CARTESIAN_POINT('',(-3.75,20.,13.360808101421));
#2331 = VECTOR('',#2332,1.);
#2332 = DIRECTION('',(1.,0.,-0.));
#2333 = PCURVE('',#470,#2334);
#2334 = DEFINITIONAL_REPRESENTATION('',(#2335),#2338);
#2335 = B_SPLINE_CURVE_WITH_KNOTS('',1,(#2336,#2337),.UNSPECIFIED.,.F.,
  .F.,(2,2),(26.25,29.75),.PIECEWISE_BEZIER_KNOTS.);
#2336 = CARTESIAN_POINT('',(13.360808101421,52.5));
#2337 = CARTESIAN_POINT('',(13.360808101421,56.));
#2338 = ( GEOMETRIC_REPRESENTATION_CONTEXT(2) 
PARAMETRIC_REPRESENTATION_CONTEXT() REPRESENTATION_CONTEXT('2D SPACE',''
  ) );
#2339 = PCURVE('',#2340,#2345);
#2340 = PLANE('',#2341);
#2341 = AXIS2_PLACEMENT_3D('',#2342,#2343,#2344);
#2342 = CARTESIAN_POINT('',(22.5,19.,12.360808101421));
#2343 = DIRECTION('',(0.,-0.707106781187,0.707106781187));
#2344 = DIRECTION('',(0.,0.707106781187,0.707106781187));
#2345 = DEFINITIONAL_REPRESENTATION('',(#2346),#2349);
#2346 = B_SPLINE_CURVE_WITH_KNOTS('',1,(#2347,#2348),.UNSPECIFIED.,.F.,
  .F.,(2,2),(26.25,29.75),.PIECEWISE_BEZIER_KNOTS.);
#2347 = CARTESIAN_POINT('',(1.414213562373,0.));
#2348 = CARTESIAN_POINT('',(1.414213562373,-3.5));
#2349 = ( GEOMETRIC_REPRESENTATION_CONTEXT(2) 
PARAMETRIC_REPRESENTATION_CONTEXT() REPRESENTATION_CONTEXT('2D SPACE',''
  ) );
#2350 = ORIENTED_EDGE('',*,*,#2351,.F.);
#2351 = EDGE_CURVE('',#2054,#2326,#2352,.T.);
#2352 = SURFACE_CURVE('',#2353,(#2357,#2364),.PCURVE_S1.);
#2353 = LINE('',#2354,#2355);
#2354 = CARTESIAN_POINT('',(26.,20.,0.));
#2355 = VECTOR('',#2356,1.);
#2356 = DIRECTION('',(0.,0.,1.));
#2357 = PCURVE('',#470,#2358);
#2358 = DEFINITIONAL_REPRESENTATION('',(#2359),#2363);
#2359 = LINE('',#2360,#2361);
#2360 = CARTESIAN_POINT('',(0.,56.));
#2361 = VECTOR('',#2362,1.);
#2362 = DIRECTION('',(1.,0.));
#2363 = ( GEOMETRIC_REPRESENTATION_CONTEXT(2) 
PARAMETRIC_REPRESENTATION_CONTEXT() REPRESENTATION_CONTEXT('2D SPACE',''
  ) );
#2364 = PCURVE('',#2365,#2370);
#2365 = CYLINDRICAL_SURFACE('',#2366,4.);
#2366 = AXIS2_PLACEMENT_3D('',#2367,#2368,#2369);
#2367 = CARTESIAN_POINT('',(26.,16.,0.));
#2368 = DIRECTION('',(0.,0.,1.));
#2369 = DIRECTION('',(1.,0.,-0.));
#2370 = DEFINITIONAL_REPRESENTATION('',(#2371),#2375);
#2371 = LINE('',#2372,#2373);
#2372 = CARTESIAN_POINT('',(1.570796326795,0.));
#2373 = VECTOR('',#2374,1.);
#2374 = DIRECTION('',(0.,1.));
#2375 = ( GEOMETRIC_REPRESENTATION_CONTEXT(2) 
PARAMETRIC_REPRESENTATION_CONTEXT() REPRESENTATION_CONTEXT('2D SPACE',''
  ) );
#2376 = ADVANCED_FACE('',(#2377),#559,.F.);
#2377 = FACE_BOUND('',#2378,.T.);
#2378 = EDGE_LOOP('',(#2379,#2380,#2381,#2400));
#2379 = ORIENTED_EDGE('',*,*,#544,.F.);
#2380 = ORIENTED_EDGE('',*,*,#653,.T.);
#2381 = ORIENTED_EDGE('',*,*,#2382,.T.);
#2382 = EDGE_CURVE('',#654,#892,#2383,.T.);
#2383 = SURFACE_CURVE('',#2384,(#2388,#2394),.PCURVE_S1.);
#2384 = LINE('',#2385,#2386);
#2385 = CARTESIAN_POINT('',(26.,-19.85,29.85));
#2386 = VECTOR('',#2387,1.);
#2387 = DIRECTION('',(-0.,0.707106781187,0.707106781187));
#2388 = PCURVE('',#559,#2389);
#2389 = DEFINITIONAL_REPRESENTATION('',(#2390),#2393);
#2390 = B_SPLINE_CURVE_WITH_KNOTS('',1,(#2391,#2392),.UNSPECIFIED.,.F.,
  .F.,(2,2),(-0.212132034356,0.212132034356),.PIECEWISE_BEZIER_KNOTS.);
#2391 = CARTESIAN_POINT('',(-52.,-0.212132034356));
#2392 = CARTESIAN_POINT('',(-52.,0.212132034356));
#2393 = ( GEOMETRIC_REPRESENTATION_CONTEXT(2) 
PARAMETRIC_REPRESENTATION_CONTEXT() REPRESENTATION_CONTEXT('2D SPACE',''
  ) );
#2394 = PCURVE('',#931,#2395);
#2395 = DEFINITIONAL_REPRESENTATION('',(#2396),#2399);
#2396 = B_SPLINE_CURVE_WITH_KNOTS('',1,(#2397,#2398),.UNSPECIFIED.,.F.,
  .F.,(2,2),(-0.212132034356,0.212132034356),.PIECEWISE_BEZIER_KNOTS.);
#2397 = CARTESIAN_POINT('',(0.,0.));
#2398 = CARTESIAN_POINT('',(0.,-0.3));
#2399 = ( GEOMETRIC_REPRESENTATION_CONTEXT(2) 
PARAMETRIC_REPRESENTATION_CONTEXT() REPRESENTATION_CONTEXT('2D SPACE',''
  ) );
#2400 = ORIENTED_EDGE('',*,*,#891,.F.);
#2401 = ADVANCED_FACE('',(#2402),#610,.T.);
#2402 = FACE_BOUND('',#2403,.T.);
#2403 = EDGE_LOOP('',(#2404,#2423,#2424,#2425));
#2404 = ORIENTED_EDGE('',*,*,#2405,.F.);
#2405 = EDGE_CURVE('',#677,#1645,#2406,.T.);
#2406 = SURFACE_CURVE('',#2407,(#2411,#2417),.PCURVE_S1.);
#2407 = LINE('',#2408,#2409);
#2408 = CARTESIAN_POINT('',(26.,-20.,0.8));
#2409 = VECTOR('',#2410,1.);
#2410 = DIRECTION('',(-4.329780281177E-17,0.707106781187,-0.707106781187
    ));
#2411 = PCURVE('',#610,#2412);
#2412 = DEFINITIONAL_REPRESENTATION('',(#2413),#2416);
#2413 = B_SPLINE_CURVE_WITH_KNOTS('',1,(#2414,#2415),.UNSPECIFIED.,.F.,
  .F.,(2,2),(0.,1.131370849898),.PIECEWISE_BEZIER_KNOTS.);
#2414 = CARTESIAN_POINT('',(0.,-0.565685424949));
#2415 = CARTESIAN_POINT('',(0.,0.565685424949));
#2416 = ( GEOMETRIC_REPRESENTATION_CONTEXT(2) 
PARAMETRIC_REPRESENTATION_CONTEXT() REPRESENTATION_CONTEXT('2D SPACE',''
  ) );
#2417 = PCURVE('',#1688,#2418);
#2418 = DEFINITIONAL_REPRESENTATION('',(#2419),#2422);
#2419 = B_SPLINE_CURVE_WITH_KNOTS('',1,(#2420,#2421),.UNSPECIFIED.,.F.,
  .F.,(2,2),(0.,1.131370849898),.PIECEWISE_BEZIER_KNOTS.);
#2420 = CARTESIAN_POINT('',(-1.570796326795,0.));
#2421 = CARTESIAN_POINT('',(-1.570796326795,-0.8));
#2422 = ( GEOMETRIC_REPRESENTATION_CONTEXT(2) 
PARAMETRIC_REPRESENTATION_CONTEXT() REPRESENTATION_CONTEXT('2D SPACE',''
  ) );
#2423 = ORIENTED_EDGE('',*,*,#704,.T.);
#2424 = ORIENTED_EDGE('',*,*,#595,.T.);
#2425 = ORIENTED_EDGE('',*,*,#1644,.F.);
#2426 = ADVANCED_FACE('',(#2427),#692,.T.);
#2427 = FACE_BOUND('',#2428,.F.);
#2428 = EDGE_LOOP('',(#2429,#2459,#2481,#2482));
#2429 = ORIENTED_EDGE('',*,*,#2430,.F.);
#2430 = EDGE_CURVE('',#2431,#2433,#2435,.T.);
#2431 = VERTEX_POINT('',#2432);
#2432 = CARTESIAN_POINT('',(30.,-16.,0.8));
#2433 = VERTEX_POINT('',#2434);
#2434 = CARTESIAN_POINT('',(30.,-16.,29.7));
#2435 = SURFACE_CURVE('',#2436,(#2440,#2447),.PCURVE_S1.);
#2436 = LINE('',#2437,#2438);
#2437 = CARTESIAN_POINT('',(30.,-16.,0.));
#2438 = VECTOR('',#2439,1.);
#2439 = DIRECTION('',(0.,0.,1.));
#2440 = PCURVE('',#692,#2441);
#2441 = DEFINITIONAL_REPRESENTATION('',(#2442),#2446);
#2442 = LINE('',#2443,#2444);
#2443 = CARTESIAN_POINT('',(-0.,0.));
#2444 = VECTOR('',#2445,1.);
#2445 = DIRECTION('',(-0.,1.));
#2446 = ( GEOMETRIC_REPRESENTATION_CONTEXT(2) 
PARAMETRIC_REPRESENTATION_CONTEXT() REPRESENTATION_CONTEXT('2D SPACE',''
  ) );
#2447 = PCURVE('',#2448,#2453);
#2448 = PLANE('',#2449);
#2449 = AXIS2_PLACEMENT_3D('',#2450,#2451,#2452);
#2450 = CARTESIAN_POINT('',(30.,-20.,0.));
#2451 = DIRECTION('',(1.,0.,0.));
#2452 = DIRECTION('',(0.,0.,1.));
#2453 = DEFINITIONAL_REPRESENTATION('',(#2454),#2458);
#2454 = LINE('',#2455,#2456);
#2455 = CARTESIAN_POINT('',(0.,-4.));
#2456 = VECTOR('',#2457,1.);
#2457 = DIRECTION('',(1.,0.));
#2458 = ( GEOMETRIC_REPRESENTATION_CONTEXT(2) 
PARAMETRIC_REPRESENTATION_CONTEXT() REPRESENTATION_CONTEXT('2D SPACE',''
  ) );
#2459 = ORIENTED_EDGE('',*,*,#2460,.T.);
#2460 = EDGE_CURVE('',#2431,#677,#2461,.T.);
#2461 = SURFACE_CURVE('',#2462,(#2467,#2474),.PCURVE_S1.);
#2462 = CIRCLE('',#2463,4.);
#2463 = AXIS2_PLACEMENT_3D('',#2464,#2465,#2466);
#2464 = CARTESIAN_POINT('',(26.,-16.,0.8));
#2465 = DIRECTION('',(0.,-0.,-1.));
#2466 = DIRECTION('',(1.,0.,-0.));
#2467 = PCURVE('',#692,#2468);
#2468 = DEFINITIONAL_REPRESENTATION('',(#2469),#2473);
#2469 = LINE('',#2470,#2471);
#2470 = CARTESIAN_POINT('',(-0.,0.8));
#2471 = VECTOR('',#2472,1.);
#2472 = DIRECTION('',(-1.,0.));
#2473 = ( GEOMETRIC_REPRESENTATION_CONTEXT(2) 
PARAMETRIC_REPRESENTATION_CONTEXT() REPRESENTATION_CONTEXT('2D SPACE',''
  ) );
#2474 = PCURVE('',#1688,#2475);
#2475 = DEFINITIONAL_REPRESENTATION('',(#2476),#2480);
#2476 = LINE('',#2477,#2478);
#2477 = CARTESIAN_POINT('',(-0.,-0.));
#2478 = VECTOR('',#2479,1.);
#2479 = DIRECTION('',(-1.,-0.));
#2480 = ( GEOMETRIC_REPRESENTATION_CONTEXT(2) 
PARAMETRIC_REPRESENTATION_CONTEXT() REPRESENTATION_CONTEXT('2D SPACE',''
  ) );
#2481 = ORIENTED_EDGE('',*,*,#676,.T.);
#2482 = ORIENTED_EDGE('',*,*,#2483,.T.);
#2483 = EDGE_CURVE('',#654,#2433,#2484,.T.);
#2484 = SURFACE_CURVE('',#2485,(#2490,#2497),.PCURVE_S1.);
#2485 = CIRCLE('',#2486,4.);
#2486 = AXIS2_PLACEMENT_3D('',#2487,#2488,#2489);
#2487 = CARTESIAN_POINT('',(26.,-16.,29.7));
#2488 = DIRECTION('',(0.,0.,1.));
#2489 = DIRECTION('',(0.,-1.,0.));
#2490 = PCURVE('',#692,#2491);
#2491 = DEFINITIONAL_REPRESENTATION('',(#2492),#2496);
#2492 = LINE('',#2493,#2494);
#2493 = CARTESIAN_POINT('',(-1.570796326795,29.7));
#2494 = VECTOR('',#2495,1.);
#2495 = DIRECTION('',(1.,-0.));
#2496 = ( GEOMETRIC_REPRESENTATION_CONTEXT(2) 
PARAMETRIC_REPRESENTATION_CONTEXT() REPRESENTATION_CONTEXT('2D SPACE',''
  ) );
#2497 = PCURVE('',#931,#2498);
#2498 = DEFINITIONAL_REPRESENTATION('',(#2499),#2503);
#2499 = LINE('',#2500,#2501);
#2500 = CARTESIAN_POINT('',(-0.,-0.));
#2501 = VECTOR('',#2502,1.);
#2502 = DIRECTION('',(-1.,-0.));
#2503 = ( GEOMETRIC_REPRESENTATION_CONTEXT(2) 
PARAMETRIC_REPRESENTATION_CONTEXT() REPRESENTATION_CONTEXT('2D SPACE',''
  ) );
#2504 = ADVANCED_FACE('',(#2505),#744,.T.);
#2505 = FACE_BOUND('',#2506,.T.);
#2506 = EDGE_LOOP('',(#2507,#2530,#2531,#2554));
#2507 = ORIENTED_EDGE('',*,*,#2508,.F.);
#2508 = EDGE_CURVE('',#730,#2509,#2511,.T.);
#2509 = VERTEX_POINT('',#2510);
#2510 = CARTESIAN_POINT('',(-5.,-20.7,24.4));
#2511 = SURFACE_CURVE('',#2512,(#2516,#2523),.PCURVE_S1.);
#2512 = LINE('',#2513,#2514);
#2513 = CARTESIAN_POINT('',(-5.,-19.7,23.4));
#2514 = VECTOR('',#2515,1.);
#2515 = DIRECTION('',(0.,-0.707106781187,0.707106781187));
#2516 = PCURVE('',#744,#2517);
#2517 = DEFINITIONAL_REPRESENTATION('',(#2518),#2522);
#2518 = LINE('',#2519,#2520);
#2519 = CARTESIAN_POINT('',(0.,0.));
#2520 = VECTOR('',#2521,1.);
#2521 = DIRECTION('',(1.,0.));
#2522 = ( GEOMETRIC_REPRESENTATION_CONTEXT(2) 
PARAMETRIC_REPRESENTATION_CONTEXT() REPRESENTATION_CONTEXT('2D SPACE',''
  ) );
#2523 = PCURVE('',#820,#2524);
#2524 = DEFINITIONAL_REPRESENTATION('',(#2525),#2529);
#2525 = LINE('',#2526,#2527);
#2526 = CARTESIAN_POINT('',(3.108147545195,-1.417663918421));
#2527 = VECTOR('',#2528,1.);
#2528 = DIRECTION('',(-0.707106781187,0.707106781187));
#2529 = ( GEOMETRIC_REPRESENTATION_CONTEXT(2) 
PARAMETRIC_REPRESENTATION_CONTEXT() REPRESENTATION_CONTEXT('2D SPACE',''
  ) );
#2530 = ORIENTED_EDGE('',*,*,#727,.F.);
#2531 = ORIENTED_EDGE('',*,*,#2532,.T.);
#2532 = EDGE_CURVE('',#728,#2533,#2535,.T.);
#2533 = VERTEX_POINT('',#2534);
#2534 = CARTESIAN_POINT('',(5.,-20.7,24.4));
#2535 = SURFACE_CURVE('',#2536,(#2540,#2547),.PCURVE_S1.);
#2536 = LINE('',#2537,#2538);
#2537 = CARTESIAN_POINT('',(5.,-19.7,23.4));
#2538 = VECTOR('',#2539,1.);
#2539 = DIRECTION('',(0.,-0.707106781187,0.707106781187));
#2540 = PCURVE('',#744,#2541);
#2541 = DEFINITIONAL_REPRESENTATION('',(#2542),#2546);
#2542 = LINE('',#2543,#2544);
#2543 = CARTESIAN_POINT('',(0.,-10.));
#2544 = VECTOR('',#2545,1.);
#2545 = DIRECTION('',(1.,0.));
#2546 = ( GEOMETRIC_REPRESENTATION_CONTEXT(2) 
PARAMETRIC_REPRESENTATION_CONTEXT() REPRESENTATION_CONTEXT('2D SPACE',''
  ) );
#2547 = PCURVE('',#770,#2548);
#2548 = DEFINITIONAL_REPRESENTATION('',(#2549),#2553);
#2549 = LINE('',#2550,#2551);
#2550 = CARTESIAN_POINT('',(3.108147545195,-1.417663918421));
#2551 = VECTOR('',#2552,1.);
#2552 = DIRECTION('',(-0.707106781187,0.707106781187));
#2553 = ( GEOMETRIC_REPRESENTATION_CONTEXT(2) 
PARAMETRIC_REPRESENTATION_CONTEXT() REPRESENTATION_CONTEXT('2D SPACE',''
  ) );
#2554 = ORIENTED_EDGE('',*,*,#2555,.F.);
#2555 = EDGE_CURVE('',#2509,#2533,#2556,.T.);
#2556 = SURFACE_CURVE('',#2557,(#2561,#2568),.PCURVE_S1.);
#2557 = LINE('',#2558,#2559);
#2558 = CARTESIAN_POINT('',(-5.,-20.7,24.4));
#2559 = VECTOR('',#2560,1.);
#2560 = DIRECTION('',(1.,0.,0.));
#2561 = PCURVE('',#744,#2562);
#2562 = DEFINITIONAL_REPRESENTATION('',(#2563),#2567);
#2563 = LINE('',#2564,#2565);
#2564 = CARTESIAN_POINT('',(1.414213562373,0.));
#2565 = VECTOR('',#2566,1.);
#2566 = DIRECTION('',(0.,-1.));
#2567 = ( GEOMETRIC_REPRESENTATION_CONTEXT(2) 
PARAMETRIC_REPRESENTATION_CONTEXT() REPRESENTATION_CONTEXT('2D SPACE',''
  ) );
#2568 = PCURVE('',#2569,#2574);
#2569 = PLANE('',#2570);
#2570 = AXIS2_PLACEMENT_3D('',#2571,#2572,#2573);
#2571 = CARTESIAN_POINT('',(-5.,-19.7,24.4));
#2572 = DIRECTION('',(0.,0.,-1.));
#2573 = DIRECTION('',(0.,-1.,0.));
#2574 = DEFINITIONAL_REPRESENTATION('',(#2575),#2579);
#2575 = LINE('',#2576,#2577);
#2576 = CARTESIAN_POINT('',(1.,0.));
#2577 = VECTOR('',#2578,1.);
#2578 = DIRECTION('',(0.,-1.));
#2579 = ( GEOMETRIC_REPRESENTATION_CONTEXT(2) 
PARAMETRIC_REPRESENTATION_CONTEXT() REPRESENTATION_CONTEXT('2D SPACE',''
  ) );
#2580 = ADVANCED_FACE('',(#2581),#820,.T.);
#2581 = FACE_BOUND('',#2582,.T.);
#2582 = EDGE_LOOP('',(#2583,#2584,#2607,#2635,#2656));
#2583 = ORIENTED_EDGE('',*,*,#2508,.T.);
#2584 = ORIENTED_EDGE('',*,*,#2585,.T.);
#2585 = EDGE_CURVE('',#2509,#2586,#2588,.T.);
#2586 = VERTEX_POINT('',#2587);
#2587 = CARTESIAN_POINT('',(-5.,-23.4,24.4));
#2588 = SURFACE_CURVE('',#2589,(#2593,#2600),.PCURVE_S1.);
#2589 = LINE('',#2590,#2591);
#2590 = CARTESIAN_POINT('',(-5.,-19.7,24.4));
#2591 = VECTOR('',#2592,1.);
#2592 = DIRECTION('',(0.,-1.,0.));
#2593 = PCURVE('',#820,#2594);
#2594 = DEFINITIONAL_REPRESENTATION('',(#2595),#2599);
#2595 = LINE('',#2596,#2597);
#2596 = CARTESIAN_POINT('',(2.108147545195,-1.417663918421));
#2597 = VECTOR('',#2598,1.);
#2598 = DIRECTION('',(0.,1.));
#2599 = ( GEOMETRIC_REPRESENTATION_CONTEXT(2) 
PARAMETRIC_REPRESENTATION_CONTEXT() REPRESENTATION_CONTEXT('2D SPACE',''
  ) );
#2600 = PCURVE('',#2569,#2601);
#2601 = DEFINITIONAL_REPRESENTATION('',(#2602),#2606);
#2602 = LINE('',#2603,#2604);
#2603 = CARTESIAN_POINT('',(0.,-0.));
#2604 = VECTOR('',#2605,1.);
#2605 = DIRECTION('',(1.,0.));
#2606 = ( GEOMETRIC_REPRESENTATION_CONTEXT(2) 
PARAMETRIC_REPRESENTATION_CONTEXT() REPRESENTATION_CONTEXT('2D SPACE',''
  ) );
#2607 = ORIENTED_EDGE('',*,*,#2608,.T.);
#2608 = EDGE_CURVE('',#2586,#2609,#2611,.T.);
#2609 = VERTEX_POINT('',#2610);
#2610 = CARTESIAN_POINT('',(-5.,-23.4,26.));
#2611 = SURFACE_CURVE('',#2612,(#2616,#2623),.PCURVE_S1.);
#2612 = LINE('',#2613,#2614);
#2613 = CARTESIAN_POINT('',(-5.,-23.4,24.4));
#2614 = VECTOR('',#2615,1.);
#2615 = DIRECTION('',(0.,0.,1.));
#2616 = PCURVE('',#820,#2617);
#2617 = DEFINITIONAL_REPRESENTATION('',(#2618),#2622);
#2618 = LINE('',#2619,#2620);
#2619 = CARTESIAN_POINT('',(2.108147545195,2.282336081579));
#2620 = VECTOR('',#2621,1.);
#2621 = DIRECTION('',(-1.,0.));
#2622 = ( GEOMETRIC_REPRESENTATION_CONTEXT(2) 
PARAMETRIC_REPRESENTATION_CONTEXT() REPRESENTATION_CONTEXT('2D SPACE',''
  ) );
#2623 = PCURVE('',#2624,#2629);
#2624 = PLANE('',#2625);
#2625 = AXIS2_PLACEMENT_3D('',#2626,#2627,#2628);
#2626 = CARTESIAN_POINT('',(-5.,-23.4,24.4));
#2627 = DIRECTION('',(0.,-1.,0.));
#2628 = DIRECTION('',(0.,0.,1.));
#2629 = DEFINITIONAL_REPRESENTATION('',(#2630),#2634);
#2630 = LINE('',#2631,#2632);
#2631 = CARTESIAN_POINT('',(0.,0.));
#2632 = VECTOR('',#2633,1.);
#2633 = DIRECTION('',(1.,0.));
#2634 = ( GEOMETRIC_REPRESENTATION_CONTEXT(2) 
PARAMETRIC_REPRESENTATION_CONTEXT() REPRESENTATION_CONTEXT('2D SPACE',''
  ) );
#2635 = ORIENTED_EDGE('',*,*,#2636,.T.);
#2636 = EDGE_CURVE('',#2609,#782,#2637,.T.);
#2637 = SURFACE_CURVE('',#2638,(#2642,#2649),.PCURVE_S1.);
#2638 = LINE('',#2639,#2640);
#2639 = CARTESIAN_POINT('',(-5.,-23.4,26.));
#2640 = VECTOR('',#2641,1.);
#2641 = DIRECTION('',(0.,0.707106781187,0.707106781187));
#2642 = PCURVE('',#820,#2643);
#2643 = DEFINITIONAL_REPRESENTATION('',(#2644),#2648);
#2644 = LINE('',#2645,#2646);
#2645 = CARTESIAN_POINT('',(0.508147545195,2.282336081579));
#2646 = VECTOR('',#2647,1.);
#2647 = DIRECTION('',(-0.707106781187,-0.707106781187));
#2648 = ( GEOMETRIC_REPRESENTATION_CONTEXT(2) 
PARAMETRIC_REPRESENTATION_CONTEXT() REPRESENTATION_CONTEXT('2D SPACE',''
  ) );
#2649 = PCURVE('',#796,#2650);
#2650 = DEFINITIONAL_REPRESENTATION('',(#2651),#2655);
#2651 = LINE('',#2652,#2653);
#2652 = CARTESIAN_POINT('',(0.,0.));
#2653 = VECTOR('',#2654,1.);
#2654 = DIRECTION('',(1.,0.));
#2655 = ( GEOMETRIC_REPRESENTATION_CONTEXT(2) 
PARAMETRIC_REPRESENTATION_CONTEXT() REPRESENTATION_CONTEXT('2D SPACE',''
  ) );
#2656 = ORIENTED_EDGE('',*,*,#807,.F.);
#2657 = ADVANCED_FACE('',(#2658),#796,.T.);
#2658 = FACE_BOUND('',#2659,.T.);
#2659 = EDGE_LOOP('',(#2660,#2661,#2684,#2705));
#2660 = ORIENTED_EDGE('',*,*,#2636,.F.);
#2661 = ORIENTED_EDGE('',*,*,#2662,.T.);
#2662 = EDGE_CURVE('',#2609,#2663,#2665,.T.);
#2663 = VERTEX_POINT('',#2664);
#2664 = CARTESIAN_POINT('',(5.,-23.4,26.));
#2665 = SURFACE_CURVE('',#2666,(#2670,#2677),.PCURVE_S1.);
#2666 = LINE('',#2667,#2668);
#2667 = CARTESIAN_POINT('',(-5.,-23.4,26.));
#2668 = VECTOR('',#2669,1.);
#2669 = DIRECTION('',(1.,0.,0.));
#2670 = PCURVE('',#796,#2671);
#2671 = DEFINITIONAL_REPRESENTATION('',(#2672),#2676);
#2672 = LINE('',#2673,#2674);
#2673 = CARTESIAN_POINT('',(0.,0.));
#2674 = VECTOR('',#2675,1.);
#2675 = DIRECTION('',(0.,-1.));
#2676 = ( GEOMETRIC_REPRESENTATION_CONTEXT(2) 
PARAMETRIC_REPRESENTATION_CONTEXT() REPRESENTATION_CONTEXT('2D SPACE',''
  ) );
#2677 = PCURVE('',#2624,#2678);
#2678 = DEFINITIONAL_REPRESENTATION('',(#2679),#2683);
#2679 = LINE('',#2680,#2681);
#2680 = CARTESIAN_POINT('',(1.6,0.));
#2681 = VECTOR('',#2682,1.);
#2682 = DIRECTION('',(0.,-1.));
#2683 = ( GEOMETRIC_REPRESENTATION_CONTEXT(2) 
PARAMETRIC_REPRESENTATION_CONTEXT() REPRESENTATION_CONTEXT('2D SPACE',''
  ) );
#2684 = ORIENTED_EDGE('',*,*,#2685,.T.);
#2685 = EDGE_CURVE('',#2663,#756,#2686,.T.);
#2686 = SURFACE_CURVE('',#2687,(#2691,#2698),.PCURVE_S1.);
#2687 = LINE('',#2688,#2689);
#2688 = CARTESIAN_POINT('',(5.,-23.4,26.));
#2689 = VECTOR('',#2690,1.);
#2690 = DIRECTION('',(0.,0.707106781187,0.707106781187));
#2691 = PCURVE('',#796,#2692);
#2692 = DEFINITIONAL_REPRESENTATION('',(#2693),#2697);
#2693 = LINE('',#2694,#2695);
#2694 = CARTESIAN_POINT('',(0.,-10.));
#2695 = VECTOR('',#2696,1.);
#2696 = DIRECTION('',(1.,0.));
#2697 = ( GEOMETRIC_REPRESENTATION_CONTEXT(2) 
PARAMETRIC_REPRESENTATION_CONTEXT() REPRESENTATION_CONTEXT('2D SPACE',''
  ) );
#2698 = PCURVE('',#770,#2699);
#2699 = DEFINITIONAL_REPRESENTATION('',(#2700),#2704);
#2700 = LINE('',#2701,#2702);
#2701 = CARTESIAN_POINT('',(0.508147545195,2.282336081579));
#2702 = VECTOR('',#2703,1.);
#2703 = DIRECTION('',(-0.707106781187,-0.707106781187));
#2704 = ( GEOMETRIC_REPRESENTATION_CONTEXT(2) 
PARAMETRIC_REPRESENTATION_CONTEXT() REPRESENTATION_CONTEXT('2D SPACE',''
  ) );
#2705 = ORIENTED_EDGE('',*,*,#781,.F.);
#2706 = ADVANCED_FACE('',(#2707),#770,.F.);
#2707 = FACE_BOUND('',#2708,.F.);
#2708 = EDGE_LOOP('',(#2709,#2710,#2733,#2754,#2755));
#2709 = ORIENTED_EDGE('',*,*,#2532,.T.);
#2710 = ORIENTED_EDGE('',*,*,#2711,.T.);
#2711 = EDGE_CURVE('',#2533,#2712,#2714,.T.);
#2712 = VERTEX_POINT('',#2713);
#2713 = CARTESIAN_POINT('',(5.,-23.4,24.4));
#2714 = SURFACE_CURVE('',#2715,(#2719,#2726),.PCURVE_S1.);
#2715 = LINE('',#2716,#2717);
#2716 = CARTESIAN_POINT('',(5.,-19.7,24.4));
#2717 = VECTOR('',#2718,1.);
#2718 = DIRECTION('',(0.,-1.,0.));
#2719 = PCURVE('',#770,#2720);
#2720 = DEFINITIONAL_REPRESENTATION('',(#2721),#2725);
#2721 = LINE('',#2722,#2723);
#2722 = CARTESIAN_POINT('',(2.108147545195,-1.417663918421));
#2723 = VECTOR('',#2724,1.);
#2724 = DIRECTION('',(0.,1.));
#2725 = ( GEOMETRIC_REPRESENTATION_CONTEXT(2) 
PARAMETRIC_REPRESENTATION_CONTEXT() REPRESENTATION_CONTEXT('2D SPACE',''
  ) );
#2726 = PCURVE('',#2569,#2727);
#2727 = DEFINITIONAL_REPRESENTATION('',(#2728),#2732);
#2728 = LINE('',#2729,#2730);
#2729 = CARTESIAN_POINT('',(0.,-10.));
#2730 = VECTOR('',#2731,1.);
#2731 = DIRECTION('',(1.,0.));
#2732 = ( GEOMETRIC_REPRESENTATION_CONTEXT(2) 
PARAMETRIC_REPRESENTATION_CONTEXT() REPRESENTATION_CONTEXT('2D SPACE',''
  ) );
#2733 = ORIENTED_EDGE('',*,*,#2734,.T.);
#2734 = EDGE_CURVE('',#2712,#2663,#2735,.T.);
#2735 = SURFACE_CURVE('',#2736,(#2740,#2747),.PCURVE_S1.);
#2736 = LINE('',#2737,#2738);
#2737 = CARTESIAN_POINT('',(5.,-23.4,24.4));
#2738 = VECTOR('',#2739,1.);
#2739 = DIRECTION('',(0.,0.,1.));
#2740 = PCURVE('',#770,#2741);
#2741 = DEFINITIONAL_REPRESENTATION('',(#2742),#2746);
#2742 = LINE('',#2743,#2744);
#2743 = CARTESIAN_POINT('',(2.108147545195,2.282336081579));
#2744 = VECTOR('',#2745,1.);
#2745 = DIRECTION('',(-1.,0.));
#2746 = ( GEOMETRIC_REPRESENTATION_CONTEXT(2) 
PARAMETRIC_REPRESENTATION_CONTEXT() REPRESENTATION_CONTEXT('2D SPACE',''
  ) );
#2747 = PCURVE('',#2624,#2748);
#2748 = DEFINITIONAL_REPRESENTATION('',(#2749),#2753);
#2749 = LINE('',#2750,#2751);
#2750 = CARTESIAN_POINT('',(0.,-10.));
#2751 = VECTOR('',#2752,1.);
#2752 = DIRECTION('',(1.,0.));
#2753 = ( GEOMETRIC_REPRESENTATION_CONTEXT(2) 
PARAMETRIC_REPRESENTATION_CONTEXT() REPRESENTATION_CONTEXT('2D SPACE',''
  ) );
#2754 = ORIENTED_EDGE('',*,*,#2685,.T.);
#2755 = ORIENTED_EDGE('',*,*,#755,.F.);
#2756 = ADVANCED_FACE('',(#2757),#931,.T.);
#2757 = FACE_BOUND('',#2758,.T.);
#2758 = EDGE_LOOP('',(#2759,#2760,#2761,#2780));
#2759 = ORIENTED_EDGE('',*,*,#2382,.F.);
#2760 = ORIENTED_EDGE('',*,*,#2483,.T.);
#2761 = ORIENTED_EDGE('',*,*,#2762,.T.);
#2762 = EDGE_CURVE('',#2433,#915,#2763,.T.);
#2763 = SURFACE_CURVE('',#2764,(#2768,#2774),.PCURVE_S1.);
#2764 = LINE('',#2765,#2766);
#2765 = CARTESIAN_POINT('',(30.,-16.,29.7));
#2766 = VECTOR('',#2767,1.);
#2767 = DIRECTION('',(-0.707106781187,4.329780281177E-17,0.707106781187)
  );
#2768 = PCURVE('',#931,#2769);
#2769 = DEFINITIONAL_REPRESENTATION('',(#2770),#2773);
#2770 = B_SPLINE_CURVE_WITH_KNOTS('',1,(#2771,#2772),.UNSPECIFIED.,.F.,
  .F.,(2,2),(0.,0.424264068712),.PIECEWISE_BEZIER_KNOTS.);
#2771 = CARTESIAN_POINT('',(-1.570796326795,0.));
#2772 = CARTESIAN_POINT('',(-1.570796326795,-0.3));
#2773 = ( GEOMETRIC_REPRESENTATION_CONTEXT(2) 
PARAMETRIC_REPRESENTATION_CONTEXT() REPRESENTATION_CONTEXT('2D SPACE',''
  ) );
#2774 = PCURVE('',#959,#2775);
#2775 = DEFINITIONAL_REPRESENTATION('',(#2776),#2779);
#2776 = B_SPLINE_CURVE_WITH_KNOTS('',1,(#2777,#2778),.UNSPECIFIED.,.F.,
  .F.,(2,2),(0.,0.424264068712),.PIECEWISE_BEZIER_KNOTS.);
#2777 = CARTESIAN_POINT('',(0.,-0.212132034356));
#2778 = CARTESIAN_POINT('',(0.,0.212132034356));
#2779 = ( GEOMETRIC_REPRESENTATION_CONTEXT(2) 
PARAMETRIC_REPRESENTATION_CONTEXT() REPRESENTATION_CONTEXT('2D SPACE',''
  ) );
#2780 = ORIENTED_EDGE('',*,*,#914,.F.);
#2781 = ADVANCED_FACE('',(#2782),#959,.T.);
#2782 = FACE_BOUND('',#2783,.T.);
#2783 = EDGE_LOOP('',(#2784,#2785,#2808,#2827));
#2784 = ORIENTED_EDGE('',*,*,#2762,.F.);
#2785 = ORIENTED_EDGE('',*,*,#2786,.T.);
#2786 = EDGE_CURVE('',#2433,#2787,#2789,.T.);
#2787 = VERTEX_POINT('',#2788);
#2788 = CARTESIAN_POINT('',(30.,16.,29.7));
#2789 = SURFACE_CURVE('',#2790,(#2794,#2801),.PCURVE_S1.);
#2790 = LINE('',#2791,#2792);
#2791 = CARTESIAN_POINT('',(30.,-16.,29.7));
#2792 = VECTOR('',#2793,1.);
#2793 = DIRECTION('',(0.,1.,0.));
#2794 = PCURVE('',#959,#2795);
#2795 = DEFINITIONAL_REPRESENTATION('',(#2796),#2800);
#2796 = LINE('',#2797,#2798);
#2797 = CARTESIAN_POINT('',(0.,-0.212132034356));
#2798 = VECTOR('',#2799,1.);
#2799 = DIRECTION('',(1.,0.));
#2800 = ( GEOMETRIC_REPRESENTATION_CONTEXT(2) 
PARAMETRIC_REPRESENTATION_CONTEXT() REPRESENTATION_CONTEXT('2D SPACE',''
  ) );
#2801 = PCURVE('',#2448,#2802);
#2802 = DEFINITIONAL_REPRESENTATION('',(#2803),#2807);
#2803 = LINE('',#2804,#2805);
#2804 = CARTESIAN_POINT('',(29.7,-4.));
#2805 = VECTOR('',#2806,1.);
#2806 = DIRECTION('',(0.,-1.));
#2807 = ( GEOMETRIC_REPRESENTATION_CONTEXT(2) 
PARAMETRIC_REPRESENTATION_CONTEXT() REPRESENTATION_CONTEXT('2D SPACE',''
  ) );
#2808 = ORIENTED_EDGE('',*,*,#2809,.T.);
#2809 = EDGE_CURVE('',#2787,#944,#2810,.T.);
#2810 = SURFACE_CURVE('',#2811,(#2815,#2821),.PCURVE_S1.);
#2811 = LINE('',#2812,#2813);
#2812 = CARTESIAN_POINT('',(29.85,16.,29.85));
#2813 = VECTOR('',#2814,1.);
#2814 = DIRECTION('',(-0.707106781187,-0.,0.707106781187));
#2815 = PCURVE('',#959,#2816);
#2816 = DEFINITIONAL_REPRESENTATION('',(#2817),#2820);
#2817 = B_SPLINE_CURVE_WITH_KNOTS('',1,(#2818,#2819),.UNSPECIFIED.,.F.,
  .F.,(2,2),(-0.212132034356,0.212132034356),.PIECEWISE_BEZIER_KNOTS.);
#2818 = CARTESIAN_POINT('',(32.,-0.212132034356));
#2819 = CARTESIAN_POINT('',(32.,0.212132034356));
#2820 = ( GEOMETRIC_REPRESENTATION_CONTEXT(2) 
PARAMETRIC_REPRESENTATION_CONTEXT() REPRESENTATION_CONTEXT('2D SPACE',''
  ) );
#2821 = PCURVE('',#988,#2822);
#2822 = DEFINITIONAL_REPRESENTATION('',(#2823),#2826);
#2823 = B_SPLINE_CURVE_WITH_KNOTS('',1,(#2824,#2825),.UNSPECIFIED.,.F.,
  .F.,(2,2),(-0.212132034356,0.212132034356),.PIECEWISE_BEZIER_KNOTS.);
#2824 = CARTESIAN_POINT('',(0.,0.));
#2825 = CARTESIAN_POINT('',(0.,-0.3));
#2826 = ( GEOMETRIC_REPRESENTATION_CONTEXT(2) 
PARAMETRIC_REPRESENTATION_CONTEXT() REPRESENTATION_CONTEXT('2D SPACE',''
  ) );
#2827 = ORIENTED_EDGE('',*,*,#943,.F.);
#2828 = ADVANCED_FACE('',(#2829),#988,.T.);
#2829 = FACE_BOUND('',#2830,.T.);
#2830 = EDGE_LOOP('',(#2831,#2832,#2856,#2881));
#2831 = ORIENTED_EDGE('',*,*,#2809,.F.);
#2832 = ORIENTED_EDGE('',*,*,#2833,.T.);
#2833 = EDGE_CURVE('',#2787,#2834,#2836,.T.);
#2834 = VERTEX_POINT('',#2835);
#2835 = CARTESIAN_POINT('',(28.,19.464101615138,29.7));
#2836 = SURFACE_CURVE('',#2837,(#2842,#2849),.PCURVE_S1.);
#2837 = CIRCLE('',#2838,4.);
#2838 = AXIS2_PLACEMENT_3D('',#2839,#2840,#2841);
#2839 = CARTESIAN_POINT('',(26.,16.,29.7));
#2840 = DIRECTION('',(0.,0.,1.));
#2841 = DIRECTION('',(1.,0.,-0.));
#2842 = PCURVE('',#988,#2843);
#2843 = DEFINITIONAL_REPRESENTATION('',(#2844),#2848);
#2844 = LINE('',#2845,#2846);
#2845 = CARTESIAN_POINT('',(-0.,-0.));
#2846 = VECTOR('',#2847,1.);
#2847 = DIRECTION('',(-1.,-0.));
#2848 = ( GEOMETRIC_REPRESENTATION_CONTEXT(2) 
PARAMETRIC_REPRESENTATION_CONTEXT() REPRESENTATION_CONTEXT('2D SPACE',''
  ) );
#2849 = PCURVE('',#2365,#2850);
#2850 = DEFINITIONAL_REPRESENTATION('',(#2851),#2855);
#2851 = LINE('',#2852,#2853);
#2852 = CARTESIAN_POINT('',(0.,29.7));
#2853 = VECTOR('',#2854,1.);
#2854 = DIRECTION('',(1.,0.));
#2855 = ( GEOMETRIC_REPRESENTATION_CONTEXT(2) 
PARAMETRIC_REPRESENTATION_CONTEXT() REPRESENTATION_CONTEXT('2D SPACE',''
  ) );
#2856 = ORIENTED_EDGE('',*,*,#2857,.F.);
#2857 = EDGE_CURVE('',#972,#2834,#2858,.T.);
#2858 = SURFACE_CURVE('',#2859,(#2864,#2874),.PCURVE_S1.);
#2859 = HYPERBOLA('',#2860,2.,2.);
#2860 = AXIS2_PLACEMENT_3D('',#2861,#2862,#2863);
#2861 = CARTESIAN_POINT('',(28.,16.,33.7));
#2862 = DIRECTION('',(1.,0.,0.));
#2863 = DIRECTION('',(0.,0.,-1.));
#2864 = PCURVE('',#988,#2865);
#2865 = DEFINITIONAL_REPRESENTATION('',(#2866),#2873);
#2866 = B_SPLINE_CURVE_WITH_KNOTS('',5,(#2867,#2868,#2869,#2870,#2871,
    #2872),.UNSPECIFIED.,.F.,.F.,(6,6),(1.225667241499,1.316957896925),
  .PIECEWISE_BEZIER_KNOTS.);
#2867 = CARTESIAN_POINT('',(-0.999716857339,-0.3));
#2868 = CARTESIAN_POINT('',(-1.009586117385,-0.243164693117));
#2869 = CARTESIAN_POINT('',(-1.019265876562,-0.184787599305));
#2870 = CARTESIAN_POINT('',(-1.02875898402,-0.124829246077));
#2871 = CARTESIAN_POINT('',(-1.038068485654,-6.32480213812E-02));
#2872 = CARTESIAN_POINT('',(-1.047197551197,-1.33226762955E-15));
#2873 = ( GEOMETRIC_REPRESENTATION_CONTEXT(2) 
PARAMETRIC_REPRESENTATION_CONTEXT() REPRESENTATION_CONTEXT('2D SPACE',''
  ) );
#2874 = PCURVE('',#1016,#2875);
#2875 = DEFINITIONAL_REPRESENTATION('',(#2876),#2880);
#2876 = ( BOUNDED_CURVE() B_SPLINE_CURVE(2,(#2877,#2878,#2879),
.UNSPECIFIED.,.F.,.F.) B_SPLINE_CURVE_WITH_KNOTS((3,3),(1.225667241499,
1.316957896925),.PIECEWISE_BEZIER_KNOTS.) CURVE() 
GEOMETRIC_REPRESENTATION_ITEM() RATIONAL_B_SPLINE_CURVE((1.,
1.001041928857,1.)) REPRESENTATION_ITEM('') );
#2877 = CARTESIAN_POINT('',(0.692127134813,9.606719466035));
#2878 = CARTESIAN_POINT('',(0.550137465545,9.437948948117));
#2879 = CARTESIAN_POINT('',(0.392127134813,9.255494334152));
#2880 = ( GEOMETRIC_REPRESENTATION_CONTEXT(2) 
PARAMETRIC_REPRESENTATION_CONTEXT() REPRESENTATION_CONTEXT('2D SPACE',''
  ) );
#2881 = ORIENTED_EDGE('',*,*,#971,.F.);
#2882 = ADVANCED_FACE('',(#2883),#1016,.T.);
#2883 = FACE_BOUND('',#2884,.T.);
#2884 = EDGE_LOOP('',(#2885,#2920,#2948,#2974,#2975,#2976,#2997,#3020));
#2885 = ORIENTED_EDGE('',*,*,#2886,.F.);
#2886 = EDGE_CURVE('',#2887,#2889,#2891,.T.);
#2887 = VERTEX_POINT('',#2888);
#2888 = CARTESIAN_POINT('',(28.,29.285281374239,22.64608947566));
#2889 = VERTEX_POINT('',#2890);
#2890 = CARTESIAN_POINT('',(28.,28.719595949289,22.411774900609));
#2891 = SURFACE_CURVE('',#2892,(#2897,#2908),.PCURVE_S1.);
#2892 = CIRCLE('',#2893,0.8);
#2893 = AXIS2_PLACEMENT_3D('',#2894,#2895,#2896);
#2894 = CARTESIAN_POINT('',(28.,28.719595949289,23.211774900609));
#2895 = DIRECTION('',(-1.,0.,-0.));
#2896 = DIRECTION('',(-0.,0.,1.));
#2897 = PCURVE('',#1016,#2898);
#2898 = DEFINITIONAL_REPRESENTATION('',(#2899),#2907);
#2899 = ( BOUNDED_CURVE() B_SPLINE_CURVE(2,(#2900,#2901,#2902,#2903,
#2904,#2905,#2906),.UNSPECIFIED.,.T.,.F.) B_SPLINE_CURVE_WITH_KNOTS((1,2
    ,2,2,2,1),(-2.094395102393,0.,2.094395102393,4.188790204786,
6.28318530718,8.377580409573),.UNSPECIFIED.) CURVE() 
GEOMETRIC_REPRESENTATION_ITEM() RATIONAL_B_SPLINE_CURVE((1.,0.5,1.,0.5,
1.,0.5,1.)) REPRESENTATION_ITEM('') );
#2900 = CARTESIAN_POINT('',(-5.296097964578,7.105427357601E-15));
#2901 = CARTESIAN_POINT('',(-5.296097964578,-1.385640646055));
#2902 = CARTESIAN_POINT('',(-6.496097964578,-0.692820323028));
#2903 = CARTESIAN_POINT('',(-7.696097964578,6.909483869737E-15));
#2904 = CARTESIAN_POINT('',(-6.496097964578,0.692820323028));
#2905 = CARTESIAN_POINT('',(-5.296097964578,1.385640646055));
#2906 = CARTESIAN_POINT('',(-5.296097964578,7.105427357601E-15));
#2907 = ( GEOMETRIC_REPRESENTATION_CONTEXT(2) 
PARAMETRIC_REPRESENTATION_CONTEXT() REPRESENTATION_CONTEXT('2D SPACE',''
  ) );
#2908 = PCURVE('',#2909,#2914);
#2909 = CYLINDRICAL_SURFACE('',#2910,0.8);
#2910 = AXIS2_PLACEMENT_3D('',#2911,#2912,#2913);
#2911 = CARTESIAN_POINT('',(22.5,28.719595949289,23.211774900609));
#2912 = DIRECTION('',(1.,0.,0.));
#2913 = DIRECTION('',(0.,0.707106781187,-0.707106781187));
#2914 = DEFINITIONAL_REPRESENTATION('',(#2915),#2919);
#2915 = LINE('',#2916,#2917);
#2916 = CARTESIAN_POINT('',(2.356194490192,5.5));
#2917 = VECTOR('',#2918,1.);
#2918 = DIRECTION('',(-1.,0.));
#2919 = ( GEOMETRIC_REPRESENTATION_CONTEXT(2) 
PARAMETRIC_REPRESENTATION_CONTEXT() REPRESENTATION_CONTEXT('2D SPACE',''
  ) );
#2920 = ORIENTED_EDGE('',*,*,#2921,.T.);
#2921 = EDGE_CURVE('',#2887,#2922,#2924,.T.);
#2922 = VERTEX_POINT('',#2923);
#2923 = CARTESIAN_POINT('',(28.,32.679393923934,26.040202025355));
#2924 = SURFACE_CURVE('',#2925,(#2929,#2936),.PCURVE_S1.);
#2925 = LINE('',#2926,#2927);
#2926 = CARTESIAN_POINT('',(28.,28.719595949289,22.080404050711));
#2927 = VECTOR('',#2928,1.);
#2928 = DIRECTION('',(0.,0.707106781187,0.707106781187));
#2929 = PCURVE('',#1016,#2930);
#2930 = DEFINITIONAL_REPRESENTATION('',(#2931),#2935);
#2931 = LINE('',#2932,#2933);
#2932 = CARTESIAN_POINT('',(-7.227468814476,7.105427357601E-15));
#2933 = VECTOR('',#2934,1.);
#2934 = DIRECTION('',(0.707106781187,-0.707106781187));
#2935 = ( GEOMETRIC_REPRESENTATION_CONTEXT(2) 
PARAMETRIC_REPRESENTATION_CONTEXT() REPRESENTATION_CONTEXT('2D SPACE',''
  ) );
#2936 = PCURVE('',#2937,#2942);
#2937 = PLANE('',#2938);
#2938 = AXIS2_PLACEMENT_3D('',#2939,#2940,#2941);
#2939 = CARTESIAN_POINT('',(22.5,28.719595949289,22.080404050711));
#2940 = DIRECTION('',(0.,-0.707106781187,0.707106781187));
#2941 = DIRECTION('',(0.,0.707106781187,0.707106781187));
#2942 = DEFINITIONAL_REPRESENTATION('',(#2943),#2947);
#2943 = LINE('',#2944,#2945);
#2944 = CARTESIAN_POINT('',(0.,-5.5));
#2945 = VECTOR('',#2946,1.);
#2946 = DIRECTION('',(1.,0.));
#2947 = ( GEOMETRIC_REPRESENTATION_CONTEXT(2) 
PARAMETRIC_REPRESENTATION_CONTEXT() REPRESENTATION_CONTEXT('2D SPACE',''
  ) );
#2948 = ORIENTED_EDGE('',*,*,#2949,.F.);
#2949 = EDGE_CURVE('',#1001,#2922,#2950,.T.);
#2950 = SURFACE_CURVE('',#2951,(#2956,#2967),.PCURVE_S1.);
#2951 = CIRCLE('',#2952,5.6);
#2952 = AXIS2_PLACEMENT_3D('',#2953,#2954,#2955);
#2953 = CARTESIAN_POINT('',(28.,28.719595949289,30.));
#2954 = DIRECTION('',(-1.,-0.,0.));
#2955 = DIRECTION('',(0.,-0.707106781187,-0.707106781187));
#2956 = PCURVE('',#1016,#2957);
#2957 = DEFINITIONAL_REPRESENTATION('',(#2958),#2966);
#2958 = ( BOUNDED_CURVE() B_SPLINE_CURVE(2,(#2959,#2960,#2961,#2962,
#2963,#2964,#2965),.UNSPECIFIED.,.T.,.F.) B_SPLINE_CURVE_WITH_KNOTS((1,2
    ,2,2,2,1),(-2.094395102393,0.,2.094395102393,4.188790204786,
6.28318530718,8.377580409573),.UNSPECIFIED.) CURVE() 
GEOMETRIC_REPRESENTATION_ITEM() RATIONAL_B_SPLINE_CURVE((1.,0.5,1.,0.5,
1.,0.5,1.)) REPRESENTATION_ITEM('') );
#2959 = CARTESIAN_POINT('',(-3.267670839831,3.959797974645));
#2960 = CARTESIAN_POINT('',(3.590900439961,10.818369254438));
#2961 = CARTESIAN_POINT('',(6.101311762032,1.449386652574));
#2962 = CARTESIAN_POINT('',(8.611723084103,-7.919595949289));
#2963 = CARTESIAN_POINT('',(-0.757259517761,-5.409184627219));
#2964 = CARTESIAN_POINT('',(-10.12624211962,-2.898773305148));
#2965 = CARTESIAN_POINT('',(-3.267670839831,3.959797974645));
#2966 = ( GEOMETRIC_REPRESENTATION_CONTEXT(2) 
PARAMETRIC_REPRESENTATION_CONTEXT() REPRESENTATION_CONTEXT('2D SPACE',''
  ) );
#2967 = PCURVE('',#1044,#2968);
#2968 = DEFINITIONAL_REPRESENTATION('',(#2969),#2973);
#2969 = LINE('',#2970,#2971);
#2970 = CARTESIAN_POINT('',(-4.712388980385,-5.5));
#2971 = VECTOR('',#2972,1.);
#2972 = DIRECTION('',(1.,-0.));
#2973 = ( GEOMETRIC_REPRESENTATION_CONTEXT(2) 
PARAMETRIC_REPRESENTATION_CONTEXT() REPRESENTATION_CONTEXT('2D SPACE',''
  ) );
#2974 = ORIENTED_EDGE('',*,*,#1000,.T.);
#2975 = ORIENTED_EDGE('',*,*,#2857,.T.);
#2976 = ORIENTED_EDGE('',*,*,#2977,.F.);
#2977 = EDGE_CURVE('',#2978,#2834,#2980,.T.);
#2978 = VERTEX_POINT('',#2979);
#2979 = CARTESIAN_POINT('',(28.,19.464101615138,12.824909716559));
#2980 = SURFACE_CURVE('',#2981,(#2985,#2991),.PCURVE_S1.);
#2981 = LINE('',#2982,#2983);
#2982 = CARTESIAN_POINT('',(28.,19.464101615138,0.));
#2983 = VECTOR('',#2984,1.);
#2984 = DIRECTION('',(0.,0.,1.));
#2985 = PCURVE('',#1016,#2986);
#2986 = DEFINITIONAL_REPRESENTATION('',(#2987),#2990);
#2987 = B_SPLINE_CURVE_WITH_KNOTS('',1,(#2988,#2989),.UNSPECIFIED.,.F.,
  .F.,(2,2),(10.036888911563,29.7000006),.PIECEWISE_BEZIER_KNOTS.);
#2988 = CARTESIAN_POINT('',(-19.27098395362,9.255494334152));
#2989 = CARTESIAN_POINT('',(0.392127734813,9.255494334152));
#2990 = ( GEOMETRIC_REPRESENTATION_CONTEXT(2) 
PARAMETRIC_REPRESENTATION_CONTEXT() REPRESENTATION_CONTEXT('2D SPACE',''
  ) );
#2991 = PCURVE('',#2365,#2992);
#2992 = DEFINITIONAL_REPRESENTATION('',(#2993),#2996);
#2993 = B_SPLINE_CURVE_WITH_KNOTS('',1,(#2994,#2995),.UNSPECIFIED.,.F.,
  .F.,(2,2),(10.036888911563,29.7000006),.PIECEWISE_BEZIER_KNOTS.);
#2994 = CARTESIAN_POINT('',(1.047197551197,10.036888911563));
#2995 = CARTESIAN_POINT('',(1.047197551197,29.7000006));
#2996 = ( GEOMETRIC_REPRESENTATION_CONTEXT(2) 
PARAMETRIC_REPRESENTATION_CONTEXT() REPRESENTATION_CONTEXT('2D SPACE',''
  ) );
#2997 = ORIENTED_EDGE('',*,*,#2998,.T.);
#2998 = EDGE_CURVE('',#2978,#2999,#3001,.T.);
#2999 = VERTEX_POINT('',#3000);
#3000 = CARTESIAN_POINT('',(28.,28.719595949289,22.080404050711));
#3001 = SURFACE_CURVE('',#3002,(#3006,#3013),.PCURVE_S1.);
#3002 = LINE('',#3003,#3004);
#3003 = CARTESIAN_POINT('',(28.,19.,12.360808101421));
#3004 = VECTOR('',#3005,1.);
#3005 = DIRECTION('',(0.,0.707106781187,0.707106781187));
#3006 = PCURVE('',#1016,#3007);
#3007 = DEFINITIONAL_REPRESENTATION('',(#3008),#3012);
#3008 = LINE('',#3009,#3010);
#3009 = CARTESIAN_POINT('',(-16.94706476376,9.719595949289));
#3010 = VECTOR('',#3011,1.);
#3011 = DIRECTION('',(0.707106781187,-0.707106781187));
#3012 = ( GEOMETRIC_REPRESENTATION_CONTEXT(2) 
PARAMETRIC_REPRESENTATION_CONTEXT() REPRESENTATION_CONTEXT('2D SPACE',''
  ) );
#3013 = PCURVE('',#2340,#3014);
#3014 = DEFINITIONAL_REPRESENTATION('',(#3015),#3019);
#3015 = LINE('',#3016,#3017);
#3016 = CARTESIAN_POINT('',(0.,-5.5));
#3017 = VECTOR('',#3018,1.);
#3018 = DIRECTION('',(1.,0.));
#3019 = ( GEOMETRIC_REPRESENTATION_CONTEXT(2) 
PARAMETRIC_REPRESENTATION_CONTEXT() REPRESENTATION_CONTEXT('2D SPACE',''
  ) );
#3020 = ORIENTED_EDGE('',*,*,#3021,.T.);
#3021 = EDGE_CURVE('',#2999,#2889,#3022,.T.);
#3022 = SURFACE_CURVE('',#3023,(#3027,#3034),.PCURVE_S1.);
#3023 = LINE('',#3024,#3025);
#3024 = CARTESIAN_POINT('',(28.,28.719595949289,22.080404050711));
#3025 = VECTOR('',#3026,1.);
#3026 = DIRECTION('',(0.,0.,1.));
#3027 = PCURVE('',#1016,#3028);
#3028 = DEFINITIONAL_REPRESENTATION('',(#3029),#3033);
#3029 = LINE('',#3030,#3031);
#3030 = CARTESIAN_POINT('',(-7.227468814476,7.105427357601E-15));
#3031 = VECTOR('',#3032,1.);
#3032 = DIRECTION('',(1.,0.));
#3033 = ( GEOMETRIC_REPRESENTATION_CONTEXT(2) 
PARAMETRIC_REPRESENTATION_CONTEXT() REPRESENTATION_CONTEXT('2D SPACE',''
  ) );
#3034 = PCURVE('',#3035,#3040);
#3035 = PLANE('',#3036);
#3036 = AXIS2_PLACEMENT_3D('',#3037,#3038,#3039);
#3037 = CARTESIAN_POINT('',(22.5,28.719595949289,22.080404050711));
#3038 = DIRECTION('',(0.,-1.,0.));
#3039 = DIRECTION('',(0.,0.,1.));
#3040 = DEFINITIONAL_REPRESENTATION('',(#3041),#3045);
#3041 = LINE('',#3042,#3043);
#3042 = CARTESIAN_POINT('',(0.,-5.5));
#3043 = VECTOR('',#3044,1.);
#3044 = DIRECTION('',(1.,0.));
#3045 = ( GEOMETRIC_REPRESENTATION_CONTEXT(2) 
PARAMETRIC_REPRESENTATION_CONTEXT() REPRESENTATION_CONTEXT('2D SPACE',''
  ) );
#3046 = ADVANCED_FACE('',(#3047),#1044,.T.);
#3047 = FACE_BOUND('',#3048,.F.);
#3048 = EDGE_LOOP('',(#3049,#3073,#3094,#3095));
#3049 = ORIENTED_EDGE('',*,*,#3050,.F.);
#3050 = EDGE_CURVE('',#3051,#1029,#3053,.T.);
#3051 = VERTEX_POINT('',#3052);
#3052 = CARTESIAN_POINT('',(22.5,32.679393923934,26.040202025355));
#3053 = SURFACE_CURVE('',#3054,(#3059,#3066),.PCURVE_S1.);
#3054 = CIRCLE('',#3055,5.6);
#3055 = AXIS2_PLACEMENT_3D('',#3056,#3057,#3058);
#3056 = CARTESIAN_POINT('',(22.5,28.719595949289,30.));
#3057 = DIRECTION('',(1.,-0.,0.));
#3058 = DIRECTION('',(0.,0.707106781187,-0.707106781187));
#3059 = PCURVE('',#1044,#3060);
#3060 = DEFINITIONAL_REPRESENTATION('',(#3061),#3065);
#3061 = LINE('',#3062,#3063);
#3062 = CARTESIAN_POINT('',(-0.,0.));
#3063 = VECTOR('',#3064,1.);
#3064 = DIRECTION('',(-1.,0.));
#3065 = ( GEOMETRIC_REPRESENTATION_CONTEXT(2) 
PARAMETRIC_REPRESENTATION_CONTEXT() REPRESENTATION_CONTEXT('2D SPACE',''
  ) );
#3066 = PCURVE('',#1071,#3067);
#3067 = DEFINITIONAL_REPRESENTATION('',(#3068),#3072);
#3068 = CIRCLE('',#3069,5.6);
#3069 = AXIS2_PLACEMENT_2D('',#3070,#3071);
#3070 = CARTESIAN_POINT('',(0.692127134813,1.06581410364E-14));
#3071 = DIRECTION('',(-0.707106781187,-0.707106781187));
#3072 = ( GEOMETRIC_REPRESENTATION_CONTEXT(2) 
PARAMETRIC_REPRESENTATION_CONTEXT() REPRESENTATION_CONTEXT('2D SPACE',''
  ) );
#3073 = ORIENTED_EDGE('',*,*,#3074,.T.);
#3074 = EDGE_CURVE('',#3051,#2922,#3075,.T.);
#3075 = SURFACE_CURVE('',#3076,(#3080,#3087),.PCURVE_S1.);
#3076 = LINE('',#3077,#3078);
#3077 = CARTESIAN_POINT('',(22.5,32.679393923934,26.040202025355));
#3078 = VECTOR('',#3079,1.);
#3079 = DIRECTION('',(1.,0.,0.));
#3080 = PCURVE('',#1044,#3081);
#3081 = DEFINITIONAL_REPRESENTATION('',(#3082),#3086);
#3082 = LINE('',#3083,#3084);
#3083 = CARTESIAN_POINT('',(-0.,0.));
#3084 = VECTOR('',#3085,1.);
#3085 = DIRECTION('',(-0.,-1.));
#3086 = ( GEOMETRIC_REPRESENTATION_CONTEXT(2) 
PARAMETRIC_REPRESENTATION_CONTEXT() REPRESENTATION_CONTEXT('2D SPACE',''
  ) );
#3087 = PCURVE('',#2937,#3088);
#3088 = DEFINITIONAL_REPRESENTATION('',(#3089),#3093);
#3089 = LINE('',#3090,#3091);
#3090 = CARTESIAN_POINT('',(5.6,0.));
#3091 = VECTOR('',#3092,1.);
#3092 = DIRECTION('',(0.,-1.));
#3093 = ( GEOMETRIC_REPRESENTATION_CONTEXT(2) 
PARAMETRIC_REPRESENTATION_CONTEXT() REPRESENTATION_CONTEXT('2D SPACE',''
  ) );
#3094 = ORIENTED_EDGE('',*,*,#2949,.F.);
#3095 = ORIENTED_EDGE('',*,*,#1028,.T.);
#3096 = ADVANCED_FACE('',(#3097,#3216),#1071,.F.);
#3097 = FACE_BOUND('',#3098,.F.);
#3098 = EDGE_LOOP('',(#3099,#3129,#3150,#3151,#3152,#3171,#3172,#3195));
#3099 = ORIENTED_EDGE('',*,*,#3100,.F.);
#3100 = EDGE_CURVE('',#3101,#3103,#3105,.T.);
#3101 = VERTEX_POINT('',#3102);
#3102 = CARTESIAN_POINT('',(22.5,29.285281374239,22.64608947566));
#3103 = VERTEX_POINT('',#3104);
#3104 = CARTESIAN_POINT('',(22.5,28.719595949289,22.411774900609));
#3105 = SURFACE_CURVE('',#3106,(#3111,#3122),.PCURVE_S1.);
#3106 = CIRCLE('',#3107,0.8);
#3107 = AXIS2_PLACEMENT_3D('',#3108,#3109,#3110);
#3108 = CARTESIAN_POINT('',(22.5,28.719595949289,23.211774900609));
#3109 = DIRECTION('',(-1.,0.,-0.));
#3110 = DIRECTION('',(-0.,0.,1.));
#3111 = PCURVE('',#1071,#3112);
#3112 = DEFINITIONAL_REPRESENTATION('',(#3113),#3121);
#3113 = ( BOUNDED_CURVE() B_SPLINE_CURVE(2,(#3114,#3115,#3116,#3117,
#3118,#3119,#3120),.UNSPECIFIED.,.T.,.F.) B_SPLINE_CURVE_WITH_KNOTS((1,2
    ,2,2,2,1),(-2.094395102393,0.,2.094395102393,4.188790204786,
6.28318530718,8.377580409573),.UNSPECIFIED.) CURVE() 
GEOMETRIC_REPRESENTATION_ITEM() RATIONAL_B_SPLINE_CURVE((1.,0.5,1.,0.5,
1.,0.5,1.)) REPRESENTATION_ITEM('') );
#3114 = CARTESIAN_POINT('',(-5.296097964578,7.105427357601E-15));
#3115 = CARTESIAN_POINT('',(-5.296097964578,-1.385640646055));
#3116 = CARTESIAN_POINT('',(-6.496097964578,-0.692820323028));
#3117 = CARTESIAN_POINT('',(-7.696097964578,6.909483869737E-15));
#3118 = CARTESIAN_POINT('',(-6.496097964578,0.692820323028));
#3119 = CARTESIAN_POINT('',(-5.296097964578,1.385640646055));
#3120 = CARTESIAN_POINT('',(-5.296097964578,7.105427357601E-15));
#3121 = ( GEOMETRIC_REPRESENTATION_CONTEXT(2) 
PARAMETRIC_REPRESENTATION_CONTEXT() REPRESENTATION_CONTEXT('2D SPACE',''
  ) );
#3122 = PCURVE('',#2909,#3123);
#3123 = DEFINITIONAL_REPRESENTATION('',(#3124),#3128);
#3124 = LINE('',#3125,#3126);
#3125 = CARTESIAN_POINT('',(2.356194490192,3.552713678801E-15));
#3126 = VECTOR('',#3127,1.);
#3127 = DIRECTION('',(-1.,0.));
#3128 = ( GEOMETRIC_REPRESENTATION_CONTEXT(2) 
PARAMETRIC_REPRESENTATION_CONTEXT() REPRESENTATION_CONTEXT('2D SPACE',''
  ) );
#3129 = ORIENTED_EDGE('',*,*,#3130,.T.);
#3130 = EDGE_CURVE('',#3101,#3051,#3131,.T.);
#3131 = SURFACE_CURVE('',#3132,(#3136,#3143),.PCURVE_S1.);
#3132 = LINE('',#3133,#3134);
#3133 = CARTESIAN_POINT('',(22.5,28.719595949289,22.080404050711));
#3134 = VECTOR('',#3135,1.);
#3135 = DIRECTION('',(0.,0.707106781187,0.707106781187));
#3136 = PCURVE('',#1071,#3137);
#3137 = DEFINITIONAL_REPRESENTATION('',(#3138),#3142);
#3138 = LINE('',#3139,#3140);
#3139 = CARTESIAN_POINT('',(-7.227468814476,7.105427357601E-15));
#3140 = VECTOR('',#3141,1.);
#3141 = DIRECTION('',(0.707106781187,-0.707106781187));
#3142 = ( GEOMETRIC_REPRESENTATION_CONTEXT(2) 
PARAMETRIC_REPRESENTATION_CONTEXT() REPRESENTATION_CONTEXT('2D SPACE',''
  ) );
#3143 = PCURVE('',#2937,#3144);
#3144 = DEFINITIONAL_REPRESENTATION('',(#3145),#3149);
#3145 = LINE('',#3146,#3147);
#3146 = CARTESIAN_POINT('',(0.,0.));
#3147 = VECTOR('',#3148,1.);
#3148 = DIRECTION('',(1.,0.));
#3149 = ( GEOMETRIC_REPRESENTATION_CONTEXT(2) 
PARAMETRIC_REPRESENTATION_CONTEXT() REPRESENTATION_CONTEXT('2D SPACE',''
  ) );
#3150 = ORIENTED_EDGE('',*,*,#3050,.T.);
#3151 = ORIENTED_EDGE('',*,*,#1055,.T.);
#3152 = ORIENTED_EDGE('',*,*,#3153,.T.);
#3153 = EDGE_CURVE('',#1056,#2282,#3154,.T.);
#3154 = SURFACE_CURVE('',#3155,(#3159,#3165),.PCURVE_S1.);
#3155 = LINE('',#3156,#3157);
#3156 = CARTESIAN_POINT('',(22.5,22.202930771026,27.497069228974));
#3157 = VECTOR('',#3158,1.);
#3158 = DIRECTION('',(0.,0.707106781187,-0.707106781187));
#3159 = PCURVE('',#1071,#3160);
#3160 = DEFINITIONAL_REPRESENTATION('',(#3161),#3164);
#3161 = B_SPLINE_CURVE_WITH_KNOTS('',1,(#3162,#3163),.UNSPECIFIED.,.F.,
  .F.,(2,2),(-3.539678642065,-3.115414573353),.PIECEWISE_BEZIER_KNOTS.);
#3162 = CARTESIAN_POINT('',(0.692127134813,9.019595949289));
#3163 = CARTESIAN_POINT('',(0.392127134813,8.719595949289));
#3164 = ( GEOMETRIC_REPRESENTATION_CONTEXT(2) 
PARAMETRIC_REPRESENTATION_CONTEXT() REPRESENTATION_CONTEXT('2D SPACE',''
  ) );
#3165 = PCURVE('',#1099,#3166);
#3166 = DEFINITIONAL_REPRESENTATION('',(#3167),#3170);
#3167 = B_SPLINE_CURVE_WITH_KNOTS('',1,(#3168,#3169),.UNSPECIFIED.,.F.,
  .F.,(2,2),(-3.539678642065,-3.115414573353),.PIECEWISE_BEZIER_KNOTS.);
#3168 = CARTESIAN_POINT('',(3.5,0.212132034356));
#3169 = CARTESIAN_POINT('',(3.5,-0.212132034356));
#3170 = ( GEOMETRIC_REPRESENTATION_CONTEXT(2) 
PARAMETRIC_REPRESENTATION_CONTEXT() REPRESENTATION_CONTEXT('2D SPACE',''
  ) );
#3171 = ORIENTED_EDGE('',*,*,#2304,.T.);
#3172 = ORIENTED_EDGE('',*,*,#3173,.T.);
#3173 = EDGE_CURVE('',#2305,#3174,#3176,.T.);
#3174 = VERTEX_POINT('',#3175);
#3175 = CARTESIAN_POINT('',(22.5,28.719595949289,22.080404050711));
#3176 = SURFACE_CURVE('',#3177,(#3181,#3188),.PCURVE_S1.);
#3177 = LINE('',#3178,#3179);
#3178 = CARTESIAN_POINT('',(22.5,19.,12.360808101421));
#3179 = VECTOR('',#3180,1.);
#3180 = DIRECTION('',(0.,0.707106781187,0.707106781187));
#3181 = PCURVE('',#1071,#3182);
#3182 = DEFINITIONAL_REPRESENTATION('',(#3183),#3187);
#3183 = LINE('',#3184,#3185);
#3184 = CARTESIAN_POINT('',(-16.94706476376,9.719595949289));
#3185 = VECTOR('',#3186,1.);
#3186 = DIRECTION('',(0.707106781187,-0.707106781187));
#3187 = ( GEOMETRIC_REPRESENTATION_CONTEXT(2) 
PARAMETRIC_REPRESENTATION_CONTEXT() REPRESENTATION_CONTEXT('2D SPACE',''
  ) );
#3188 = PCURVE('',#2340,#3189);
#3189 = DEFINITIONAL_REPRESENTATION('',(#3190),#3194);
#3190 = LINE('',#3191,#3192);
#3191 = CARTESIAN_POINT('',(0.,0.));
#3192 = VECTOR('',#3193,1.);
#3193 = DIRECTION('',(1.,0.));
#3194 = ( GEOMETRIC_REPRESENTATION_CONTEXT(2) 
PARAMETRIC_REPRESENTATION_CONTEXT() REPRESENTATION_CONTEXT('2D SPACE',''
  ) );
#3195 = ORIENTED_EDGE('',*,*,#3196,.T.);
#3196 = EDGE_CURVE('',#3174,#3103,#3197,.T.);
#3197 = SURFACE_CURVE('',#3198,(#3202,#3209),.PCURVE_S1.);
#3198 = LINE('',#3199,#3200);
#3199 = CARTESIAN_POINT('',(22.5,28.719595949289,22.080404050711));
#3200 = VECTOR('',#3201,1.);
#3201 = DIRECTION('',(0.,0.,1.));
#3202 = PCURVE('',#1071,#3203);
#3203 = DEFINITIONAL_REPRESENTATION('',(#3204),#3208);
#3204 = LINE('',#3205,#3206);
#3205 = CARTESIAN_POINT('',(-7.227468814476,7.105427357601E-15));
#3206 = VECTOR('',#3207,1.);
#3207 = DIRECTION('',(1.,0.));
#3208 = ( GEOMETRIC_REPRESENTATION_CONTEXT(2) 
PARAMETRIC_REPRESENTATION_CONTEXT() REPRESENTATION_CONTEXT('2D SPACE',''
  ) );
#3209 = PCURVE('',#3035,#3210);
#3210 = DEFINITIONAL_REPRESENTATION('',(#3211),#3215);
#3211 = LINE('',#3212,#3213);
#3212 = CARTESIAN_POINT('',(0.,0.));
#3213 = VECTOR('',#3214,1.);
#3214 = DIRECTION('',(1.,0.));
#3215 = ( GEOMETRIC_REPRESENTATION_CONTEXT(2) 
PARAMETRIC_REPRESENTATION_CONTEXT() REPRESENTATION_CONTEXT('2D SPACE',''
  ) );
#3216 = FACE_BOUND('',#3217,.F.);
#3217 = EDGE_LOOP('',(#3218));
#3218 = ORIENTED_EDGE('',*,*,#3219,.T.);
#3219 = EDGE_CURVE('',#3220,#3220,#3222,.T.);
#3220 = VERTEX_POINT('',#3221);
#3221 = CARTESIAN_POINT('',(22.5,28.719595949289,26.5));
#3222 = SURFACE_CURVE('',#3223,(#3228,#3239),.PCURVE_S1.);
#3223 = CIRCLE('',#3224,3.5);
#3224 = AXIS2_PLACEMENT_3D('',#3225,#3226,#3227);
#3225 = CARTESIAN_POINT('',(22.5,28.719595949289,30.));
#3226 = DIRECTION('',(-1.,0.,0.));
#3227 = DIRECTION('',(0.,0.,-1.));
#3228 = PCURVE('',#1071,#3229);
#3229 = DEFINITIONAL_REPRESENTATION('',(#3230),#3238);
#3230 = ( BOUNDED_CURVE() B_SPLINE_CURVE(2,(#3231,#3232,#3233,#3234,
#3235,#3236,#3237),.UNSPECIFIED.,.T.,.F.) B_SPLINE_CURVE_WITH_KNOTS((1,2
    ,2,2,2,1),(-2.094395102393,0.,2.094395102393,4.188790204786,
6.28318530718,8.377580409573),.UNSPECIFIED.) CURVE() 
GEOMETRIC_REPRESENTATION_ITEM() RATIONAL_B_SPLINE_CURVE((1.,0.5,1.,0.5,
1.,0.5,1.)) REPRESENTATION_ITEM('') );
#3231 = CARTESIAN_POINT('',(-2.807872865187,7.105427357601E-15));
#3232 = CARTESIAN_POINT('',(-2.807872865187,6.062177826491));
#3233 = CARTESIAN_POINT('',(2.442127134813,3.031088913246));
#3234 = CARTESIAN_POINT('',(7.692127134813,7.962680117004E-15));
#3235 = CARTESIAN_POINT('',(2.442127134813,-3.031088913246));
#3236 = CARTESIAN_POINT('',(-2.807872865187,-6.062177826491));
#3237 = CARTESIAN_POINT('',(-2.807872865187,7.105427357601E-15));
#3238 = ( GEOMETRIC_REPRESENTATION_CONTEXT(2) 
PARAMETRIC_REPRESENTATION_CONTEXT() REPRESENTATION_CONTEXT('2D SPACE',''
  ) );
#3239 = PCURVE('',#3240,#3245);
#3240 = CONICAL_SURFACE('',#3241,3.5,0.785398163397);
#3241 = AXIS2_PLACEMENT_3D('',#3242,#3243,#3244);
#3242 = CARTESIAN_POINT('',(22.5,28.719595949289,30.));
#3243 = DIRECTION('',(1.,-0.,-0.));
#3244 = DIRECTION('',(0.,0.,-1.));
#3245 = DEFINITIONAL_REPRESENTATION('',(#3246),#3250);
#3246 = LINE('',#3247,#3248);
#3247 = CARTESIAN_POINT('',(-0.,-0.));
#3248 = VECTOR('',#3249,1.);
#3249 = DIRECTION('',(-1.,-0.));
#3250 = ( GEOMETRIC_REPRESENTATION_CONTEXT(2) 
PARAMETRIC_REPRESENTATION_CONTEXT() REPRESENTATION_CONTEXT('2D SPACE',''
  ) );
#3251 = ADVANCED_FACE('',(#3252),#1099,.T.);
#3252 = FACE_BOUND('',#3253,.T.);
#3253 = EDGE_LOOP('',(#3254,#3255,#3256,#3275));
#3254 = ORIENTED_EDGE('',*,*,#3153,.T.);
#3255 = ORIENTED_EDGE('',*,*,#2281,.T.);
#3256 = ORIENTED_EDGE('',*,*,#3257,.F.);
#3257 = EDGE_CURVE('',#1084,#2261,#3258,.T.);
#3258 = SURFACE_CURVE('',#3259,(#3263,#3269),.PCURVE_S1.);
#3259 = LINE('',#3260,#3261);
#3260 = CARTESIAN_POINT('',(13.5,22.202930771026,27.497069228974));
#3261 = VECTOR('',#3262,1.);
#3262 = DIRECTION('',(0.,0.707106781187,-0.707106781187));
#3263 = PCURVE('',#1099,#3264);
#3264 = DEFINITIONAL_REPRESENTATION('',(#3265),#3268);
#3265 = B_SPLINE_CURVE_WITH_KNOTS('',1,(#3266,#3267),.UNSPECIFIED.,.F.,
  .F.,(2,2),(-3.539678642065,-3.115414573353),.PIECEWISE_BEZIER_KNOTS.);
#3266 = CARTESIAN_POINT('',(12.5,0.212132034356));
#3267 = CARTESIAN_POINT('',(12.5,-0.212132034356));
#3268 = ( GEOMETRIC_REPRESENTATION_CONTEXT(2) 
PARAMETRIC_REPRESENTATION_CONTEXT() REPRESENTATION_CONTEXT('2D SPACE',''
  ) );
#3269 = PCURVE('',#1127,#3270);
#3270 = DEFINITIONAL_REPRESENTATION('',(#3271),#3274);
#3271 = B_SPLINE_CURVE_WITH_KNOTS('',1,(#3272,#3273),.UNSPECIFIED.,.F.,
  .F.,(2,2),(-3.539678642065,-3.115414573353),.PIECEWISE_BEZIER_KNOTS.);
#3272 = CARTESIAN_POINT('',(0.692127134813,9.019595949289));
#3273 = CARTESIAN_POINT('',(0.392127134813,8.719595949289));
#3274 = ( GEOMETRIC_REPRESENTATION_CONTEXT(2) 
PARAMETRIC_REPRESENTATION_CONTEXT() REPRESENTATION_CONTEXT('2D SPACE',''
  ) );
#3275 = ORIENTED_EDGE('',*,*,#1083,.F.);
#3276 = ADVANCED_FACE('',(#3277,#3420),#1127,.T.);
#3277 = FACE_BOUND('',#3278,.T.);
#3278 = EDGE_LOOP('',(#3279,#3314,#3342,#3368,#3369,#3370,#3371,#3394));
#3279 = ORIENTED_EDGE('',*,*,#3280,.F.);
#3280 = EDGE_CURVE('',#3281,#3283,#3285,.T.);
#3281 = VERTEX_POINT('',#3282);
#3282 = CARTESIAN_POINT('',(13.5,29.285281374239,22.64608947566));
#3283 = VERTEX_POINT('',#3284);
#3284 = CARTESIAN_POINT('',(13.5,28.719595949289,22.411774900609));
#3285 = SURFACE_CURVE('',#3286,(#3291,#3302),.PCURVE_S1.);
#3286 = CIRCLE('',#3287,0.8);
#3287 = AXIS2_PLACEMENT_3D('',#3288,#3289,#3290);
#3288 = CARTESIAN_POINT('',(13.5,28.719595949289,23.211774900609));
#3289 = DIRECTION('',(-1.,0.,-0.));
#3290 = DIRECTION('',(-0.,0.,1.));
#3291 = PCURVE('',#1127,#3292);
#3292 = DEFINITIONAL_REPRESENTATION('',(#3293),#3301);
#3293 = ( BOUNDED_CURVE() B_SPLINE_CURVE(2,(#3294,#3295,#3296,#3297,
#3298,#3299,#3300),.UNSPECIFIED.,.T.,.F.) B_SPLINE_CURVE_WITH_KNOTS((1,2
    ,2,2,2,1),(-2.094395102393,0.,2.094395102393,4.188790204786,
6.28318530718,8.377580409573),.UNSPECIFIED.) CURVE() 
GEOMETRIC_REPRESENTATION_ITEM() RATIONAL_B_SPLINE_CURVE((1.,0.5,1.,0.5,
1.,0.5,1.)) REPRESENTATION_ITEM('') );
#3294 = CARTESIAN_POINT('',(-5.296097964578,7.105427357601E-15));
#3295 = CARTESIAN_POINT('',(-5.296097964578,-1.385640646055));
#3296 = CARTESIAN_POINT('',(-6.496097964578,-0.692820323028));
#3297 = CARTESIAN_POINT('',(-7.696097964578,6.909483869737E-15));
#3298 = CARTESIAN_POINT('',(-6.496097964578,0.692820323028));
#3299 = CARTESIAN_POINT('',(-5.296097964578,1.385640646055));
#3300 = CARTESIAN_POINT('',(-5.296097964578,7.105427357601E-15));
#3301 = ( GEOMETRIC_REPRESENTATION_CONTEXT(2) 
PARAMETRIC_REPRESENTATION_CONTEXT() REPRESENTATION_CONTEXT('2D SPACE',''
  ) );
#3302 = PCURVE('',#3303,#3308);
#3303 = CYLINDRICAL_SURFACE('',#3304,0.8);
#3304 = AXIS2_PLACEMENT_3D('',#3305,#3306,#3307);
#3305 = CARTESIAN_POINT('',(8.,28.719595949289,23.211774900609));
#3306 = DIRECTION('',(1.,0.,0.));
#3307 = DIRECTION('',(0.,0.707106781187,-0.707106781187));
#3308 = DEFINITIONAL_REPRESENTATION('',(#3309),#3313);
#3309 = LINE('',#3310,#3311);
#3310 = CARTESIAN_POINT('',(2.356194490192,5.5));
#3311 = VECTOR('',#3312,1.);
#3312 = DIRECTION('',(-1.,0.));
#3313 = ( GEOMETRIC_REPRESENTATION_CONTEXT(2) 
PARAMETRIC_REPRESENTATION_CONTEXT() REPRESENTATION_CONTEXT('2D SPACE',''
  ) );
#3314 = ORIENTED_EDGE('',*,*,#3315,.T.);
#3315 = EDGE_CURVE('',#3281,#3316,#3318,.T.);
#3316 = VERTEX_POINT('',#3317);
#3317 = CARTESIAN_POINT('',(13.5,32.679393923934,26.040202025355));
#3318 = SURFACE_CURVE('',#3319,(#3323,#3330),.PCURVE_S1.);
#3319 = LINE('',#3320,#3321);
#3320 = CARTESIAN_POINT('',(13.5,28.719595949289,22.080404050711));
#3321 = VECTOR('',#3322,1.);
#3322 = DIRECTION('',(0.,0.707106781187,0.707106781187));
#3323 = PCURVE('',#1127,#3324);
#3324 = DEFINITIONAL_REPRESENTATION('',(#3325),#3329);
#3325 = LINE('',#3326,#3327);
#3326 = CARTESIAN_POINT('',(-7.227468814476,7.105427357601E-15));
#3327 = VECTOR('',#3328,1.);
#3328 = DIRECTION('',(0.707106781187,-0.707106781187));
#3329 = ( GEOMETRIC_REPRESENTATION_CONTEXT(2) 
PARAMETRIC_REPRESENTATION_CONTEXT() REPRESENTATION_CONTEXT('2D SPACE',''
  ) );
#3330 = PCURVE('',#3331,#3336);
#3331 = PLANE('',#3332);
#3332 = AXIS2_PLACEMENT_3D('',#3333,#3334,#3335);
#3333 = CARTESIAN_POINT('',(8.,28.719595949289,22.080404050711));
#3334 = DIRECTION('',(0.,-0.707106781187,0.707106781187));
#3335 = DIRECTION('',(0.,0.707106781187,0.707106781187));
#3336 = DEFINITIONAL_REPRESENTATION('',(#3337),#3341);
#3337 = LINE('',#3338,#3339);
#3338 = CARTESIAN_POINT('',(0.,-5.5));
#3339 = VECTOR('',#3340,1.);
#3340 = DIRECTION('',(1.,0.));
#3341 = ( GEOMETRIC_REPRESENTATION_CONTEXT(2) 
PARAMETRIC_REPRESENTATION_CONTEXT() REPRESENTATION_CONTEXT('2D SPACE',''
  ) );
#3342 = ORIENTED_EDGE('',*,*,#3343,.F.);
#3343 = EDGE_CURVE('',#1112,#3316,#3344,.T.);
#3344 = SURFACE_CURVE('',#3345,(#3350,#3361),.PCURVE_S1.);
#3345 = CIRCLE('',#3346,5.6);
#3346 = AXIS2_PLACEMENT_3D('',#3347,#3348,#3349);
#3347 = CARTESIAN_POINT('',(13.5,28.719595949289,30.));
#3348 = DIRECTION('',(-1.,-0.,0.));
#3349 = DIRECTION('',(0.,-0.707106781187,-0.707106781187));
#3350 = PCURVE('',#1127,#3351);
#3351 = DEFINITIONAL_REPRESENTATION('',(#3352),#3360);
#3352 = ( BOUNDED_CURVE() B_SPLINE_CURVE(2,(#3353,#3354,#3355,#3356,
#3357,#3358,#3359),.UNSPECIFIED.,.T.,.F.) B_SPLINE_CURVE_WITH_KNOTS((1,2
    ,2,2,2,1),(-2.094395102393,0.,2.094395102393,4.188790204786,
6.28318530718,8.377580409573),.UNSPECIFIED.) CURVE() 
GEOMETRIC_REPRESENTATION_ITEM() RATIONAL_B_SPLINE_CURVE((1.,0.5,1.,0.5,
1.,0.5,1.)) REPRESENTATION_ITEM('') );
#3353 = CARTESIAN_POINT('',(-3.267670839831,3.959797974645));
#3354 = CARTESIAN_POINT('',(3.590900439961,10.818369254438));
#3355 = CARTESIAN_POINT('',(6.101311762032,1.449386652574));
#3356 = CARTESIAN_POINT('',(8.611723084103,-7.919595949289));
#3357 = CARTESIAN_POINT('',(-0.757259517761,-5.409184627219));
#3358 = CARTESIAN_POINT('',(-10.12624211962,-2.898773305148));
#3359 = CARTESIAN_POINT('',(-3.267670839831,3.959797974645));
#3360 = ( GEOMETRIC_REPRESENTATION_CONTEXT(2) 
PARAMETRIC_REPRESENTATION_CONTEXT() REPRESENTATION_CONTEXT('2D SPACE',''
  ) );
#3361 = PCURVE('',#1155,#3362);
#3362 = DEFINITIONAL_REPRESENTATION('',(#3363),#3367);
#3363 = LINE('',#3364,#3365);
#3364 = CARTESIAN_POINT('',(-4.712388980385,-5.5));
#3365 = VECTOR('',#3366,1.);
#3366 = DIRECTION('',(1.,-0.));
#3367 = ( GEOMETRIC_REPRESENTATION_CONTEXT(2) 
PARAMETRIC_REPRESENTATION_CONTEXT() REPRESENTATION_CONTEXT('2D SPACE',''
  ) );
#3368 = ORIENTED_EDGE('',*,*,#1111,.T.);
#3369 = ORIENTED_EDGE('',*,*,#3257,.T.);
#3370 = ORIENTED_EDGE('',*,*,#2260,.T.);
#3371 = ORIENTED_EDGE('',*,*,#3372,.T.);
#3372 = EDGE_CURVE('',#2235,#3373,#3375,.T.);
#3373 = VERTEX_POINT('',#3374);
#3374 = CARTESIAN_POINT('',(13.5,28.719595949289,22.080404050711));
#3375 = SURFACE_CURVE('',#3376,(#3380,#3387),.PCURVE_S1.);
#3376 = LINE('',#3377,#3378);
#3377 = CARTESIAN_POINT('',(13.5,19.,12.360808101421));
#3378 = VECTOR('',#3379,1.);
#3379 = DIRECTION('',(0.,0.707106781187,0.707106781187));
#3380 = PCURVE('',#1127,#3381);
#3381 = DEFINITIONAL_REPRESENTATION('',(#3382),#3386);
#3382 = LINE('',#3383,#3384);
#3383 = CARTESIAN_POINT('',(-16.94706476376,9.719595949289));
#3384 = VECTOR('',#3385,1.);
#3385 = DIRECTION('',(0.707106781187,-0.707106781187));
#3386 = ( GEOMETRIC_REPRESENTATION_CONTEXT(2) 
PARAMETRIC_REPRESENTATION_CONTEXT() REPRESENTATION_CONTEXT('2D SPACE',''
  ) );
#3387 = PCURVE('',#2249,#3388);
#3388 = DEFINITIONAL_REPRESENTATION('',(#3389),#3393);
#3389 = LINE('',#3390,#3391);
#3390 = CARTESIAN_POINT('',(0.,-5.5));
#3391 = VECTOR('',#3392,1.);
#3392 = DIRECTION('',(1.,0.));
#3393 = ( GEOMETRIC_REPRESENTATION_CONTEXT(2) 
PARAMETRIC_REPRESENTATION_CONTEXT() REPRESENTATION_CONTEXT('2D SPACE',''
  ) );
#3394 = ORIENTED_EDGE('',*,*,#3395,.T.);
#3395 = EDGE_CURVE('',#3373,#3283,#3396,.T.);
#3396 = SURFACE_CURVE('',#3397,(#3401,#3408),.PCURVE_S1.);
#3397 = LINE('',#3398,#3399);
#3398 = CARTESIAN_POINT('',(13.5,28.719595949289,22.080404050711));
#3399 = VECTOR('',#3400,1.);
#3400 = DIRECTION('',(0.,0.,1.));
#3401 = PCURVE('',#1127,#3402);
#3402 = DEFINITIONAL_REPRESENTATION('',(#3403),#3407);
#3403 = LINE('',#3404,#3405);
#3404 = CARTESIAN_POINT('',(-7.227468814476,7.105427357601E-15));
#3405 = VECTOR('',#3406,1.);
#3406 = DIRECTION('',(1.,0.));
#3407 = ( GEOMETRIC_REPRESENTATION_CONTEXT(2) 
PARAMETRIC_REPRESENTATION_CONTEXT() REPRESENTATION_CONTEXT('2D SPACE',''
  ) );
#3408 = PCURVE('',#3409,#3414);
#3409 = PLANE('',#3410);
#3410 = AXIS2_PLACEMENT_3D('',#3411,#3412,#3413);
#3411 = CARTESIAN_POINT('',(8.,28.719595949289,22.080404050711));
#3412 = DIRECTION('',(0.,-1.,0.));
#3413 = DIRECTION('',(0.,0.,1.));
#3414 = DEFINITIONAL_REPRESENTATION('',(#3415),#3419);
#3415 = LINE('',#3416,#3417);
#3416 = CARTESIAN_POINT('',(0.,-5.5));
#3417 = VECTOR('',#3418,1.);
#3418 = DIRECTION('',(1.,0.));
#3419 = ( GEOMETRIC_REPRESENTATION_CONTEXT(2) 
PARAMETRIC_REPRESENTATION_CONTEXT() REPRESENTATION_CONTEXT('2D SPACE',''
  ) );
#3420 = FACE_BOUND('',#3421,.T.);
#3421 = EDGE_LOOP('',(#3422));
#3422 = ORIENTED_EDGE('',*,*,#3423,.F.);
#3423 = EDGE_CURVE('',#3424,#3424,#3426,.T.);
#3424 = VERTEX_POINT('',#3425);
#3425 = CARTESIAN_POINT('',(13.5,28.719595949289,33.5));
#3426 = SURFACE_CURVE('',#3427,(#3432,#3439),.PCURVE_S1.);
#3427 = CIRCLE('',#3428,3.5);
#3428 = AXIS2_PLACEMENT_3D('',#3429,#3430,#3431);
#3429 = CARTESIAN_POINT('',(13.5,28.719595949289,30.));
#3430 = DIRECTION('',(1.,0.,0.));
#3431 = DIRECTION('',(-0.,0.,1.));
#3432 = PCURVE('',#1127,#3433);
#3433 = DEFINITIONAL_REPRESENTATION('',(#3434),#3438);
#3434 = CIRCLE('',#3435,3.5);
#3435 = AXIS2_PLACEMENT_2D('',#3436,#3437);
#3436 = CARTESIAN_POINT('',(0.692127134813,7.105427357601E-15));
#3437 = DIRECTION('',(1.,0.));
#3438 = ( GEOMETRIC_REPRESENTATION_CONTEXT(2) 
PARAMETRIC_REPRESENTATION_CONTEXT() REPRESENTATION_CONTEXT('2D SPACE',''
  ) );
#3439 = PCURVE('',#3440,#3445);
#3440 = CONICAL_SURFACE('',#3441,3.5,0.785398163397);
#3441 = AXIS2_PLACEMENT_3D('',#3442,#3443,#3444);
#3442 = CARTESIAN_POINT('',(13.5,28.719595949289,30.));
#3443 = DIRECTION('',(-1.,-0.,-0.));
#3444 = DIRECTION('',(-0.,0.,1.));
#3445 = DEFINITIONAL_REPRESENTATION('',(#3446),#3450);
#3446 = LINE('',#3447,#3448);
#3447 = CARTESIAN_POINT('',(-0.,-0.));
#3448 = VECTOR('',#3449,1.);
#3449 = DIRECTION('',(-1.,-0.));
#3450 = ( GEOMETRIC_REPRESENTATION_CONTEXT(2) 
PARAMETRIC_REPRESENTATION_CONTEXT() REPRESENTATION_CONTEXT('2D SPACE',''
  ) );
#3451 = ADVANCED_FACE('',(#3452),#1155,.T.);
#3452 = FACE_BOUND('',#3453,.F.);
#3453 = EDGE_LOOP('',(#3454,#3478,#3499,#3500));
#3454 = ORIENTED_EDGE('',*,*,#3455,.F.);
#3455 = EDGE_CURVE('',#3456,#1140,#3458,.T.);
#3456 = VERTEX_POINT('',#3457);
#3457 = CARTESIAN_POINT('',(8.,32.679393923934,26.040202025355));
#3458 = SURFACE_CURVE('',#3459,(#3464,#3471),.PCURVE_S1.);
#3459 = CIRCLE('',#3460,5.6);
#3460 = AXIS2_PLACEMENT_3D('',#3461,#3462,#3463);
#3461 = CARTESIAN_POINT('',(8.,28.719595949289,30.));
#3462 = DIRECTION('',(1.,-0.,0.));
#3463 = DIRECTION('',(0.,0.707106781187,-0.707106781187));
#3464 = PCURVE('',#1155,#3465);
#3465 = DEFINITIONAL_REPRESENTATION('',(#3466),#3470);
#3466 = LINE('',#3467,#3468);
#3467 = CARTESIAN_POINT('',(-0.,0.));
#3468 = VECTOR('',#3469,1.);
#3469 = DIRECTION('',(-1.,0.));
#3470 = ( GEOMETRIC_REPRESENTATION_CONTEXT(2) 
PARAMETRIC_REPRESENTATION_CONTEXT() REPRESENTATION_CONTEXT('2D SPACE',''
  ) );
#3471 = PCURVE('',#1182,#3472);
#3472 = DEFINITIONAL_REPRESENTATION('',(#3473),#3477);
#3473 = CIRCLE('',#3474,5.6);
#3474 = AXIS2_PLACEMENT_2D('',#3475,#3476);
#3475 = CARTESIAN_POINT('',(0.692127134813,1.06581410364E-14));
#3476 = DIRECTION('',(-0.707106781187,-0.707106781187));
#3477 = ( GEOMETRIC_REPRESENTATION_CONTEXT(2) 
PARAMETRIC_REPRESENTATION_CONTEXT() REPRESENTATION_CONTEXT('2D SPACE',''
  ) );
#3478 = ORIENTED_EDGE('',*,*,#3479,.T.);
#3479 = EDGE_CURVE('',#3456,#3316,#3480,.T.);
#3480 = SURFACE_CURVE('',#3481,(#3485,#3492),.PCURVE_S1.);
#3481 = LINE('',#3482,#3483);
#3482 = CARTESIAN_POINT('',(8.,32.679393923934,26.040202025355));
#3483 = VECTOR('',#3484,1.);
#3484 = DIRECTION('',(1.,0.,0.));
#3485 = PCURVE('',#1155,#3486);
#3486 = DEFINITIONAL_REPRESENTATION('',(#3487),#3491);
#3487 = LINE('',#3488,#3489);
#3488 = CARTESIAN_POINT('',(-0.,0.));
#3489 = VECTOR('',#3490,1.);
#3490 = DIRECTION('',(-0.,-1.));
#3491 = ( GEOMETRIC_REPRESENTATION_CONTEXT(2) 
PARAMETRIC_REPRESENTATION_CONTEXT() REPRESENTATION_CONTEXT('2D SPACE',''
  ) );
#3492 = PCURVE('',#3331,#3493);
#3493 = DEFINITIONAL_REPRESENTATION('',(#3494),#3498);
#3494 = LINE('',#3495,#3496);
#3495 = CARTESIAN_POINT('',(5.6,0.));
#3496 = VECTOR('',#3497,1.);
#3497 = DIRECTION('',(0.,-1.));
#3498 = ( GEOMETRIC_REPRESENTATION_CONTEXT(2) 
PARAMETRIC_REPRESENTATION_CONTEXT() REPRESENTATION_CONTEXT('2D SPACE',''
  ) );
#3499 = ORIENTED_EDGE('',*,*,#3343,.F.);
#3500 = ORIENTED_EDGE('',*,*,#1139,.T.);
#3501 = ADVANCED_FACE('',(#3502),#1182,.F.);
#3502 = FACE_BOUND('',#3503,.F.);
#3503 = EDGE_LOOP('',(#3504,#3534,#3555,#3556,#3557,#3576,#3577,#3600));
#3504 = ORIENTED_EDGE('',*,*,#3505,.F.);
#3505 = EDGE_CURVE('',#3506,#3508,#3510,.T.);
#3506 = VERTEX_POINT('',#3507);
#3507 = CARTESIAN_POINT('',(8.,29.285281374239,22.64608947566));
#3508 = VERTEX_POINT('',#3509);
#3509 = CARTESIAN_POINT('',(8.,28.719595949289,22.411774900609));
#3510 = SURFACE_CURVE('',#3511,(#3516,#3527),.PCURVE_S1.);
#3511 = CIRCLE('',#3512,0.8);
#3512 = AXIS2_PLACEMENT_3D('',#3513,#3514,#3515);
#3513 = CARTESIAN_POINT('',(8.,28.719595949289,23.211774900609));
#3514 = DIRECTION('',(-1.,0.,-0.));
#3515 = DIRECTION('',(-0.,0.,1.));
#3516 = PCURVE('',#1182,#3517);
#3517 = DEFINITIONAL_REPRESENTATION('',(#3518),#3526);
#3518 = ( BOUNDED_CURVE() B_SPLINE_CURVE(2,(#3519,#3520,#3521,#3522,
#3523,#3524,#3525),.UNSPECIFIED.,.T.,.F.) B_SPLINE_CURVE_WITH_KNOTS((1,2
    ,2,2,2,1),(-2.094395102393,0.,2.094395102393,4.188790204786,
6.28318530718,8.377580409573),.UNSPECIFIED.) CURVE() 
GEOMETRIC_REPRESENTATION_ITEM() RATIONAL_B_SPLINE_CURVE((1.,0.5,1.,0.5,
1.,0.5,1.)) REPRESENTATION_ITEM('') );
#3519 = CARTESIAN_POINT('',(-5.296097964578,7.105427357601E-15));
#3520 = CARTESIAN_POINT('',(-5.296097964578,-1.385640646055));
#3521 = CARTESIAN_POINT('',(-6.496097964578,-0.692820323028));
#3522 = CARTESIAN_POINT('',(-7.696097964578,6.909483869737E-15));
#3523 = CARTESIAN_POINT('',(-6.496097964578,0.692820323028));
#3524 = CARTESIAN_POINT('',(-5.296097964578,1.385640646055));
#3525 = CARTESIAN_POINT('',(-5.296097964578,7.105427357601E-15));
#3526 = ( GEOMETRIC_REPRESENTATION_CONTEXT(2) 
PARAMETRIC_REPRESENTATION_CONTEXT() REPRESENTATION_CONTEXT('2D SPACE',''
  ) );
#3527 = PCURVE('',#3303,#3528);
#3528 = DEFINITIONAL_REPRESENTATION('',(#3529),#3533);
#3529 = LINE('',#3530,#3531);
#3530 = CARTESIAN_POINT('',(2.356194490192,-0.));
#3531 = VECTOR('',#3532,1.);
#3532 = DIRECTION('',(-1.,0.));
#3533 = ( GEOMETRIC_REPRESENTATION_CONTEXT(2) 
PARAMETRIC_REPRESENTATION_CONTEXT() REPRESENTATION_CONTEXT('2D SPACE',''
  ) );
#3534 = ORIENTED_EDGE('',*,*,#3535,.T.);
#3535 = EDGE_CURVE('',#3506,#3456,#3536,.T.);
#3536 = SURFACE_CURVE('',#3537,(#3541,#3548),.PCURVE_S1.);
#3537 = LINE('',#3538,#3539);
#3538 = CARTESIAN_POINT('',(8.,28.719595949289,22.080404050711));
#3539 = VECTOR('',#3540,1.);
#3540 = DIRECTION('',(0.,0.707106781187,0.707106781187));
#3541 = PCURVE('',#1182,#3542);
#3542 = DEFINITIONAL_REPRESENTATION('',(#3543),#3547);
#3543 = LINE('',#3544,#3545);
#3544 = CARTESIAN_POINT('',(-7.227468814476,7.105427357601E-15));
#3545 = VECTOR('',#3546,1.);
#3546 = DIRECTION('',(0.707106781187,-0.707106781187));
#3547 = ( GEOMETRIC_REPRESENTATION_CONTEXT(2) 
PARAMETRIC_REPRESENTATION_CONTEXT() REPRESENTATION_CONTEXT('2D SPACE',''
  ) );
#3548 = PCURVE('',#3331,#3549);
#3549 = DEFINITIONAL_REPRESENTATION('',(#3550),#3554);
#3550 = LINE('',#3551,#3552);
#3551 = CARTESIAN_POINT('',(0.,0.));
#3552 = VECTOR('',#3553,1.);
#3553 = DIRECTION('',(1.,0.));
#3554 = ( GEOMETRIC_REPRESENTATION_CONTEXT(2) 
PARAMETRIC_REPRESENTATION_CONTEXT() REPRESENTATION_CONTEXT('2D SPACE',''
  ) );
#3555 = ORIENTED_EDGE('',*,*,#3455,.T.);
#3556 = ORIENTED_EDGE('',*,*,#1166,.T.);
#3557 = ORIENTED_EDGE('',*,*,#3558,.T.);
#3558 = EDGE_CURVE('',#1167,#2191,#3559,.T.);
#3559 = SURFACE_CURVE('',#3560,(#3564,#3570),.PCURVE_S1.);
#3560 = LINE('',#3561,#3562);
#3561 = CARTESIAN_POINT('',(8.,22.202930771026,27.497069228974));
#3562 = VECTOR('',#3563,1.);
#3563 = DIRECTION('',(0.,0.707106781187,-0.707106781187));
#3564 = PCURVE('',#1182,#3565);
#3565 = DEFINITIONAL_REPRESENTATION('',(#3566),#3569);
#3566 = B_SPLINE_CURVE_WITH_KNOTS('',1,(#3567,#3568),.UNSPECIFIED.,.F.,
  .F.,(2,2),(-3.539678642065,-3.115414573353),.PIECEWISE_BEZIER_KNOTS.);
#3567 = CARTESIAN_POINT('',(0.692127134813,9.019595949289));
#3568 = CARTESIAN_POINT('',(0.392127134813,8.719595949289));
#3569 = ( GEOMETRIC_REPRESENTATION_CONTEXT(2) 
PARAMETRIC_REPRESENTATION_CONTEXT() REPRESENTATION_CONTEXT('2D SPACE',''
  ) );
#3570 = PCURVE('',#1210,#3571);
#3571 = DEFINITIONAL_REPRESENTATION('',(#3572),#3575);
#3572 = B_SPLINE_CURVE_WITH_KNOTS('',1,(#3573,#3574),.UNSPECIFIED.,.F.,
  .F.,(2,2),(-3.539678642065,-3.115414573353),.PIECEWISE_BEZIER_KNOTS.);
#3573 = CARTESIAN_POINT('',(18.,0.212132034356));
#3574 = CARTESIAN_POINT('',(18.,-0.212132034356));
#3575 = ( GEOMETRIC_REPRESENTATION_CONTEXT(2) 
PARAMETRIC_REPRESENTATION_CONTEXT() REPRESENTATION_CONTEXT('2D SPACE',''
  ) );
#3576 = ORIENTED_EDGE('',*,*,#2213,.T.);
#3577 = ORIENTED_EDGE('',*,*,#3578,.T.);
#3578 = EDGE_CURVE('',#2214,#3579,#3581,.T.);
#3579 = VERTEX_POINT('',#3580);
#3580 = CARTESIAN_POINT('',(8.,28.719595949289,22.080404050711));
#3581 = SURFACE_CURVE('',#3582,(#3586,#3593),.PCURVE_S1.);
#3582 = LINE('',#3583,#3584);
#3583 = CARTESIAN_POINT('',(8.,19.,12.360808101421));
#3584 = VECTOR('',#3585,1.);
#3585 = DIRECTION('',(0.,0.707106781187,0.707106781187));
#3586 = PCURVE('',#1182,#3587);
#3587 = DEFINITIONAL_REPRESENTATION('',(#3588),#3592);
#3588 = LINE('',#3589,#3590);
#3589 = CARTESIAN_POINT('',(-16.94706476376,9.719595949289));
#3590 = VECTOR('',#3591,1.);
#3591 = DIRECTION('',(0.707106781187,-0.707106781187));
#3592 = ( GEOMETRIC_REPRESENTATION_CONTEXT(2) 
PARAMETRIC_REPRESENTATION_CONTEXT() REPRESENTATION_CONTEXT('2D SPACE',''
  ) );
#3593 = PCURVE('',#2249,#3594);
#3594 = DEFINITIONAL_REPRESENTATION('',(#3595),#3599);
#3595 = LINE('',#3596,#3597);
#3596 = CARTESIAN_POINT('',(0.,0.));
#3597 = VECTOR('',#3598,1.);
#3598 = DIRECTION('',(1.,0.));
#3599 = ( GEOMETRIC_REPRESENTATION_CONTEXT(2) 
PARAMETRIC_REPRESENTATION_CONTEXT() REPRESENTATION_CONTEXT('2D SPACE',''
  ) );
#3600 = ORIENTED_EDGE('',*,*,#3601,.T.);
#3601 = EDGE_CURVE('',#3579,#3508,#3602,.T.);
#3602 = SURFACE_CURVE('',#3603,(#3607,#3614),.PCURVE_S1.);
#3603 = LINE('',#3604,#3605);
#3604 = CARTESIAN_POINT('',(8.,28.719595949289,22.080404050711));
#3605 = VECTOR('',#3606,1.);
#3606 = DIRECTION('',(0.,0.,1.));
#3607 = PCURVE('',#1182,#3608);
#3608 = DEFINITIONAL_REPRESENTATION('',(#3609),#3613);
#3609 = LINE('',#3610,#3611);
#3610 = CARTESIAN_POINT('',(-7.227468814476,7.105427357601E-15));
#3611 = VECTOR('',#3612,1.);
#3612 = DIRECTION('',(1.,0.));
#3613 = ( GEOMETRIC_REPRESENTATION_CONTEXT(2) 
PARAMETRIC_REPRESENTATION_CONTEXT() REPRESENTATION_CONTEXT('2D SPACE',''
  ) );
#3614 = PCURVE('',#3409,#3615);
#3615 = DEFINITIONAL_REPRESENTATION('',(#3616),#3620);
#3616 = LINE('',#3617,#3618);
#3617 = CARTESIAN_POINT('',(0.,0.));
#3618 = VECTOR('',#3619,1.);
#3619 = DIRECTION('',(1.,0.));
#3620 = ( GEOMETRIC_REPRESENTATION_CONTEXT(2) 
PARAMETRIC_REPRESENTATION_CONTEXT() REPRESENTATION_CONTEXT('2D SPACE',''
  ) );
#3621 = ADVANCED_FACE('',(#3622),#1210,.T.);
#3622 = FACE_BOUND('',#3623,.T.);
#3623 = EDGE_LOOP('',(#3624,#3625,#3626,#3645));
#3624 = ORIENTED_EDGE('',*,*,#3558,.T.);
#3625 = ORIENTED_EDGE('',*,*,#2190,.T.);
#3626 = ORIENTED_EDGE('',*,*,#3627,.F.);
#3627 = EDGE_CURVE('',#1195,#2170,#3628,.T.);
#3628 = SURFACE_CURVE('',#3629,(#3633,#3639),.PCURVE_S1.);
#3629 = LINE('',#3630,#3631);
#3630 = CARTESIAN_POINT('',(-8.,22.202930771026,27.497069228974));
#3631 = VECTOR('',#3632,1.);
#3632 = DIRECTION('',(0.,0.707106781187,-0.707106781187));
#3633 = PCURVE('',#1210,#3634);
#3634 = DEFINITIONAL_REPRESENTATION('',(#3635),#3638);
#3635 = B_SPLINE_CURVE_WITH_KNOTS('',1,(#3636,#3637),.UNSPECIFIED.,.F.,
  .F.,(2,2),(-3.539678642065,-3.115414573353),.PIECEWISE_BEZIER_KNOTS.);
#3636 = CARTESIAN_POINT('',(34.,0.212132034356));
#3637 = CARTESIAN_POINT('',(34.,-0.212132034356));
#3638 = ( GEOMETRIC_REPRESENTATION_CONTEXT(2) 
PARAMETRIC_REPRESENTATION_CONTEXT() REPRESENTATION_CONTEXT('2D SPACE',''
  ) );
#3639 = PCURVE('',#1238,#3640);
#3640 = DEFINITIONAL_REPRESENTATION('',(#3641),#3644);
#3641 = B_SPLINE_CURVE_WITH_KNOTS('',1,(#3642,#3643),.UNSPECIFIED.,.F.,
  .F.,(2,2),(-3.539678642065,-3.115414573353),.PIECEWISE_BEZIER_KNOTS.);
#3642 = CARTESIAN_POINT('',(0.692127134813,9.019595949289));
#3643 = CARTESIAN_POINT('',(0.392127134813,8.719595949289));
#3644 = ( GEOMETRIC_REPRESENTATION_CONTEXT(2) 
PARAMETRIC_REPRESENTATION_CONTEXT() REPRESENTATION_CONTEXT('2D SPACE',''
  ) );
#3645 = ORIENTED_EDGE('',*,*,#1194,.F.);
#3646 = ADVANCED_FACE('',(#3647),#1238,.T.);
#3647 = FACE_BOUND('',#3648,.T.);
#3648 = EDGE_LOOP('',(#3649,#3684,#3712,#3738,#3739,#3740,#3741,#3764));
#3649 = ORIENTED_EDGE('',*,*,#3650,.F.);
#3650 = EDGE_CURVE('',#3651,#3653,#3655,.T.);
#3651 = VERTEX_POINT('',#3652);
#3652 = CARTESIAN_POINT('',(-8.,29.285281374239,22.64608947566));
#3653 = VERTEX_POINT('',#3654);
#3654 = CARTESIAN_POINT('',(-8.,28.719595949289,22.411774900609));
#3655 = SURFACE_CURVE('',#3656,(#3661,#3672),.PCURVE_S1.);
#3656 = CIRCLE('',#3657,0.8);
#3657 = AXIS2_PLACEMENT_3D('',#3658,#3659,#3660);
#3658 = CARTESIAN_POINT('',(-8.,28.719595949289,23.211774900609));
#3659 = DIRECTION('',(-1.,0.,-0.));
#3660 = DIRECTION('',(-0.,0.,1.));
#3661 = PCURVE('',#1238,#3662);
#3662 = DEFINITIONAL_REPRESENTATION('',(#3663),#3671);
#3663 = ( BOUNDED_CURVE() B_SPLINE_CURVE(2,(#3664,#3665,#3666,#3667,
#3668,#3669,#3670),.UNSPECIFIED.,.T.,.F.) B_SPLINE_CURVE_WITH_KNOTS((1,2
    ,2,2,2,1),(-2.094395102393,0.,2.094395102393,4.188790204786,
6.28318530718,8.377580409573),.UNSPECIFIED.) CURVE() 
GEOMETRIC_REPRESENTATION_ITEM() RATIONAL_B_SPLINE_CURVE((1.,0.5,1.,0.5,
1.,0.5,1.)) REPRESENTATION_ITEM('') );
#3664 = CARTESIAN_POINT('',(-5.296097964578,7.105427357601E-15));
#3665 = CARTESIAN_POINT('',(-5.296097964578,-1.385640646055));
#3666 = CARTESIAN_POINT('',(-6.496097964578,-0.692820323028));
#3667 = CARTESIAN_POINT('',(-7.696097964578,6.909483869737E-15));
#3668 = CARTESIAN_POINT('',(-6.496097964578,0.692820323028));
#3669 = CARTESIAN_POINT('',(-5.296097964578,1.385640646055));
#3670 = CARTESIAN_POINT('',(-5.296097964578,7.105427357601E-15));
#3671 = ( GEOMETRIC_REPRESENTATION_CONTEXT(2) 
PARAMETRIC_REPRESENTATION_CONTEXT() REPRESENTATION_CONTEXT('2D SPACE',''
  ) );
#3672 = PCURVE('',#3673,#3678);
#3673 = CYLINDRICAL_SURFACE('',#3674,0.8);
#3674 = AXIS2_PLACEMENT_3D('',#3675,#3676,#3677);
#3675 = CARTESIAN_POINT('',(-13.5,28.719595949289,23.211774900609));
#3676 = DIRECTION('',(1.,0.,0.));
#3677 = DIRECTION('',(0.,0.707106781187,-0.707106781187));
#3678 = DEFINITIONAL_REPRESENTATION('',(#3679),#3683);
#3679 = LINE('',#3680,#3681);
#3680 = CARTESIAN_POINT('',(2.356194490192,5.5));
#3681 = VECTOR('',#3682,1.);
#3682 = DIRECTION('',(-1.,0.));
#3683 = ( GEOMETRIC_REPRESENTATION_CONTEXT(2) 
PARAMETRIC_REPRESENTATION_CONTEXT() REPRESENTATION_CONTEXT('2D SPACE',''
  ) );
#3684 = ORIENTED_EDGE('',*,*,#3685,.T.);
#3685 = EDGE_CURVE('',#3651,#3686,#3688,.T.);
#3686 = VERTEX_POINT('',#3687);
#3687 = CARTESIAN_POINT('',(-8.,32.679393923934,26.040202025355));
#3688 = SURFACE_CURVE('',#3689,(#3693,#3700),.PCURVE_S1.);
#3689 = LINE('',#3690,#3691);
#3690 = CARTESIAN_POINT('',(-8.,28.719595949289,22.080404050711));
#3691 = VECTOR('',#3692,1.);
#3692 = DIRECTION('',(0.,0.707106781187,0.707106781187));
#3693 = PCURVE('',#1238,#3694);
#3694 = DEFINITIONAL_REPRESENTATION('',(#3695),#3699);
#3695 = LINE('',#3696,#3697);
#3696 = CARTESIAN_POINT('',(-7.227468814476,7.105427357601E-15));
#3697 = VECTOR('',#3698,1.);
#3698 = DIRECTION('',(0.707106781187,-0.707106781187));
#3699 = ( GEOMETRIC_REPRESENTATION_CONTEXT(2) 
PARAMETRIC_REPRESENTATION_CONTEXT() REPRESENTATION_CONTEXT('2D SPACE',''
  ) );
#3700 = PCURVE('',#3701,#3706);
#3701 = PLANE('',#3702);
#3702 = AXIS2_PLACEMENT_3D('',#3703,#3704,#3705);
#3703 = CARTESIAN_POINT('',(-13.5,28.719595949289,22.080404050711));
#3704 = DIRECTION('',(0.,-0.707106781187,0.707106781187));
#3705 = DIRECTION('',(0.,0.707106781187,0.707106781187));
#3706 = DEFINITIONAL_REPRESENTATION('',(#3707),#3711);
#3707 = LINE('',#3708,#3709);
#3708 = CARTESIAN_POINT('',(0.,-5.5));
#3709 = VECTOR('',#3710,1.);
#3710 = DIRECTION('',(1.,0.));
#3711 = ( GEOMETRIC_REPRESENTATION_CONTEXT(2) 
PARAMETRIC_REPRESENTATION_CONTEXT() REPRESENTATION_CONTEXT('2D SPACE',''
  ) );
#3712 = ORIENTED_EDGE('',*,*,#3713,.F.);
#3713 = EDGE_CURVE('',#1223,#3686,#3714,.T.);
#3714 = SURFACE_CURVE('',#3715,(#3720,#3731),.PCURVE_S1.);
#3715 = CIRCLE('',#3716,5.6);
#3716 = AXIS2_PLACEMENT_3D('',#3717,#3718,#3719);
#3717 = CARTESIAN_POINT('',(-8.,28.719595949289,30.));
#3718 = DIRECTION('',(-1.,-0.,0.));
#3719 = DIRECTION('',(0.,-0.707106781187,-0.707106781187));
#3720 = PCURVE('',#1238,#3721);
#3721 = DEFINITIONAL_REPRESENTATION('',(#3722),#3730);
#3722 = ( BOUNDED_CURVE() B_SPLINE_CURVE(2,(#3723,#3724,#3725,#3726,
#3727,#3728,#3729),.UNSPECIFIED.,.T.,.F.) B_SPLINE_CURVE_WITH_KNOTS((1,2
    ,2,2,2,1),(-2.094395102393,0.,2.094395102393,4.188790204786,
6.28318530718,8.377580409573),.UNSPECIFIED.) CURVE() 
GEOMETRIC_REPRESENTATION_ITEM() RATIONAL_B_SPLINE_CURVE((1.,0.5,1.,0.5,
1.,0.5,1.)) REPRESENTATION_ITEM('') );
#3723 = CARTESIAN_POINT('',(-3.267670839831,3.959797974645));
#3724 = CARTESIAN_POINT('',(3.590900439961,10.818369254438));
#3725 = CARTESIAN_POINT('',(6.101311762032,1.449386652574));
#3726 = CARTESIAN_POINT('',(8.611723084103,-7.919595949289));
#3727 = CARTESIAN_POINT('',(-0.757259517761,-5.409184627219));
#3728 = CARTESIAN_POINT('',(-10.12624211962,-2.898773305148));
#3729 = CARTESIAN_POINT('',(-3.267670839831,3.959797974645));
#3730 = ( GEOMETRIC_REPRESENTATION_CONTEXT(2) 
PARAMETRIC_REPRESENTATION_CONTEXT() REPRESENTATION_CONTEXT('2D SPACE',''
  ) );
#3731 = PCURVE('',#1266,#3732);
#3732 = DEFINITIONAL_REPRESENTATION('',(#3733),#3737);
#3733 = LINE('',#3734,#3735);
#3734 = CARTESIAN_POINT('',(-4.712388980385,-5.5));
#3735 = VECTOR('',#3736,1.);
#3736 = DIRECTION('',(1.,-0.));
#3737 = ( GEOMETRIC_REPRESENTATION_CONTEXT(2) 
PARAMETRIC_REPRESENTATION_CONTEXT() REPRESENTATION_CONTEXT('2D SPACE',''
  ) );
#3738 = ORIENTED_EDGE('',*,*,#1222,.T.);
#3739 = ORIENTED_EDGE('',*,*,#3627,.T.);
#3740 = ORIENTED_EDGE('',*,*,#2169,.T.);
#3741 = ORIENTED_EDGE('',*,*,#3742,.T.);
#3742 = EDGE_CURVE('',#2144,#3743,#3745,.T.);
#3743 = VERTEX_POINT('',#3744);
#3744 = CARTESIAN_POINT('',(-8.,28.719595949289,22.080404050711));
#3745 = SURFACE_CURVE('',#3746,(#3750,#3757),.PCURVE_S1.);
#3746 = LINE('',#3747,#3748);
#3747 = CARTESIAN_POINT('',(-8.,19.,12.360808101421));
#3748 = VECTOR('',#3749,1.);
#3749 = DIRECTION('',(0.,0.707106781187,0.707106781187));
#3750 = PCURVE('',#1238,#3751);
#3751 = DEFINITIONAL_REPRESENTATION('',(#3752),#3756);
#3752 = LINE('',#3753,#3754);
#3753 = CARTESIAN_POINT('',(-16.94706476376,9.719595949289));
#3754 = VECTOR('',#3755,1.);
#3755 = DIRECTION('',(0.707106781187,-0.707106781187));
#3756 = ( GEOMETRIC_REPRESENTATION_CONTEXT(2) 
PARAMETRIC_REPRESENTATION_CONTEXT() REPRESENTATION_CONTEXT('2D SPACE',''
  ) );
#3757 = PCURVE('',#2158,#3758);
#3758 = DEFINITIONAL_REPRESENTATION('',(#3759),#3763);
#3759 = LINE('',#3760,#3761);
#3760 = CARTESIAN_POINT('',(0.,-5.5));
#3761 = VECTOR('',#3762,1.);
#3762 = DIRECTION('',(1.,0.));
#3763 = ( GEOMETRIC_REPRESENTATION_CONTEXT(2) 
PARAMETRIC_REPRESENTATION_CONTEXT() REPRESENTATION_CONTEXT('2D SPACE',''
  ) );
#3764 = ORIENTED_EDGE('',*,*,#3765,.T.);
#3765 = EDGE_CURVE('',#3743,#3653,#3766,.T.);
#3766 = SURFACE_CURVE('',#3767,(#3771,#3778),.PCURVE_S1.);
#3767 = LINE('',#3768,#3769);
#3768 = CARTESIAN_POINT('',(-8.,28.719595949289,22.080404050711));
#3769 = VECTOR('',#3770,1.);
#3770 = DIRECTION('',(0.,0.,1.));
#3771 = PCURVE('',#1238,#3772);
#3772 = DEFINITIONAL_REPRESENTATION('',(#3773),#3777);
#3773 = LINE('',#3774,#3775);
#3774 = CARTESIAN_POINT('',(-7.227468814476,7.105427357601E-15));
#3775 = VECTOR('',#3776,1.);
#3776 = DIRECTION('',(1.,0.));
#3777 = ( GEOMETRIC_REPRESENTATION_CONTEXT(2) 
PARAMETRIC_REPRESENTATION_CONTEXT() REPRESENTATION_CONTEXT('2D SPACE',''
  ) );
#3778 = PCURVE('',#3779,#3784);
#3779 = PLANE('',#3780);
#3780 = AXIS2_PLACEMENT_3D('',#3781,#3782,#3783);
#3781 = CARTESIAN_POINT('',(-13.5,28.719595949289,22.080404050711));
#3782 = DIRECTION('',(0.,-1.,0.));
#3783 = DIRECTION('',(0.,0.,1.));
#3784 = DEFINITIONAL_REPRESENTATION('',(#3785),#3789);
#3785 = LINE('',#3786,#3787);
#3786 = CARTESIAN_POINT('',(0.,-5.5));
#3787 = VECTOR('',#3788,1.);
#3788 = DIRECTION('',(1.,0.));
#3789 = ( GEOMETRIC_REPRESENTATION_CONTEXT(2) 
PARAMETRIC_REPRESENTATION_CONTEXT() REPRESENTATION_CONTEXT('2D SPACE',''
  ) );
#3790 = ADVANCED_FACE('',(#3791),#1266,.T.);
#3791 = FACE_BOUND('',#3792,.F.);
#3792 = EDGE_LOOP('',(#3793,#3817,#3838,#3839));
#3793 = ORIENTED_EDGE('',*,*,#3794,.F.);
#3794 = EDGE_CURVE('',#3795,#1251,#3797,.T.);
#3795 = VERTEX_POINT('',#3796);
#3796 = CARTESIAN_POINT('',(-13.5,32.679393923934,26.040202025355));
#3797 = SURFACE_CURVE('',#3798,(#3803,#3810),.PCURVE_S1.);
#3798 = CIRCLE('',#3799,5.6);
#3799 = AXIS2_PLACEMENT_3D('',#3800,#3801,#3802);
#3800 = CARTESIAN_POINT('',(-13.5,28.719595949289,30.));
#3801 = DIRECTION('',(1.,-0.,0.));
#3802 = DIRECTION('',(0.,0.707106781187,-0.707106781187));
#3803 = PCURVE('',#1266,#3804);
#3804 = DEFINITIONAL_REPRESENTATION('',(#3805),#3809);
#3805 = LINE('',#3806,#3807);
#3806 = CARTESIAN_POINT('',(-0.,0.));
#3807 = VECTOR('',#3808,1.);
#3808 = DIRECTION('',(-1.,0.));
#3809 = ( GEOMETRIC_REPRESENTATION_CONTEXT(2) 
PARAMETRIC_REPRESENTATION_CONTEXT() REPRESENTATION_CONTEXT('2D SPACE',''
  ) );
#3810 = PCURVE('',#1293,#3811);
#3811 = DEFINITIONAL_REPRESENTATION('',(#3812),#3816);
#3812 = CIRCLE('',#3813,5.6);
#3813 = AXIS2_PLACEMENT_2D('',#3814,#3815);
#3814 = CARTESIAN_POINT('',(0.692127134813,1.06581410364E-14));
#3815 = DIRECTION('',(-0.707106781187,-0.707106781187));
#3816 = ( GEOMETRIC_REPRESENTATION_CONTEXT(2) 
PARAMETRIC_REPRESENTATION_CONTEXT() REPRESENTATION_CONTEXT('2D SPACE',''
  ) );
#3817 = ORIENTED_EDGE('',*,*,#3818,.T.);
#3818 = EDGE_CURVE('',#3795,#3686,#3819,.T.);
#3819 = SURFACE_CURVE('',#3820,(#3824,#3831),.PCURVE_S1.);
#3820 = LINE('',#3821,#3822);
#3821 = CARTESIAN_POINT('',(-13.5,32.679393923934,26.040202025355));
#3822 = VECTOR('',#3823,1.);
#3823 = DIRECTION('',(1.,0.,0.));
#3824 = PCURVE('',#1266,#3825);
#3825 = DEFINITIONAL_REPRESENTATION('',(#3826),#3830);
#3826 = LINE('',#3827,#3828);
#3827 = CARTESIAN_POINT('',(-0.,0.));
#3828 = VECTOR('',#3829,1.);
#3829 = DIRECTION('',(-0.,-1.));
#3830 = ( GEOMETRIC_REPRESENTATION_CONTEXT(2) 
PARAMETRIC_REPRESENTATION_CONTEXT() REPRESENTATION_CONTEXT('2D SPACE',''
  ) );
#3831 = PCURVE('',#3701,#3832);
#3832 = DEFINITIONAL_REPRESENTATION('',(#3833),#3837);
#3833 = LINE('',#3834,#3835);
#3834 = CARTESIAN_POINT('',(5.6,0.));
#3835 = VECTOR('',#3836,1.);
#3836 = DIRECTION('',(0.,-1.));
#3837 = ( GEOMETRIC_REPRESENTATION_CONTEXT(2) 
PARAMETRIC_REPRESENTATION_CONTEXT() REPRESENTATION_CONTEXT('2D SPACE',''
  ) );
#3838 = ORIENTED_EDGE('',*,*,#3713,.F.);
#3839 = ORIENTED_EDGE('',*,*,#1250,.T.);
#3840 = ADVANCED_FACE('',(#3841,#3960),#1293,.F.);
#3841 = FACE_BOUND('',#3842,.F.);
#3842 = EDGE_LOOP('',(#3843,#3873,#3894,#3895,#3896,#3915,#3916,#3939));
#3843 = ORIENTED_EDGE('',*,*,#3844,.F.);
#3844 = EDGE_CURVE('',#3845,#3847,#3849,.T.);
#3845 = VERTEX_POINT('',#3846);
#3846 = CARTESIAN_POINT('',(-13.5,29.285281374239,22.64608947566));
#3847 = VERTEX_POINT('',#3848);
#3848 = CARTESIAN_POINT('',(-13.5,28.719595949289,22.411774900609));
#3849 = SURFACE_CURVE('',#3850,(#3855,#3866),.PCURVE_S1.);
#3850 = CIRCLE('',#3851,0.8);
#3851 = AXIS2_PLACEMENT_3D('',#3852,#3853,#3854);
#3852 = CARTESIAN_POINT('',(-13.5,28.719595949289,23.211774900609));
#3853 = DIRECTION('',(-1.,0.,-0.));
#3854 = DIRECTION('',(-0.,0.,1.));
#3855 = PCURVE('',#1293,#3856);
#3856 = DEFINITIONAL_REPRESENTATION('',(#3857),#3865);
#3857 = ( BOUNDED_CURVE() B_SPLINE_CURVE(2,(#3858,#3859,#3860,#3861,
#3862,#3863,#3864),.UNSPECIFIED.,.T.,.F.) B_SPLINE_CURVE_WITH_KNOTS((1,2
    ,2,2,2,1),(-2.094395102393,0.,2.094395102393,4.188790204786,
6.28318530718,8.377580409573),.UNSPECIFIED.) CURVE() 
GEOMETRIC_REPRESENTATION_ITEM() RATIONAL_B_SPLINE_CURVE((1.,0.5,1.,0.5,
1.,0.5,1.)) REPRESENTATION_ITEM('') );
#3858 = CARTESIAN_POINT('',(-5.296097964578,7.105427357601E-15));
#3859 = CARTESIAN_POINT('',(-5.296097964578,-1.385640646055));
#3860 = CARTESIAN_POINT('',(-6.496097964578,-0.692820323028));
#3861 = CARTESIAN_POINT('',(-7.696097964578,6.909483869737E-15));
#3862 = CARTESIAN_POINT('',(-6.496097964578,0.692820323028));
#3863 = CARTESIAN_POINT('',(-5.296097964578,1.385640646055));
#3864 = CARTESIAN_POINT('',(-5.296097964578,7.105427357601E-15));
#3865 = ( GEOMETRIC_REPRESENTATION_CONTEXT(2) 
PARAMETRIC_REPRESENTATION_CONTEXT() REPRESENTATION_CONTEXT('2D SPACE',''
  ) );
#3866 = PCURVE('',#3673,#3867);
#3867 = DEFINITIONAL_REPRESENTATION('',(#3868),#3872);
#3868 = LINE('',#3869,#3870);
#3869 = CARTESIAN_POINT('',(2.356194490192,-0.));
#3870 = VECTOR('',#3871,1.);
#3871 = DIRECTION('',(-1.,0.));
#3872 = ( GEOMETRIC_REPRESENTATION_CONTEXT(2) 
PARAMETRIC_REPRESENTATION_CONTEXT() REPRESENTATION_CONTEXT('2D SPACE',''
  ) );
#3873 = ORIENTED_EDGE('',*,*,#3874,.T.);
#3874 = EDGE_CURVE('',#3845,#3795,#3875,.T.);
#3875 = SURFACE_CURVE('',#3876,(#3880,#3887),.PCURVE_S1.);
#3876 = LINE('',#3877,#3878);
#3877 = CARTESIAN_POINT('',(-13.5,28.719595949289,22.080404050711));
#3878 = VECTOR('',#3879,1.);
#3879 = DIRECTION('',(0.,0.707106781187,0.707106781187));
#3880 = PCURVE('',#1293,#3881);
#3881 = DEFINITIONAL_REPRESENTATION('',(#3882),#3886);
#3882 = LINE('',#3883,#3884);
#3883 = CARTESIAN_POINT('',(-7.227468814476,7.105427357601E-15));
#3884 = VECTOR('',#3885,1.);
#3885 = DIRECTION('',(0.707106781187,-0.707106781187));
#3886 = ( GEOMETRIC_REPRESENTATION_CONTEXT(2) 
PARAMETRIC_REPRESENTATION_CONTEXT() REPRESENTATION_CONTEXT('2D SPACE',''
  ) );
#3887 = PCURVE('',#3701,#3888);
#3888 = DEFINITIONAL_REPRESENTATION('',(#3889),#3893);
#3889 = LINE('',#3890,#3891);
#3890 = CARTESIAN_POINT('',(0.,0.));
#3891 = VECTOR('',#3892,1.);
#3892 = DIRECTION('',(1.,0.));
#3893 = ( GEOMETRIC_REPRESENTATION_CONTEXT(2) 
PARAMETRIC_REPRESENTATION_CONTEXT() REPRESENTATION_CONTEXT('2D SPACE',''
  ) );
#3894 = ORIENTED_EDGE('',*,*,#3794,.T.);
#3895 = ORIENTED_EDGE('',*,*,#1277,.T.);
#3896 = ORIENTED_EDGE('',*,*,#3897,.T.);
#3897 = EDGE_CURVE('',#1278,#2100,#3898,.T.);
#3898 = SURFACE_CURVE('',#3899,(#3903,#3909),.PCURVE_S1.);
#3899 = LINE('',#3900,#3901);
#3900 = CARTESIAN_POINT('',(-13.5,22.202930771026,27.497069228974));
#3901 = VECTOR('',#3902,1.);
#3902 = DIRECTION('',(0.,0.707106781187,-0.707106781187));
#3903 = PCURVE('',#1293,#3904);
#3904 = DEFINITIONAL_REPRESENTATION('',(#3905),#3908);
#3905 = B_SPLINE_CURVE_WITH_KNOTS('',1,(#3906,#3907),.UNSPECIFIED.,.F.,
  .F.,(2,2),(-3.539678642065,-3.115414573353),.PIECEWISE_BEZIER_KNOTS.);
#3906 = CARTESIAN_POINT('',(0.692127134813,9.019595949289));
#3907 = CARTESIAN_POINT('',(0.392127134813,8.719595949289));
#3908 = ( GEOMETRIC_REPRESENTATION_CONTEXT(2) 
PARAMETRIC_REPRESENTATION_CONTEXT() REPRESENTATION_CONTEXT('2D SPACE',''
  ) );
#3909 = PCURVE('',#1321,#3910);
#3910 = DEFINITIONAL_REPRESENTATION('',(#3911),#3914);
#3911 = B_SPLINE_CURVE_WITH_KNOTS('',1,(#3912,#3913),.UNSPECIFIED.,.F.,
  .F.,(2,2),(-3.539678642065,-3.115414573353),.PIECEWISE_BEZIER_KNOTS.);
#3912 = CARTESIAN_POINT('',(39.5,0.212132034356));
#3913 = CARTESIAN_POINT('',(39.5,-0.212132034356));
#3914 = ( GEOMETRIC_REPRESENTATION_CONTEXT(2) 
PARAMETRIC_REPRESENTATION_CONTEXT() REPRESENTATION_CONTEXT('2D SPACE',''
  ) );
#3915 = ORIENTED_EDGE('',*,*,#2122,.T.);
#3916 = ORIENTED_EDGE('',*,*,#3917,.T.);
#3917 = EDGE_CURVE('',#2123,#3918,#3920,.T.);
#3918 = VERTEX_POINT('',#3919);
#3919 = CARTESIAN_POINT('',(-13.5,28.719595949289,22.080404050711));
#3920 = SURFACE_CURVE('',#3921,(#3925,#3932),.PCURVE_S1.);
#3921 = LINE('',#3922,#3923);
#3922 = CARTESIAN_POINT('',(-13.5,19.,12.360808101421));
#3923 = VECTOR('',#3924,1.);
#3924 = DIRECTION('',(0.,0.707106781187,0.707106781187));
#3925 = PCURVE('',#1293,#3926);
#3926 = DEFINITIONAL_REPRESENTATION('',(#3927),#3931);
#3927 = LINE('',#3928,#3929);
#3928 = CARTESIAN_POINT('',(-16.94706476376,9.719595949289));
#3929 = VECTOR('',#3930,1.);
#3930 = DIRECTION('',(0.707106781187,-0.707106781187));
#3931 = ( GEOMETRIC_REPRESENTATION_CONTEXT(2) 
PARAMETRIC_REPRESENTATION_CONTEXT() REPRESENTATION_CONTEXT('2D SPACE',''
  ) );
#3932 = PCURVE('',#2158,#3933);
#3933 = DEFINITIONAL_REPRESENTATION('',(#3934),#3938);
#3934 = LINE('',#3935,#3936);
#3935 = CARTESIAN_POINT('',(0.,0.));
#3936 = VECTOR('',#3937,1.);
#3937 = DIRECTION('',(1.,0.));
#3938 = ( GEOMETRIC_REPRESENTATION_CONTEXT(2) 
PARAMETRIC_REPRESENTATION_CONTEXT() REPRESENTATION_CONTEXT('2D SPACE',''
  ) );
#3939 = ORIENTED_EDGE('',*,*,#3940,.T.);
#3940 = EDGE_CURVE('',#3918,#3847,#3941,.T.);
#3941 = SURFACE_CURVE('',#3942,(#3946,#3953),.PCURVE_S1.);
#3942 = LINE('',#3943,#3944);
#3943 = CARTESIAN_POINT('',(-13.5,28.719595949289,22.080404050711));
#3944 = VECTOR('',#3945,1.);
#3945 = DIRECTION('',(0.,0.,1.));
#3946 = PCURVE('',#1293,#3947);
#3947 = DEFINITIONAL_REPRESENTATION('',(#3948),#3952);
#3948 = LINE('',#3949,#3950);
#3949 = CARTESIAN_POINT('',(-7.227468814476,7.105427357601E-15));
#3950 = VECTOR('',#3951,1.);
#3951 = DIRECTION('',(1.,0.));
#3952 = ( GEOMETRIC_REPRESENTATION_CONTEXT(2) 
PARAMETRIC_REPRESENTATION_CONTEXT() REPRESENTATION_CONTEXT('2D SPACE',''
  ) );
#3953 = PCURVE('',#3779,#3954);
#3954 = DEFINITIONAL_REPRESENTATION('',(#3955),#3959);
#3955 = LINE('',#3956,#3957);
#3956 = CARTESIAN_POINT('',(0.,0.));
#3957 = VECTOR('',#3958,1.);
#3958 = DIRECTION('',(1.,0.));
#3959 = ( GEOMETRIC_REPRESENTATION_CONTEXT(2) 
PARAMETRIC_REPRESENTATION_CONTEXT() REPRESENTATION_CONTEXT('2D SPACE',''
  ) );
#3960 = FACE_BOUND('',#3961,.F.);
#3961 = EDGE_LOOP('',(#3962));
#3962 = ORIENTED_EDGE('',*,*,#3963,.T.);
#3963 = EDGE_CURVE('',#3964,#3964,#3966,.T.);
#3964 = VERTEX_POINT('',#3965);
#3965 = CARTESIAN_POINT('',(-13.5,28.719595949289,26.5));
#3966 = SURFACE_CURVE('',#3967,(#3972,#3983),.PCURVE_S1.);
#3967 = CIRCLE('',#3968,3.5);
#3968 = AXIS2_PLACEMENT_3D('',#3969,#3970,#3971);
#3969 = CARTESIAN_POINT('',(-13.5,28.719595949289,30.));
#3970 = DIRECTION('',(-1.,0.,0.));
#3971 = DIRECTION('',(0.,0.,-1.));
#3972 = PCURVE('',#1293,#3973);
#3973 = DEFINITIONAL_REPRESENTATION('',(#3974),#3982);
#3974 = ( BOUNDED_CURVE() B_SPLINE_CURVE(2,(#3975,#3976,#3977,#3978,
#3979,#3980,#3981),.UNSPECIFIED.,.T.,.F.) B_SPLINE_CURVE_WITH_KNOTS((1,2
    ,2,2,2,1),(-2.094395102393,0.,2.094395102393,4.188790204786,
6.28318530718,8.377580409573),.UNSPECIFIED.) CURVE() 
GEOMETRIC_REPRESENTATION_ITEM() RATIONAL_B_SPLINE_CURVE((1.,0.5,1.,0.5,
1.,0.5,1.)) REPRESENTATION_ITEM('') );
#3975 = CARTESIAN_POINT('',(-2.807872865187,7.105427357601E-15));
#3976 = CARTESIAN_POINT('',(-2.807872865187,6.062177826491));
#3977 = CARTESIAN_POINT('',(2.442127134813,3.031088913246));
#3978 = CARTESIAN_POINT('',(7.692127134813,7.962680117004E-15));
#3979 = CARTESIAN_POINT('',(2.442127134813,-3.031088913246));
#3980 = CARTESIAN_POINT('',(-2.807872865187,-6.062177826491));
#3981 = CARTESIAN_POINT('',(-2.807872865187,7.105427357601E-15));
#3982 = ( GEOMETRIC_REPRESENTATION_CONTEXT(2) 
PARAMETRIC_REPRESENTATION_CONTEXT() REPRESENTATION_CONTEXT('2D SPACE',''
  ) );
#3983 = PCURVE('',#3984,#3989);
#3984 = CONICAL_SURFACE('',#3985,3.5,0.785398163397);
#3985 = AXIS2_PLACEMENT_3D('',#3986,#3987,#3988);
#3986 = CARTESIAN_POINT('',(-13.5,28.719595949289,30.));
#3987 = DIRECTION('',(1.,-0.,-0.));
#3988 = DIRECTION('',(0.,0.,-1.));
#3989 = DEFINITIONAL_REPRESENTATION('',(#3990),#3994);
#3990 = LINE('',#3991,#3992);
#3991 = CARTESIAN_POINT('',(-0.,-0.));
#3992 = VECTOR('',#3993,1.);
#3993 = DIRECTION('',(-1.,-0.));
#3994 = ( GEOMETRIC_REPRESENTATION_CONTEXT(2) 
PARAMETRIC_REPRESENTATION_CONTEXT() REPRESENTATION_CONTEXT('2D SPACE',''
  ) );
#3995 = ADVANCED_FACE('',(#3996),#1321,.T.);
#3996 = FACE_BOUND('',#3997,.T.);
#3997 = EDGE_LOOP('',(#3998,#3999,#4000,#4019));
#3998 = ORIENTED_EDGE('',*,*,#3897,.T.);
#3999 = ORIENTED_EDGE('',*,*,#2099,.T.);
#4000 = ORIENTED_EDGE('',*,*,#4001,.F.);
#4001 = EDGE_CURVE('',#1306,#2079,#4002,.T.);
#4002 = SURFACE_CURVE('',#4003,(#4007,#4013),.PCURVE_S1.);
#4003 = LINE('',#4004,#4005);
#4004 = CARTESIAN_POINT('',(-22.5,22.202930771026,27.497069228974));
#4005 = VECTOR('',#4006,1.);
#4006 = DIRECTION('',(0.,0.707106781187,-0.707106781187));
#4007 = PCURVE('',#1321,#4008);
#4008 = DEFINITIONAL_REPRESENTATION('',(#4009),#4012);
#4009 = B_SPLINE_CURVE_WITH_KNOTS('',1,(#4010,#4011),.UNSPECIFIED.,.F.,
  .F.,(2,2),(-3.539678642065,-3.115414573353),.PIECEWISE_BEZIER_KNOTS.);
#4010 = CARTESIAN_POINT('',(48.5,0.212132034356));
#4011 = CARTESIAN_POINT('',(48.5,-0.212132034356));
#4012 = ( GEOMETRIC_REPRESENTATION_CONTEXT(2) 
PARAMETRIC_REPRESENTATION_CONTEXT() REPRESENTATION_CONTEXT('2D SPACE',''
  ) );
#4013 = PCURVE('',#1349,#4014);
#4014 = DEFINITIONAL_REPRESENTATION('',(#4015),#4018);
#4015 = B_SPLINE_CURVE_WITH_KNOTS('',1,(#4016,#4017),.UNSPECIFIED.,.F.,
  .F.,(2,2),(-3.539678642065,-3.115414573353),.PIECEWISE_BEZIER_KNOTS.);
#4016 = CARTESIAN_POINT('',(0.692127134813,9.019595949289));
#4017 = CARTESIAN_POINT('',(0.392127134813,8.719595949289));
#4018 = ( GEOMETRIC_REPRESENTATION_CONTEXT(2) 
PARAMETRIC_REPRESENTATION_CONTEXT() REPRESENTATION_CONTEXT('2D SPACE',''
  ) );
#4019 = ORIENTED_EDGE('',*,*,#1305,.F.);
#4020 = ADVANCED_FACE('',(#4021,#4127),#1349,.T.);
#4021 = FACE_BOUND('',#4022,.T.);
#4022 = EDGE_LOOP('',(#4023,#4053,#4076,#4102,#4103,#4104,#4105,#4106));
#4023 = ORIENTED_EDGE('',*,*,#4024,.F.);
#4024 = EDGE_CURVE('',#4025,#4027,#4029,.T.);
#4025 = VERTEX_POINT('',#4026);
#4026 = CARTESIAN_POINT('',(-22.5,29.285281374239,22.64608947566));
#4027 = VERTEX_POINT('',#4028);
#4028 = CARTESIAN_POINT('',(-22.5,28.719595949289,22.411774900609));
#4029 = SURFACE_CURVE('',#4030,(#4035,#4046),.PCURVE_S1.);
#4030 = CIRCLE('',#4031,0.8);
#4031 = AXIS2_PLACEMENT_3D('',#4032,#4033,#4034);
#4032 = CARTESIAN_POINT('',(-22.5,28.719595949289,23.211774900609));
#4033 = DIRECTION('',(-1.,0.,-0.));
#4034 = DIRECTION('',(-0.,0.,1.));
#4035 = PCURVE('',#1349,#4036);
#4036 = DEFINITIONAL_REPRESENTATION('',(#4037),#4045);
#4037 = ( BOUNDED_CURVE() B_SPLINE_CURVE(2,(#4038,#4039,#4040,#4041,
#4042,#4043,#4044),.UNSPECIFIED.,.T.,.F.) B_SPLINE_CURVE_WITH_KNOTS((1,2
    ,2,2,2,1),(-2.094395102393,0.,2.094395102393,4.188790204786,
6.28318530718,8.377580409573),.UNSPECIFIED.) CURVE() 
GEOMETRIC_REPRESENTATION_ITEM() RATIONAL_B_SPLINE_CURVE((1.,0.5,1.,0.5,
1.,0.5,1.)) REPRESENTATION_ITEM('') );
#4038 = CARTESIAN_POINT('',(-5.296097964578,7.105427357601E-15));
#4039 = CARTESIAN_POINT('',(-5.296097964578,-1.385640646055));
#4040 = CARTESIAN_POINT('',(-6.496097964578,-0.692820323028));
#4041 = CARTESIAN_POINT('',(-7.696097964578,6.909483869737E-15));
#4042 = CARTESIAN_POINT('',(-6.496097964578,0.692820323028));
#4043 = CARTESIAN_POINT('',(-5.296097964578,1.385640646055));
#4044 = CARTESIAN_POINT('',(-5.296097964578,7.105427357601E-15));
#4045 = ( GEOMETRIC_REPRESENTATION_CONTEXT(2) 
PARAMETRIC_REPRESENTATION_CONTEXT() REPRESENTATION_CONTEXT('2D SPACE',''
  ) );
#4046 = PCURVE('',#1866,#4047);
#4047 = DEFINITIONAL_REPRESENTATION('',(#4048),#4052);
#4048 = LINE('',#4049,#4050);
#4049 = CARTESIAN_POINT('',(2.356194490192,5.5));
#4050 = VECTOR('',#4051,1.);
#4051 = DIRECTION('',(-1.,0.));
#4052 = ( GEOMETRIC_REPRESENTATION_CONTEXT(2) 
PARAMETRIC_REPRESENTATION_CONTEXT() REPRESENTATION_CONTEXT('2D SPACE',''
  ) );
#4053 = ORIENTED_EDGE('',*,*,#4054,.T.);
#4054 = EDGE_CURVE('',#4025,#4055,#4057,.T.);
#4055 = VERTEX_POINT('',#4056);
#4056 = CARTESIAN_POINT('',(-22.5,32.679393923934,26.040202025355));
#4057 = SURFACE_CURVE('',#4058,(#4062,#4069),.PCURVE_S1.);
#4058 = LINE('',#4059,#4060);
#4059 = CARTESIAN_POINT('',(-22.5,28.719595949289,22.080404050711));
#4060 = VECTOR('',#4061,1.);
#4061 = DIRECTION('',(0.,0.707106781187,0.707106781187));
#4062 = PCURVE('',#1349,#4063);
#4063 = DEFINITIONAL_REPRESENTATION('',(#4064),#4068);
#4064 = LINE('',#4065,#4066);
#4065 = CARTESIAN_POINT('',(-7.227468814476,7.105427357601E-15));
#4066 = VECTOR('',#4067,1.);
#4067 = DIRECTION('',(0.707106781187,-0.707106781187));
#4068 = ( GEOMETRIC_REPRESENTATION_CONTEXT(2) 
PARAMETRIC_REPRESENTATION_CONTEXT() REPRESENTATION_CONTEXT('2D SPACE',''
  ) );
#4069 = PCURVE('',#1894,#4070);
#4070 = DEFINITIONAL_REPRESENTATION('',(#4071),#4075);
#4071 = LINE('',#4072,#4073);
#4072 = CARTESIAN_POINT('',(0.,-5.5));
#4073 = VECTOR('',#4074,1.);
#4074 = DIRECTION('',(1.,0.));
#4075 = ( GEOMETRIC_REPRESENTATION_CONTEXT(2) 
PARAMETRIC_REPRESENTATION_CONTEXT() REPRESENTATION_CONTEXT('2D SPACE',''
  ) );
#4076 = ORIENTED_EDGE('',*,*,#4077,.F.);
#4077 = EDGE_CURVE('',#1334,#4055,#4078,.T.);
#4078 = SURFACE_CURVE('',#4079,(#4084,#4095),.PCURVE_S1.);
#4079 = CIRCLE('',#4080,5.6);
#4080 = AXIS2_PLACEMENT_3D('',#4081,#4082,#4083);
#4081 = CARTESIAN_POINT('',(-22.5,28.719595949289,30.));
#4082 = DIRECTION('',(-1.,-0.,0.));
#4083 = DIRECTION('',(0.,-0.707106781187,-0.707106781187));
#4084 = PCURVE('',#1349,#4085);
#4085 = DEFINITIONAL_REPRESENTATION('',(#4086),#4094);
#4086 = ( BOUNDED_CURVE() B_SPLINE_CURVE(2,(#4087,#4088,#4089,#4090,
#4091,#4092,#4093),.UNSPECIFIED.,.T.,.F.) B_SPLINE_CURVE_WITH_KNOTS((1,2
    ,2,2,2,1),(-2.094395102393,0.,2.094395102393,4.188790204786,
6.28318530718,8.377580409573),.UNSPECIFIED.) CURVE() 
GEOMETRIC_REPRESENTATION_ITEM() RATIONAL_B_SPLINE_CURVE((1.,0.5,1.,0.5,
1.,0.5,1.)) REPRESENTATION_ITEM('') );
#4087 = CARTESIAN_POINT('',(-3.267670839831,3.959797974645));
#4088 = CARTESIAN_POINT('',(3.590900439961,10.818369254438));
#4089 = CARTESIAN_POINT('',(6.101311762032,1.449386652574));
#4090 = CARTESIAN_POINT('',(8.611723084103,-7.919595949289));
#4091 = CARTESIAN_POINT('',(-0.757259517761,-5.409184627219));
#4092 = CARTESIAN_POINT('',(-10.12624211962,-2.898773305148));
#4093 = CARTESIAN_POINT('',(-3.267670839831,3.959797974645));
#4094 = ( GEOMETRIC_REPRESENTATION_CONTEXT(2) 
PARAMETRIC_REPRESENTATION_CONTEXT() REPRESENTATION_CONTEXT('2D SPACE',''
  ) );
#4095 = PCURVE('',#1377,#4096);
#4096 = DEFINITIONAL_REPRESENTATION('',(#4097),#4101);
#4097 = LINE('',#4098,#4099);
#4098 = CARTESIAN_POINT('',(-4.712388980385,-5.5));
#4099 = VECTOR('',#4100,1.);
#4100 = DIRECTION('',(1.,-0.));
#4101 = ( GEOMETRIC_REPRESENTATION_CONTEXT(2) 
PARAMETRIC_REPRESENTATION_CONTEXT() REPRESENTATION_CONTEXT('2D SPACE',''
  ) );
#4102 = ORIENTED_EDGE('',*,*,#1333,.T.);
#4103 = ORIENTED_EDGE('',*,*,#4001,.T.);
#4104 = ORIENTED_EDGE('',*,*,#2078,.T.);
#4105 = ORIENTED_EDGE('',*,*,#2006,.T.);
#4106 = ORIENTED_EDGE('',*,*,#4107,.T.);
#4107 = EDGE_CURVE('',#2007,#4027,#4108,.T.);
#4108 = SURFACE_CURVE('',#4109,(#4113,#4120),.PCURVE_S1.);
#4109 = LINE('',#4110,#4111);
#4110 = CARTESIAN_POINT('',(-22.5,28.719595949289,22.080404050711));
#4111 = VECTOR('',#4112,1.);
#4112 = DIRECTION('',(0.,0.,1.));
#4113 = PCURVE('',#1349,#4114);
#4114 = DEFINITIONAL_REPRESENTATION('',(#4115),#4119);
#4115 = LINE('',#4116,#4117);
#4116 = CARTESIAN_POINT('',(-7.227468814476,7.105427357601E-15));
#4117 = VECTOR('',#4118,1.);
#4118 = DIRECTION('',(1.,0.));
#4119 = ( GEOMETRIC_REPRESENTATION_CONTEXT(2) 
PARAMETRIC_REPRESENTATION_CONTEXT() REPRESENTATION_CONTEXT('2D SPACE',''
  ) );
#4120 = PCURVE('',#1968,#4121);
#4121 = DEFINITIONAL_REPRESENTATION('',(#4122),#4126);
#4122 = LINE('',#4123,#4124);
#4123 = CARTESIAN_POINT('',(0.,-5.5));
#4124 = VECTOR('',#4125,1.);
#4125 = DIRECTION('',(1.,0.));
#4126 = ( GEOMETRIC_REPRESENTATION_CONTEXT(2) 
PARAMETRIC_REPRESENTATION_CONTEXT() REPRESENTATION_CONTEXT('2D SPACE',''
  ) );
#4127 = FACE_BOUND('',#4128,.T.);
#4128 = EDGE_LOOP('',(#4129));
#4129 = ORIENTED_EDGE('',*,*,#4130,.F.);
#4130 = EDGE_CURVE('',#4131,#4131,#4133,.T.);
#4131 = VERTEX_POINT('',#4132);
#4132 = CARTESIAN_POINT('',(-22.5,28.719595949289,33.5));
#4133 = SURFACE_CURVE('',#4134,(#4139,#4146),.PCURVE_S1.);
#4134 = CIRCLE('',#4135,3.5);
#4135 = AXIS2_PLACEMENT_3D('',#4136,#4137,#4138);
#4136 = CARTESIAN_POINT('',(-22.5,28.719595949289,30.));
#4137 = DIRECTION('',(1.,0.,0.));
#4138 = DIRECTION('',(-0.,0.,1.));
#4139 = PCURVE('',#1349,#4140);
#4140 = DEFINITIONAL_REPRESENTATION('',(#4141),#4145);
#4141 = CIRCLE('',#4142,3.5);
#4142 = AXIS2_PLACEMENT_2D('',#4143,#4144);
#4143 = CARTESIAN_POINT('',(0.692127134813,7.105427357601E-15));
#4144 = DIRECTION('',(1.,0.));
#4145 = ( GEOMETRIC_REPRESENTATION_CONTEXT(2) 
PARAMETRIC_REPRESENTATION_CONTEXT() REPRESENTATION_CONTEXT('2D SPACE',''
  ) );
#4146 = PCURVE('',#4147,#4152);
#4147 = CONICAL_SURFACE('',#4148,3.5,0.785398163397);
#4148 = AXIS2_PLACEMENT_3D('',#4149,#4150,#4151);
#4149 = CARTESIAN_POINT('',(-22.5,28.719595949289,30.));
#4150 = DIRECTION('',(-1.,-0.,-0.));
#4151 = DIRECTION('',(-0.,0.,1.));
#4152 = DEFINITIONAL_REPRESENTATION('',(#4153),#4157);
#4153 = LINE('',#4154,#4155);
#4154 = CARTESIAN_POINT('',(-0.,-0.));
#4155 = VECTOR('',#4156,1.);
#4156 = DIRECTION('',(-1.,-0.));
#4157 = ( GEOMETRIC_REPRESENTATION_CONTEXT(2) 
PARAMETRIC_REPRESENTATION_CONTEXT() REPRESENTATION_CONTEXT('2D SPACE',''
  ) );
#4158 = ADVANCED_FACE('',(#4159),#1377,.T.);
#4159 = FACE_BOUND('',#4160,.F.);
#4160 = EDGE_LOOP('',(#4161,#4162,#4183,#4184));
#4161 = ORIENTED_EDGE('',*,*,#1906,.F.);
#4162 = ORIENTED_EDGE('',*,*,#4163,.T.);
#4163 = EDGE_CURVE('',#1879,#4055,#4164,.T.);
#4164 = SURFACE_CURVE('',#4165,(#4169,#4176),.PCURVE_S1.);
#4165 = LINE('',#4166,#4167);
#4166 = CARTESIAN_POINT('',(-28.,32.679393923934,26.040202025355));
#4167 = VECTOR('',#4168,1.);
#4168 = DIRECTION('',(1.,0.,0.));
#4169 = PCURVE('',#1377,#4170);
#4170 = DEFINITIONAL_REPRESENTATION('',(#4171),#4175);
#4171 = LINE('',#4172,#4173);
#4172 = CARTESIAN_POINT('',(-0.,0.));
#4173 = VECTOR('',#4174,1.);
#4174 = DIRECTION('',(-0.,-1.));
#4175 = ( GEOMETRIC_REPRESENTATION_CONTEXT(2) 
PARAMETRIC_REPRESENTATION_CONTEXT() REPRESENTATION_CONTEXT('2D SPACE',''
  ) );
#4176 = PCURVE('',#1894,#4177);
#4177 = DEFINITIONAL_REPRESENTATION('',(#4178),#4182);
#4178 = LINE('',#4179,#4180);
#4179 = CARTESIAN_POINT('',(5.6,0.));
#4180 = VECTOR('',#4181,1.);
#4181 = DIRECTION('',(0.,-1.));
#4182 = ( GEOMETRIC_REPRESENTATION_CONTEXT(2) 
PARAMETRIC_REPRESENTATION_CONTEXT() REPRESENTATION_CONTEXT('2D SPACE',''
  ) );
#4183 = ORIENTED_EDGE('',*,*,#4077,.F.);
#4184 = ORIENTED_EDGE('',*,*,#1361,.T.);
#4185 = ADVANCED_FACE('',(#4186),#1430,.F.);
#4186 = FACE_BOUND('',#4187,.T.);
#4187 = EDGE_LOOP('',(#4188,#4209,#4210,#4231));
#4188 = ORIENTED_EDGE('',*,*,#4189,.F.);
#4189 = EDGE_CURVE('',#1412,#4190,#4192,.T.);
#4190 = VERTEX_POINT('',#4191);
#4191 = CARTESIAN_POINT('',(-27.,-16.,29.7));
#4192 = SURFACE_CURVE('',#4193,(#4197,#4203),.PCURVE_S1.);
#4193 = LINE('',#4194,#4195);
#4194 = CARTESIAN_POINT('',(-27.,-16.,29.7));
#4195 = VECTOR('',#4196,1.);
#4196 = DIRECTION('',(0.707106781187,0.,-0.707106781187));
#4197 = PCURVE('',#1430,#4198);
#4198 = DEFINITIONAL_REPRESENTATION('',(#4199),#4202);
#4199 = B_SPLINE_CURVE_WITH_KNOTS('',1,(#4200,#4201),.UNSPECIFIED.,.F.,
  .F.,(2,2),(-0.424264068712,0.),.PIECEWISE_BEZIER_KNOTS.);
#4200 = CARTESIAN_POINT('',(0.,0.3));
#4201 = CARTESIAN_POINT('',(0.,0.));
#4202 = ( GEOMETRIC_REPRESENTATION_CONTEXT(2) 
PARAMETRIC_REPRESENTATION_CONTEXT() REPRESENTATION_CONTEXT('2D SPACE',''
  ) );
#4203 = PCURVE('',#1458,#4204);
#4204 = DEFINITIONAL_REPRESENTATION('',(#4205),#4208);
#4205 = B_SPLINE_CURVE_WITH_KNOTS('',1,(#4206,#4207),.UNSPECIFIED.,.F.,
  .F.,(2,2),(-0.424264068712,0.),.PIECEWISE_BEZIER_KNOTS.);
#4206 = CARTESIAN_POINT('',(32.,-0.212132034356));
#4207 = CARTESIAN_POINT('',(32.,0.212132034356));
#4208 = ( GEOMETRIC_REPRESENTATION_CONTEXT(2) 
PARAMETRIC_REPRESENTATION_CONTEXT() REPRESENTATION_CONTEXT('2D SPACE',''
  ) );
#4209 = ORIENTED_EDGE('',*,*,#1411,.T.);
#4210 = ORIENTED_EDGE('',*,*,#4211,.T.);
#4211 = EDGE_CURVE('',#1414,#4212,#4214,.T.);
#4212 = VERTEX_POINT('',#4213);
#4213 = CARTESIAN_POINT('',(-26.,-17.,29.7));
#4214 = SURFACE_CURVE('',#4215,(#4219,#4225),.PCURVE_S1.);
#4215 = LINE('',#4216,#4217);
#4216 = CARTESIAN_POINT('',(-26.,-17.,29.7));
#4217 = VECTOR('',#4218,1.);
#4218 = DIRECTION('',(4.329780281177E-17,0.707106781187,-0.707106781187)
  );
#4219 = PCURVE('',#1430,#4220);
#4220 = DEFINITIONAL_REPRESENTATION('',(#4221),#4224);
#4221 = B_SPLINE_CURVE_WITH_KNOTS('',1,(#4222,#4223),.UNSPECIFIED.,.F.,
  .F.,(2,2),(-0.424264068712,0.),.PIECEWISE_BEZIER_KNOTS.);
#4222 = CARTESIAN_POINT('',(1.570796326795,0.3));
#4223 = CARTESIAN_POINT('',(1.570796326795,0.));
#4224 = ( GEOMETRIC_REPRESENTATION_CONTEXT(2) 
PARAMETRIC_REPRESENTATION_CONTEXT() REPRESENTATION_CONTEXT('2D SPACE',''
  ) );
#4225 = PCURVE('',#1627,#4226);
#4226 = DEFINITIONAL_REPRESENTATION('',(#4227),#4230);
#4227 = B_SPLINE_CURVE_WITH_KNOTS('',1,(#4228,#4229),.UNSPECIFIED.,.F.,
  .F.,(2,2),(-0.424264068712,0.),.PIECEWISE_BEZIER_KNOTS.);
#4228 = CARTESIAN_POINT('',(0.,-0.212132034356));
#4229 = CARTESIAN_POINT('',(0.,0.212132034356));
#4230 = ( GEOMETRIC_REPRESENTATION_CONTEXT(2) 
PARAMETRIC_REPRESENTATION_CONTEXT() REPRESENTATION_CONTEXT('2D SPACE',''
  ) );
#4231 = ORIENTED_EDGE('',*,*,#4232,.F.);
#4232 = EDGE_CURVE('',#4190,#4212,#4233,.T.);
#4233 = SURFACE_CURVE('',#4234,(#4239,#4246),.PCURVE_S1.);
#4234 = CIRCLE('',#4235,1.);
#4235 = AXIS2_PLACEMENT_3D('',#4236,#4237,#4238);
#4236 = CARTESIAN_POINT('',(-26.,-16.,29.7));
#4237 = DIRECTION('',(0.,0.,1.));
#4238 = DIRECTION('',(-1.,0.,0.));
#4239 = PCURVE('',#1430,#4240);
#4240 = DEFINITIONAL_REPRESENTATION('',(#4241),#4245);
#4241 = LINE('',#4242,#4243);
#4242 = CARTESIAN_POINT('',(0.,-0.));
#4243 = VECTOR('',#4244,1.);
#4244 = DIRECTION('',(1.,-0.));
#4245 = ( GEOMETRIC_REPRESENTATION_CONTEXT(2) 
PARAMETRIC_REPRESENTATION_CONTEXT() REPRESENTATION_CONTEXT('2D SPACE',''
  ) );
#4246 = PCURVE('',#4247,#4252);
#4247 = CYLINDRICAL_SURFACE('',#4248,1.);
#4248 = AXIS2_PLACEMENT_3D('',#4249,#4250,#4251);
#4249 = CARTESIAN_POINT('',(-26.,-16.,2.4));
#4250 = DIRECTION('',(0.,0.,1.));
#4251 = DIRECTION('',(-1.,-0.,0.));
#4252 = DEFINITIONAL_REPRESENTATION('',(#4253),#4257);
#4253 = LINE('',#4254,#4255);
#4254 = CARTESIAN_POINT('',(0.,27.3));
#4255 = VECTOR('',#4256,1.);
#4256 = DIRECTION('',(1.,0.));
#4257 = ( GEOMETRIC_REPRESENTATION_CONTEXT(2) 
PARAMETRIC_REPRESENTATION_CONTEXT() REPRESENTATION_CONTEXT('2D SPACE',''
  ) );
#4258 = ADVANCED_FACE('',(#4259),#1458,.T.);
#4259 = FACE_BOUND('',#4260,.T.);
#4260 = EDGE_LOOP('',(#4261,#4282,#4283,#4284));
#4261 = ORIENTED_EDGE('',*,*,#4262,.F.);
#4262 = EDGE_CURVE('',#1443,#4263,#4265,.T.);
#4263 = VERTEX_POINT('',#4264);
#4264 = CARTESIAN_POINT('',(-27.,16.,29.7));
#4265 = SURFACE_CURVE('',#4266,(#4270,#4276),.PCURVE_S1.);
#4266 = LINE('',#4267,#4268);
#4267 = CARTESIAN_POINT('',(-27.,16.,29.7));
#4268 = VECTOR('',#4269,1.);
#4269 = DIRECTION('',(0.707106781187,-4.329780281177E-17,-0.707106781187
    ));
#4270 = PCURVE('',#1458,#4271);
#4271 = DEFINITIONAL_REPRESENTATION('',(#4272),#4275);
#4272 = B_SPLINE_CURVE_WITH_KNOTS('',1,(#4273,#4274),.UNSPECIFIED.,.F.,
  .F.,(2,2),(-0.424264068712,0.),.PIECEWISE_BEZIER_KNOTS.);
#4273 = CARTESIAN_POINT('',(0.,-0.212132034356));
#4274 = CARTESIAN_POINT('',(0.,0.212132034356));
#4275 = ( GEOMETRIC_REPRESENTATION_CONTEXT(2) 
PARAMETRIC_REPRESENTATION_CONTEXT() REPRESENTATION_CONTEXT('2D SPACE',''
  ) );
#4276 = PCURVE('',#1487,#4277);
#4277 = DEFINITIONAL_REPRESENTATION('',(#4278),#4281);
#4278 = B_SPLINE_CURVE_WITH_KNOTS('',1,(#4279,#4280),.UNSPECIFIED.,.F.,
  .F.,(2,2),(-0.424264068712,0.),.PIECEWISE_BEZIER_KNOTS.);
#4279 = CARTESIAN_POINT('',(1.570796326795,0.3));
#4280 = CARTESIAN_POINT('',(1.570796326795,0.));
#4281 = ( GEOMETRIC_REPRESENTATION_CONTEXT(2) 
PARAMETRIC_REPRESENTATION_CONTEXT() REPRESENTATION_CONTEXT('2D SPACE',''
  ) );
#4282 = ORIENTED_EDGE('',*,*,#1442,.T.);
#4283 = ORIENTED_EDGE('',*,*,#4189,.T.);
#4284 = ORIENTED_EDGE('',*,*,#4285,.F.);
#4285 = EDGE_CURVE('',#4263,#4190,#4286,.T.);
#4286 = SURFACE_CURVE('',#4287,(#4291,#4298),.PCURVE_S1.);
#4287 = LINE('',#4288,#4289);
#4288 = CARTESIAN_POINT('',(-27.,16.,29.7));
#4289 = VECTOR('',#4290,1.);
#4290 = DIRECTION('',(-0.,-1.,-0.));
#4291 = PCURVE('',#1458,#4292);
#4292 = DEFINITIONAL_REPRESENTATION('',(#4293),#4297);
#4293 = LINE('',#4294,#4295);
#4294 = CARTESIAN_POINT('',(0.,0.212132034356));
#4295 = VECTOR('',#4296,1.);
#4296 = DIRECTION('',(1.,0.));
#4297 = ( GEOMETRIC_REPRESENTATION_CONTEXT(2) 
PARAMETRIC_REPRESENTATION_CONTEXT() REPRESENTATION_CONTEXT('2D SPACE',''
  ) );
#4298 = PCURVE('',#4299,#4304);
#4299 = PLANE('',#4300);
#4300 = AXIS2_PLACEMENT_3D('',#4301,#4302,#4303);
#4301 = CARTESIAN_POINT('',(-27.,-17.,2.4));
#4302 = DIRECTION('',(1.,0.,0.));
#4303 = DIRECTION('',(0.,0.,1.));
#4304 = DEFINITIONAL_REPRESENTATION('',(#4305),#4309);
#4305 = LINE('',#4306,#4307);
#4306 = CARTESIAN_POINT('',(27.3,-33.));
#4307 = VECTOR('',#4308,1.);
#4308 = DIRECTION('',(-0.,1.));
#4309 = ( GEOMETRIC_REPRESENTATION_CONTEXT(2) 
PARAMETRIC_REPRESENTATION_CONTEXT() REPRESENTATION_CONTEXT('2D SPACE',''
  ) );
#4310 = ADVANCED_FACE('',(#4311),#1487,.F.);
#4311 = FACE_BOUND('',#4312,.T.);
#4312 = EDGE_LOOP('',(#4313,#4334,#4335,#4336));
#4313 = ORIENTED_EDGE('',*,*,#4314,.F.);
#4314 = EDGE_CURVE('',#1471,#4315,#4317,.T.);
#4315 = VERTEX_POINT('',#4316);
#4316 = CARTESIAN_POINT('',(-26.,17.,29.7));
#4317 = SURFACE_CURVE('',#4318,(#4322,#4328),.PCURVE_S1.);
#4318 = LINE('',#4319,#4320);
#4319 = CARTESIAN_POINT('',(-26.,17.15,29.85));
#4320 = VECTOR('',#4321,1.);
#4321 = DIRECTION('',(-0.,-0.707106781187,-0.707106781187));
#4322 = PCURVE('',#1487,#4323);
#4323 = DEFINITIONAL_REPRESENTATION('',(#4324),#4327);
#4324 = B_SPLINE_CURVE_WITH_KNOTS('',1,(#4325,#4326),.UNSPECIFIED.,.F.,
  .F.,(2,2),(-0.212132034356,0.212132034356),.PIECEWISE_BEZIER_KNOTS.);
#4325 = CARTESIAN_POINT('',(0.,0.3));
#4326 = CARTESIAN_POINT('',(0.,5.887846720064E-16));
#4327 = ( GEOMETRIC_REPRESENTATION_CONTEXT(2) 
PARAMETRIC_REPRESENTATION_CONTEXT() REPRESENTATION_CONTEXT('2D SPACE',''
  ) );
#4328 = PCURVE('',#1515,#4329);
#4329 = DEFINITIONAL_REPRESENTATION('',(#4330),#4333);
#4330 = B_SPLINE_CURVE_WITH_KNOTS('',1,(#4331,#4332),.UNSPECIFIED.,.F.,
  .F.,(2,2),(-0.212132034356,0.212132034356),.PIECEWISE_BEZIER_KNOTS.);
#4331 = CARTESIAN_POINT('',(-52.,-0.212132034356));
#4332 = CARTESIAN_POINT('',(-52.,0.212132034356));
#4333 = ( GEOMETRIC_REPRESENTATION_CONTEXT(2) 
PARAMETRIC_REPRESENTATION_CONTEXT() REPRESENTATION_CONTEXT('2D SPACE',''
  ) );
#4334 = ORIENTED_EDGE('',*,*,#1470,.T.);
#4335 = ORIENTED_EDGE('',*,*,#4262,.T.);
#4336 = ORIENTED_EDGE('',*,*,#4337,.F.);
#4337 = EDGE_CURVE('',#4315,#4263,#4338,.T.);
#4338 = SURFACE_CURVE('',#4339,(#4344,#4351),.PCURVE_S1.);
#4339 = CIRCLE('',#4340,1.);
#4340 = AXIS2_PLACEMENT_3D('',#4341,#4342,#4343);
#4341 = CARTESIAN_POINT('',(-26.,16.,29.7));
#4342 = DIRECTION('',(0.,-0.,1.));
#4343 = DIRECTION('',(0.,1.,0.));
#4344 = PCURVE('',#1487,#4345);
#4345 = DEFINITIONAL_REPRESENTATION('',(#4346),#4350);
#4346 = LINE('',#4347,#4348);
#4347 = CARTESIAN_POINT('',(0.,-0.));
#4348 = VECTOR('',#4349,1.);
#4349 = DIRECTION('',(1.,-0.));
#4350 = ( GEOMETRIC_REPRESENTATION_CONTEXT(2) 
PARAMETRIC_REPRESENTATION_CONTEXT() REPRESENTATION_CONTEXT('2D SPACE',''
  ) );
#4351 = PCURVE('',#4352,#4357);
#4352 = CYLINDRICAL_SURFACE('',#4353,1.);
#4353 = AXIS2_PLACEMENT_3D('',#4354,#4355,#4356);
#4354 = CARTESIAN_POINT('',(-26.,16.,2.4));
#4355 = DIRECTION('',(0.,0.,1.));
#4356 = DIRECTION('',(-1.,-0.,0.));
#4357 = DEFINITIONAL_REPRESENTATION('',(#4358),#4362);
#4358 = LINE('',#4359,#4360);
#4359 = CARTESIAN_POINT('',(-1.570796326795,27.3));
#4360 = VECTOR('',#4361,1.);
#4361 = DIRECTION('',(1.,-0.));
#4362 = ( GEOMETRIC_REPRESENTATION_CONTEXT(2) 
PARAMETRIC_REPRESENTATION_CONTEXT() REPRESENTATION_CONTEXT('2D SPACE',''
  ) );
#4363 = ADVANCED_FACE('',(#4364),#1515,.F.);
#4364 = FACE_BOUND('',#4365,.T.);
#4365 = EDGE_LOOP('',(#4366,#4387,#4388,#4389));
#4366 = ORIENTED_EDGE('',*,*,#4367,.F.);
#4367 = EDGE_CURVE('',#1500,#4368,#4370,.T.);
#4368 = VERTEX_POINT('',#4369);
#4369 = CARTESIAN_POINT('',(26.,17.,29.7));
#4370 = SURFACE_CURVE('',#4371,(#4375,#4381),.PCURVE_S1.);
#4371 = LINE('',#4372,#4373);
#4372 = CARTESIAN_POINT('',(26.,17.,29.7));
#4373 = VECTOR('',#4374,1.);
#4374 = DIRECTION('',(-4.329780281177E-17,-0.707106781187,
    -0.707106781187));
#4375 = PCURVE('',#1515,#4376);
#4376 = DEFINITIONAL_REPRESENTATION('',(#4377),#4380);
#4377 = B_SPLINE_CURVE_WITH_KNOTS('',1,(#4378,#4379),.UNSPECIFIED.,.F.,
  .F.,(2,2),(-0.424264068712,0.),.PIECEWISE_BEZIER_KNOTS.);
#4378 = CARTESIAN_POINT('',(0.,-0.212132034356));
#4379 = CARTESIAN_POINT('',(0.,0.212132034356));
#4380 = ( GEOMETRIC_REPRESENTATION_CONTEXT(2) 
PARAMETRIC_REPRESENTATION_CONTEXT() REPRESENTATION_CONTEXT('2D SPACE',''
  ) );
#4381 = PCURVE('',#1544,#4382);
#4382 = DEFINITIONAL_REPRESENTATION('',(#4383),#4386);
#4383 = B_SPLINE_CURVE_WITH_KNOTS('',1,(#4384,#4385),.UNSPECIFIED.,.F.,
  .F.,(2,2),(-0.424264068712,0.),.PIECEWISE_BEZIER_KNOTS.);
#4384 = CARTESIAN_POINT('',(1.570796326795,0.3));
#4385 = CARTESIAN_POINT('',(1.570796326795,0.));
#4386 = ( GEOMETRIC_REPRESENTATION_CONTEXT(2) 
PARAMETRIC_REPRESENTATION_CONTEXT() REPRESENTATION_CONTEXT('2D SPACE',''
  ) );
#4387 = ORIENTED_EDGE('',*,*,#1499,.T.);
#4388 = ORIENTED_EDGE('',*,*,#4314,.T.);
#4389 = ORIENTED_EDGE('',*,*,#4390,.F.);
#4390 = EDGE_CURVE('',#4368,#4315,#4391,.T.);
#4391 = SURFACE_CURVE('',#4392,(#4396,#4403),.PCURVE_S1.);
#4392 = LINE('',#4393,#4394);
#4393 = CARTESIAN_POINT('',(26.,17.,29.7));
#4394 = VECTOR('',#4395,1.);
#4395 = DIRECTION('',(-1.,0.,0.));
#4396 = PCURVE('',#1515,#4397);
#4397 = DEFINITIONAL_REPRESENTATION('',(#4398),#4402);
#4398 = LINE('',#4399,#4400);
#4399 = CARTESIAN_POINT('',(-0.,0.212132034356));
#4400 = VECTOR('',#4401,1.);
#4401 = DIRECTION('',(-1.,0.));
#4402 = ( GEOMETRIC_REPRESENTATION_CONTEXT(2) 
PARAMETRIC_REPRESENTATION_CONTEXT() REPRESENTATION_CONTEXT('2D SPACE',''
  ) );
#4403 = PCURVE('',#4404,#4409);
#4404 = PLANE('',#4405);
#4405 = AXIS2_PLACEMENT_3D('',#4406,#4407,#4408);
#4406 = CARTESIAN_POINT('',(-27.,17.,2.4));
#4407 = DIRECTION('',(0.,1.,0.));
#4408 = DIRECTION('',(0.,0.,1.));
#4409 = DEFINITIONAL_REPRESENTATION('',(#4410),#4414);
#4410 = LINE('',#4411,#4412);
#4411 = CARTESIAN_POINT('',(27.3,53.));
#4412 = VECTOR('',#4413,1.);
#4413 = DIRECTION('',(0.,-1.));
#4414 = ( GEOMETRIC_REPRESENTATION_CONTEXT(2) 
PARAMETRIC_REPRESENTATION_CONTEXT() REPRESENTATION_CONTEXT('2D SPACE',''
  ) );
#4415 = ADVANCED_FACE('',(#4416),#1544,.F.);
#4416 = FACE_BOUND('',#4417,.T.);
#4417 = EDGE_LOOP('',(#4418,#4439,#4440,#4441));
#4418 = ORIENTED_EDGE('',*,*,#4419,.F.);
#4419 = EDGE_CURVE('',#1528,#4420,#4422,.T.);
#4420 = VERTEX_POINT('',#4421);
#4421 = CARTESIAN_POINT('',(27.,16.,29.7));
#4422 = SURFACE_CURVE('',#4423,(#4427,#4433),.PCURVE_S1.);
#4423 = LINE('',#4424,#4425);
#4424 = CARTESIAN_POINT('',(27.15,16.,29.85));
#4425 = VECTOR('',#4426,1.);
#4426 = DIRECTION('',(-0.707106781187,0.,-0.707106781187));
#4427 = PCURVE('',#1544,#4428);
#4428 = DEFINITIONAL_REPRESENTATION('',(#4429),#4432);
#4429 = B_SPLINE_CURVE_WITH_KNOTS('',1,(#4430,#4431),.UNSPECIFIED.,.F.,
  .F.,(2,2),(-0.212132034356,0.212132034356),.PIECEWISE_BEZIER_KNOTS.);
#4430 = CARTESIAN_POINT('',(0.,0.3));
#4431 = CARTESIAN_POINT('',(0.,5.887846720064E-16));
#4432 = ( GEOMETRIC_REPRESENTATION_CONTEXT(2) 
PARAMETRIC_REPRESENTATION_CONTEXT() REPRESENTATION_CONTEXT('2D SPACE',''
  ) );
#4433 = PCURVE('',#1572,#4434);
#4434 = DEFINITIONAL_REPRESENTATION('',(#4435),#4438);
#4435 = B_SPLINE_CURVE_WITH_KNOTS('',1,(#4436,#4437),.UNSPECIFIED.,.F.,
  .F.,(2,2),(-0.212132034356,0.212132034356),.PIECEWISE_BEZIER_KNOTS.);
#4436 = CARTESIAN_POINT('',(-32.,-0.212132034356));
#4437 = CARTESIAN_POINT('',(-32.,0.212132034356));
#4438 = ( GEOMETRIC_REPRESENTATION_CONTEXT(2) 
PARAMETRIC_REPRESENTATION_CONTEXT() REPRESENTATION_CONTEXT('2D SPACE',''
  ) );
#4439 = ORIENTED_EDGE('',*,*,#1527,.T.);
#4440 = ORIENTED_EDGE('',*,*,#4367,.T.);
#4441 = ORIENTED_EDGE('',*,*,#4442,.F.);
#4442 = EDGE_CURVE('',#4420,#4368,#4443,.T.);
#4443 = SURFACE_CURVE('',#4444,(#4449,#4456),.PCURVE_S1.);
#4444 = CIRCLE('',#4445,1.);
#4445 = AXIS2_PLACEMENT_3D('',#4446,#4447,#4448);
#4446 = CARTESIAN_POINT('',(26.,16.,29.7));
#4447 = DIRECTION('',(0.,0.,1.));
#4448 = DIRECTION('',(1.,0.,-0.));
#4449 = PCURVE('',#1544,#4450);
#4450 = DEFINITIONAL_REPRESENTATION('',(#4451),#4455);
#4451 = LINE('',#4452,#4453);
#4452 = CARTESIAN_POINT('',(0.,-0.));
#4453 = VECTOR('',#4454,1.);
#4454 = DIRECTION('',(1.,-0.));
#4455 = ( GEOMETRIC_REPRESENTATION_CONTEXT(2) 
PARAMETRIC_REPRESENTATION_CONTEXT() REPRESENTATION_CONTEXT('2D SPACE',''
  ) );
#4456 = PCURVE('',#4457,#4462);
#4457 = CYLINDRICAL_SURFACE('',#4458,1.);
#4458 = AXIS2_PLACEMENT_3D('',#4459,#4460,#4461);
#4459 = CARTESIAN_POINT('',(26.,16.,2.4));
#4460 = DIRECTION('',(0.,0.,1.));
#4461 = DIRECTION('',(1.,0.,-0.));
#4462 = DEFINITIONAL_REPRESENTATION('',(#4463),#4467);
#4463 = LINE('',#4464,#4465);
#4464 = CARTESIAN_POINT('',(0.,27.3));
#4465 = VECTOR('',#4466,1.);
#4466 = DIRECTION('',(1.,0.));
#4467 = ( GEOMETRIC_REPRESENTATION_CONTEXT(2) 
PARAMETRIC_REPRESENTATION_CONTEXT() REPRESENTATION_CONTEXT('2D SPACE',''
  ) );
#4468 = ADVANCED_FACE('',(#4469),#1572,.F.);
#4469 = FACE_BOUND('',#4470,.T.);
#4470 = EDGE_LOOP('',(#4471,#4492,#4493,#4494));
#4471 = ORIENTED_EDGE('',*,*,#4472,.F.);
#4472 = EDGE_CURVE('',#1557,#4473,#4475,.T.);
#4473 = VERTEX_POINT('',#4474);
#4474 = CARTESIAN_POINT('',(27.,-16.,29.7));
#4475 = SURFACE_CURVE('',#4476,(#4480,#4486),.PCURVE_S1.);
#4476 = LINE('',#4477,#4478);
#4477 = CARTESIAN_POINT('',(27.,-16.,29.7));
#4478 = VECTOR('',#4479,1.);
#4479 = DIRECTION('',(-0.707106781187,4.329780281177E-17,-0.707106781187
    ));
#4480 = PCURVE('',#1572,#4481);
#4481 = DEFINITIONAL_REPRESENTATION('',(#4482),#4485);
#4482 = B_SPLINE_CURVE_WITH_KNOTS('',1,(#4483,#4484),.UNSPECIFIED.,.F.,
  .F.,(2,2),(-0.424264068712,0.),.PIECEWISE_BEZIER_KNOTS.);
#4483 = CARTESIAN_POINT('',(0.,-0.212132034356));
#4484 = CARTESIAN_POINT('',(0.,0.212132034356));
#4485 = ( GEOMETRIC_REPRESENTATION_CONTEXT(2) 
PARAMETRIC_REPRESENTATION_CONTEXT() REPRESENTATION_CONTEXT('2D SPACE',''
  ) );
#4486 = PCURVE('',#1601,#4487);
#4487 = DEFINITIONAL_REPRESENTATION('',(#4488),#4491);
#4488 = B_SPLINE_CURVE_WITH_KNOTS('',1,(#4489,#4490),.UNSPECIFIED.,.F.,
  .F.,(2,2),(-0.424264068712,0.),.PIECEWISE_BEZIER_KNOTS.);
#4489 = CARTESIAN_POINT('',(1.570796326795,0.3));
#4490 = CARTESIAN_POINT('',(1.570796326795,0.));
#4491 = ( GEOMETRIC_REPRESENTATION_CONTEXT(2) 
PARAMETRIC_REPRESENTATION_CONTEXT() REPRESENTATION_CONTEXT('2D SPACE',''
  ) );
#4492 = ORIENTED_EDGE('',*,*,#1556,.T.);
#4493 = ORIENTED_EDGE('',*,*,#4419,.T.);
#4494 = ORIENTED_EDGE('',*,*,#4495,.F.);
#4495 = EDGE_CURVE('',#4473,#4420,#4496,.T.);
#4496 = SURFACE_CURVE('',#4497,(#4501,#4508),.PCURVE_S1.);
#4497 = LINE('',#4498,#4499);
#4498 = CARTESIAN_POINT('',(27.,-16.,29.7));
#4499 = VECTOR('',#4500,1.);
#4500 = DIRECTION('',(0.,1.,0.));
#4501 = PCURVE('',#1572,#4502);
#4502 = DEFINITIONAL_REPRESENTATION('',(#4503),#4507);
#4503 = LINE('',#4504,#4505);
#4504 = CARTESIAN_POINT('',(-0.,0.212132034356));
#4505 = VECTOR('',#4506,1.);
#4506 = DIRECTION('',(-1.,0.));
#4507 = ( GEOMETRIC_REPRESENTATION_CONTEXT(2) 
PARAMETRIC_REPRESENTATION_CONTEXT() REPRESENTATION_CONTEXT('2D SPACE',''
  ) );
#4508 = PCURVE('',#4509,#4514);
#4509 = PLANE('',#4510);
#4510 = AXIS2_PLACEMENT_3D('',#4511,#4512,#4513);
#4511 = CARTESIAN_POINT('',(27.,-17.,2.4));
#4512 = DIRECTION('',(1.,0.,0.));
#4513 = DIRECTION('',(0.,0.,1.));
#4514 = DEFINITIONAL_REPRESENTATION('',(#4515),#4519);
#4515 = LINE('',#4516,#4517);
#4516 = CARTESIAN_POINT('',(27.3,-1.));
#4517 = VECTOR('',#4518,1.);
#4518 = DIRECTION('',(0.,-1.));
#4519 = ( GEOMETRIC_REPRESENTATION_CONTEXT(2) 
PARAMETRIC_REPRESENTATION_CONTEXT() REPRESENTATION_CONTEXT('2D SPACE',''
  ) );
#4520 = ADVANCED_FACE('',(#4521),#1601,.F.);
#4521 = FACE_BOUND('',#4522,.T.);
#4522 = EDGE_LOOP('',(#4523,#4544,#4545,#4546));
#4523 = ORIENTED_EDGE('',*,*,#4524,.F.);
#4524 = EDGE_CURVE('',#1585,#4525,#4527,.T.);
#4525 = VERTEX_POINT('',#4526);
#4526 = CARTESIAN_POINT('',(26.,-17.,29.7));
#4527 = SURFACE_CURVE('',#4528,(#4532,#4538),.PCURVE_S1.);
#4528 = LINE('',#4529,#4530);
#4529 = CARTESIAN_POINT('',(26.,-17.15,29.85));
#4530 = VECTOR('',#4531,1.);
#4531 = DIRECTION('',(-0.,0.707106781187,-0.707106781187));
#4532 = PCURVE('',#1601,#4533);
#4533 = DEFINITIONAL_REPRESENTATION('',(#4534),#4537);
#4534 = B_SPLINE_CURVE_WITH_KNOTS('',1,(#4535,#4536),.UNSPECIFIED.,.F.,
  .F.,(2,2),(-0.212132034356,0.212132034356),.PIECEWISE_BEZIER_KNOTS.);
#4535 = CARTESIAN_POINT('',(0.,0.3));
#4536 = CARTESIAN_POINT('',(0.,5.887846720064E-16));
#4537 = ( GEOMETRIC_REPRESENTATION_CONTEXT(2) 
PARAMETRIC_REPRESENTATION_CONTEXT() REPRESENTATION_CONTEXT('2D SPACE',''
  ) );
#4538 = PCURVE('',#1627,#4539);
#4539 = DEFINITIONAL_REPRESENTATION('',(#4540),#4543);
#4540 = B_SPLINE_CURVE_WITH_KNOTS('',1,(#4541,#4542),.UNSPECIFIED.,.F.,
  .F.,(2,2),(-0.212132034356,0.212132034356),.PIECEWISE_BEZIER_KNOTS.);
#4541 = CARTESIAN_POINT('',(52.,-0.212132034356));
#4542 = CARTESIAN_POINT('',(52.,0.212132034356));
#4543 = ( GEOMETRIC_REPRESENTATION_CONTEXT(2) 
PARAMETRIC_REPRESENTATION_CONTEXT() REPRESENTATION_CONTEXT('2D SPACE',''
  ) );
#4544 = ORIENTED_EDGE('',*,*,#1584,.T.);
#4545 = ORIENTED_EDGE('',*,*,#4472,.T.);
#4546 = ORIENTED_EDGE('',*,*,#4547,.F.);
#4547 = EDGE_CURVE('',#4525,#4473,#4548,.T.);
#4548 = SURFACE_CURVE('',#4549,(#4554,#4561),.PCURVE_S1.);
#4549 = CIRCLE('',#4550,1.);
#4550 = AXIS2_PLACEMENT_3D('',#4551,#4552,#4553);
#4551 = CARTESIAN_POINT('',(26.,-16.,29.7));
#4552 = DIRECTION('',(0.,0.,1.));
#4553 = DIRECTION('',(0.,-1.,0.));
#4554 = PCURVE('',#1601,#4555);
#4555 = DEFINITIONAL_REPRESENTATION('',(#4556),#4560);
#4556 = LINE('',#4557,#4558);
#4557 = CARTESIAN_POINT('',(0.,-0.));
#4558 = VECTOR('',#4559,1.);
#4559 = DIRECTION('',(1.,-0.));
#4560 = ( GEOMETRIC_REPRESENTATION_CONTEXT(2) 
PARAMETRIC_REPRESENTATION_CONTEXT() REPRESENTATION_CONTEXT('2D SPACE',''
  ) );
#4561 = PCURVE('',#4562,#4567);
#4562 = CYLINDRICAL_SURFACE('',#4563,1.);
#4563 = AXIS2_PLACEMENT_3D('',#4564,#4565,#4566);
#4564 = CARTESIAN_POINT('',(26.,-16.,2.4));
#4565 = DIRECTION('',(0.,0.,1.));
#4566 = DIRECTION('',(1.,0.,-0.));
#4567 = DEFINITIONAL_REPRESENTATION('',(#4568),#4572);
#4568 = LINE('',#4569,#4570);
#4569 = CARTESIAN_POINT('',(-1.570796326795,27.3));
#4570 = VECTOR('',#4571,1.);
#4571 = DIRECTION('',(1.,-0.));
#4572 = ( GEOMETRIC_REPRESENTATION_CONTEXT(2) 
PARAMETRIC_REPRESENTATION_CONTEXT() REPRESENTATION_CONTEXT('2D SPACE',''
  ) );
#4573 = ADVANCED_FACE('',(#4574),#1627,.T.);
#4574 = FACE_BOUND('',#4575,.T.);
#4575 = EDGE_LOOP('',(#4576,#4577,#4578,#4579));
#4576 = ORIENTED_EDGE('',*,*,#4211,.F.);
#4577 = ORIENTED_EDGE('',*,*,#1613,.T.);
#4578 = ORIENTED_EDGE('',*,*,#4524,.T.);
#4579 = ORIENTED_EDGE('',*,*,#4580,.F.);
#4580 = EDGE_CURVE('',#4212,#4525,#4581,.T.);
#4581 = SURFACE_CURVE('',#4582,(#4586,#4593),.PCURVE_S1.);
#4582 = LINE('',#4583,#4584);
#4583 = CARTESIAN_POINT('',(-26.,-17.,29.7));
#4584 = VECTOR('',#4585,1.);
#4585 = DIRECTION('',(1.,-0.,-0.));
#4586 = PCURVE('',#1627,#4587);
#4587 = DEFINITIONAL_REPRESENTATION('',(#4588),#4592);
#4588 = LINE('',#4589,#4590);
#4589 = CARTESIAN_POINT('',(0.,0.212132034356));
#4590 = VECTOR('',#4591,1.);
#4591 = DIRECTION('',(1.,0.));
#4592 = ( GEOMETRIC_REPRESENTATION_CONTEXT(2) 
PARAMETRIC_REPRESENTATION_CONTEXT() REPRESENTATION_CONTEXT('2D SPACE',''
  ) );
#4593 = PCURVE('',#4594,#4599);
#4594 = PLANE('',#4595);
#4595 = AXIS2_PLACEMENT_3D('',#4596,#4597,#4598);
#4596 = CARTESIAN_POINT('',(-27.,-17.,2.4));
#4597 = DIRECTION('',(0.,1.,0.));
#4598 = DIRECTION('',(0.,0.,1.));
#4599 = DEFINITIONAL_REPRESENTATION('',(#4600),#4604);
#4600 = LINE('',#4601,#4602);
#4601 = CARTESIAN_POINT('',(27.3,1.));
#4602 = VECTOR('',#4603,1.);
#4603 = DIRECTION('',(0.,1.));
#4604 = ( GEOMETRIC_REPRESENTATION_CONTEXT(2) 
PARAMETRIC_REPRESENTATION_CONTEXT() REPRESENTATION_CONTEXT('2D SPACE',''
  ) );
#4605 = ADVANCED_FACE('',(#4606),#1777,.F.);
#4606 = FACE_BOUND('',#4607,.T.);
#4607 = EDGE_LOOP('',(#4608,#4609,#4610,#4629));
#4608 = ORIENTED_EDGE('',*,*,#1820,.F.);
#4609 = ORIENTED_EDGE('',*,*,#2053,.T.);
#4610 = ORIENTED_EDGE('',*,*,#4611,.T.);
#4611 = EDGE_CURVE('',#2054,#1729,#4612,.T.);
#4612 = SURFACE_CURVE('',#4613,(#4617,#4623),.PCURVE_S1.);
#4613 = LINE('',#4614,#4615);
#4614 = CARTESIAN_POINT('',(26.,19.6,0.4));
#4615 = VECTOR('',#4616,1.);
#4616 = DIRECTION('',(-0.,-0.707106781187,-0.707106781187));
#4617 = PCURVE('',#1777,#4618);
#4618 = DEFINITIONAL_REPRESENTATION('',(#4619),#4622);
#4619 = B_SPLINE_CURVE_WITH_KNOTS('',1,(#4620,#4621),.UNSPECIFIED.,.F.,
  .F.,(2,2),(-0.565685424949,0.565685424949),.PIECEWISE_BEZIER_KNOTS.);
#4620 = CARTESIAN_POINT('',(-52.,-0.565685424949));
#4621 = CARTESIAN_POINT('',(-52.,0.565685424949));
#4622 = ( GEOMETRIC_REPRESENTATION_CONTEXT(2) 
PARAMETRIC_REPRESENTATION_CONTEXT() REPRESENTATION_CONTEXT('2D SPACE',''
  ) );
#4623 = PCURVE('',#1749,#4624);
#4624 = DEFINITIONAL_REPRESENTATION('',(#4625),#4628);
#4625 = B_SPLINE_CURVE_WITH_KNOTS('',1,(#4626,#4627),.UNSPECIFIED.,.F.,
  .F.,(2,2),(-0.565685424949,0.565685424949),.PIECEWISE_BEZIER_KNOTS.);
#4626 = CARTESIAN_POINT('',(0.,0.));
#4627 = CARTESIAN_POINT('',(0.,-0.8));
#4628 = ( GEOMETRIC_REPRESENTATION_CONTEXT(2) 
PARAMETRIC_REPRESENTATION_CONTEXT() REPRESENTATION_CONTEXT('2D SPACE',''
  ) );
#4629 = ORIENTED_EDGE('',*,*,#1761,.F.);
#4630 = ADVANCED_FACE('',(#4631),#1688,.T.);
#4631 = FACE_BOUND('',#4632,.T.);
#4632 = EDGE_LOOP('',(#4633,#4652,#4653,#4654));
#4633 = ORIENTED_EDGE('',*,*,#4634,.F.);
#4634 = EDGE_CURVE('',#2431,#1668,#4635,.T.);
#4635 = SURFACE_CURVE('',#4636,(#4640,#4646),.PCURVE_S1.);
#4636 = LINE('',#4637,#4638);
#4637 = CARTESIAN_POINT('',(29.6,-16.,0.4));
#4638 = VECTOR('',#4639,1.);
#4639 = DIRECTION('',(-0.707106781187,-0.,-0.707106781187));
#4640 = PCURVE('',#1688,#4641);
#4641 = DEFINITIONAL_REPRESENTATION('',(#4642),#4645);
#4642 = B_SPLINE_CURVE_WITH_KNOTS('',1,(#4643,#4644),.UNSPECIFIED.,.F.,
  .F.,(2,2),(-0.565685424949,0.565685424949),.PIECEWISE_BEZIER_KNOTS.);
#4643 = CARTESIAN_POINT('',(0.,0.));
#4644 = CARTESIAN_POINT('',(0.,-0.8));
#4645 = ( GEOMETRIC_REPRESENTATION_CONTEXT(2) 
PARAMETRIC_REPRESENTATION_CONTEXT() REPRESENTATION_CONTEXT('2D SPACE',''
  ) );
#4646 = PCURVE('',#1716,#4647);
#4647 = DEFINITIONAL_REPRESENTATION('',(#4648),#4651);
#4648 = B_SPLINE_CURVE_WITH_KNOTS('',1,(#4649,#4650),.UNSPECIFIED.,.F.,
  .F.,(2,2),(-0.565685424949,0.565685424949),.PIECEWISE_BEZIER_KNOTS.);
#4649 = CARTESIAN_POINT('',(-32.,-0.565685424949));
#4650 = CARTESIAN_POINT('',(-32.,0.565685424949));
#4651 = ( GEOMETRIC_REPRESENTATION_CONTEXT(2) 
PARAMETRIC_REPRESENTATION_CONTEXT() REPRESENTATION_CONTEXT('2D SPACE',''
  ) );
#4652 = ORIENTED_EDGE('',*,*,#2460,.T.);
#4653 = ORIENTED_EDGE('',*,*,#2405,.T.);
#4654 = ORIENTED_EDGE('',*,*,#1667,.F.);
#4655 = ADVANCED_FACE('',(#4656),#1749,.T.);
#4656 = FACE_BOUND('',#4657,.T.);
#4657 = EDGE_LOOP('',(#4658,#4659,#4683,#4702));
#4658 = ORIENTED_EDGE('',*,*,#4611,.F.);
#4659 = ORIENTED_EDGE('',*,*,#4660,.T.);
#4660 = EDGE_CURVE('',#2054,#4661,#4663,.T.);
#4661 = VERTEX_POINT('',#4662);
#4662 = CARTESIAN_POINT('',(30.,16.,0.8));
#4663 = SURFACE_CURVE('',#4664,(#4669,#4676),.PCURVE_S1.);
#4664 = CIRCLE('',#4665,4.);
#4665 = AXIS2_PLACEMENT_3D('',#4666,#4667,#4668);
#4666 = CARTESIAN_POINT('',(26.,16.,0.8));
#4667 = DIRECTION('',(0.,-0.,-1.));
#4668 = DIRECTION('',(0.,1.,-0.));
#4669 = PCURVE('',#1749,#4670);
#4670 = DEFINITIONAL_REPRESENTATION('',(#4671),#4675);
#4671 = LINE('',#4672,#4673);
#4672 = CARTESIAN_POINT('',(-0.,-0.));
#4673 = VECTOR('',#4674,1.);
#4674 = DIRECTION('',(-1.,-0.));
#4675 = ( GEOMETRIC_REPRESENTATION_CONTEXT(2) 
PARAMETRIC_REPRESENTATION_CONTEXT() REPRESENTATION_CONTEXT('2D SPACE',''
  ) );
#4676 = PCURVE('',#2365,#4677);
#4677 = DEFINITIONAL_REPRESENTATION('',(#4678),#4682);
#4678 = LINE('',#4679,#4680);
#4679 = CARTESIAN_POINT('',(1.570796326795,0.8));
#4680 = VECTOR('',#4681,1.);
#4681 = DIRECTION('',(-1.,-0.));
#4682 = ( GEOMETRIC_REPRESENTATION_CONTEXT(2) 
PARAMETRIC_REPRESENTATION_CONTEXT() REPRESENTATION_CONTEXT('2D SPACE',''
  ) );
#4683 = ORIENTED_EDGE('',*,*,#4684,.T.);
#4684 = EDGE_CURVE('',#4661,#1701,#4685,.T.);
#4685 = SURFACE_CURVE('',#4686,(#4690,#4696),.PCURVE_S1.);
#4686 = LINE('',#4687,#4688);
#4687 = CARTESIAN_POINT('',(30.,16.,0.8));
#4688 = VECTOR('',#4689,1.);
#4689 = DIRECTION('',(-0.707106781187,-4.329780281177E-17,
    -0.707106781187));
#4690 = PCURVE('',#1749,#4691);
#4691 = DEFINITIONAL_REPRESENTATION('',(#4692),#4695);
#4692 = B_SPLINE_CURVE_WITH_KNOTS('',1,(#4693,#4694),.UNSPECIFIED.,.F.,
  .F.,(2,2),(0.,1.131370849898),.PIECEWISE_BEZIER_KNOTS.);
#4693 = CARTESIAN_POINT('',(-1.570796326795,0.));
#4694 = CARTESIAN_POINT('',(-1.570796326795,-0.8));
#4695 = ( GEOMETRIC_REPRESENTATION_CONTEXT(2) 
PARAMETRIC_REPRESENTATION_CONTEXT() REPRESENTATION_CONTEXT('2D SPACE',''
  ) );
#4696 = PCURVE('',#1716,#4697);
#4697 = DEFINITIONAL_REPRESENTATION('',(#4698),#4701);
#4698 = B_SPLINE_CURVE_WITH_KNOTS('',1,(#4699,#4700),.UNSPECIFIED.,.F.,
  .F.,(2,2),(0.,1.131370849898),.PIECEWISE_BEZIER_KNOTS.);
#4699 = CARTESIAN_POINT('',(0.,-0.565685424949));
#4700 = CARTESIAN_POINT('',(0.,0.565685424949));
#4701 = ( GEOMETRIC_REPRESENTATION_CONTEXT(2) 
PARAMETRIC_REPRESENTATION_CONTEXT() REPRESENTATION_CONTEXT('2D SPACE',''
  ) );
#4702 = ORIENTED_EDGE('',*,*,#1728,.F.);
#4703 = ADVANCED_FACE('',(#4704),#1716,.F.);
#4704 = FACE_BOUND('',#4705,.T.);
#4705 = EDGE_LOOP('',(#4706,#4707,#4728,#4729));
#4706 = ORIENTED_EDGE('',*,*,#4684,.F.);
#4707 = ORIENTED_EDGE('',*,*,#4708,.T.);
#4708 = EDGE_CURVE('',#4661,#2431,#4709,.T.);
#4709 = SURFACE_CURVE('',#4710,(#4714,#4721),.PCURVE_S1.);
#4710 = LINE('',#4711,#4712);
#4711 = CARTESIAN_POINT('',(30.,16.,0.8));
#4712 = VECTOR('',#4713,1.);
#4713 = DIRECTION('',(-0.,-1.,-0.));
#4714 = PCURVE('',#1716,#4715);
#4715 = DEFINITIONAL_REPRESENTATION('',(#4716),#4720);
#4716 = LINE('',#4717,#4718);
#4717 = CARTESIAN_POINT('',(-0.,-0.565685424949));
#4718 = VECTOR('',#4719,1.);
#4719 = DIRECTION('',(-1.,0.));
#4720 = ( GEOMETRIC_REPRESENTATION_CONTEXT(2) 
PARAMETRIC_REPRESENTATION_CONTEXT() REPRESENTATION_CONTEXT('2D SPACE',''
  ) );
#4721 = PCURVE('',#2448,#4722);
#4722 = DEFINITIONAL_REPRESENTATION('',(#4723),#4727);
#4723 = LINE('',#4724,#4725);
#4724 = CARTESIAN_POINT('',(0.8,-36.));
#4725 = VECTOR('',#4726,1.);
#4726 = DIRECTION('',(-0.,1.));
#4727 = ( GEOMETRIC_REPRESENTATION_CONTEXT(2) 
PARAMETRIC_REPRESENTATION_CONTEXT() REPRESENTATION_CONTEXT('2D SPACE',''
  ) );
#4728 = ORIENTED_EDGE('',*,*,#4634,.T.);
#4729 = ORIENTED_EDGE('',*,*,#1700,.F.);
#4730 = ADVANCED_FACE('',(#4731),#1866,.T.);
#4731 = FACE_BOUND('',#4732,.F.);
#4732 = EDGE_LOOP('',(#4733,#4754,#4755,#4774));
#4733 = ORIENTED_EDGE('',*,*,#4734,.F.);
#4734 = EDGE_CURVE('',#1844,#4025,#4735,.T.);
#4735 = SURFACE_CURVE('',#4736,(#4740,#4747),.PCURVE_S1.);
#4736 = LINE('',#4737,#4738);
#4737 = CARTESIAN_POINT('',(-28.,29.285281374239,22.64608947566));
#4738 = VECTOR('',#4739,1.);
#4739 = DIRECTION('',(1.,0.,0.));
#4740 = PCURVE('',#1866,#4741);
#4741 = DEFINITIONAL_REPRESENTATION('',(#4742),#4746);
#4742 = LINE('',#4743,#4744);
#4743 = CARTESIAN_POINT('',(-0.,0.));
#4744 = VECTOR('',#4745,1.);
#4745 = DIRECTION('',(-0.,1.));
#4746 = ( GEOMETRIC_REPRESENTATION_CONTEXT(2) 
PARAMETRIC_REPRESENTATION_CONTEXT() REPRESENTATION_CONTEXT('2D SPACE',''
  ) );
#4747 = PCURVE('',#1894,#4748);
#4748 = DEFINITIONAL_REPRESENTATION('',(#4749),#4753);
#4749 = LINE('',#4750,#4751);
#4750 = CARTESIAN_POINT('',(0.8,0.));
#4751 = VECTOR('',#4752,1.);
#4752 = DIRECTION('',(0.,-1.));
#4753 = ( GEOMETRIC_REPRESENTATION_CONTEXT(2) 
PARAMETRIC_REPRESENTATION_CONTEXT() REPRESENTATION_CONTEXT('2D SPACE',''
  ) );
#4754 = ORIENTED_EDGE('',*,*,#1843,.T.);
#4755 = ORIENTED_EDGE('',*,*,#4756,.T.);
#4756 = EDGE_CURVE('',#1846,#4027,#4757,.T.);
#4757 = SURFACE_CURVE('',#4758,(#4762,#4768),.PCURVE_S1.);
#4758 = LINE('',#4759,#4760);
#4759 = CARTESIAN_POINT('',(-28.,28.719595949289,22.411774900609));
#4760 = VECTOR('',#4761,1.);
#4761 = DIRECTION('',(1.,0.,0.));
#4762 = PCURVE('',#1866,#4763);
#4763 = DEFINITIONAL_REPRESENTATION('',(#4764),#4767);
#4764 = B_SPLINE_CURVE_WITH_KNOTS('',1,(#4765,#4766),.UNSPECIFIED.,.F.,
  .F.,(2,2),(-6.000000034589E-07,5.5000006),.PIECEWISE_BEZIER_KNOTS.);
#4765 = CARTESIAN_POINT('',(-0.785398163397,-6.000000034589E-07));
#4766 = CARTESIAN_POINT('',(-0.785398163397,5.5000006));
#4767 = ( GEOMETRIC_REPRESENTATION_CONTEXT(2) 
PARAMETRIC_REPRESENTATION_CONTEXT() REPRESENTATION_CONTEXT('2D SPACE',''
  ) );
#4768 = PCURVE('',#1968,#4769);
#4769 = DEFINITIONAL_REPRESENTATION('',(#4770),#4773);
#4770 = B_SPLINE_CURVE_WITH_KNOTS('',1,(#4771,#4772),.UNSPECIFIED.,.F.,
  .F.,(2,2),(-6.000000034589E-07,5.5000006),.PIECEWISE_BEZIER_KNOTS.);
#4771 = CARTESIAN_POINT('',(0.331370849898,6.000000034589E-07));
#4772 = CARTESIAN_POINT('',(0.331370849898,-5.5000006));
#4773 = ( GEOMETRIC_REPRESENTATION_CONTEXT(2) 
PARAMETRIC_REPRESENTATION_CONTEXT() REPRESENTATION_CONTEXT('2D SPACE',''
  ) );
#4774 = ORIENTED_EDGE('',*,*,#4024,.F.);
#4775 = ADVANCED_FACE('',(#4776),#1968,.F.);
#4776 = FACE_BOUND('',#4777,.F.);
#4777 = EDGE_LOOP('',(#4778,#4779,#4780,#4781));
#4778 = ORIENTED_EDGE('',*,*,#1954,.F.);
#4779 = ORIENTED_EDGE('',*,*,#2029,.T.);
#4780 = ORIENTED_EDGE('',*,*,#4107,.T.);
#4781 = ORIENTED_EDGE('',*,*,#4756,.F.);
#4782 = ADVANCED_FACE('',(#4783),#1894,.F.);
#4783 = FACE_BOUND('',#4784,.F.);
#4784 = EDGE_LOOP('',(#4785,#4786,#4787,#4788));
#4785 = ORIENTED_EDGE('',*,*,#1878,.F.);
#4786 = ORIENTED_EDGE('',*,*,#4734,.T.);
#4787 = ORIENTED_EDGE('',*,*,#4054,.T.);
#4788 = ORIENTED_EDGE('',*,*,#4163,.F.);
#4789 = ADVANCED_FACE('',(#4790),#2365,.T.);
#4790 = FACE_BOUND('',#4791,.T.);
#4791 = EDGE_LOOP('',(#4792,#4793,#4814,#4815,#4816,#4842));
#4792 = ORIENTED_EDGE('',*,*,#2833,.F.);
#4793 = ORIENTED_EDGE('',*,*,#4794,.F.);
#4794 = EDGE_CURVE('',#4661,#2787,#4795,.T.);
#4795 = SURFACE_CURVE('',#4796,(#4800,#4807),.PCURVE_S1.);
#4796 = LINE('',#4797,#4798);
#4797 = CARTESIAN_POINT('',(30.,16.,0.));
#4798 = VECTOR('',#4799,1.);
#4799 = DIRECTION('',(0.,0.,1.));
#4800 = PCURVE('',#2365,#4801);
#4801 = DEFINITIONAL_REPRESENTATION('',(#4802),#4806);
#4802 = LINE('',#4803,#4804);
#4803 = CARTESIAN_POINT('',(0.,0.));
#4804 = VECTOR('',#4805,1.);
#4805 = DIRECTION('',(0.,1.));
#4806 = ( GEOMETRIC_REPRESENTATION_CONTEXT(2) 
PARAMETRIC_REPRESENTATION_CONTEXT() REPRESENTATION_CONTEXT('2D SPACE',''
  ) );
#4807 = PCURVE('',#2448,#4808);
#4808 = DEFINITIONAL_REPRESENTATION('',(#4809),#4813);
#4809 = LINE('',#4810,#4811);
#4810 = CARTESIAN_POINT('',(0.,-36.));
#4811 = VECTOR('',#4812,1.);
#4812 = DIRECTION('',(1.,0.));
#4813 = ( GEOMETRIC_REPRESENTATION_CONTEXT(2) 
PARAMETRIC_REPRESENTATION_CONTEXT() REPRESENTATION_CONTEXT('2D SPACE',''
  ) );
#4814 = ORIENTED_EDGE('',*,*,#4660,.F.);
#4815 = ORIENTED_EDGE('',*,*,#2351,.T.);
#4816 = ORIENTED_EDGE('',*,*,#4817,.F.);
#4817 = EDGE_CURVE('',#2978,#2326,#4818,.T.);
#4818 = SURFACE_CURVE('',#4819,(#4824,#4835),.PCURVE_S1.);
#4819 = ELLIPSE('',#4820,5.656854249492,4.);
#4820 = AXIS2_PLACEMENT_3D('',#4821,#4822,#4823);
#4821 = CARTESIAN_POINT('',(26.,16.,9.360808101421));
#4822 = DIRECTION('',(0.,-0.707106781187,0.707106781187));
#4823 = DIRECTION('',(0.,0.707106781187,0.707106781187));
#4824 = PCURVE('',#2365,#4825);
#4825 = DEFINITIONAL_REPRESENTATION('',(#4826),#4834);
#4826 = B_SPLINE_CURVE_WITH_KNOTS('',6,(#4827,#4828,#4829,#4830,#4831,
    #4832,#4833),.UNSPECIFIED.,.F.,.F.,(7,7),(5.591936270506,
    6.28318530718),.PIECEWISE_BEZIER_KNOTS.);
#4827 = CARTESIAN_POINT('',(0.879547290122,12.442609522668));
#4828 = CARTESIAN_POINT('',(0.9947554629,12.736390363255));
#4829 = CARTESIAN_POINT('',(1.109963635679,12.981085660906));
#4830 = CARTESIAN_POINT('',(1.225171808458,13.169677579737));
#4831 = CARTESIAN_POINT('',(1.340379981237,13.297098177343));
#4832 = CARTESIAN_POINT('',(1.455588154016,13.360808101421));
#4833 = CARTESIAN_POINT('',(1.570796326795,13.360808101421));
#4834 = ( GEOMETRIC_REPRESENTATION_CONTEXT(2) 
PARAMETRIC_REPRESENTATION_CONTEXT() REPRESENTATION_CONTEXT('2D SPACE',''
  ) );
#4835 = PCURVE('',#2340,#4836);
#4836 = DEFINITIONAL_REPRESENTATION('',(#4837),#4841);
#4837 = ELLIPSE('',#4838,5.656854249492,4.);
#4838 = AXIS2_PLACEMENT_2D('',#4839,#4840);
#4839 = CARTESIAN_POINT('',(-4.242640687119,-3.5));
#4840 = DIRECTION('',(1.,0.));
#4841 = ( GEOMETRIC_REPRESENTATION_CONTEXT(2) 
PARAMETRIC_REPRESENTATION_CONTEXT() REPRESENTATION_CONTEXT('2D SPACE',''
  ) );
#4842 = ORIENTED_EDGE('',*,*,#2977,.T.);
#4843 = ADVANCED_FACE('',(#4844),#2340,.F.);
#4844 = FACE_BOUND('',#4845,.F.);
#4845 = EDGE_LOOP('',(#4846,#4847,#4848,#4849,#4850));
#4846 = ORIENTED_EDGE('',*,*,#3173,.F.);
#4847 = ORIENTED_EDGE('',*,*,#2325,.T.);
#4848 = ORIENTED_EDGE('',*,*,#4817,.F.);
#4849 = ORIENTED_EDGE('',*,*,#2998,.T.);
#4850 = ORIENTED_EDGE('',*,*,#4851,.F.);
#4851 = EDGE_CURVE('',#3174,#2999,#4852,.T.);
#4852 = SURFACE_CURVE('',#4853,(#4857,#4864),.PCURVE_S1.);
#4853 = LINE('',#4854,#4855);
#4854 = CARTESIAN_POINT('',(22.5,28.719595949289,22.080404050711));
#4855 = VECTOR('',#4856,1.);
#4856 = DIRECTION('',(1.,0.,0.));
#4857 = PCURVE('',#2340,#4858);
#4858 = DEFINITIONAL_REPRESENTATION('',(#4859),#4863);
#4859 = LINE('',#4860,#4861);
#4860 = CARTESIAN_POINT('',(13.745584412272,0.));
#4861 = VECTOR('',#4862,1.);
#4862 = DIRECTION('',(0.,-1.));
#4863 = ( GEOMETRIC_REPRESENTATION_CONTEXT(2) 
PARAMETRIC_REPRESENTATION_CONTEXT() REPRESENTATION_CONTEXT('2D SPACE',''
  ) );
#4864 = PCURVE('',#3035,#4865);
#4865 = DEFINITIONAL_REPRESENTATION('',(#4866),#4870);
#4866 = LINE('',#4867,#4868);
#4867 = CARTESIAN_POINT('',(0.,0.));
#4868 = VECTOR('',#4869,1.);
#4869 = DIRECTION('',(0.,-1.));
#4870 = ( GEOMETRIC_REPRESENTATION_CONTEXT(2) 
PARAMETRIC_REPRESENTATION_CONTEXT() REPRESENTATION_CONTEXT('2D SPACE',''
  ) );
#4871 = ADVANCED_FACE('',(#4872),#2249,.F.);
#4872 = FACE_BOUND('',#4873,.F.);
#4873 = EDGE_LOOP('',(#4874,#4875,#4876,#4877));
#4874 = ORIENTED_EDGE('',*,*,#3578,.F.);
#4875 = ORIENTED_EDGE('',*,*,#2234,.T.);
#4876 = ORIENTED_EDGE('',*,*,#3372,.T.);
#4877 = ORIENTED_EDGE('',*,*,#4878,.F.);
#4878 = EDGE_CURVE('',#3579,#3373,#4879,.T.);
#4879 = SURFACE_CURVE('',#4880,(#4884,#4891),.PCURVE_S1.);
#4880 = LINE('',#4881,#4882);
#4881 = CARTESIAN_POINT('',(8.,28.719595949289,22.080404050711));
#4882 = VECTOR('',#4883,1.);
#4883 = DIRECTION('',(1.,0.,0.));
#4884 = PCURVE('',#2249,#4885);
#4885 = DEFINITIONAL_REPRESENTATION('',(#4886),#4890);
#4886 = LINE('',#4887,#4888);
#4887 = CARTESIAN_POINT('',(13.745584412272,0.));
#4888 = VECTOR('',#4889,1.);
#4889 = DIRECTION('',(0.,-1.));
#4890 = ( GEOMETRIC_REPRESENTATION_CONTEXT(2) 
PARAMETRIC_REPRESENTATION_CONTEXT() REPRESENTATION_CONTEXT('2D SPACE',''
  ) );
#4891 = PCURVE('',#3409,#4892);
#4892 = DEFINITIONAL_REPRESENTATION('',(#4893),#4897);
#4893 = LINE('',#4894,#4895);
#4894 = CARTESIAN_POINT('',(0.,0.));
#4895 = VECTOR('',#4896,1.);
#4896 = DIRECTION('',(0.,-1.));
#4897 = ( GEOMETRIC_REPRESENTATION_CONTEXT(2) 
PARAMETRIC_REPRESENTATION_CONTEXT() REPRESENTATION_CONTEXT('2D SPACE',''
  ) );
#4898 = ADVANCED_FACE('',(#4899),#2158,.F.);
#4899 = FACE_BOUND('',#4900,.F.);
#4900 = EDGE_LOOP('',(#4901,#4902,#4903,#4904));
#4901 = ORIENTED_EDGE('',*,*,#3917,.F.);
#4902 = ORIENTED_EDGE('',*,*,#2143,.T.);
#4903 = ORIENTED_EDGE('',*,*,#3742,.T.);
#4904 = ORIENTED_EDGE('',*,*,#4905,.F.);
#4905 = EDGE_CURVE('',#3918,#3743,#4906,.T.);
#4906 = SURFACE_CURVE('',#4907,(#4911,#4918),.PCURVE_S1.);
#4907 = LINE('',#4908,#4909);
#4908 = CARTESIAN_POINT('',(-13.5,28.719595949289,22.080404050711));
#4909 = VECTOR('',#4910,1.);
#4910 = DIRECTION('',(1.,0.,0.));
#4911 = PCURVE('',#2158,#4912);
#4912 = DEFINITIONAL_REPRESENTATION('',(#4913),#4917);
#4913 = LINE('',#4914,#4915);
#4914 = CARTESIAN_POINT('',(13.745584412272,0.));
#4915 = VECTOR('',#4916,1.);
#4916 = DIRECTION('',(0.,-1.));
#4917 = ( GEOMETRIC_REPRESENTATION_CONTEXT(2) 
PARAMETRIC_REPRESENTATION_CONTEXT() REPRESENTATION_CONTEXT('2D SPACE',''
  ) );
#4918 = PCURVE('',#3779,#4919);
#4919 = DEFINITIONAL_REPRESENTATION('',(#4920),#4924);
#4920 = LINE('',#4921,#4922);
#4921 = CARTESIAN_POINT('',(0.,0.));
#4922 = VECTOR('',#4923,1.);
#4923 = DIRECTION('',(0.,-1.));
#4924 = ( GEOMETRIC_REPRESENTATION_CONTEXT(2) 
PARAMETRIC_REPRESENTATION_CONTEXT() REPRESENTATION_CONTEXT('2D SPACE',''
  ) );
#4925 = ADVANCED_FACE('',(#4926),#2448,.T.);
#4926 = FACE_BOUND('',#4927,.T.);
#4927 = EDGE_LOOP('',(#4928,#4929,#4930,#4931));
#4928 = ORIENTED_EDGE('',*,*,#2430,.F.);
#4929 = ORIENTED_EDGE('',*,*,#4708,.F.);
#4930 = ORIENTED_EDGE('',*,*,#4794,.T.);
#4931 = ORIENTED_EDGE('',*,*,#2786,.F.);
#4932 = ADVANCED_FACE('',(#4933),#2569,.T.);
#4933 = FACE_BOUND('',#4934,.T.);
#4934 = EDGE_LOOP('',(#4935,#4936,#4937,#4938));
#4935 = ORIENTED_EDGE('',*,*,#2585,.F.);
#4936 = ORIENTED_EDGE('',*,*,#2555,.T.);
#4937 = ORIENTED_EDGE('',*,*,#2711,.T.);
#4938 = ORIENTED_EDGE('',*,*,#4939,.F.);
#4939 = EDGE_CURVE('',#2586,#2712,#4940,.T.);
#4940 = SURFACE_CURVE('',#4941,(#4945,#4952),.PCURVE_S1.);
#4941 = LINE('',#4942,#4943);
#4942 = CARTESIAN_POINT('',(-5.,-23.4,24.4));
#4943 = VECTOR('',#4944,1.);
#4944 = DIRECTION('',(1.,0.,0.));
#4945 = PCURVE('',#2569,#4946);
#4946 = DEFINITIONAL_REPRESENTATION('',(#4947),#4951);
#4947 = LINE('',#4948,#4949);
#4948 = CARTESIAN_POINT('',(3.7,0.));
#4949 = VECTOR('',#4950,1.);
#4950 = DIRECTION('',(0.,-1.));
#4951 = ( GEOMETRIC_REPRESENTATION_CONTEXT(2) 
PARAMETRIC_REPRESENTATION_CONTEXT() REPRESENTATION_CONTEXT('2D SPACE',''
  ) );
#4952 = PCURVE('',#2624,#4953);
#4953 = DEFINITIONAL_REPRESENTATION('',(#4954),#4958);
#4954 = LINE('',#4955,#4956);
#4955 = CARTESIAN_POINT('',(0.,0.));
#4956 = VECTOR('',#4957,1.);
#4957 = DIRECTION('',(0.,-1.));
#4958 = ( GEOMETRIC_REPRESENTATION_CONTEXT(2) 
PARAMETRIC_REPRESENTATION_CONTEXT() REPRESENTATION_CONTEXT('2D SPACE',''
  ) );
#4959 = ADVANCED_FACE('',(#4960),#2624,.T.);
#4960 = FACE_BOUND('',#4961,.T.);
#4961 = EDGE_LOOP('',(#4962,#4963,#4964,#4965));
#4962 = ORIENTED_EDGE('',*,*,#4939,.T.);
#4963 = ORIENTED_EDGE('',*,*,#2734,.T.);
#4964 = ORIENTED_EDGE('',*,*,#2662,.F.);
#4965 = ORIENTED_EDGE('',*,*,#2608,.F.);
#4966 = ADVANCED_FACE('',(#4967),#2909,.T.);
#4967 = FACE_BOUND('',#4968,.F.);
#4968 = EDGE_LOOP('',(#4969,#4990,#4991,#5010));
#4969 = ORIENTED_EDGE('',*,*,#4970,.F.);
#4970 = EDGE_CURVE('',#3101,#2887,#4971,.T.);
#4971 = SURFACE_CURVE('',#4972,(#4976,#4983),.PCURVE_S1.);
#4972 = LINE('',#4973,#4974);
#4973 = CARTESIAN_POINT('',(22.5,29.285281374239,22.64608947566));
#4974 = VECTOR('',#4975,1.);
#4975 = DIRECTION('',(1.,0.,0.));
#4976 = PCURVE('',#2909,#4977);
#4977 = DEFINITIONAL_REPRESENTATION('',(#4978),#4982);
#4978 = LINE('',#4979,#4980);
#4979 = CARTESIAN_POINT('',(-0.,0.));
#4980 = VECTOR('',#4981,1.);
#4981 = DIRECTION('',(-0.,1.));
#4982 = ( GEOMETRIC_REPRESENTATION_CONTEXT(2) 
PARAMETRIC_REPRESENTATION_CONTEXT() REPRESENTATION_CONTEXT('2D SPACE',''
  ) );
#4983 = PCURVE('',#2937,#4984);
#4984 = DEFINITIONAL_REPRESENTATION('',(#4985),#4989);
#4985 = LINE('',#4986,#4987);
#4986 = CARTESIAN_POINT('',(0.8,0.));
#4987 = VECTOR('',#4988,1.);
#4988 = DIRECTION('',(0.,-1.));
#4989 = ( GEOMETRIC_REPRESENTATION_CONTEXT(2) 
PARAMETRIC_REPRESENTATION_CONTEXT() REPRESENTATION_CONTEXT('2D SPACE',''
  ) );
#4990 = ORIENTED_EDGE('',*,*,#3100,.T.);
#4991 = ORIENTED_EDGE('',*,*,#4992,.T.);
#4992 = EDGE_CURVE('',#3103,#2889,#4993,.T.);
#4993 = SURFACE_CURVE('',#4994,(#4998,#5004),.PCURVE_S1.);
#4994 = LINE('',#4995,#4996);
#4995 = CARTESIAN_POINT('',(22.5,28.719595949289,22.411774900609));
#4996 = VECTOR('',#4997,1.);
#4997 = DIRECTION('',(1.,0.,0.));
#4998 = PCURVE('',#2909,#4999);
#4999 = DEFINITIONAL_REPRESENTATION('',(#5000),#5003);
#5000 = B_SPLINE_CURVE_WITH_KNOTS('',1,(#5001,#5002),.UNSPECIFIED.,.F.,
  .F.,(2,2),(-5.999999963535E-07,5.5000006),.PIECEWISE_BEZIER_KNOTS.);
#5001 = CARTESIAN_POINT('',(-0.785398163397,-5.999999963535E-07));
#5002 = CARTESIAN_POINT('',(-0.785398163397,5.5000006));
#5003 = ( GEOMETRIC_REPRESENTATION_CONTEXT(2) 
PARAMETRIC_REPRESENTATION_CONTEXT() REPRESENTATION_CONTEXT('2D SPACE',''
  ) );
#5004 = PCURVE('',#3035,#5005);
#5005 = DEFINITIONAL_REPRESENTATION('',(#5006),#5009);
#5006 = B_SPLINE_CURVE_WITH_KNOTS('',1,(#5007,#5008),.UNSPECIFIED.,.F.,
  .F.,(2,2),(-5.999999963535E-07,5.5000006),.PIECEWISE_BEZIER_KNOTS.);
#5007 = CARTESIAN_POINT('',(0.331370849898,5.999999963535E-07));
#5008 = CARTESIAN_POINT('',(0.331370849898,-5.5000006));
#5009 = ( GEOMETRIC_REPRESENTATION_CONTEXT(2) 
PARAMETRIC_REPRESENTATION_CONTEXT() REPRESENTATION_CONTEXT('2D SPACE',''
  ) );
#5010 = ORIENTED_EDGE('',*,*,#2886,.F.);
#5011 = ADVANCED_FACE('',(#5012),#3035,.F.);
#5012 = FACE_BOUND('',#5013,.F.);
#5013 = EDGE_LOOP('',(#5014,#5015,#5016,#5017));
#5014 = ORIENTED_EDGE('',*,*,#3196,.F.);
#5015 = ORIENTED_EDGE('',*,*,#4851,.T.);
#5016 = ORIENTED_EDGE('',*,*,#3021,.T.);
#5017 = ORIENTED_EDGE('',*,*,#4992,.F.);
#5018 = ADVANCED_FACE('',(#5019),#2937,.F.);
#5019 = FACE_BOUND('',#5020,.F.);
#5020 = EDGE_LOOP('',(#5021,#5022,#5023,#5024));
#5021 = ORIENTED_EDGE('',*,*,#3130,.F.);
#5022 = ORIENTED_EDGE('',*,*,#4970,.T.);
#5023 = ORIENTED_EDGE('',*,*,#2921,.T.);
#5024 = ORIENTED_EDGE('',*,*,#3074,.F.);
#5025 = ADVANCED_FACE('',(#5026),#3240,.T.);
#5026 = FACE_BOUND('',#5027,.T.);
#5027 = EDGE_LOOP('',(#5028,#5057,#5078,#5079));
#5028 = ORIENTED_EDGE('',*,*,#5029,.F.);
#5029 = EDGE_CURVE('',#5030,#5030,#5032,.T.);
#5030 = VERTEX_POINT('',#5031);
#5031 = CARTESIAN_POINT('',(19.12,28.719595949289,29.88));
#5032 = SURFACE_CURVE('',#5033,(#5038,#5045),.PCURVE_S1.);
#5033 = CIRCLE('',#5034,0.12);
#5034 = AXIS2_PLACEMENT_3D('',#5035,#5036,#5037);
#5035 = CARTESIAN_POINT('',(19.12,28.719595949289,30.));
#5036 = DIRECTION('',(-1.,0.,0.));
#5037 = DIRECTION('',(0.,0.,-1.));
#5038 = PCURVE('',#3240,#5039);
#5039 = DEFINITIONAL_REPRESENTATION('',(#5040),#5044);
#5040 = LINE('',#5041,#5042);
#5041 = CARTESIAN_POINT('',(-0.,-3.38));
#5042 = VECTOR('',#5043,1.);
#5043 = DIRECTION('',(-1.,-0.));
#5044 = ( GEOMETRIC_REPRESENTATION_CONTEXT(2) 
PARAMETRIC_REPRESENTATION_CONTEXT() REPRESENTATION_CONTEXT('2D SPACE',''
  ) );
#5045 = PCURVE('',#5046,#5051);
#5046 = PLANE('',#5047);
#5047 = AXIS2_PLACEMENT_3D('',#5048,#5049,#5050);
#5048 = CARTESIAN_POINT('',(19.12,28.719595949289,30.));
#5049 = DIRECTION('',(-1.,0.,0.));
#5050 = DIRECTION('',(0.,0.,-1.));
#5051 = DEFINITIONAL_REPRESENTATION('',(#5052),#5056);
#5052 = CIRCLE('',#5053,0.12);
#5053 = AXIS2_PLACEMENT_2D('',#5054,#5055);
#5054 = CARTESIAN_POINT('',(0.,0.));
#5055 = DIRECTION('',(1.,0.));
#5056 = ( GEOMETRIC_REPRESENTATION_CONTEXT(2) 
PARAMETRIC_REPRESENTATION_CONTEXT() REPRESENTATION_CONTEXT('2D SPACE',''
  ) );
#5057 = ORIENTED_EDGE('',*,*,#5058,.F.);
#5058 = EDGE_CURVE('',#3220,#5030,#5059,.T.);
#5059 = SEAM_CURVE('',#5060,(#5064,#5071),.PCURVE_S1.);
#5060 = LINE('',#5061,#5062);
#5061 = CARTESIAN_POINT('',(22.5,28.719595949289,26.5));
#5062 = VECTOR('',#5063,1.);
#5063 = DIRECTION('',(-0.707106781187,-1.731912112471E-16,0.707106781187
    ));
#5064 = PCURVE('',#3240,#5065);
#5065 = DEFINITIONAL_REPRESENTATION('',(#5066),#5070);
#5066 = LINE('',#5067,#5068);
#5067 = CARTESIAN_POINT('',(-6.28318530718,0.));
#5068 = VECTOR('',#5069,1.);
#5069 = DIRECTION('',(-0.,-1.));
#5070 = ( GEOMETRIC_REPRESENTATION_CONTEXT(2) 
PARAMETRIC_REPRESENTATION_CONTEXT() REPRESENTATION_CONTEXT('2D SPACE',''
  ) );
#5071 = PCURVE('',#3240,#5072);
#5072 = DEFINITIONAL_REPRESENTATION('',(#5073),#5077);
#5073 = LINE('',#5074,#5075);
#5074 = CARTESIAN_POINT('',(0.,-0.));
#5075 = VECTOR('',#5076,1.);
#5076 = DIRECTION('',(-0.,-1.));
#5077 = ( GEOMETRIC_REPRESENTATION_CONTEXT(2) 
PARAMETRIC_REPRESENTATION_CONTEXT() REPRESENTATION_CONTEXT('2D SPACE',''
  ) );
#5078 = ORIENTED_EDGE('',*,*,#3219,.T.);
#5079 = ORIENTED_EDGE('',*,*,#5058,.T.);
#5080 = ADVANCED_FACE('',(#5081),#3303,.T.);
#5081 = FACE_BOUND('',#5082,.F.);
#5082 = EDGE_LOOP('',(#5083,#5104,#5105,#5124));
#5083 = ORIENTED_EDGE('',*,*,#5084,.F.);
#5084 = EDGE_CURVE('',#3506,#3281,#5085,.T.);
#5085 = SURFACE_CURVE('',#5086,(#5090,#5097),.PCURVE_S1.);
#5086 = LINE('',#5087,#5088);
#5087 = CARTESIAN_POINT('',(8.,29.285281374239,22.64608947566));
#5088 = VECTOR('',#5089,1.);
#5089 = DIRECTION('',(1.,0.,0.));
#5090 = PCURVE('',#3303,#5091);
#5091 = DEFINITIONAL_REPRESENTATION('',(#5092),#5096);
#5092 = LINE('',#5093,#5094);
#5093 = CARTESIAN_POINT('',(-0.,0.));
#5094 = VECTOR('',#5095,1.);
#5095 = DIRECTION('',(-0.,1.));
#5096 = ( GEOMETRIC_REPRESENTATION_CONTEXT(2) 
PARAMETRIC_REPRESENTATION_CONTEXT() REPRESENTATION_CONTEXT('2D SPACE',''
  ) );
#5097 = PCURVE('',#3331,#5098);
#5098 = DEFINITIONAL_REPRESENTATION('',(#5099),#5103);
#5099 = LINE('',#5100,#5101);
#5100 = CARTESIAN_POINT('',(0.8,0.));
#5101 = VECTOR('',#5102,1.);
#5102 = DIRECTION('',(0.,-1.));
#5103 = ( GEOMETRIC_REPRESENTATION_CONTEXT(2) 
PARAMETRIC_REPRESENTATION_CONTEXT() REPRESENTATION_CONTEXT('2D SPACE',''
  ) );
#5104 = ORIENTED_EDGE('',*,*,#3505,.T.);
#5105 = ORIENTED_EDGE('',*,*,#5106,.T.);
#5106 = EDGE_CURVE('',#3508,#3283,#5107,.T.);
#5107 = SURFACE_CURVE('',#5108,(#5112,#5118),.PCURVE_S1.);
#5108 = LINE('',#5109,#5110);
#5109 = CARTESIAN_POINT('',(8.,28.719595949289,22.411774900609));
#5110 = VECTOR('',#5111,1.);
#5111 = DIRECTION('',(1.,0.,0.));
#5112 = PCURVE('',#3303,#5113);
#5113 = DEFINITIONAL_REPRESENTATION('',(#5114),#5117);
#5114 = B_SPLINE_CURVE_WITH_KNOTS('',1,(#5115,#5116),.UNSPECIFIED.,.F.,
  .F.,(2,2),(-5.999999999062E-07,5.5000006),.PIECEWISE_BEZIER_KNOTS.);
#5115 = CARTESIAN_POINT('',(-0.785398163397,-5.999999999062E-07));
#5116 = CARTESIAN_POINT('',(-0.785398163397,5.5000006));
#5117 = ( GEOMETRIC_REPRESENTATION_CONTEXT(2) 
PARAMETRIC_REPRESENTATION_CONTEXT() REPRESENTATION_CONTEXT('2D SPACE',''
  ) );
#5118 = PCURVE('',#3409,#5119);
#5119 = DEFINITIONAL_REPRESENTATION('',(#5120),#5123);
#5120 = B_SPLINE_CURVE_WITH_KNOTS('',1,(#5121,#5122),.UNSPECIFIED.,.F.,
  .F.,(2,2),(-5.999999999062E-07,5.5000006),.PIECEWISE_BEZIER_KNOTS.);
#5121 = CARTESIAN_POINT('',(0.331370849898,5.999999999062E-07));
#5122 = CARTESIAN_POINT('',(0.331370849898,-5.5000006));
#5123 = ( GEOMETRIC_REPRESENTATION_CONTEXT(2) 
PARAMETRIC_REPRESENTATION_CONTEXT() REPRESENTATION_CONTEXT('2D SPACE',''
  ) );
#5124 = ORIENTED_EDGE('',*,*,#3280,.F.);
#5125 = ADVANCED_FACE('',(#5126),#3409,.F.);
#5126 = FACE_BOUND('',#5127,.F.);
#5127 = EDGE_LOOP('',(#5128,#5129,#5130,#5131));
#5128 = ORIENTED_EDGE('',*,*,#3601,.F.);
#5129 = ORIENTED_EDGE('',*,*,#4878,.T.);
#5130 = ORIENTED_EDGE('',*,*,#3395,.T.);
#5131 = ORIENTED_EDGE('',*,*,#5106,.F.);
#5132 = ADVANCED_FACE('',(#5133),#3331,.F.);
#5133 = FACE_BOUND('',#5134,.F.);
#5134 = EDGE_LOOP('',(#5135,#5136,#5137,#5138));
#5135 = ORIENTED_EDGE('',*,*,#3535,.F.);
#5136 = ORIENTED_EDGE('',*,*,#5084,.T.);
#5137 = ORIENTED_EDGE('',*,*,#3315,.T.);
#5138 = ORIENTED_EDGE('',*,*,#3479,.F.);
#5139 = ADVANCED_FACE('',(#5140),#3440,.T.);
#5140 = FACE_BOUND('',#5141,.T.);
#5141 = EDGE_LOOP('',(#5142,#5171,#5192,#5193));
#5142 = ORIENTED_EDGE('',*,*,#5143,.F.);
#5143 = EDGE_CURVE('',#5144,#5144,#5146,.T.);
#5144 = VERTEX_POINT('',#5145);
#5145 = CARTESIAN_POINT('',(16.88,28.719595949289,30.12));
#5146 = SURFACE_CURVE('',#5147,(#5152,#5159),.PCURVE_S1.);
#5147 = CIRCLE('',#5148,0.12);
#5148 = AXIS2_PLACEMENT_3D('',#5149,#5150,#5151);
#5149 = CARTESIAN_POINT('',(16.88,28.719595949289,30.));
#5150 = DIRECTION('',(1.,0.,0.));
#5151 = DIRECTION('',(-0.,0.,1.));
#5152 = PCURVE('',#3440,#5153);
#5153 = DEFINITIONAL_REPRESENTATION('',(#5154),#5158);
#5154 = LINE('',#5155,#5156);
#5155 = CARTESIAN_POINT('',(-0.,-3.38));
#5156 = VECTOR('',#5157,1.);
#5157 = DIRECTION('',(-1.,-0.));
#5158 = ( GEOMETRIC_REPRESENTATION_CONTEXT(2) 
PARAMETRIC_REPRESENTATION_CONTEXT() REPRESENTATION_CONTEXT('2D SPACE',''
  ) );
#5159 = PCURVE('',#5160,#5165);
#5160 = PLANE('',#5161);
#5161 = AXIS2_PLACEMENT_3D('',#5162,#5163,#5164);
#5162 = CARTESIAN_POINT('',(16.88,28.719595949289,30.));
#5163 = DIRECTION('',(1.,0.,0.));
#5164 = DIRECTION('',(-0.,0.,1.));
#5165 = DEFINITIONAL_REPRESENTATION('',(#5166),#5170);
#5166 = CIRCLE('',#5167,0.12);
#5167 = AXIS2_PLACEMENT_2D('',#5168,#5169);
#5168 = CARTESIAN_POINT('',(0.,0.));
#5169 = DIRECTION('',(1.,0.));
#5170 = ( GEOMETRIC_REPRESENTATION_CONTEXT(2) 
PARAMETRIC_REPRESENTATION_CONTEXT() REPRESENTATION_CONTEXT('2D SPACE',''
  ) );
#5171 = ORIENTED_EDGE('',*,*,#5172,.F.);
#5172 = EDGE_CURVE('',#3424,#5144,#5173,.T.);
#5173 = SEAM_CURVE('',#5174,(#5178,#5185),.PCURVE_S1.);
#5174 = LINE('',#5175,#5176);
#5175 = CARTESIAN_POINT('',(13.5,28.719595949289,33.5));
#5176 = VECTOR('',#5177,1.);
#5177 = DIRECTION('',(0.707106781187,-1.731912112471E-16,-0.707106781187
    ));
#5178 = PCURVE('',#3440,#5179);
#5179 = DEFINITIONAL_REPRESENTATION('',(#5180),#5184);
#5180 = LINE('',#5181,#5182);
#5181 = CARTESIAN_POINT('',(-6.28318530718,0.));
#5182 = VECTOR('',#5183,1.);
#5183 = DIRECTION('',(-0.,-1.));
#5184 = ( GEOMETRIC_REPRESENTATION_CONTEXT(2) 
PARAMETRIC_REPRESENTATION_CONTEXT() REPRESENTATION_CONTEXT('2D SPACE',''
  ) );
#5185 = PCURVE('',#3440,#5186);
#5186 = DEFINITIONAL_REPRESENTATION('',(#5187),#5191);
#5187 = LINE('',#5188,#5189);
#5188 = CARTESIAN_POINT('',(0.,-0.));
#5189 = VECTOR('',#5190,1.);
#5190 = DIRECTION('',(-0.,-1.));
#5191 = ( GEOMETRIC_REPRESENTATION_CONTEXT(2) 
PARAMETRIC_REPRESENTATION_CONTEXT() REPRESENTATION_CONTEXT('2D SPACE',''
  ) );
#5192 = ORIENTED_EDGE('',*,*,#3423,.T.);
#5193 = ORIENTED_EDGE('',*,*,#5172,.T.);
#5194 = ADVANCED_FACE('',(#5195),#3673,.T.);
#5195 = FACE_BOUND('',#5196,.F.);
#5196 = EDGE_LOOP('',(#5197,#5218,#5219,#5238));
#5197 = ORIENTED_EDGE('',*,*,#5198,.F.);
#5198 = EDGE_CURVE('',#3845,#3651,#5199,.T.);
#5199 = SURFACE_CURVE('',#5200,(#5204,#5211),.PCURVE_S1.);
#5200 = LINE('',#5201,#5202);
#5201 = CARTESIAN_POINT('',(-13.5,29.285281374239,22.64608947566));
#5202 = VECTOR('',#5203,1.);
#5203 = DIRECTION('',(1.,0.,0.));
#5204 = PCURVE('',#3673,#5205);
#5205 = DEFINITIONAL_REPRESENTATION('',(#5206),#5210);
#5206 = LINE('',#5207,#5208);
#5207 = CARTESIAN_POINT('',(-0.,0.));
#5208 = VECTOR('',#5209,1.);
#5209 = DIRECTION('',(-0.,1.));
#5210 = ( GEOMETRIC_REPRESENTATION_CONTEXT(2) 
PARAMETRIC_REPRESENTATION_CONTEXT() REPRESENTATION_CONTEXT('2D SPACE',''
  ) );
#5211 = PCURVE('',#3701,#5212);
#5212 = DEFINITIONAL_REPRESENTATION('',(#5213),#5217);
#5213 = LINE('',#5214,#5215);
#5214 = CARTESIAN_POINT('',(0.8,0.));
#5215 = VECTOR('',#5216,1.);
#5216 = DIRECTION('',(0.,-1.));
#5217 = ( GEOMETRIC_REPRESENTATION_CONTEXT(2) 
PARAMETRIC_REPRESENTATION_CONTEXT() REPRESENTATION_CONTEXT('2D SPACE',''
  ) );
#5218 = ORIENTED_EDGE('',*,*,#3844,.T.);
#5219 = ORIENTED_EDGE('',*,*,#5220,.T.);
#5220 = EDGE_CURVE('',#3847,#3653,#5221,.T.);
#5221 = SURFACE_CURVE('',#5222,(#5226,#5232),.PCURVE_S1.);
#5222 = LINE('',#5223,#5224);
#5223 = CARTESIAN_POINT('',(-13.5,28.719595949289,22.411774900609));
#5224 = VECTOR('',#5225,1.);
#5225 = DIRECTION('',(1.,0.,0.));
#5226 = PCURVE('',#3673,#5227);
#5227 = DEFINITIONAL_REPRESENTATION('',(#5228),#5231);
#5228 = B_SPLINE_CURVE_WITH_KNOTS('',1,(#5229,#5230),.UNSPECIFIED.,.F.,
  .F.,(2,2),(-5.999999999062E-07,5.5000006),.PIECEWISE_BEZIER_KNOTS.);
#5229 = CARTESIAN_POINT('',(-0.785398163397,-5.999999999062E-07));
#5230 = CARTESIAN_POINT('',(-0.785398163397,5.5000006));
#5231 = ( GEOMETRIC_REPRESENTATION_CONTEXT(2) 
PARAMETRIC_REPRESENTATION_CONTEXT() REPRESENTATION_CONTEXT('2D SPACE',''
  ) );
#5232 = PCURVE('',#3779,#5233);
#5233 = DEFINITIONAL_REPRESENTATION('',(#5234),#5237);
#5234 = B_SPLINE_CURVE_WITH_KNOTS('',1,(#5235,#5236),.UNSPECIFIED.,.F.,
  .F.,(2,2),(-5.999999999062E-07,5.5000006),.PIECEWISE_BEZIER_KNOTS.);
#5235 = CARTESIAN_POINT('',(0.331370849898,5.999999999062E-07));
#5236 = CARTESIAN_POINT('',(0.331370849898,-5.5000006));
#5237 = ( GEOMETRIC_REPRESENTATION_CONTEXT(2) 
PARAMETRIC_REPRESENTATION_CONTEXT() REPRESENTATION_CONTEXT('2D SPACE',''
  ) );
#5238 = ORIENTED_EDGE('',*,*,#3650,.F.);
#5239 = ADVANCED_FACE('',(#5240),#3779,.F.);
#5240 = FACE_BOUND('',#5241,.F.);
#5241 = EDGE_LOOP('',(#5242,#5243,#5244,#5245));
#5242 = ORIENTED_EDGE('',*,*,#3940,.F.);
#5243 = ORIENTED_EDGE('',*,*,#4905,.T.);
#5244 = ORIENTED_EDGE('',*,*,#3765,.T.);
#5245 = ORIENTED_EDGE('',*,*,#5220,.F.);
#5246 = ADVANCED_FACE('',(#5247),#3701,.F.);
#5247 = FACE_BOUND('',#5248,.F.);
#5248 = EDGE_LOOP('',(#5249,#5250,#5251,#5252));
#5249 = ORIENTED_EDGE('',*,*,#3874,.F.);
#5250 = ORIENTED_EDGE('',*,*,#5198,.T.);
#5251 = ORIENTED_EDGE('',*,*,#3685,.T.);
#5252 = ORIENTED_EDGE('',*,*,#3818,.F.);
#5253 = ADVANCED_FACE('',(#5254),#3984,.T.);
#5254 = FACE_BOUND('',#5255,.T.);
#5255 = EDGE_LOOP('',(#5256,#5285,#5306,#5307));
#5256 = ORIENTED_EDGE('',*,*,#5257,.F.);
#5257 = EDGE_CURVE('',#5258,#5258,#5260,.T.);
#5258 = VERTEX_POINT('',#5259);
#5259 = CARTESIAN_POINT('',(-16.88,28.719595949289,29.88));
#5260 = SURFACE_CURVE('',#5261,(#5266,#5273),.PCURVE_S1.);
#5261 = CIRCLE('',#5262,0.12);
#5262 = AXIS2_PLACEMENT_3D('',#5263,#5264,#5265);
#5263 = CARTESIAN_POINT('',(-16.88,28.719595949289,30.));
#5264 = DIRECTION('',(-1.,0.,0.));
#5265 = DIRECTION('',(0.,0.,-1.));
#5266 = PCURVE('',#3984,#5267);
#5267 = DEFINITIONAL_REPRESENTATION('',(#5268),#5272);
#5268 = LINE('',#5269,#5270);
#5269 = CARTESIAN_POINT('',(-0.,-3.38));
#5270 = VECTOR('',#5271,1.);
#5271 = DIRECTION('',(-1.,-0.));
#5272 = ( GEOMETRIC_REPRESENTATION_CONTEXT(2) 
PARAMETRIC_REPRESENTATION_CONTEXT() REPRESENTATION_CONTEXT('2D SPACE',''
  ) );
#5273 = PCURVE('',#5274,#5279);
#5274 = PLANE('',#5275);
#5275 = AXIS2_PLACEMENT_3D('',#5276,#5277,#5278);
#5276 = CARTESIAN_POINT('',(-16.88,28.719595949289,30.));
#5277 = DIRECTION('',(-1.,0.,0.));
#5278 = DIRECTION('',(0.,0.,-1.));
#5279 = DEFINITIONAL_REPRESENTATION('',(#5280),#5284);
#5280 = CIRCLE('',#5281,0.12);
#5281 = AXIS2_PLACEMENT_2D('',#5282,#5283);
#5282 = CARTESIAN_POINT('',(0.,0.));
#5283 = DIRECTION('',(1.,0.));
#5284 = ( GEOMETRIC_REPRESENTATION_CONTEXT(2) 
PARAMETRIC_REPRESENTATION_CONTEXT() REPRESENTATION_CONTEXT('2D SPACE',''
  ) );
#5285 = ORIENTED_EDGE('',*,*,#5286,.F.);
#5286 = EDGE_CURVE('',#3964,#5258,#5287,.T.);
#5287 = SEAM_CURVE('',#5288,(#5292,#5299),.PCURVE_S1.);
#5288 = LINE('',#5289,#5290);
#5289 = CARTESIAN_POINT('',(-13.5,28.719595949289,26.5));
#5290 = VECTOR('',#5291,1.);
#5291 = DIRECTION('',(-0.707106781187,-1.731912112471E-16,0.707106781187
    ));
#5292 = PCURVE('',#3984,#5293);
#5293 = DEFINITIONAL_REPRESENTATION('',(#5294),#5298);
#5294 = LINE('',#5295,#5296);
#5295 = CARTESIAN_POINT('',(-6.28318530718,0.));
#5296 = VECTOR('',#5297,1.);
#5297 = DIRECTION('',(-0.,-1.));
#5298 = ( GEOMETRIC_REPRESENTATION_CONTEXT(2) 
PARAMETRIC_REPRESENTATION_CONTEXT() REPRESENTATION_CONTEXT('2D SPACE',''
  ) );
#5299 = PCURVE('',#3984,#5300);
#5300 = DEFINITIONAL_REPRESENTATION('',(#5301),#5305);
#5301 = LINE('',#5302,#5303);
#5302 = CARTESIAN_POINT('',(0.,-0.));
#5303 = VECTOR('',#5304,1.);
#5304 = DIRECTION('',(-0.,-1.));
#5305 = ( GEOMETRIC_REPRESENTATION_CONTEXT(2) 
PARAMETRIC_REPRESENTATION_CONTEXT() REPRESENTATION_CONTEXT('2D SPACE',''
  ) );
#5306 = ORIENTED_EDGE('',*,*,#3963,.T.);
#5307 = ORIENTED_EDGE('',*,*,#5286,.T.);
#5308 = ADVANCED_FACE('',(#5309),#4147,.T.);
#5309 = FACE_BOUND('',#5310,.T.);
#5310 = EDGE_LOOP('',(#5311,#5340,#5361,#5362));
#5311 = ORIENTED_EDGE('',*,*,#5312,.F.);
#5312 = EDGE_CURVE('',#5313,#5313,#5315,.T.);
#5313 = VERTEX_POINT('',#5314);
#5314 = CARTESIAN_POINT('',(-19.12,28.719595949289,30.12));
#5315 = SURFACE_CURVE('',#5316,(#5321,#5328),.PCURVE_S1.);
#5316 = CIRCLE('',#5317,0.12);
#5317 = AXIS2_PLACEMENT_3D('',#5318,#5319,#5320);
#5318 = CARTESIAN_POINT('',(-19.12,28.719595949289,30.));
#5319 = DIRECTION('',(1.,0.,0.));
#5320 = DIRECTION('',(-0.,0.,1.));
#5321 = PCURVE('',#4147,#5322);
#5322 = DEFINITIONAL_REPRESENTATION('',(#5323),#5327);
#5323 = LINE('',#5324,#5325);
#5324 = CARTESIAN_POINT('',(-0.,-3.38));
#5325 = VECTOR('',#5326,1.);
#5326 = DIRECTION('',(-1.,-0.));
#5327 = ( GEOMETRIC_REPRESENTATION_CONTEXT(2) 
PARAMETRIC_REPRESENTATION_CONTEXT() REPRESENTATION_CONTEXT('2D SPACE',''
  ) );
#5328 = PCURVE('',#5329,#5334);
#5329 = PLANE('',#5330);
#5330 = AXIS2_PLACEMENT_3D('',#5331,#5332,#5333);
#5331 = CARTESIAN_POINT('',(-19.12,28.719595949289,30.));
#5332 = DIRECTION('',(1.,0.,0.));
#5333 = DIRECTION('',(-0.,0.,1.));
#5334 = DEFINITIONAL_REPRESENTATION('',(#5335),#5339);
#5335 = CIRCLE('',#5336,0.12);
#5336 = AXIS2_PLACEMENT_2D('',#5337,#5338);
#5337 = CARTESIAN_POINT('',(0.,0.));
#5338 = DIRECTION('',(1.,0.));
#5339 = ( GEOMETRIC_REPRESENTATION_CONTEXT(2) 
PARAMETRIC_REPRESENTATION_CONTEXT() REPRESENTATION_CONTEXT('2D SPACE',''
  ) );
#5340 = ORIENTED_EDGE('',*,*,#5341,.F.);
#5341 = EDGE_CURVE('',#4131,#5313,#5342,.T.);
#5342 = SEAM_CURVE('',#5343,(#5347,#5354),.PCURVE_S1.);
#5343 = LINE('',#5344,#5345);
#5344 = CARTESIAN_POINT('',(-22.5,28.719595949289,33.5));
#5345 = VECTOR('',#5346,1.);
#5346 = DIRECTION('',(0.707106781187,-1.731912112471E-16,-0.707106781187
    ));
#5347 = PCURVE('',#4147,#5348);
#5348 = DEFINITIONAL_REPRESENTATION('',(#5349),#5353);
#5349 = LINE('',#5350,#5351);
#5350 = CARTESIAN_POINT('',(-6.28318530718,0.));
#5351 = VECTOR('',#5352,1.);
#5352 = DIRECTION('',(-0.,-1.));
#5353 = ( GEOMETRIC_REPRESENTATION_CONTEXT(2) 
PARAMETRIC_REPRESENTATION_CONTEXT() REPRESENTATION_CONTEXT('2D SPACE',''
  ) );
#5354 = PCURVE('',#4147,#5355);
#5355 = DEFINITIONAL_REPRESENTATION('',(#5356),#5360);
#5356 = LINE('',#5357,#5358);
#5357 = CARTESIAN_POINT('',(0.,-0.));
#5358 = VECTOR('',#5359,1.);
#5359 = DIRECTION('',(-0.,-1.));
#5360 = ( GEOMETRIC_REPRESENTATION_CONTEXT(2) 
PARAMETRIC_REPRESENTATION_CONTEXT() REPRESENTATION_CONTEXT('2D SPACE',''
  ) );
#5361 = ORIENTED_EDGE('',*,*,#4130,.T.);
#5362 = ORIENTED_EDGE('',*,*,#5341,.T.);
#5363 = ADVANCED_FACE('',(#5364),#4247,.F.);
#5364 = FACE_BOUND('',#5365,.F.);
#5365 = EDGE_LOOP('',(#5366,#5389,#5418,#5439));
#5366 = ORIENTED_EDGE('',*,*,#5367,.F.);
#5367 = EDGE_CURVE('',#5368,#4190,#5370,.T.);
#5368 = VERTEX_POINT('',#5369);
#5369 = CARTESIAN_POINT('',(-27.,-16.,2.4));
#5370 = SURFACE_CURVE('',#5371,(#5375,#5382),.PCURVE_S1.);
#5371 = LINE('',#5372,#5373);
#5372 = CARTESIAN_POINT('',(-27.,-16.,2.4));
#5373 = VECTOR('',#5374,1.);
#5374 = DIRECTION('',(0.,0.,1.));
#5375 = PCURVE('',#4247,#5376);
#5376 = DEFINITIONAL_REPRESENTATION('',(#5377),#5381);
#5377 = LINE('',#5378,#5379);
#5378 = CARTESIAN_POINT('',(0.,0.));
#5379 = VECTOR('',#5380,1.);
#5380 = DIRECTION('',(0.,1.));
#5381 = ( GEOMETRIC_REPRESENTATION_CONTEXT(2) 
PARAMETRIC_REPRESENTATION_CONTEXT() REPRESENTATION_CONTEXT('2D SPACE',''
  ) );
#5382 = PCURVE('',#4299,#5383);
#5383 = DEFINITIONAL_REPRESENTATION('',(#5384),#5388);
#5384 = LINE('',#5385,#5386);
#5385 = CARTESIAN_POINT('',(0.,-1.));
#5386 = VECTOR('',#5387,1.);
#5387 = DIRECTION('',(1.,0.));
#5388 = ( GEOMETRIC_REPRESENTATION_CONTEXT(2) 
PARAMETRIC_REPRESENTATION_CONTEXT() REPRESENTATION_CONTEXT('2D SPACE',''
  ) );
#5389 = ORIENTED_EDGE('',*,*,#5390,.T.);
#5390 = EDGE_CURVE('',#5368,#5391,#5393,.T.);
#5391 = VERTEX_POINT('',#5392);
#5392 = CARTESIAN_POINT('',(-26.,-17.,2.4));
#5393 = SURFACE_CURVE('',#5394,(#5399,#5406),.PCURVE_S1.);
#5394 = CIRCLE('',#5395,1.);
#5395 = AXIS2_PLACEMENT_3D('',#5396,#5397,#5398);
#5396 = CARTESIAN_POINT('',(-26.,-16.,2.4));
#5397 = DIRECTION('',(0.,0.,1.));
#5398 = DIRECTION('',(0.,-1.,0.));
#5399 = PCURVE('',#4247,#5400);
#5400 = DEFINITIONAL_REPRESENTATION('',(#5401),#5405);
#5401 = LINE('',#5402,#5403);
#5402 = CARTESIAN_POINT('',(-4.712388980385,0.));
#5403 = VECTOR('',#5404,1.);
#5404 = DIRECTION('',(1.,0.));
#5405 = ( GEOMETRIC_REPRESENTATION_CONTEXT(2) 
PARAMETRIC_REPRESENTATION_CONTEXT() REPRESENTATION_CONTEXT('2D SPACE',''
  ) );
#5406 = PCURVE('',#5407,#5412);
#5407 = PLANE('',#5408);
#5408 = AXIS2_PLACEMENT_3D('',#5409,#5410,#5411);
#5409 = CARTESIAN_POINT('',(-27.,-17.,2.4));
#5410 = DIRECTION('',(0.,0.,1.));
#5411 = DIRECTION('',(1.,0.,0.));
#5412 = DEFINITIONAL_REPRESENTATION('',(#5413),#5417);
#5413 = CIRCLE('',#5414,1.);
#5414 = AXIS2_PLACEMENT_2D('',#5415,#5416);
#5415 = CARTESIAN_POINT('',(1.,1.));
#5416 = DIRECTION('',(0.,-1.));
#5417 = ( GEOMETRIC_REPRESENTATION_CONTEXT(2) 
PARAMETRIC_REPRESENTATION_CONTEXT() REPRESENTATION_CONTEXT('2D SPACE',''
  ) );
#5418 = ORIENTED_EDGE('',*,*,#5419,.T.);
#5419 = EDGE_CURVE('',#5391,#4212,#5420,.T.);
#5420 = SURFACE_CURVE('',#5421,(#5425,#5432),.PCURVE_S1.);
#5421 = LINE('',#5422,#5423);
#5422 = CARTESIAN_POINT('',(-26.,-17.,2.4));
#5423 = VECTOR('',#5424,1.);
#5424 = DIRECTION('',(0.,0.,1.));
#5425 = PCURVE('',#4247,#5426);
#5426 = DEFINITIONAL_REPRESENTATION('',(#5427),#5431);
#5427 = LINE('',#5428,#5429);
#5428 = CARTESIAN_POINT('',(1.570796326795,0.));
#5429 = VECTOR('',#5430,1.);
#5430 = DIRECTION('',(0.,1.));
#5431 = ( GEOMETRIC_REPRESENTATION_CONTEXT(2) 
PARAMETRIC_REPRESENTATION_CONTEXT() REPRESENTATION_CONTEXT('2D SPACE',''
  ) );
#5432 = PCURVE('',#4594,#5433);
#5433 = DEFINITIONAL_REPRESENTATION('',(#5434),#5438);
#5434 = LINE('',#5435,#5436);
#5435 = CARTESIAN_POINT('',(0.,1.));
#5436 = VECTOR('',#5437,1.);
#5437 = DIRECTION('',(1.,0.));
#5438 = ( GEOMETRIC_REPRESENTATION_CONTEXT(2) 
PARAMETRIC_REPRESENTATION_CONTEXT() REPRESENTATION_CONTEXT('2D SPACE',''
  ) );
#5439 = ORIENTED_EDGE('',*,*,#4232,.F.);
#5440 = ADVANCED_FACE('',(#5441,#5489),#4299,.T.);
#5441 = FACE_BOUND('',#5442,.T.);
#5442 = EDGE_LOOP('',(#5443,#5466,#5467,#5468));
#5443 = ORIENTED_EDGE('',*,*,#5444,.T.);
#5444 = EDGE_CURVE('',#5445,#4263,#5447,.T.);
#5445 = VERTEX_POINT('',#5446);
#5446 = CARTESIAN_POINT('',(-27.,16.,2.4));
#5447 = SURFACE_CURVE('',#5448,(#5452,#5459),.PCURVE_S1.);
#5448 = LINE('',#5449,#5450);
#5449 = CARTESIAN_POINT('',(-27.,16.,2.4));
#5450 = VECTOR('',#5451,1.);
#5451 = DIRECTION('',(0.,0.,1.));
#5452 = PCURVE('',#4299,#5453);
#5453 = DEFINITIONAL_REPRESENTATION('',(#5454),#5458);
#5454 = LINE('',#5455,#5456);
#5455 = CARTESIAN_POINT('',(0.,-33.));
#5456 = VECTOR('',#5457,1.);
#5457 = DIRECTION('',(1.,0.));
#5458 = ( GEOMETRIC_REPRESENTATION_CONTEXT(2) 
PARAMETRIC_REPRESENTATION_CONTEXT() REPRESENTATION_CONTEXT('2D SPACE',''
  ) );
#5459 = PCURVE('',#4352,#5460);
#5460 = DEFINITIONAL_REPRESENTATION('',(#5461),#5465);
#5461 = LINE('',#5462,#5463);
#5462 = CARTESIAN_POINT('',(-0.,0.));
#5463 = VECTOR('',#5464,1.);
#5464 = DIRECTION('',(-0.,1.));
#5465 = ( GEOMETRIC_REPRESENTATION_CONTEXT(2) 
PARAMETRIC_REPRESENTATION_CONTEXT() REPRESENTATION_CONTEXT('2D SPACE',''
  ) );
#5466 = ORIENTED_EDGE('',*,*,#4285,.T.);
#5467 = ORIENTED_EDGE('',*,*,#5367,.F.);
#5468 = ORIENTED_EDGE('',*,*,#5469,.T.);
#5469 = EDGE_CURVE('',#5368,#5445,#5470,.T.);
#5470 = SURFACE_CURVE('',#5471,(#5475,#5482),.PCURVE_S1.);
#5471 = LINE('',#5472,#5473);
#5472 = CARTESIAN_POINT('',(-27.,-17.,2.4));
#5473 = VECTOR('',#5474,1.);
#5474 = DIRECTION('',(0.,1.,0.));
#5475 = PCURVE('',#4299,#5476);
#5476 = DEFINITIONAL_REPRESENTATION('',(#5477),#5481);
#5477 = LINE('',#5478,#5479);
#5478 = CARTESIAN_POINT('',(0.,0.));
#5479 = VECTOR('',#5480,1.);
#5480 = DIRECTION('',(0.,-1.));
#5481 = ( GEOMETRIC_REPRESENTATION_CONTEXT(2) 
PARAMETRIC_REPRESENTATION_CONTEXT() REPRESENTATION_CONTEXT('2D SPACE',''
  ) );
#5482 = PCURVE('',#5407,#5483);
#5483 = DEFINITIONAL_REPRESENTATION('',(#5484),#5488);
#5484 = LINE('',#5485,#5486);
#5485 = CARTESIAN_POINT('',(0.,0.));
#5486 = VECTOR('',#5487,1.);
#5487 = DIRECTION('',(0.,1.));
#5488 = ( GEOMETRIC_REPRESENTATION_CONTEXT(2) 
PARAMETRIC_REPRESENTATION_CONTEXT() REPRESENTATION_CONTEXT('2D SPACE',''
  ) );
#5489 = FACE_BOUND('',#5490,.T.);
#5490 = EDGE_LOOP('',(#5491,#5519,#5546,#5572));
#5491 = ORIENTED_EDGE('',*,*,#5492,.T.);
#5492 = EDGE_CURVE('',#5493,#5495,#5497,.T.);
#5493 = VERTEX_POINT('',#5494);
#5494 = CARTESIAN_POINT('',(-27.,-2.,26.5));
#5495 = VERTEX_POINT('',#5496);
#5496 = CARTESIAN_POINT('',(-27.,-14.,26.5));
#5497 = SURFACE_CURVE('',#5498,(#5502,#5508),.PCURVE_S1.);
#5498 = LINE('',#5499,#5500);
#5499 = CARTESIAN_POINT('',(-27.,-15.5,26.5));
#5500 = VECTOR('',#5501,1.);
#5501 = DIRECTION('',(0.,-1.,0.));
#5502 = PCURVE('',#4299,#5503);
#5503 = DEFINITIONAL_REPRESENTATION('',(#5504),#5507);
#5504 = B_SPLINE_CURVE_WITH_KNOTS('',1,(#5505,#5506),.UNSPECIFIED.,.F.,
  .F.,(2,2),(-13.5,-1.5),.PIECEWISE_BEZIER_KNOTS.);
#5505 = CARTESIAN_POINT('',(24.1,-15.));
#5506 = CARTESIAN_POINT('',(24.1,-3.));
#5507 = ( GEOMETRIC_REPRESENTATION_CONTEXT(2) 
PARAMETRIC_REPRESENTATION_CONTEXT() REPRESENTATION_CONTEXT('2D SPACE',''
  ) );
#5508 = PCURVE('',#5509,#5514);
#5509 = PLANE('',#5510);
#5510 = AXIS2_PLACEMENT_3D('',#5511,#5512,#5513);
#5511 = CARTESIAN_POINT('',(-27.6,-14.,26.5));
#5512 = DIRECTION('',(0.,0.,1.));
#5513 = DIRECTION('',(1.,0.,0.));
#5514 = DEFINITIONAL_REPRESENTATION('',(#5515),#5518);
#5515 = B_SPLINE_CURVE_WITH_KNOTS('',1,(#5516,#5517),.UNSPECIFIED.,.F.,
  .F.,(2,2),(-13.5,-1.5),.PIECEWISE_BEZIER_KNOTS.);
#5516 = CARTESIAN_POINT('',(0.6,12.));
#5517 = CARTESIAN_POINT('',(0.6,0.));
#5518 = ( GEOMETRIC_REPRESENTATION_CONTEXT(2) 
PARAMETRIC_REPRESENTATION_CONTEXT() REPRESENTATION_CONTEXT('2D SPACE',''
  ) );
#5519 = ORIENTED_EDGE('',*,*,#5520,.T.);
#5520 = EDGE_CURVE('',#5495,#5521,#5523,.T.);
#5521 = VERTEX_POINT('',#5522);
#5522 = CARTESIAN_POINT('',(-27.,-14.,28.5));
#5523 = SURFACE_CURVE('',#5524,(#5528,#5534),.PCURVE_S1.);
#5524 = LINE('',#5525,#5526);
#5525 = CARTESIAN_POINT('',(-27.,-14.,14.45));
#5526 = VECTOR('',#5527,1.);
#5527 = DIRECTION('',(0.,0.,1.));
#5528 = PCURVE('',#4299,#5529);
#5529 = DEFINITIONAL_REPRESENTATION('',(#5530),#5533);
#5530 = B_SPLINE_CURVE_WITH_KNOTS('',1,(#5531,#5532),.UNSPECIFIED.,.F.,
  .F.,(2,2),(12.05,14.05),.PIECEWISE_BEZIER_KNOTS.);
#5531 = CARTESIAN_POINT('',(24.1,-3.));
#5532 = CARTESIAN_POINT('',(26.1,-3.));
#5533 = ( GEOMETRIC_REPRESENTATION_CONTEXT(2) 
PARAMETRIC_REPRESENTATION_CONTEXT() REPRESENTATION_CONTEXT('2D SPACE',''
  ) );
#5534 = PCURVE('',#5535,#5540);
#5535 = PLANE('',#5536);
#5536 = AXIS2_PLACEMENT_3D('',#5537,#5538,#5539);
#5537 = CARTESIAN_POINT('',(-27.6,-14.,26.5));
#5538 = DIRECTION('',(0.,1.,0.));
#5539 = DIRECTION('',(0.,0.,1.));
#5540 = DEFINITIONAL_REPRESENTATION('',(#5541),#5545);
#5541 = LINE('',#5542,#5543);
#5542 = CARTESIAN_POINT('',(-12.05,0.6));
#5543 = VECTOR('',#5544,1.);
#5544 = DIRECTION('',(1.,0.));
#5545 = ( GEOMETRIC_REPRESENTATION_CONTEXT(2) 
PARAMETRIC_REPRESENTATION_CONTEXT() REPRESENTATION_CONTEXT('2D SPACE',''
  ) );
#5546 = ORIENTED_EDGE('',*,*,#5547,.F.);
#5547 = EDGE_CURVE('',#5548,#5521,#5550,.T.);
#5548 = VERTEX_POINT('',#5549);
#5549 = CARTESIAN_POINT('',(-27.,-2.,28.5));
#5550 = SURFACE_CURVE('',#5551,(#5555,#5561),.PCURVE_S1.);
#5551 = LINE('',#5552,#5553);
#5552 = CARTESIAN_POINT('',(-27.,-15.5,28.5));
#5553 = VECTOR('',#5554,1.);
#5554 = DIRECTION('',(0.,-1.,0.));
#5555 = PCURVE('',#4299,#5556);
#5556 = DEFINITIONAL_REPRESENTATION('',(#5557),#5560);
#5557 = B_SPLINE_CURVE_WITH_KNOTS('',1,(#5558,#5559),.UNSPECIFIED.,.F.,
  .F.,(2,2),(-13.5,-1.5),.PIECEWISE_BEZIER_KNOTS.);
#5558 = CARTESIAN_POINT('',(26.1,-15.));
#5559 = CARTESIAN_POINT('',(26.1,-3.));
#5560 = ( GEOMETRIC_REPRESENTATION_CONTEXT(2) 
PARAMETRIC_REPRESENTATION_CONTEXT() REPRESENTATION_CONTEXT('2D SPACE',''
  ) );
#5561 = PCURVE('',#5562,#5567);
#5562 = PLANE('',#5563);
#5563 = AXIS2_PLACEMENT_3D('',#5564,#5565,#5566);
#5564 = CARTESIAN_POINT('',(-27.6,-14.,28.5));
#5565 = DIRECTION('',(0.,0.,1.));
#5566 = DIRECTION('',(1.,0.,0.));
#5567 = DEFINITIONAL_REPRESENTATION('',(#5568),#5571);
#5568 = B_SPLINE_CURVE_WITH_KNOTS('',1,(#5569,#5570),.UNSPECIFIED.,.F.,
  .F.,(2,2),(-13.5,-1.5),.PIECEWISE_BEZIER_KNOTS.);
#5569 = CARTESIAN_POINT('',(0.6,12.));
#5570 = CARTESIAN_POINT('',(0.6,0.));
#5571 = ( GEOMETRIC_REPRESENTATION_CONTEXT(2) 
PARAMETRIC_REPRESENTATION_CONTEXT() REPRESENTATION_CONTEXT('2D SPACE',''
  ) );
#5572 = ORIENTED_EDGE('',*,*,#5573,.F.);
#5573 = EDGE_CURVE('',#5493,#5548,#5574,.T.);
#5574 = SURFACE_CURVE('',#5575,(#5579,#5585),.PCURVE_S1.);
#5575 = LINE('',#5576,#5577);
#5576 = CARTESIAN_POINT('',(-27.,-2.,14.45));
#5577 = VECTOR('',#5578,1.);
#5578 = DIRECTION('',(0.,0.,1.));
#5579 = PCURVE('',#4299,#5580);
#5580 = DEFINITIONAL_REPRESENTATION('',(#5581),#5584);
#5581 = B_SPLINE_CURVE_WITH_KNOTS('',1,(#5582,#5583),.UNSPECIFIED.,.F.,
  .F.,(2,2),(12.05,14.05),.PIECEWISE_BEZIER_KNOTS.);
#5582 = CARTESIAN_POINT('',(24.1,-15.));
#5583 = CARTESIAN_POINT('',(26.1,-15.));
#5584 = ( GEOMETRIC_REPRESENTATION_CONTEXT(2) 
PARAMETRIC_REPRESENTATION_CONTEXT() REPRESENTATION_CONTEXT('2D SPACE',''
  ) );
#5585 = PCURVE('',#5586,#5591);
#5586 = PLANE('',#5587);
#5587 = AXIS2_PLACEMENT_3D('',#5588,#5589,#5590);
#5588 = CARTESIAN_POINT('',(-27.6,-2.,26.5));
#5589 = DIRECTION('',(0.,1.,0.));
#5590 = DIRECTION('',(0.,0.,1.));
#5591 = DEFINITIONAL_REPRESENTATION('',(#5592),#5596);
#5592 = LINE('',#5593,#5594);
#5593 = CARTESIAN_POINT('',(-12.05,0.6));
#5594 = VECTOR('',#5595,1.);
#5595 = DIRECTION('',(1.,0.));
#5596 = ( GEOMETRIC_REPRESENTATION_CONTEXT(2) 
PARAMETRIC_REPRESENTATION_CONTEXT() REPRESENTATION_CONTEXT('2D SPACE',''
  ) );
#5597 = ADVANCED_FACE('',(#5598),#4352,.F.);
#5598 = FACE_BOUND('',#5599,.T.);
#5599 = EDGE_LOOP('',(#5600,#5601,#5629,#5650));
#5600 = ORIENTED_EDGE('',*,*,#5444,.F.);
#5601 = ORIENTED_EDGE('',*,*,#5602,.T.);
#5602 = EDGE_CURVE('',#5445,#5603,#5605,.T.);
#5603 = VERTEX_POINT('',#5604);
#5604 = CARTESIAN_POINT('',(-26.,17.,2.4));
#5605 = SURFACE_CURVE('',#5606,(#5611,#5618),.PCURVE_S1.);
#5606 = CIRCLE('',#5607,1.);
#5607 = AXIS2_PLACEMENT_3D('',#5608,#5609,#5610);
#5608 = CARTESIAN_POINT('',(-26.,16.,2.4));
#5609 = DIRECTION('',(-0.,-0.,-1.));
#5610 = DIRECTION('',(0.,-1.,0.));
#5611 = PCURVE('',#4352,#5612);
#5612 = DEFINITIONAL_REPRESENTATION('',(#5613),#5617);
#5613 = LINE('',#5614,#5615);
#5614 = CARTESIAN_POINT('',(1.570796326795,-0.));
#5615 = VECTOR('',#5616,1.);
#5616 = DIRECTION('',(-1.,0.));
#5617 = ( GEOMETRIC_REPRESENTATION_CONTEXT(2) 
PARAMETRIC_REPRESENTATION_CONTEXT() REPRESENTATION_CONTEXT('2D SPACE',''
  ) );
#5618 = PCURVE('',#5407,#5619);
#5619 = DEFINITIONAL_REPRESENTATION('',(#5620),#5628);
#5620 = ( BOUNDED_CURVE() B_SPLINE_CURVE(2,(#5621,#5622,#5623,#5624,
#5625,#5626,#5627),.UNSPECIFIED.,.T.,.F.) B_SPLINE_CURVE_WITH_KNOTS((1,2
    ,2,2,2,1),(-2.094395102393,0.,2.094395102393,4.188790204786,
6.28318530718,8.377580409573),.UNSPECIFIED.) CURVE() 
GEOMETRIC_REPRESENTATION_ITEM() RATIONAL_B_SPLINE_CURVE((1.,0.5,1.,0.5,
1.,0.5,1.)) REPRESENTATION_ITEM('') );
#5621 = CARTESIAN_POINT('',(1.,32.));
#5622 = CARTESIAN_POINT('',(-0.732050807569,32.));
#5623 = CARTESIAN_POINT('',(0.133974596216,33.5));
#5624 = CARTESIAN_POINT('',(1.,35.));
#5625 = CARTESIAN_POINT('',(1.866025403784,33.5));
#5626 = CARTESIAN_POINT('',(2.732050807569,32.));
#5627 = CARTESIAN_POINT('',(1.,32.));
#5628 = ( GEOMETRIC_REPRESENTATION_CONTEXT(2) 
PARAMETRIC_REPRESENTATION_CONTEXT() REPRESENTATION_CONTEXT('2D SPACE',''
  ) );
#5629 = ORIENTED_EDGE('',*,*,#5630,.T.);
#5630 = EDGE_CURVE('',#5603,#4315,#5631,.T.);
#5631 = SURFACE_CURVE('',#5632,(#5636,#5643),.PCURVE_S1.);
#5632 = LINE('',#5633,#5634);
#5633 = CARTESIAN_POINT('',(-26.,17.,2.4));
#5634 = VECTOR('',#5635,1.);
#5635 = DIRECTION('',(0.,0.,1.));
#5636 = PCURVE('',#4352,#5637);
#5637 = DEFINITIONAL_REPRESENTATION('',(#5638),#5642);
#5638 = LINE('',#5639,#5640);
#5639 = CARTESIAN_POINT('',(-1.570796326795,0.));
#5640 = VECTOR('',#5641,1.);
#5641 = DIRECTION('',(-0.,1.));
#5642 = ( GEOMETRIC_REPRESENTATION_CONTEXT(2) 
PARAMETRIC_REPRESENTATION_CONTEXT() REPRESENTATION_CONTEXT('2D SPACE',''
  ) );
#5643 = PCURVE('',#4404,#5644);
#5644 = DEFINITIONAL_REPRESENTATION('',(#5645),#5649);
#5645 = LINE('',#5646,#5647);
#5646 = CARTESIAN_POINT('',(0.,1.));
#5647 = VECTOR('',#5648,1.);
#5648 = DIRECTION('',(1.,0.));
#5649 = ( GEOMETRIC_REPRESENTATION_CONTEXT(2) 
PARAMETRIC_REPRESENTATION_CONTEXT() REPRESENTATION_CONTEXT('2D SPACE',''
  ) );
#5650 = ORIENTED_EDGE('',*,*,#4337,.T.);
#5651 = ADVANCED_FACE('',(#5652),#4404,.F.);
#5652 = FACE_BOUND('',#5653,.F.);
#5653 = EDGE_LOOP('',(#5654,#5677,#5698,#5699));
#5654 = ORIENTED_EDGE('',*,*,#5655,.F.);
#5655 = EDGE_CURVE('',#5656,#4368,#5658,.T.);
#5656 = VERTEX_POINT('',#5657);
#5657 = CARTESIAN_POINT('',(26.,17.,2.4));
#5658 = SURFACE_CURVE('',#5659,(#5663,#5670),.PCURVE_S1.);
#5659 = LINE('',#5660,#5661);
#5660 = CARTESIAN_POINT('',(26.,17.,2.4));
#5661 = VECTOR('',#5662,1.);
#5662 = DIRECTION('',(0.,0.,1.));
#5663 = PCURVE('',#4404,#5664);
#5664 = DEFINITIONAL_REPRESENTATION('',(#5665),#5669);
#5665 = LINE('',#5666,#5667);
#5666 = CARTESIAN_POINT('',(0.,53.));
#5667 = VECTOR('',#5668,1.);
#5668 = DIRECTION('',(1.,0.));
#5669 = ( GEOMETRIC_REPRESENTATION_CONTEXT(2) 
PARAMETRIC_REPRESENTATION_CONTEXT() REPRESENTATION_CONTEXT('2D SPACE',''
  ) );
#5670 = PCURVE('',#4457,#5671);
#5671 = DEFINITIONAL_REPRESENTATION('',(#5672),#5676);
#5672 = LINE('',#5673,#5674);
#5673 = CARTESIAN_POINT('',(1.570796326795,0.));
#5674 = VECTOR('',#5675,1.);
#5675 = DIRECTION('',(0.,1.));
#5676 = ( GEOMETRIC_REPRESENTATION_CONTEXT(2) 
PARAMETRIC_REPRESENTATION_CONTEXT() REPRESENTATION_CONTEXT('2D SPACE',''
  ) );
#5677 = ORIENTED_EDGE('',*,*,#5678,.F.);
#5678 = EDGE_CURVE('',#5603,#5656,#5679,.T.);
#5679 = SURFACE_CURVE('',#5680,(#5684,#5691),.PCURVE_S1.);
#5680 = LINE('',#5681,#5682);
#5681 = CARTESIAN_POINT('',(-27.,17.,2.4));
#5682 = VECTOR('',#5683,1.);
#5683 = DIRECTION('',(1.,0.,0.));
#5684 = PCURVE('',#4404,#5685);
#5685 = DEFINITIONAL_REPRESENTATION('',(#5686),#5690);
#5686 = LINE('',#5687,#5688);
#5687 = CARTESIAN_POINT('',(0.,0.));
#5688 = VECTOR('',#5689,1.);
#5689 = DIRECTION('',(0.,1.));
#5690 = ( GEOMETRIC_REPRESENTATION_CONTEXT(2) 
PARAMETRIC_REPRESENTATION_CONTEXT() REPRESENTATION_CONTEXT('2D SPACE',''
  ) );
#5691 = PCURVE('',#5407,#5692);
#5692 = DEFINITIONAL_REPRESENTATION('',(#5693),#5697);
#5693 = LINE('',#5694,#5695);
#5694 = CARTESIAN_POINT('',(0.,34.));
#5695 = VECTOR('',#5696,1.);
#5696 = DIRECTION('',(1.,0.));
#5697 = ( GEOMETRIC_REPRESENTATION_CONTEXT(2) 
PARAMETRIC_REPRESENTATION_CONTEXT() REPRESENTATION_CONTEXT('2D SPACE',''
  ) );
#5698 = ORIENTED_EDGE('',*,*,#5630,.T.);
#5699 = ORIENTED_EDGE('',*,*,#4390,.F.);
#5700 = ADVANCED_FACE('',(#5701),#4457,.F.);
#5701 = FACE_BOUND('',#5702,.F.);
#5702 = EDGE_LOOP('',(#5703,#5726,#5748,#5749));
#5703 = ORIENTED_EDGE('',*,*,#5704,.F.);
#5704 = EDGE_CURVE('',#5705,#4420,#5707,.T.);
#5705 = VERTEX_POINT('',#5706);
#5706 = CARTESIAN_POINT('',(27.,16.,2.4));
#5707 = SURFACE_CURVE('',#5708,(#5712,#5719),.PCURVE_S1.);
#5708 = LINE('',#5709,#5710);
#5709 = CARTESIAN_POINT('',(27.,16.,2.4));
#5710 = VECTOR('',#5711,1.);
#5711 = DIRECTION('',(0.,0.,1.));
#5712 = PCURVE('',#4457,#5713);
#5713 = DEFINITIONAL_REPRESENTATION('',(#5714),#5718);
#5714 = LINE('',#5715,#5716);
#5715 = CARTESIAN_POINT('',(0.,0.));
#5716 = VECTOR('',#5717,1.);
#5717 = DIRECTION('',(0.,1.));
#5718 = ( GEOMETRIC_REPRESENTATION_CONTEXT(2) 
PARAMETRIC_REPRESENTATION_CONTEXT() REPRESENTATION_CONTEXT('2D SPACE',''
  ) );
#5719 = PCURVE('',#4509,#5720);
#5720 = DEFINITIONAL_REPRESENTATION('',(#5721),#5725);
#5721 = LINE('',#5722,#5723);
#5722 = CARTESIAN_POINT('',(0.,-33.));
#5723 = VECTOR('',#5724,1.);
#5724 = DIRECTION('',(1.,0.));
#5725 = ( GEOMETRIC_REPRESENTATION_CONTEXT(2) 
PARAMETRIC_REPRESENTATION_CONTEXT() REPRESENTATION_CONTEXT('2D SPACE',''
  ) );
#5726 = ORIENTED_EDGE('',*,*,#5727,.T.);
#5727 = EDGE_CURVE('',#5705,#5656,#5728,.T.);
#5728 = SURFACE_CURVE('',#5729,(#5734,#5741),.PCURVE_S1.);
#5729 = CIRCLE('',#5730,1.);
#5730 = AXIS2_PLACEMENT_3D('',#5731,#5732,#5733);
#5731 = CARTESIAN_POINT('',(26.,16.,2.4));
#5732 = DIRECTION('',(0.,0.,1.));
#5733 = DIRECTION('',(0.,-1.,0.));
#5734 = PCURVE('',#4457,#5735);
#5735 = DEFINITIONAL_REPRESENTATION('',(#5736),#5740);
#5736 = LINE('',#5737,#5738);
#5737 = CARTESIAN_POINT('',(-1.570796326795,0.));
#5738 = VECTOR('',#5739,1.);
#5739 = DIRECTION('',(1.,0.));
#5740 = ( GEOMETRIC_REPRESENTATION_CONTEXT(2) 
PARAMETRIC_REPRESENTATION_CONTEXT() REPRESENTATION_CONTEXT('2D SPACE',''
  ) );
#5741 = PCURVE('',#5407,#5742);
#5742 = DEFINITIONAL_REPRESENTATION('',(#5743),#5747);
#5743 = CIRCLE('',#5744,1.);
#5744 = AXIS2_PLACEMENT_2D('',#5745,#5746);
#5745 = CARTESIAN_POINT('',(53.,33.));
#5746 = DIRECTION('',(0.,-1.));
#5747 = ( GEOMETRIC_REPRESENTATION_CONTEXT(2) 
PARAMETRIC_REPRESENTATION_CONTEXT() REPRESENTATION_CONTEXT('2D SPACE',''
  ) );
#5748 = ORIENTED_EDGE('',*,*,#5655,.T.);
#5749 = ORIENTED_EDGE('',*,*,#4442,.F.);
#5750 = ADVANCED_FACE('',(#5751,#5799),#4509,.F.);
#5751 = FACE_BOUND('',#5752,.F.);
#5752 = EDGE_LOOP('',(#5753,#5754,#5755,#5778));
#5753 = ORIENTED_EDGE('',*,*,#5704,.T.);
#5754 = ORIENTED_EDGE('',*,*,#4495,.F.);
#5755 = ORIENTED_EDGE('',*,*,#5756,.F.);
#5756 = EDGE_CURVE('',#5757,#4473,#5759,.T.);
#5757 = VERTEX_POINT('',#5758);
#5758 = CARTESIAN_POINT('',(27.,-16.,2.4));
#5759 = SURFACE_CURVE('',#5760,(#5764,#5771),.PCURVE_S1.);
#5760 = LINE('',#5761,#5762);
#5761 = CARTESIAN_POINT('',(27.,-16.,2.4));
#5762 = VECTOR('',#5763,1.);
#5763 = DIRECTION('',(0.,0.,1.));
#5764 = PCURVE('',#4509,#5765);
#5765 = DEFINITIONAL_REPRESENTATION('',(#5766),#5770);
#5766 = LINE('',#5767,#5768);
#5767 = CARTESIAN_POINT('',(0.,-1.));
#5768 = VECTOR('',#5769,1.);
#5769 = DIRECTION('',(1.,0.));
#5770 = ( GEOMETRIC_REPRESENTATION_CONTEXT(2) 
PARAMETRIC_REPRESENTATION_CONTEXT() REPRESENTATION_CONTEXT('2D SPACE',''
  ) );
#5771 = PCURVE('',#4562,#5772);
#5772 = DEFINITIONAL_REPRESENTATION('',(#5773),#5777);
#5773 = LINE('',#5774,#5775);
#5774 = CARTESIAN_POINT('',(-0.,0.));
#5775 = VECTOR('',#5776,1.);
#5776 = DIRECTION('',(-0.,1.));
#5777 = ( GEOMETRIC_REPRESENTATION_CONTEXT(2) 
PARAMETRIC_REPRESENTATION_CONTEXT() REPRESENTATION_CONTEXT('2D SPACE',''
  ) );
#5778 = ORIENTED_EDGE('',*,*,#5779,.T.);
#5779 = EDGE_CURVE('',#5757,#5705,#5780,.T.);
#5780 = SURFACE_CURVE('',#5781,(#5785,#5792),.PCURVE_S1.);
#5781 = LINE('',#5782,#5783);
#5782 = CARTESIAN_POINT('',(27.,-17.,2.4));
#5783 = VECTOR('',#5784,1.);
#5784 = DIRECTION('',(0.,1.,0.));
#5785 = PCURVE('',#4509,#5786);
#5786 = DEFINITIONAL_REPRESENTATION('',(#5787),#5791);
#5787 = LINE('',#5788,#5789);
#5788 = CARTESIAN_POINT('',(0.,0.));
#5789 = VECTOR('',#5790,1.);
#5790 = DIRECTION('',(0.,-1.));
#5791 = ( GEOMETRIC_REPRESENTATION_CONTEXT(2) 
PARAMETRIC_REPRESENTATION_CONTEXT() REPRESENTATION_CONTEXT('2D SPACE',''
  ) );
#5792 = PCURVE('',#5407,#5793);
#5793 = DEFINITIONAL_REPRESENTATION('',(#5794),#5798);
#5794 = LINE('',#5795,#5796);
#5795 = CARTESIAN_POINT('',(54.,0.));
#5796 = VECTOR('',#5797,1.);
#5797 = DIRECTION('',(0.,1.));
#5798 = ( GEOMETRIC_REPRESENTATION_CONTEXT(2) 
PARAMETRIC_REPRESENTATION_CONTEXT() REPRESENTATION_CONTEXT('2D SPACE',''
  ) );
#5799 = FACE_BOUND('',#5800,.F.);
#5800 = EDGE_LOOP('',(#5801,#5829,#5856,#5882));
#5801 = ORIENTED_EDGE('',*,*,#5802,.T.);
#5802 = EDGE_CURVE('',#5803,#5805,#5807,.T.);
#5803 = VERTEX_POINT('',#5804);
#5804 = CARTESIAN_POINT('',(27.,-2.,26.5));
#5805 = VERTEX_POINT('',#5806);
#5806 = CARTESIAN_POINT('',(27.,-14.,26.5));
#5807 = SURFACE_CURVE('',#5808,(#5812,#5818),.PCURVE_S1.);
#5808 = LINE('',#5809,#5810);
#5809 = CARTESIAN_POINT('',(27.,-15.5,26.5));
#5810 = VECTOR('',#5811,1.);
#5811 = DIRECTION('',(0.,-1.,0.));
#5812 = PCURVE('',#4509,#5813);
#5813 = DEFINITIONAL_REPRESENTATION('',(#5814),#5817);
#5814 = B_SPLINE_CURVE_WITH_KNOTS('',1,(#5815,#5816),.UNSPECIFIED.,.F.,
  .F.,(2,2),(-13.5,-1.5),.PIECEWISE_BEZIER_KNOTS.);
#5815 = CARTESIAN_POINT('',(24.1,-15.));
#5816 = CARTESIAN_POINT('',(24.1,-3.));
#5817 = ( GEOMETRIC_REPRESENTATION_CONTEXT(2) 
PARAMETRIC_REPRESENTATION_CONTEXT() REPRESENTATION_CONTEXT('2D SPACE',''
  ) );
#5818 = PCURVE('',#5819,#5824);
#5819 = PLANE('',#5820);
#5820 = AXIS2_PLACEMENT_3D('',#5821,#5822,#5823);
#5821 = CARTESIAN_POINT('',(25.2,-14.,26.5));
#5822 = DIRECTION('',(0.,0.,1.));
#5823 = DIRECTION('',(1.,0.,0.));
#5824 = DEFINITIONAL_REPRESENTATION('',(#5825),#5828);
#5825 = B_SPLINE_CURVE_WITH_KNOTS('',1,(#5826,#5827),.UNSPECIFIED.,.F.,
  .F.,(2,2),(-13.5,-1.5),.PIECEWISE_BEZIER_KNOTS.);
#5826 = CARTESIAN_POINT('',(1.8,12.));
#5827 = CARTESIAN_POINT('',(1.8,0.));
#5828 = ( GEOMETRIC_REPRESENTATION_CONTEXT(2) 
PARAMETRIC_REPRESENTATION_CONTEXT() REPRESENTATION_CONTEXT('2D SPACE',''
  ) );
#5829 = ORIENTED_EDGE('',*,*,#5830,.T.);
#5830 = EDGE_CURVE('',#5805,#5831,#5833,.T.);
#5831 = VERTEX_POINT('',#5832);
#5832 = CARTESIAN_POINT('',(27.,-14.,28.5));
#5833 = SURFACE_CURVE('',#5834,(#5838,#5844),.PCURVE_S1.);
#5834 = LINE('',#5835,#5836);
#5835 = CARTESIAN_POINT('',(27.,-14.,14.45));
#5836 = VECTOR('',#5837,1.);
#5837 = DIRECTION('',(0.,0.,1.));
#5838 = PCURVE('',#4509,#5839);
#5839 = DEFINITIONAL_REPRESENTATION('',(#5840),#5843);
#5840 = B_SPLINE_CURVE_WITH_KNOTS('',1,(#5841,#5842),.UNSPECIFIED.,.F.,
  .F.,(2,2),(12.05,14.05),.PIECEWISE_BEZIER_KNOTS.);
#5841 = CARTESIAN_POINT('',(24.1,-3.));
#5842 = CARTESIAN_POINT('',(26.1,-3.));
#5843 = ( GEOMETRIC_REPRESENTATION_CONTEXT(2) 
PARAMETRIC_REPRESENTATION_CONTEXT() REPRESENTATION_CONTEXT('2D SPACE',''
  ) );
#5844 = PCURVE('',#5845,#5850);
#5845 = PLANE('',#5846);
#5846 = AXIS2_PLACEMENT_3D('',#5847,#5848,#5849);
#5847 = CARTESIAN_POINT('',(25.2,-14.,26.5));
#5848 = DIRECTION('',(0.,1.,0.));
#5849 = DIRECTION('',(0.,0.,1.));
#5850 = DEFINITIONAL_REPRESENTATION('',(#5851),#5855);
#5851 = LINE('',#5852,#5853);
#5852 = CARTESIAN_POINT('',(-12.05,1.8));
#5853 = VECTOR('',#5854,1.);
#5854 = DIRECTION('',(1.,0.));
#5855 = ( GEOMETRIC_REPRESENTATION_CONTEXT(2) 
PARAMETRIC_REPRESENTATION_CONTEXT() REPRESENTATION_CONTEXT('2D SPACE',''
  ) );
#5856 = ORIENTED_EDGE('',*,*,#5857,.F.);
#5857 = EDGE_CURVE('',#5858,#5831,#5860,.T.);
#5858 = VERTEX_POINT('',#5859);
#5859 = CARTESIAN_POINT('',(27.,-2.,28.5));
#5860 = SURFACE_CURVE('',#5861,(#5865,#5871),.PCURVE_S1.);
#5861 = LINE('',#5862,#5863);
#5862 = CARTESIAN_POINT('',(27.,-15.5,28.5));
#5863 = VECTOR('',#5864,1.);
#5864 = DIRECTION('',(0.,-1.,0.));
#5865 = PCURVE('',#4509,#5866);
#5866 = DEFINITIONAL_REPRESENTATION('',(#5867),#5870);
#5867 = B_SPLINE_CURVE_WITH_KNOTS('',1,(#5868,#5869),.UNSPECIFIED.,.F.,
  .F.,(2,2),(-13.5,-1.5),.PIECEWISE_BEZIER_KNOTS.);
#5868 = CARTESIAN_POINT('',(26.1,-15.));
#5869 = CARTESIAN_POINT('',(26.1,-3.));
#5870 = ( GEOMETRIC_REPRESENTATION_CONTEXT(2) 
PARAMETRIC_REPRESENTATION_CONTEXT() REPRESENTATION_CONTEXT('2D SPACE',''
  ) );
#5871 = PCURVE('',#5872,#5877);
#5872 = PLANE('',#5873);
#5873 = AXIS2_PLACEMENT_3D('',#5874,#5875,#5876);
#5874 = CARTESIAN_POINT('',(25.2,-14.,28.5));
#5875 = DIRECTION('',(0.,0.,1.));
#5876 = DIRECTION('',(1.,0.,0.));
#5877 = DEFINITIONAL_REPRESENTATION('',(#5878),#5881);
#5878 = B_SPLINE_CURVE_WITH_KNOTS('',1,(#5879,#5880),.UNSPECIFIED.,.F.,
  .F.,(2,2),(-13.5,-1.5),.PIECEWISE_BEZIER_KNOTS.);
#5879 = CARTESIAN_POINT('',(1.8,12.));
#5880 = CARTESIAN_POINT('',(1.8,0.));
#5881 = ( GEOMETRIC_REPRESENTATION_CONTEXT(2) 
PARAMETRIC_REPRESENTATION_CONTEXT() REPRESENTATION_CONTEXT('2D SPACE',''
  ) );
#5882 = ORIENTED_EDGE('',*,*,#5883,.F.);
#5883 = EDGE_CURVE('',#5803,#5858,#5884,.T.);
#5884 = SURFACE_CURVE('',#5885,(#5889,#5895),.PCURVE_S1.);
#5885 = LINE('',#5886,#5887);
#5886 = CARTESIAN_POINT('',(27.,-2.,14.45));
#5887 = VECTOR('',#5888,1.);
#5888 = DIRECTION('',(0.,0.,1.));
#5889 = PCURVE('',#4509,#5890);
#5890 = DEFINITIONAL_REPRESENTATION('',(#5891),#5894);
#5891 = B_SPLINE_CURVE_WITH_KNOTS('',1,(#5892,#5893),.UNSPECIFIED.,.F.,
  .F.,(2,2),(12.05,14.05),.PIECEWISE_BEZIER_KNOTS.);
#5892 = CARTESIAN_POINT('',(24.1,-15.));
#5893 = CARTESIAN_POINT('',(26.1,-15.));
#5894 = ( GEOMETRIC_REPRESENTATION_CONTEXT(2) 
PARAMETRIC_REPRESENTATION_CONTEXT() REPRESENTATION_CONTEXT('2D SPACE',''
  ) );
#5895 = PCURVE('',#5896,#5901);
#5896 = PLANE('',#5897);
#5897 = AXIS2_PLACEMENT_3D('',#5898,#5899,#5900);
#5898 = CARTESIAN_POINT('',(25.2,-2.,26.5));
#5899 = DIRECTION('',(0.,1.,0.));
#5900 = DIRECTION('',(0.,0.,1.));
#5901 = DEFINITIONAL_REPRESENTATION('',(#5902),#5906);
#5902 = LINE('',#5903,#5904);
#5903 = CARTESIAN_POINT('',(-12.05,1.8));
#5904 = VECTOR('',#5905,1.);
#5905 = DIRECTION('',(1.,0.));
#5906 = ( GEOMETRIC_REPRESENTATION_CONTEXT(2) 
PARAMETRIC_REPRESENTATION_CONTEXT() REPRESENTATION_CONTEXT('2D SPACE',''
  ) );
#5907 = ADVANCED_FACE('',(#5908),#4562,.F.);
#5908 = FACE_BOUND('',#5909,.T.);
#5909 = EDGE_LOOP('',(#5910,#5911,#5939,#5960));
#5910 = ORIENTED_EDGE('',*,*,#5756,.F.);
#5911 = ORIENTED_EDGE('',*,*,#5912,.T.);
#5912 = EDGE_CURVE('',#5757,#5913,#5915,.T.);
#5913 = VERTEX_POINT('',#5914);
#5914 = CARTESIAN_POINT('',(26.,-17.,2.4));
#5915 = SURFACE_CURVE('',#5916,(#5921,#5928),.PCURVE_S1.);
#5916 = CIRCLE('',#5917,1.);
#5917 = AXIS2_PLACEMENT_3D('',#5918,#5919,#5920);
#5918 = CARTESIAN_POINT('',(26.,-16.,2.4));
#5919 = DIRECTION('',(-0.,-0.,-1.));
#5920 = DIRECTION('',(0.,-1.,0.));
#5921 = PCURVE('',#4562,#5922);
#5922 = DEFINITIONAL_REPRESENTATION('',(#5923),#5927);
#5923 = LINE('',#5924,#5925);
#5924 = CARTESIAN_POINT('',(4.712388980385,-0.));
#5925 = VECTOR('',#5926,1.);
#5926 = DIRECTION('',(-1.,0.));
#5927 = ( GEOMETRIC_REPRESENTATION_CONTEXT(2) 
PARAMETRIC_REPRESENTATION_CONTEXT() REPRESENTATION_CONTEXT('2D SPACE',''
  ) );
#5928 = PCURVE('',#5407,#5929);
#5929 = DEFINITIONAL_REPRESENTATION('',(#5930),#5938);
#5930 = ( BOUNDED_CURVE() B_SPLINE_CURVE(2,(#5931,#5932,#5933,#5934,
#5935,#5936,#5937),.UNSPECIFIED.,.T.,.F.) B_SPLINE_CURVE_WITH_KNOTS((1,2
    ,2,2,2,1),(-2.094395102393,0.,2.094395102393,4.188790204786,
6.28318530718,8.377580409573),.UNSPECIFIED.) CURVE() 
GEOMETRIC_REPRESENTATION_ITEM() RATIONAL_B_SPLINE_CURVE((1.,0.5,1.,0.5,
1.,0.5,1.)) REPRESENTATION_ITEM('') );
#5931 = CARTESIAN_POINT('',(53.,0.));
#5932 = CARTESIAN_POINT('',(51.267949192431,0.));
#5933 = CARTESIAN_POINT('',(52.133974596216,1.5));
#5934 = CARTESIAN_POINT('',(53.,3.));
#5935 = CARTESIAN_POINT('',(53.866025403784,1.5));
#5936 = CARTESIAN_POINT('',(54.732050807569,1.554312234475E-15));
#5937 = CARTESIAN_POINT('',(53.,0.));
#5938 = ( GEOMETRIC_REPRESENTATION_CONTEXT(2) 
PARAMETRIC_REPRESENTATION_CONTEXT() REPRESENTATION_CONTEXT('2D SPACE',''
  ) );
#5939 = ORIENTED_EDGE('',*,*,#5940,.T.);
#5940 = EDGE_CURVE('',#5913,#4525,#5941,.T.);
#5941 = SURFACE_CURVE('',#5942,(#5946,#5953),.PCURVE_S1.);
#5942 = LINE('',#5943,#5944);
#5943 = CARTESIAN_POINT('',(26.,-17.,2.4));
#5944 = VECTOR('',#5945,1.);
#5945 = DIRECTION('',(0.,0.,1.));
#5946 = PCURVE('',#4562,#5947);
#5947 = DEFINITIONAL_REPRESENTATION('',(#5948),#5952);
#5948 = LINE('',#5949,#5950);
#5949 = CARTESIAN_POINT('',(-1.570796326795,0.));
#5950 = VECTOR('',#5951,1.);
#5951 = DIRECTION('',(-0.,1.));
#5952 = ( GEOMETRIC_REPRESENTATION_CONTEXT(2) 
PARAMETRIC_REPRESENTATION_CONTEXT() REPRESENTATION_CONTEXT('2D SPACE',''
  ) );
#5953 = PCURVE('',#4594,#5954);
#5954 = DEFINITIONAL_REPRESENTATION('',(#5955),#5959);
#5955 = LINE('',#5956,#5957);
#5956 = CARTESIAN_POINT('',(0.,53.));
#5957 = VECTOR('',#5958,1.);
#5958 = DIRECTION('',(1.,0.));
#5959 = ( GEOMETRIC_REPRESENTATION_CONTEXT(2) 
PARAMETRIC_REPRESENTATION_CONTEXT() REPRESENTATION_CONTEXT('2D SPACE',''
  ) );
#5960 = ORIENTED_EDGE('',*,*,#4547,.T.);
#5961 = ADVANCED_FACE('',(#5962),#4594,.T.);
#5962 = FACE_BOUND('',#5963,.T.);
#5963 = EDGE_LOOP('',(#5964,#5965,#5986,#5987));
#5964 = ORIENTED_EDGE('',*,*,#5940,.F.);
#5965 = ORIENTED_EDGE('',*,*,#5966,.F.);
#5966 = EDGE_CURVE('',#5391,#5913,#5967,.T.);
#5967 = SURFACE_CURVE('',#5968,(#5972,#5979),.PCURVE_S1.);
#5968 = LINE('',#5969,#5970);
#5969 = CARTESIAN_POINT('',(-27.,-17.,2.4));
#5970 = VECTOR('',#5971,1.);
#5971 = DIRECTION('',(1.,0.,0.));
#5972 = PCURVE('',#4594,#5973);
#5973 = DEFINITIONAL_REPRESENTATION('',(#5974),#5978);
#5974 = LINE('',#5975,#5976);
#5975 = CARTESIAN_POINT('',(0.,0.));
#5976 = VECTOR('',#5977,1.);
#5977 = DIRECTION('',(0.,1.));
#5978 = ( GEOMETRIC_REPRESENTATION_CONTEXT(2) 
PARAMETRIC_REPRESENTATION_CONTEXT() REPRESENTATION_CONTEXT('2D SPACE',''
  ) );
#5979 = PCURVE('',#5407,#5980);
#5980 = DEFINITIONAL_REPRESENTATION('',(#5981),#5985);
#5981 = LINE('',#5982,#5983);
#5982 = CARTESIAN_POINT('',(0.,0.));
#5983 = VECTOR('',#5984,1.);
#5984 = DIRECTION('',(1.,0.));
#5985 = ( GEOMETRIC_REPRESENTATION_CONTEXT(2) 
PARAMETRIC_REPRESENTATION_CONTEXT() REPRESENTATION_CONTEXT('2D SPACE',''
  ) );
#5986 = ORIENTED_EDGE('',*,*,#5419,.T.);
#5987 = ORIENTED_EDGE('',*,*,#4580,.T.);
#5988 = ADVANCED_FACE('',(#5989),#5046,.T.);
#5989 = FACE_BOUND('',#5990,.T.);
#5990 = EDGE_LOOP('',(#5991));
#5991 = ORIENTED_EDGE('',*,*,#5029,.T.);
#5992 = ADVANCED_FACE('',(#5993),#5160,.T.);
#5993 = FACE_BOUND('',#5994,.T.);
#5994 = EDGE_LOOP('',(#5995));
#5995 = ORIENTED_EDGE('',*,*,#5143,.T.);
#5996 = ADVANCED_FACE('',(#5997),#5274,.T.);
#5997 = FACE_BOUND('',#5998,.T.);
#5998 = EDGE_LOOP('',(#5999));
#5999 = ORIENTED_EDGE('',*,*,#5257,.T.);
#6000 = ADVANCED_FACE('',(#6001),#5329,.T.);
#6001 = FACE_BOUND('',#6002,.T.);
#6002 = EDGE_LOOP('',(#6003));
#6003 = ORIENTED_EDGE('',*,*,#5312,.T.);
#6004 = ADVANCED_FACE('',(#6005,#6015),#5407,.T.);
#6005 = FACE_BOUND('',#6006,.T.);
#6006 = EDGE_LOOP('',(#6007,#6008,#6009,#6010,#6011,#6012,#6013,#6014));
#6007 = ORIENTED_EDGE('',*,*,#5469,.F.);
#6008 = ORIENTED_EDGE('',*,*,#5390,.T.);
#6009 = ORIENTED_EDGE('',*,*,#5966,.T.);
#6010 = ORIENTED_EDGE('',*,*,#5912,.F.);
#6011 = ORIENTED_EDGE('',*,*,#5779,.T.);
#6012 = ORIENTED_EDGE('',*,*,#5727,.T.);
#6013 = ORIENTED_EDGE('',*,*,#5678,.F.);
#6014 = ORIENTED_EDGE('',*,*,#5602,.F.);
#6015 = FACE_BOUND('',#6016,.T.);
#6016 = EDGE_LOOP('',(#6017,#6049,#6077,#6107,#6137,#6167,#6197,#6227,
    #6257,#6287,#6317,#6345,#6375,#6405,#6435,#6465,#6495,#6525));
#6017 = ORIENTED_EDGE('',*,*,#6018,.T.);
#6018 = EDGE_CURVE('',#6019,#6021,#6023,.T.);
#6019 = VERTEX_POINT('',#6020);
#6020 = CARTESIAN_POINT('',(1.303955078125,2.650634765625,2.4));
#6021 = VERTEX_POINT('',#6022);
#6022 = CARTESIAN_POINT('',(2.064453125,2.28662109375,2.4));
#6023 = SURFACE_CURVE('',#6024,(#6028,#6035),.PCURVE_S1.);
#6024 = B_SPLINE_CURVE_WITH_KNOTS('',2,(#6025,#6026,#6027),
  .UNSPECIFIED.,.F.,.F.,(3,3),(0.,1.),.PIECEWISE_BEZIER_KNOTS.);
#6025 = CARTESIAN_POINT('',(1.303955078125,2.650634765625,2.4));
#6026 = CARTESIAN_POINT('',(1.708984375,2.529296875,2.4));
#6027 = CARTESIAN_POINT('',(2.064453125,2.28662109375,2.4));
#6028 = PCURVE('',#5407,#6029);
#6029 = DEFINITIONAL_REPRESENTATION('',(#6030),#6034);
#6030 = B_SPLINE_CURVE_WITH_KNOTS('',2,(#6031,#6032,#6033),
  .UNSPECIFIED.,.F.,.F.,(3,3),(0.,1.),.PIECEWISE_BEZIER_KNOTS.);
#6031 = CARTESIAN_POINT('',(28.303955078125,19.650634765625));
#6032 = CARTESIAN_POINT('',(28.708984375,19.529296875));
#6033 = CARTESIAN_POINT('',(29.064453125,19.28662109375));
#6034 = ( GEOMETRIC_REPRESENTATION_CONTEXT(2) 
PARAMETRIC_REPRESENTATION_CONTEXT() REPRESENTATION_CONTEXT('2D SPACE',''
  ) );
#6035 = PCURVE('',#6036,#6043);
#6036 = SURFACE_OF_LINEAR_EXTRUSION('',#6037,#6041);
#6037 = B_SPLINE_CURVE_WITH_KNOTS('',2,(#6038,#6039,#6040),
  .UNSPECIFIED.,.F.,.F.,(3,3),(0.,1.),.PIECEWISE_BEZIER_KNOTS.);
#6038 = CARTESIAN_POINT('',(1.303955078125,2.650634765625,2.4));
#6039 = CARTESIAN_POINT('',(1.708984375,2.529296875,2.4));
#6040 = CARTESIAN_POINT('',(2.064453125,2.28662109375,2.4));
#6041 = VECTOR('',#6042,1.);
#6042 = DIRECTION('',(-0.,-0.,-1.));
#6043 = DEFINITIONAL_REPRESENTATION('',(#6044),#6048);
#6044 = LINE('',#6045,#6046);
#6045 = CARTESIAN_POINT('',(0.,0.));
#6046 = VECTOR('',#6047,1.);
#6047 = DIRECTION('',(1.,0.));
#6048 = ( GEOMETRIC_REPRESENTATION_CONTEXT(2) 
PARAMETRIC_REPRESENTATION_CONTEXT() REPRESENTATION_CONTEXT('2D SPACE',''
  ) );
#6049 = ORIENTED_EDGE('',*,*,#6050,.T.);
#6050 = EDGE_CURVE('',#6021,#6051,#6053,.T.);
#6051 = VERTEX_POINT('',#6052);
#6052 = CARTESIAN_POINT('',(2.064453125,1.55859375,2.4));
#6053 = SURFACE_CURVE('',#6054,(#6058,#6065),.PCURVE_S1.);
#6054 = LINE('',#6055,#6056);
#6055 = CARTESIAN_POINT('',(2.064453125,2.28662109375,2.4));
#6056 = VECTOR('',#6057,1.);
#6057 = DIRECTION('',(0.,-1.,0.));
#6058 = PCURVE('',#5407,#6059);
#6059 = DEFINITIONAL_REPRESENTATION('',(#6060),#6064);
#6060 = LINE('',#6061,#6062);
#6061 = CARTESIAN_POINT('',(29.064453125,19.28662109375));
#6062 = VECTOR('',#6063,1.);
#6063 = DIRECTION('',(0.,-1.));
#6064 = ( GEOMETRIC_REPRESENTATION_CONTEXT(2) 
PARAMETRIC_REPRESENTATION_CONTEXT() REPRESENTATION_CONTEXT('2D SPACE',''
  ) );
#6065 = PCURVE('',#6066,#6071);
#6066 = PLANE('',#6067);
#6067 = AXIS2_PLACEMENT_3D('',#6068,#6069,#6070);
#6068 = CARTESIAN_POINT('',(2.064453125,2.28662109375,2.4));
#6069 = DIRECTION('',(1.,0.,0.));
#6070 = DIRECTION('',(0.,-1.,0.));
#6071 = DEFINITIONAL_REPRESENTATION('',(#6072),#6076);
#6072 = LINE('',#6073,#6074);
#6073 = CARTESIAN_POINT('',(0.,0.));
#6074 = VECTOR('',#6075,1.);
#6075 = DIRECTION('',(1.,0.));
#6076 = ( GEOMETRIC_REPRESENTATION_CONTEXT(2) 
PARAMETRIC_REPRESENTATION_CONTEXT() REPRESENTATION_CONTEXT('2D SPACE',''
  ) );
#6077 = ORIENTED_EDGE('',*,*,#6078,.T.);
#6078 = EDGE_CURVE('',#6051,#6079,#6081,.T.);
#6079 = VERTEX_POINT('',#6080);
#6080 = CARTESIAN_POINT('',(1.321044921875,2.0439453125,2.4));
#6081 = SURFACE_CURVE('',#6082,(#6086,#6093),.PCURVE_S1.);
#6082 = B_SPLINE_CURVE_WITH_KNOTS('',2,(#6083,#6084,#6085),
  .UNSPECIFIED.,.F.,.F.,(3,3),(0.,1.),.PIECEWISE_BEZIER_KNOTS.);
#6083 = CARTESIAN_POINT('',(2.064453125,1.55859375,2.4));
#6084 = CARTESIAN_POINT('',(1.7158203125,1.88330078125,2.4));
#6085 = CARTESIAN_POINT('',(1.321044921875,2.0439453125,2.4));
#6086 = PCURVE('',#5407,#6087);
#6087 = DEFINITIONAL_REPRESENTATION('',(#6088),#6092);
#6088 = B_SPLINE_CURVE_WITH_KNOTS('',2,(#6089,#6090,#6091),
  .UNSPECIFIED.,.F.,.F.,(3,3),(0.,1.),.PIECEWISE_BEZIER_KNOTS.);
#6089 = CARTESIAN_POINT('',(29.064453125,18.55859375));
#6090 = CARTESIAN_POINT('',(28.7158203125,18.88330078125));
#6091 = CARTESIAN_POINT('',(28.321044921875,19.0439453125));
#6092 = ( GEOMETRIC_REPRESENTATION_CONTEXT(2) 
PARAMETRIC_REPRESENTATION_CONTEXT() REPRESENTATION_CONTEXT('2D SPACE',''
  ) );
#6093 = PCURVE('',#6094,#6101);
#6094 = SURFACE_OF_LINEAR_EXTRUSION('',#6095,#6099);
#6095 = B_SPLINE_CURVE_WITH_KNOTS('',2,(#6096,#6097,#6098),
  .UNSPECIFIED.,.F.,.F.,(3,3),(0.,1.),.PIECEWISE_BEZIER_KNOTS.);
#6096 = CARTESIAN_POINT('',(2.064453125,1.55859375,2.4));
#6097 = CARTESIAN_POINT('',(1.7158203125,1.88330078125,2.4));
#6098 = CARTESIAN_POINT('',(1.321044921875,2.0439453125,2.4));
#6099 = VECTOR('',#6100,1.);
#6100 = DIRECTION('',(-0.,-0.,-1.));
#6101 = DEFINITIONAL_REPRESENTATION('',(#6102),#6106);
#6102 = LINE('',#6103,#6104);
#6103 = CARTESIAN_POINT('',(0.,0.));
#6104 = VECTOR('',#6105,1.);
#6105 = DIRECTION('',(1.,0.));
#6106 = ( GEOMETRIC_REPRESENTATION_CONTEXT(2) 
PARAMETRIC_REPRESENTATION_CONTEXT() REPRESENTATION_CONTEXT('2D SPACE',''
  ) );
#6107 = ORIENTED_EDGE('',*,*,#6108,.T.);
#6108 = EDGE_CURVE('',#6079,#6109,#6111,.T.);
#6109 = VERTEX_POINT('',#6110);
#6110 = CARTESIAN_POINT('',(0.48193359375,2.20458984375,2.4));
#6111 = SURFACE_CURVE('',#6112,(#6116,#6123),.PCURVE_S1.);
#6112 = B_SPLINE_CURVE_WITH_KNOTS('',2,(#6113,#6114,#6115),
  .UNSPECIFIED.,.F.,.F.,(3,3),(0.,1.),.PIECEWISE_BEZIER_KNOTS.);
#6113 = CARTESIAN_POINT('',(1.321044921875,2.0439453125,2.4));
#6114 = CARTESIAN_POINT('',(0.92626953125,2.20458984375,2.4));
#6115 = CARTESIAN_POINT('',(0.48193359375,2.20458984375,2.4));
#6116 = PCURVE('',#5407,#6117);
#6117 = DEFINITIONAL_REPRESENTATION('',(#6118),#6122);
#6118 = B_SPLINE_CURVE_WITH_KNOTS('',2,(#6119,#6120,#6121),
  .UNSPECIFIED.,.F.,.F.,(3,3),(0.,1.),.PIECEWISE_BEZIER_KNOTS.);
#6119 = CARTESIAN_POINT('',(28.321044921875,19.0439453125));
#6120 = CARTESIAN_POINT('',(27.92626953125,19.20458984375));
#6121 = CARTESIAN_POINT('',(27.48193359375,19.20458984375));
#6122 = ( GEOMETRIC_REPRESENTATION_CONTEXT(2) 
PARAMETRIC_REPRESENTATION_CONTEXT() REPRESENTATION_CONTEXT('2D SPACE',''
  ) );
#6123 = PCURVE('',#6124,#6131);
#6124 = SURFACE_OF_LINEAR_EXTRUSION('',#6125,#6129);
#6125 = B_SPLINE_CURVE_WITH_KNOTS('',2,(#6126,#6127,#6128),
  .UNSPECIFIED.,.F.,.F.,(3,3),(0.,1.),.PIECEWISE_BEZIER_KNOTS.);
#6126 = CARTESIAN_POINT('',(1.321044921875,2.0439453125,2.4));
#6127 = CARTESIAN_POINT('',(0.92626953125,2.20458984375,2.4));
#6128 = CARTESIAN_POINT('',(0.48193359375,2.20458984375,2.4));
#6129 = VECTOR('',#6130,1.);
#6130 = DIRECTION('',(-0.,-0.,-1.));
#6131 = DEFINITIONAL_REPRESENTATION('',(#6132),#6136);
#6132 = LINE('',#6133,#6134);
#6133 = CARTESIAN_POINT('',(0.,0.));
#6134 = VECTOR('',#6135,1.);
#6135 = DIRECTION('',(1.,0.));
#6136 = ( GEOMETRIC_REPRESENTATION_CONTEXT(2) 
PARAMETRIC_REPRESENTATION_CONTEXT() REPRESENTATION_CONTEXT('2D SPACE',''
  ) );
#6137 = ORIENTED_EDGE('',*,*,#6138,.T.);
#6138 = EDGE_CURVE('',#6109,#6139,#6141,.T.);
#6139 = VERTEX_POINT('',#6140);
#6140 = CARTESIAN_POINT('',(-0.85791015625,1.669677734375,2.4));
#6141 = SURFACE_CURVE('',#6142,(#6146,#6153),.PCURVE_S1.);
#6142 = B_SPLINE_CURVE_WITH_KNOTS('',2,(#6143,#6144,#6145),
  .UNSPECIFIED.,.F.,.F.,(3,3),(0.,1.),.PIECEWISE_BEZIER_KNOTS.);
#6143 = CARTESIAN_POINT('',(0.48193359375,2.20458984375,2.4));
#6144 = CARTESIAN_POINT('',(-0.39306640625,2.20458984375,2.4));
#6145 = CARTESIAN_POINT('',(-0.85791015625,1.669677734375,2.4));
#6146 = PCURVE('',#5407,#6147);
#6147 = DEFINITIONAL_REPRESENTATION('',(#6148),#6152);
#6148 = B_SPLINE_CURVE_WITH_KNOTS('',2,(#6149,#6150,#6151),
  .UNSPECIFIED.,.F.,.F.,(3,3),(0.,1.),.PIECEWISE_BEZIER_KNOTS.);
#6149 = CARTESIAN_POINT('',(27.48193359375,19.20458984375));
#6150 = CARTESIAN_POINT('',(26.60693359375,19.20458984375));
#6151 = CARTESIAN_POINT('',(26.14208984375,18.669677734375));
#6152 = ( GEOMETRIC_REPRESENTATION_CONTEXT(2) 
PARAMETRIC_REPRESENTATION_CONTEXT() REPRESENTATION_CONTEXT('2D SPACE',''
  ) );
#6153 = PCURVE('',#6154,#6161);
#6154 = SURFACE_OF_LINEAR_EXTRUSION('',#6155,#6159);
#6155 = B_SPLINE_CURVE_WITH_KNOTS('',2,(#6156,#6157,#6158),
  .UNSPECIFIED.,.F.,.F.,(3,3),(0.,1.),.PIECEWISE_BEZIER_KNOTS.);
#6156 = CARTESIAN_POINT('',(0.48193359375,2.20458984375,2.4));
#6157 = CARTESIAN_POINT('',(-0.39306640625,2.20458984375,2.4));
#6158 = CARTESIAN_POINT('',(-0.85791015625,1.669677734375,2.4));
#6159 = VECTOR('',#6160,1.);
#6160 = DIRECTION('',(-0.,-0.,-1.));
#6161 = DEFINITIONAL_REPRESENTATION('',(#6162),#6166);
#6162 = LINE('',#6163,#6164);
#6163 = CARTESIAN_POINT('',(0.,0.));
#6164 = VECTOR('',#6165,1.);
#6165 = DIRECTION('',(1.,0.));
#6166 = ( GEOMETRIC_REPRESENTATION_CONTEXT(2) 
PARAMETRIC_REPRESENTATION_CONTEXT() REPRESENTATION_CONTEXT('2D SPACE',''
  ) );
#6167 = ORIENTED_EDGE('',*,*,#6168,.T.);
#6168 = EDGE_CURVE('',#6139,#6169,#6171,.T.);
#6169 = VERTEX_POINT('',#6170);
#6170 = CARTESIAN_POINT('',(-1.32275390625,0.123046875,2.4));
#6171 = SURFACE_CURVE('',#6172,(#6176,#6183),.PCURVE_S1.);
#6172 = B_SPLINE_CURVE_WITH_KNOTS('',2,(#6173,#6174,#6175),
  .UNSPECIFIED.,.F.,.F.,(3,3),(0.,1.),.PIECEWISE_BEZIER_KNOTS.);
#6173 = CARTESIAN_POINT('',(-0.85791015625,1.669677734375,2.4));
#6174 = CARTESIAN_POINT('',(-1.32275390625,1.134765625,2.4));
#6175 = CARTESIAN_POINT('',(-1.32275390625,0.123046875,2.4));
#6176 = PCURVE('',#5407,#6177);
#6177 = DEFINITIONAL_REPRESENTATION('',(#6178),#6182);
#6178 = B_SPLINE_CURVE_WITH_KNOTS('',2,(#6179,#6180,#6181),
  .UNSPECIFIED.,.F.,.F.,(3,3),(0.,1.),.PIECEWISE_BEZIER_KNOTS.);
#6179 = CARTESIAN_POINT('',(26.14208984375,18.669677734375));
#6180 = CARTESIAN_POINT('',(25.67724609375,18.134765625));
#6181 = CARTESIAN_POINT('',(25.67724609375,17.123046875));
#6182 = ( GEOMETRIC_REPRESENTATION_CONTEXT(2) 
PARAMETRIC_REPRESENTATION_CONTEXT() REPRESENTATION_CONTEXT('2D SPACE',''
  ) );
#6183 = PCURVE('',#6184,#6191);
#6184 = SURFACE_OF_LINEAR_EXTRUSION('',#6185,#6189);
#6185 = B_SPLINE_CURVE_WITH_KNOTS('',2,(#6186,#6187,#6188),
  .UNSPECIFIED.,.F.,.F.,(3,3),(0.,1.),.PIECEWISE_BEZIER_KNOTS.);
#6186 = CARTESIAN_POINT('',(-0.85791015625,1.669677734375,2.4));
#6187 = CARTESIAN_POINT('',(-1.32275390625,1.134765625,2.4));
#6188 = CARTESIAN_POINT('',(-1.32275390625,0.123046875,2.4));
#6189 = VECTOR('',#6190,1.);
#6190 = DIRECTION('',(-0.,-0.,-1.));
#6191 = DEFINITIONAL_REPRESENTATION('',(#6192),#6196);
#6192 = LINE('',#6193,#6194);
#6193 = CARTESIAN_POINT('',(0.,0.));
#6194 = VECTOR('',#6195,1.);
#6195 = DIRECTION('',(1.,0.));
#6196 = ( GEOMETRIC_REPRESENTATION_CONTEXT(2) 
PARAMETRIC_REPRESENTATION_CONTEXT() REPRESENTATION_CONTEXT('2D SPACE',''
  ) );
#6197 = ORIENTED_EDGE('',*,*,#6198,.T.);
#6198 = EDGE_CURVE('',#6169,#6199,#6201,.T.);
#6199 = VERTEX_POINT('',#6200);
#6200 = CARTESIAN_POINT('',(-0.85791015625,-1.420166015625,2.4));
#6201 = SURFACE_CURVE('',#6202,(#6206,#6213),.PCURVE_S1.);
#6202 = B_SPLINE_CURVE_WITH_KNOTS('',2,(#6203,#6204,#6205),
  .UNSPECIFIED.,.F.,.F.,(3,3),(0.,1.),.PIECEWISE_BEZIER_KNOTS.);
#6203 = CARTESIAN_POINT('',(-1.32275390625,0.123046875,2.4));
#6204 = CARTESIAN_POINT('',(-1.32275390625,-0.88525390625,2.4));
#6205 = CARTESIAN_POINT('',(-0.85791015625,-1.420166015625,2.4));
#6206 = PCURVE('',#5407,#6207);
#6207 = DEFINITIONAL_REPRESENTATION('',(#6208),#6212);
#6208 = B_SPLINE_CURVE_WITH_KNOTS('',2,(#6209,#6210,#6211),
  .UNSPECIFIED.,.F.,.F.,(3,3),(0.,1.),.PIECEWISE_BEZIER_KNOTS.);
#6209 = CARTESIAN_POINT('',(25.67724609375,17.123046875));
#6210 = CARTESIAN_POINT('',(25.67724609375,16.11474609375));
#6211 = CARTESIAN_POINT('',(26.14208984375,15.579833984375));
#6212 = ( GEOMETRIC_REPRESENTATION_CONTEXT(2) 
PARAMETRIC_REPRESENTATION_CONTEXT() REPRESENTATION_CONTEXT('2D SPACE',''
  ) );
#6213 = PCURVE('',#6214,#6221);
#6214 = SURFACE_OF_LINEAR_EXTRUSION('',#6215,#6219);
#6215 = B_SPLINE_CURVE_WITH_KNOTS('',2,(#6216,#6217,#6218),
  .UNSPECIFIED.,.F.,.F.,(3,3),(0.,1.),.PIECEWISE_BEZIER_KNOTS.);
#6216 = CARTESIAN_POINT('',(-1.32275390625,0.123046875,2.4));
#6217 = CARTESIAN_POINT('',(-1.32275390625,-0.88525390625,2.4));
#6218 = CARTESIAN_POINT('',(-0.85791015625,-1.420166015625,2.4));
#6219 = VECTOR('',#6220,1.);
#6220 = DIRECTION('',(-0.,-0.,-1.));
#6221 = DEFINITIONAL_REPRESENTATION('',(#6222),#6226);
#6222 = LINE('',#6223,#6224);
#6223 = CARTESIAN_POINT('',(0.,0.));
#6224 = VECTOR('',#6225,1.);
#6225 = DIRECTION('',(1.,0.));
#6226 = ( GEOMETRIC_REPRESENTATION_CONTEXT(2) 
PARAMETRIC_REPRESENTATION_CONTEXT() REPRESENTATION_CONTEXT('2D SPACE',''
  ) );
#6227 = ORIENTED_EDGE('',*,*,#6228,.T.);
#6228 = EDGE_CURVE('',#6199,#6229,#6231,.T.);
#6229 = VERTEX_POINT('',#6230);
#6230 = CARTESIAN_POINT('',(0.48193359375,-1.955078125,2.4));
#6231 = SURFACE_CURVE('',#6232,(#6236,#6243),.PCURVE_S1.);
#6232 = B_SPLINE_CURVE_WITH_KNOTS('',2,(#6233,#6234,#6235),
  .UNSPECIFIED.,.F.,.F.,(3,3),(0.,1.),.PIECEWISE_BEZIER_KNOTS.);
#6233 = CARTESIAN_POINT('',(-0.85791015625,-1.420166015625,2.4));
#6234 = CARTESIAN_POINT('',(-0.39306640625,-1.955078125,2.4));
#6235 = CARTESIAN_POINT('',(0.48193359375,-1.955078125,2.4));
#6236 = PCURVE('',#5407,#6237);
#6237 = DEFINITIONAL_REPRESENTATION('',(#6238),#6242);
#6238 = B_SPLINE_CURVE_WITH_KNOTS('',2,(#6239,#6240,#6241),
  .UNSPECIFIED.,.F.,.F.,(3,3),(0.,1.),.PIECEWISE_BEZIER_KNOTS.);
#6239 = CARTESIAN_POINT('',(26.14208984375,15.579833984375));
#6240 = CARTESIAN_POINT('',(26.60693359375,15.044921875));
#6241 = CARTESIAN_POINT('',(27.48193359375,15.044921875));
#6242 = ( GEOMETRIC_REPRESENTATION_CONTEXT(2) 
PARAMETRIC_REPRESENTATION_CONTEXT() REPRESENTATION_CONTEXT('2D SPACE',''
  ) );
#6243 = PCURVE('',#6244,#6251);
#6244 = SURFACE_OF_LINEAR_EXTRUSION('',#6245,#6249);
#6245 = B_SPLINE_CURVE_WITH_KNOTS('',2,(#6246,#6247,#6248),
  .UNSPECIFIED.,.F.,.F.,(3,3),(0.,1.),.PIECEWISE_BEZIER_KNOTS.);
#6246 = CARTESIAN_POINT('',(-0.85791015625,-1.420166015625,2.4));
#6247 = CARTESIAN_POINT('',(-0.39306640625,-1.955078125,2.4));
#6248 = CARTESIAN_POINT('',(0.48193359375,-1.955078125,2.4));
#6249 = VECTOR('',#6250,1.);
#6250 = DIRECTION('',(-0.,-0.,-1.));
#6251 = DEFINITIONAL_REPRESENTATION('',(#6252),#6256);
#6252 = LINE('',#6253,#6254);
#6253 = CARTESIAN_POINT('',(0.,0.));
#6254 = VECTOR('',#6255,1.);
#6255 = DIRECTION('',(1.,0.));
#6256 = ( GEOMETRIC_REPRESENTATION_CONTEXT(2) 
PARAMETRIC_REPRESENTATION_CONTEXT() REPRESENTATION_CONTEXT('2D SPACE',''
  ) );
#6257 = ORIENTED_EDGE('',*,*,#6258,.T.);
#6258 = EDGE_CURVE('',#6229,#6259,#6261,.T.);
#6259 = VERTEX_POINT('',#6260);
#6260 = CARTESIAN_POINT('',(1.321044921875,-1.79443359375,2.4));
#6261 = SURFACE_CURVE('',#6262,(#6266,#6273),.PCURVE_S1.);
#6262 = B_SPLINE_CURVE_WITH_KNOTS('',2,(#6263,#6264,#6265),
  .UNSPECIFIED.,.F.,.F.,(3,3),(0.,1.),.PIECEWISE_BEZIER_KNOTS.);
#6263 = CARTESIAN_POINT('',(0.48193359375,-1.955078125,2.4));
#6264 = CARTESIAN_POINT('',(0.92626953125,-1.955078125,2.4));
#6265 = CARTESIAN_POINT('',(1.321044921875,-1.79443359375,2.4));
#6266 = PCURVE('',#5407,#6267);
#6267 = DEFINITIONAL_REPRESENTATION('',(#6268),#6272);
#6268 = B_SPLINE_CURVE_WITH_KNOTS('',2,(#6269,#6270,#6271),
  .UNSPECIFIED.,.F.,.F.,(3,3),(0.,1.),.PIECEWISE_BEZIER_KNOTS.);
#6269 = CARTESIAN_POINT('',(27.48193359375,15.044921875));
#6270 = CARTESIAN_POINT('',(27.92626953125,15.044921875));
#6271 = CARTESIAN_POINT('',(28.321044921875,15.20556640625));
#6272 = ( GEOMETRIC_REPRESENTATION_CONTEXT(2) 
PARAMETRIC_REPRESENTATION_CONTEXT() REPRESENTATION_CONTEXT('2D SPACE',''
  ) );
#6273 = PCURVE('',#6274,#6281);
#6274 = SURFACE_OF_LINEAR_EXTRUSION('',#6275,#6279);
#6275 = B_SPLINE_CURVE_WITH_KNOTS('',2,(#6276,#6277,#6278),
  .UNSPECIFIED.,.F.,.F.,(3,3),(0.,1.),.PIECEWISE_BEZIER_KNOTS.);
#6276 = CARTESIAN_POINT('',(0.48193359375,-1.955078125,2.4));
#6277 = CARTESIAN_POINT('',(0.92626953125,-1.955078125,2.4));
#6278 = CARTESIAN_POINT('',(1.321044921875,-1.79443359375,2.4));
#6279 = VECTOR('',#6280,1.);
#6280 = DIRECTION('',(-0.,-0.,-1.));
#6281 = DEFINITIONAL_REPRESENTATION('',(#6282),#6286);
#6282 = LINE('',#6283,#6284);
#6283 = CARTESIAN_POINT('',(0.,0.));
#6284 = VECTOR('',#6285,1.);
#6285 = DIRECTION('',(1.,0.));
#6286 = ( GEOMETRIC_REPRESENTATION_CONTEXT(2) 
PARAMETRIC_REPRESENTATION_CONTEXT() REPRESENTATION_CONTEXT('2D SPACE',''
  ) );
#6287 = ORIENTED_EDGE('',*,*,#6288,.T.);
#6288 = EDGE_CURVE('',#6259,#6289,#6291,.T.);
#6289 = VERTEX_POINT('',#6290);
#6290 = CARTESIAN_POINT('',(2.064453125,-1.30908203125,2.4));
#6291 = SURFACE_CURVE('',#6292,(#6296,#6303),.PCURVE_S1.);
#6292 = B_SPLINE_CURVE_WITH_KNOTS('',2,(#6293,#6294,#6295),
  .UNSPECIFIED.,.F.,.F.,(3,3),(0.,1.),.PIECEWISE_BEZIER_KNOTS.);
#6293 = CARTESIAN_POINT('',(1.321044921875,-1.79443359375,2.4));
#6294 = CARTESIAN_POINT('',(1.7158203125,-1.6337890625,2.4));
#6295 = CARTESIAN_POINT('',(2.064453125,-1.30908203125,2.4));
#6296 = PCURVE('',#5407,#6297);
#6297 = DEFINITIONAL_REPRESENTATION('',(#6298),#6302);
#6298 = B_SPLINE_CURVE_WITH_KNOTS('',2,(#6299,#6300,#6301),
  .UNSPECIFIED.,.F.,.F.,(3,3),(0.,1.),.PIECEWISE_BEZIER_KNOTS.);
#6299 = CARTESIAN_POINT('',(28.321044921875,15.20556640625));
#6300 = CARTESIAN_POINT('',(28.7158203125,15.3662109375));
#6301 = CARTESIAN_POINT('',(29.064453125,15.69091796875));
#6302 = ( GEOMETRIC_REPRESENTATION_CONTEXT(2) 
PARAMETRIC_REPRESENTATION_CONTEXT() REPRESENTATION_CONTEXT('2D SPACE',''
  ) );
#6303 = PCURVE('',#6304,#6311);
#6304 = SURFACE_OF_LINEAR_EXTRUSION('',#6305,#6309);
#6305 = B_SPLINE_CURVE_WITH_KNOTS('',2,(#6306,#6307,#6308),
  .UNSPECIFIED.,.F.,.F.,(3,3),(0.,1.),.PIECEWISE_BEZIER_KNOTS.);
#6306 = CARTESIAN_POINT('',(1.321044921875,-1.79443359375,2.4));
#6307 = CARTESIAN_POINT('',(1.7158203125,-1.6337890625,2.4));
#6308 = CARTESIAN_POINT('',(2.064453125,-1.30908203125,2.4));
#6309 = VECTOR('',#6310,1.);
#6310 = DIRECTION('',(-0.,-0.,-1.));
#6311 = DEFINITIONAL_REPRESENTATION('',(#6312),#6316);
#6312 = LINE('',#6313,#6314);
#6313 = CARTESIAN_POINT('',(0.,0.));
#6314 = VECTOR('',#6315,1.);
#6315 = DIRECTION('',(1.,0.));
#6316 = ( GEOMETRIC_REPRESENTATION_CONTEXT(2) 
PARAMETRIC_REPRESENTATION_CONTEXT() REPRESENTATION_CONTEXT('2D SPACE',''
  ) );
#6317 = ORIENTED_EDGE('',*,*,#6318,.T.);
#6318 = EDGE_CURVE('',#6289,#6319,#6321,.T.);
#6319 = VERTEX_POINT('',#6320);
#6320 = CARTESIAN_POINT('',(2.064453125,-2.0302734375,2.4));
#6321 = SURFACE_CURVE('',#6322,(#6326,#6333),.PCURVE_S1.);
#6322 = LINE('',#6323,#6324);
#6323 = CARTESIAN_POINT('',(2.064453125,-1.30908203125,2.4));
#6324 = VECTOR('',#6325,1.);
#6325 = DIRECTION('',(0.,-1.,0.));
#6326 = PCURVE('',#5407,#6327);
#6327 = DEFINITIONAL_REPRESENTATION('',(#6328),#6332);
#6328 = LINE('',#6329,#6330);
#6329 = CARTESIAN_POINT('',(29.064453125,15.69091796875));
#6330 = VECTOR('',#6331,1.);
#6331 = DIRECTION('',(0.,-1.));
#6332 = ( GEOMETRIC_REPRESENTATION_CONTEXT(2) 
PARAMETRIC_REPRESENTATION_CONTEXT() REPRESENTATION_CONTEXT('2D SPACE',''
  ) );
#6333 = PCURVE('',#6334,#6339);
#6334 = PLANE('',#6335);
#6335 = AXIS2_PLACEMENT_3D('',#6336,#6337,#6338);
#6336 = CARTESIAN_POINT('',(2.064453125,-1.30908203125,2.4));
#6337 = DIRECTION('',(1.,0.,0.));
#6338 = DIRECTION('',(0.,-1.,0.));
#6339 = DEFINITIONAL_REPRESENTATION('',(#6340),#6344);
#6340 = LINE('',#6341,#6342);
#6341 = CARTESIAN_POINT('',(0.,0.));
#6342 = VECTOR('',#6343,1.);
#6343 = DIRECTION('',(1.,0.));
#6344 = ( GEOMETRIC_REPRESENTATION_CONTEXT(2) 
PARAMETRIC_REPRESENTATION_CONTEXT() REPRESENTATION_CONTEXT('2D SPACE',''
  ) );
#6345 = ORIENTED_EDGE('',*,*,#6346,.T.);
#6346 = EDGE_CURVE('',#6319,#6347,#6349,.T.);
#6347 = VERTEX_POINT('',#6348);
#6348 = CARTESIAN_POINT('',(1.297119140625,-2.3994140625,2.4));
#6349 = SURFACE_CURVE('',#6350,(#6354,#6361),.PCURVE_S1.);
#6350 = B_SPLINE_CURVE_WITH_KNOTS('',2,(#6351,#6352,#6353),
  .UNSPECIFIED.,.F.,.F.,(3,3),(0.,1.),.PIECEWISE_BEZIER_KNOTS.);
#6351 = CARTESIAN_POINT('',(2.064453125,-2.0302734375,2.4));
#6352 = CARTESIAN_POINT('',(1.7021484375,-2.2763671875,2.4));
#6353 = CARTESIAN_POINT('',(1.297119140625,-2.3994140625,2.4));
#6354 = PCURVE('',#5407,#6355);
#6355 = DEFINITIONAL_REPRESENTATION('',(#6356),#6360);
#6356 = B_SPLINE_CURVE_WITH_KNOTS('',2,(#6357,#6358,#6359),
  .UNSPECIFIED.,.F.,.F.,(3,3),(0.,1.),.PIECEWISE_BEZIER_KNOTS.);
#6357 = CARTESIAN_POINT('',(29.064453125,14.9697265625));
#6358 = CARTESIAN_POINT('',(28.7021484375,14.7236328125));
#6359 = CARTESIAN_POINT('',(28.297119140625,14.6005859375));
#6360 = ( GEOMETRIC_REPRESENTATION_CONTEXT(2) 
PARAMETRIC_REPRESENTATION_CONTEXT() REPRESENTATION_CONTEXT('2D SPACE',''
  ) );
#6361 = PCURVE('',#6362,#6369);
#6362 = SURFACE_OF_LINEAR_EXTRUSION('',#6363,#6367);
#6363 = B_SPLINE_CURVE_WITH_KNOTS('',2,(#6364,#6365,#6366),
  .UNSPECIFIED.,.F.,.F.,(3,3),(0.,1.),.PIECEWISE_BEZIER_KNOTS.);
#6364 = CARTESIAN_POINT('',(2.064453125,-2.0302734375,2.4));
#6365 = CARTESIAN_POINT('',(1.7021484375,-2.2763671875,2.4));
#6366 = CARTESIAN_POINT('',(1.297119140625,-2.3994140625,2.4));
#6367 = VECTOR('',#6368,1.);
#6368 = DIRECTION('',(-0.,-0.,-1.));
#6369 = DEFINITIONAL_REPRESENTATION('',(#6370),#6374);
#6370 = LINE('',#6371,#6372);
#6371 = CARTESIAN_POINT('',(0.,0.));
#6372 = VECTOR('',#6373,1.);
#6373 = DIRECTION('',(1.,0.));
#6374 = ( GEOMETRIC_REPRESENTATION_CONTEXT(2) 
PARAMETRIC_REPRESENTATION_CONTEXT() REPRESENTATION_CONTEXT('2D SPACE',''
  ) );
#6375 = ORIENTED_EDGE('',*,*,#6376,.T.);
#6376 = EDGE_CURVE('',#6347,#6377,#6379,.T.);
#6377 = VERTEX_POINT('',#6378);
#6378 = CARTESIAN_POINT('',(0.44091796875,-2.5224609375,2.4));
#6379 = SURFACE_CURVE('',#6380,(#6384,#6391),.PCURVE_S1.);
#6380 = B_SPLINE_CURVE_WITH_KNOTS('',2,(#6381,#6382,#6383),
  .UNSPECIFIED.,.F.,.F.,(3,3),(0.,1.),.PIECEWISE_BEZIER_KNOTS.);
#6381 = CARTESIAN_POINT('',(1.297119140625,-2.3994140625,2.4));
#6382 = CARTESIAN_POINT('',(0.89208984375,-2.5224609375,2.4));
#6383 = CARTESIAN_POINT('',(0.44091796875,-2.5224609375,2.4));
#6384 = PCURVE('',#5407,#6385);
#6385 = DEFINITIONAL_REPRESENTATION('',(#6386),#6390);
#6386 = B_SPLINE_CURVE_WITH_KNOTS('',2,(#6387,#6388,#6389),
  .UNSPECIFIED.,.F.,.F.,(3,3),(0.,1.),.PIECEWISE_BEZIER_KNOTS.);
#6387 = CARTESIAN_POINT('',(28.297119140625,14.6005859375));
#6388 = CARTESIAN_POINT('',(27.89208984375,14.4775390625));
#6389 = CARTESIAN_POINT('',(27.44091796875,14.4775390625));
#6390 = ( GEOMETRIC_REPRESENTATION_CONTEXT(2) 
PARAMETRIC_REPRESENTATION_CONTEXT() REPRESENTATION_CONTEXT('2D SPACE',''
  ) );
#6391 = PCURVE('',#6392,#6399);
#6392 = SURFACE_OF_LINEAR_EXTRUSION('',#6393,#6397);
#6393 = B_SPLINE_CURVE_WITH_KNOTS('',2,(#6394,#6395,#6396),
  .UNSPECIFIED.,.F.,.F.,(3,3),(0.,1.),.PIECEWISE_BEZIER_KNOTS.);
#6394 = CARTESIAN_POINT('',(1.297119140625,-2.3994140625,2.4));
#6395 = CARTESIAN_POINT('',(0.89208984375,-2.5224609375,2.4));
#6396 = CARTESIAN_POINT('',(0.44091796875,-2.5224609375,2.4));
#6397 = VECTOR('',#6398,1.);
#6398 = DIRECTION('',(-0.,-0.,-1.));
#6399 = DEFINITIONAL_REPRESENTATION('',(#6400),#6404);
#6400 = LINE('',#6401,#6402);
#6401 = CARTESIAN_POINT('',(0.,0.));
#6402 = VECTOR('',#6403,1.);
#6403 = DIRECTION('',(1.,0.));
#6404 = ( GEOMETRIC_REPRESENTATION_CONTEXT(2) 
PARAMETRIC_REPRESENTATION_CONTEXT() REPRESENTATION_CONTEXT('2D SPACE',''
  ) );
#6405 = ORIENTED_EDGE('',*,*,#6406,.T.);
#6406 = EDGE_CURVE('',#6377,#6407,#6409,.T.);
#6407 = VERTEX_POINT('',#6408);
#6408 = CARTESIAN_POINT('',(-1.38427734375,-1.813232421875,2.4));
#6409 = SURFACE_CURVE('',#6410,(#6414,#6421),.PCURVE_S1.);
#6410 = B_SPLINE_CURVE_WITH_KNOTS('',2,(#6411,#6412,#6413),
  .UNSPECIFIED.,.F.,.F.,(3,3),(0.,1.),.PIECEWISE_BEZIER_KNOTS.);
#6411 = CARTESIAN_POINT('',(0.44091796875,-2.5224609375,2.4));
#6412 = CARTESIAN_POINT('',(-0.7177734375,-2.5224609375,2.4));
#6413 = CARTESIAN_POINT('',(-1.38427734375,-1.813232421875,2.4));
#6414 = PCURVE('',#5407,#6415);
#6415 = DEFINITIONAL_REPRESENTATION('',(#6416),#6420);
#6416 = B_SPLINE_CURVE_WITH_KNOTS('',2,(#6417,#6418,#6419),
  .UNSPECIFIED.,.F.,.F.,(3,3),(0.,1.),.PIECEWISE_BEZIER_KNOTS.);
#6417 = CARTESIAN_POINT('',(27.44091796875,14.4775390625));
#6418 = CARTESIAN_POINT('',(26.2822265625,14.4775390625));
#6419 = CARTESIAN_POINT('',(25.61572265625,15.186767578125));
#6420 = ( GEOMETRIC_REPRESENTATION_CONTEXT(2) 
PARAMETRIC_REPRESENTATION_CONTEXT() REPRESENTATION_CONTEXT('2D SPACE',''
  ) );
#6421 = PCURVE('',#6422,#6429);
#6422 = SURFACE_OF_LINEAR_EXTRUSION('',#6423,#6427);
#6423 = B_SPLINE_CURVE_WITH_KNOTS('',2,(#6424,#6425,#6426),
  .UNSPECIFIED.,.F.,.F.,(3,3),(0.,1.),.PIECEWISE_BEZIER_KNOTS.);
#6424 = CARTESIAN_POINT('',(0.44091796875,-2.5224609375,2.4));
#6425 = CARTESIAN_POINT('',(-0.7177734375,-2.5224609375,2.4));
#6426 = CARTESIAN_POINT('',(-1.38427734375,-1.813232421875,2.4));
#6427 = VECTOR('',#6428,1.);
#6428 = DIRECTION('',(-0.,-0.,-1.));
#6429 = DEFINITIONAL_REPRESENTATION('',(#6430),#6434);
#6430 = LINE('',#6431,#6432);
#6431 = CARTESIAN_POINT('',(0.,0.));
#6432 = VECTOR('',#6433,1.);
#6433 = DIRECTION('',(1.,0.));
#6434 = ( GEOMETRIC_REPRESENTATION_CONTEXT(2) 
PARAMETRIC_REPRESENTATION_CONTEXT() REPRESENTATION_CONTEXT('2D SPACE',''
  ) );
#6435 = ORIENTED_EDGE('',*,*,#6436,.T.);
#6436 = EDGE_CURVE('',#6407,#6437,#6439,.T.);
#6437 = VERTEX_POINT('',#6438);
#6438 = CARTESIAN_POINT('',(-2.05078125,0.123046875,2.4));
#6439 = SURFACE_CURVE('',#6440,(#6444,#6451),.PCURVE_S1.);
#6440 = B_SPLINE_CURVE_WITH_KNOTS('',2,(#6441,#6442,#6443),
  .UNSPECIFIED.,.F.,.F.,(3,3),(0.,1.),.PIECEWISE_BEZIER_KNOTS.);
#6441 = CARTESIAN_POINT('',(-1.38427734375,-1.813232421875,2.4));
#6442 = CARTESIAN_POINT('',(-2.05078125,-1.10400390625,2.4));
#6443 = CARTESIAN_POINT('',(-2.05078125,0.123046875,2.4));
#6444 = PCURVE('',#5407,#6445);
#6445 = DEFINITIONAL_REPRESENTATION('',(#6446),#6450);
#6446 = B_SPLINE_CURVE_WITH_KNOTS('',2,(#6447,#6448,#6449),
  .UNSPECIFIED.,.F.,.F.,(3,3),(0.,1.),.PIECEWISE_BEZIER_KNOTS.);
#6447 = CARTESIAN_POINT('',(25.61572265625,15.186767578125));
#6448 = CARTESIAN_POINT('',(24.94921875,15.89599609375));
#6449 = CARTESIAN_POINT('',(24.94921875,17.123046875));
#6450 = ( GEOMETRIC_REPRESENTATION_CONTEXT(2) 
PARAMETRIC_REPRESENTATION_CONTEXT() REPRESENTATION_CONTEXT('2D SPACE',''
  ) );
#6451 = PCURVE('',#6452,#6459);
#6452 = SURFACE_OF_LINEAR_EXTRUSION('',#6453,#6457);
#6453 = B_SPLINE_CURVE_WITH_KNOTS('',2,(#6454,#6455,#6456),
  .UNSPECIFIED.,.F.,.F.,(3,3),(0.,1.),.PIECEWISE_BEZIER_KNOTS.);
#6454 = CARTESIAN_POINT('',(-1.38427734375,-1.813232421875,2.4));
#6455 = CARTESIAN_POINT('',(-2.05078125,-1.10400390625,2.4));
#6456 = CARTESIAN_POINT('',(-2.05078125,0.123046875,2.4));
#6457 = VECTOR('',#6458,1.);
#6458 = DIRECTION('',(-0.,-0.,-1.));
#6459 = DEFINITIONAL_REPRESENTATION('',(#6460),#6464);
#6460 = LINE('',#6461,#6462);
#6461 = CARTESIAN_POINT('',(0.,0.));
#6462 = VECTOR('',#6463,1.);
#6463 = DIRECTION('',(1.,0.));
#6464 = ( GEOMETRIC_REPRESENTATION_CONTEXT(2) 
PARAMETRIC_REPRESENTATION_CONTEXT() REPRESENTATION_CONTEXT('2D SPACE',''
  ) );
#6465 = ORIENTED_EDGE('',*,*,#6466,.T.);
#6466 = EDGE_CURVE('',#6437,#6467,#6469,.T.);
#6467 = VERTEX_POINT('',#6468);
#6468 = CARTESIAN_POINT('',(-1.38427734375,2.062744140625,2.4));
#6469 = SURFACE_CURVE('',#6470,(#6474,#6481),.PCURVE_S1.);
#6470 = B_SPLINE_CURVE_WITH_KNOTS('',2,(#6471,#6472,#6473),
  .UNSPECIFIED.,.F.,.F.,(3,3),(0.,1.),.PIECEWISE_BEZIER_KNOTS.);
#6471 = CARTESIAN_POINT('',(-2.05078125,0.123046875,2.4));
#6472 = CARTESIAN_POINT('',(-2.05078125,1.353515625,2.4));
#6473 = CARTESIAN_POINT('',(-1.38427734375,2.062744140625,2.4));
#6474 = PCURVE('',#5407,#6475);
#6475 = DEFINITIONAL_REPRESENTATION('',(#6476),#6480);
#6476 = B_SPLINE_CURVE_WITH_KNOTS('',2,(#6477,#6478,#6479),
  .UNSPECIFIED.,.F.,.F.,(3,3),(0.,1.),.PIECEWISE_BEZIER_KNOTS.);
#6477 = CARTESIAN_POINT('',(24.94921875,17.123046875));
#6478 = CARTESIAN_POINT('',(24.94921875,18.353515625));
#6479 = CARTESIAN_POINT('',(25.61572265625,19.062744140625));
#6480 = ( GEOMETRIC_REPRESENTATION_CONTEXT(2) 
PARAMETRIC_REPRESENTATION_CONTEXT() REPRESENTATION_CONTEXT('2D SPACE',''
  ) );
#6481 = PCURVE('',#6482,#6489);
#6482 = SURFACE_OF_LINEAR_EXTRUSION('',#6483,#6487);
#6483 = B_SPLINE_CURVE_WITH_KNOTS('',2,(#6484,#6485,#6486),
  .UNSPECIFIED.,.F.,.F.,(3,3),(0.,1.),.PIECEWISE_BEZIER_KNOTS.);
#6484 = CARTESIAN_POINT('',(-2.05078125,0.123046875,2.4));
#6485 = CARTESIAN_POINT('',(-2.05078125,1.353515625,2.4));
#6486 = CARTESIAN_POINT('',(-1.38427734375,2.062744140625,2.4));
#6487 = VECTOR('',#6488,1.);
#6488 = DIRECTION('',(-0.,-0.,-1.));
#6489 = DEFINITIONAL_REPRESENTATION('',(#6490),#6494);
#6490 = LINE('',#6491,#6492);
#6491 = CARTESIAN_POINT('',(0.,0.));
#6492 = VECTOR('',#6493,1.);
#6493 = DIRECTION('',(1.,0.));
#6494 = ( GEOMETRIC_REPRESENTATION_CONTEXT(2) 
PARAMETRIC_REPRESENTATION_CONTEXT() REPRESENTATION_CONTEXT('2D SPACE',''
  ) );
#6495 = ORIENTED_EDGE('',*,*,#6496,.T.);
#6496 = EDGE_CURVE('',#6467,#6497,#6499,.T.);
#6497 = VERTEX_POINT('',#6498);
#6498 = CARTESIAN_POINT('',(0.44091796875,2.77197265625,2.4));
#6499 = SURFACE_CURVE('',#6500,(#6504,#6511),.PCURVE_S1.);
#6500 = B_SPLINE_CURVE_WITH_KNOTS('',2,(#6501,#6502,#6503),
  .UNSPECIFIED.,.F.,.F.,(3,3),(0.,1.),.PIECEWISE_BEZIER_KNOTS.);
#6501 = CARTESIAN_POINT('',(-1.38427734375,2.062744140625,2.4));
#6502 = CARTESIAN_POINT('',(-0.7177734375,2.77197265625,2.4));
#6503 = CARTESIAN_POINT('',(0.44091796875,2.77197265625,2.4));
#6504 = PCURVE('',#5407,#6505);
#6505 = DEFINITIONAL_REPRESENTATION('',(#6506),#6510);
#6506 = B_SPLINE_CURVE_WITH_KNOTS('',2,(#6507,#6508,#6509),
  .UNSPECIFIED.,.F.,.F.,(3,3),(0.,1.),.PIECEWISE_BEZIER_KNOTS.);
#6507 = CARTESIAN_POINT('',(25.61572265625,19.062744140625));
#6508 = CARTESIAN_POINT('',(26.2822265625,19.77197265625));
#6509 = CARTESIAN_POINT('',(27.44091796875,19.77197265625));
#6510 = ( GEOMETRIC_REPRESENTATION_CONTEXT(2) 
PARAMETRIC_REPRESENTATION_CONTEXT() REPRESENTATION_CONTEXT('2D SPACE',''
  ) );
#6511 = PCURVE('',#6512,#6519);
#6512 = SURFACE_OF_LINEAR_EXTRUSION('',#6513,#6517);
#6513 = B_SPLINE_CURVE_WITH_KNOTS('',2,(#6514,#6515,#6516),
  .UNSPECIFIED.,.F.,.F.,(3,3),(0.,1.),.PIECEWISE_BEZIER_KNOTS.);
#6514 = CARTESIAN_POINT('',(-1.38427734375,2.062744140625,2.4));
#6515 = CARTESIAN_POINT('',(-0.7177734375,2.77197265625,2.4));
#6516 = CARTESIAN_POINT('',(0.44091796875,2.77197265625,2.4));
#6517 = VECTOR('',#6518,1.);
#6518 = DIRECTION('',(-0.,-0.,-1.));
#6519 = DEFINITIONAL_REPRESENTATION('',(#6520),#6524);
#6520 = LINE('',#6521,#6522);
#6521 = CARTESIAN_POINT('',(0.,0.));
#6522 = VECTOR('',#6523,1.);
#6523 = DIRECTION('',(1.,0.));
#6524 = ( GEOMETRIC_REPRESENTATION_CONTEXT(2) 
PARAMETRIC_REPRESENTATION_CONTEXT() REPRESENTATION_CONTEXT('2D SPACE',''
  ) );
#6525 = ORIENTED_EDGE('',*,*,#6526,.T.);
#6526 = EDGE_CURVE('',#6497,#6019,#6527,.T.);
#6527 = SURFACE_CURVE('',#6528,(#6532,#6539),.PCURVE_S1.);
#6528 = B_SPLINE_CURVE_WITH_KNOTS('',2,(#6529,#6530,#6531),
  .UNSPECIFIED.,.F.,.F.,(3,3),(0.,1.),.PIECEWISE_BEZIER_KNOTS.);
#6529 = CARTESIAN_POINT('',(0.44091796875,2.77197265625,2.4));
#6530 = CARTESIAN_POINT('',(0.89892578125,2.77197265625,2.4));
#6531 = CARTESIAN_POINT('',(1.303955078125,2.650634765625,2.4));
#6532 = PCURVE('',#5407,#6533);
#6533 = DEFINITIONAL_REPRESENTATION('',(#6534),#6538);
#6534 = B_SPLINE_CURVE_WITH_KNOTS('',2,(#6535,#6536,#6537),
  .UNSPECIFIED.,.F.,.F.,(3,3),(0.,1.),.PIECEWISE_BEZIER_KNOTS.);
#6535 = CARTESIAN_POINT('',(27.44091796875,19.77197265625));
#6536 = CARTESIAN_POINT('',(27.89892578125,19.77197265625));
#6537 = CARTESIAN_POINT('',(28.303955078125,19.650634765625));
#6538 = ( GEOMETRIC_REPRESENTATION_CONTEXT(2) 
PARAMETRIC_REPRESENTATION_CONTEXT() REPRESENTATION_CONTEXT('2D SPACE',''
  ) );
#6539 = PCURVE('',#6540,#6547);
#6540 = SURFACE_OF_LINEAR_EXTRUSION('',#6541,#6545);
#6541 = B_SPLINE_CURVE_WITH_KNOTS('',2,(#6542,#6543,#6544),
  .UNSPECIFIED.,.F.,.F.,(3,3),(0.,1.),.PIECEWISE_BEZIER_KNOTS.);
#6542 = CARTESIAN_POINT('',(0.44091796875,2.77197265625,2.4));
#6543 = CARTESIAN_POINT('',(0.89892578125,2.77197265625,2.4));
#6544 = CARTESIAN_POINT('',(1.303955078125,2.650634765625,2.4));
#6545 = VECTOR('',#6546,1.);
#6546 = DIRECTION('',(-0.,-0.,-1.));
#6547 = DEFINITIONAL_REPRESENTATION('',(#6548),#6552);
#6548 = LINE('',#6549,#6550);
#6549 = CARTESIAN_POINT('',(0.,0.));
#6550 = VECTOR('',#6551,1.);
#6551 = DIRECTION('',(1.,0.));
#6552 = ( GEOMETRIC_REPRESENTATION_CONTEXT(2) 
PARAMETRIC_REPRESENTATION_CONTEXT() REPRESENTATION_CONTEXT('2D SPACE',''
  ) );
#6553 = ADVANCED_FACE('',(#6554),#5509,.F.);
#6554 = FACE_BOUND('',#6555,.F.);
#6555 = EDGE_LOOP('',(#6556,#6579,#6580,#6603));
#6556 = ORIENTED_EDGE('',*,*,#6557,.F.);
#6557 = EDGE_CURVE('',#5493,#6558,#6560,.T.);
#6558 = VERTEX_POINT('',#6559);
#6559 = CARTESIAN_POINT('',(-25.2,-2.,26.5));
#6560 = SURFACE_CURVE('',#6561,(#6565,#6572),.PCURVE_S1.);
#6561 = LINE('',#6562,#6563);
#6562 = CARTESIAN_POINT('',(-27.6,-2.,26.5));
#6563 = VECTOR('',#6564,1.);
#6564 = DIRECTION('',(1.,0.,0.));
#6565 = PCURVE('',#5509,#6566);
#6566 = DEFINITIONAL_REPRESENTATION('',(#6567),#6571);
#6567 = LINE('',#6568,#6569);
#6568 = CARTESIAN_POINT('',(0.,12.));
#6569 = VECTOR('',#6570,1.);
#6570 = DIRECTION('',(1.,0.));
#6571 = ( GEOMETRIC_REPRESENTATION_CONTEXT(2) 
PARAMETRIC_REPRESENTATION_CONTEXT() REPRESENTATION_CONTEXT('2D SPACE',''
  ) );
#6572 = PCURVE('',#5586,#6573);
#6573 = DEFINITIONAL_REPRESENTATION('',(#6574),#6578);
#6574 = LINE('',#6575,#6576);
#6575 = CARTESIAN_POINT('',(0.,0.));
#6576 = VECTOR('',#6577,1.);
#6577 = DIRECTION('',(0.,1.));
#6578 = ( GEOMETRIC_REPRESENTATION_CONTEXT(2) 
PARAMETRIC_REPRESENTATION_CONTEXT() REPRESENTATION_CONTEXT('2D SPACE',''
  ) );
#6579 = ORIENTED_EDGE('',*,*,#5492,.T.);
#6580 = ORIENTED_EDGE('',*,*,#6581,.T.);
#6581 = EDGE_CURVE('',#5495,#6582,#6584,.T.);
#6582 = VERTEX_POINT('',#6583);
#6583 = CARTESIAN_POINT('',(-25.2,-14.,26.5));
#6584 = SURFACE_CURVE('',#6585,(#6589,#6596),.PCURVE_S1.);
#6585 = LINE('',#6586,#6587);
#6586 = CARTESIAN_POINT('',(-27.6,-14.,26.5));
#6587 = VECTOR('',#6588,1.);
#6588 = DIRECTION('',(1.,0.,0.));
#6589 = PCURVE('',#5509,#6590);
#6590 = DEFINITIONAL_REPRESENTATION('',(#6591),#6595);
#6591 = LINE('',#6592,#6593);
#6592 = CARTESIAN_POINT('',(0.,0.));
#6593 = VECTOR('',#6594,1.);
#6594 = DIRECTION('',(1.,0.));
#6595 = ( GEOMETRIC_REPRESENTATION_CONTEXT(2) 
PARAMETRIC_REPRESENTATION_CONTEXT() REPRESENTATION_CONTEXT('2D SPACE',''
  ) );
#6596 = PCURVE('',#5535,#6597);
#6597 = DEFINITIONAL_REPRESENTATION('',(#6598),#6602);
#6598 = LINE('',#6599,#6600);
#6599 = CARTESIAN_POINT('',(0.,0.));
#6600 = VECTOR('',#6601,1.);
#6601 = DIRECTION('',(0.,1.));
#6602 = ( GEOMETRIC_REPRESENTATION_CONTEXT(2) 
PARAMETRIC_REPRESENTATION_CONTEXT() REPRESENTATION_CONTEXT('2D SPACE',''
  ) );
#6603 = ORIENTED_EDGE('',*,*,#6604,.T.);
#6604 = EDGE_CURVE('',#6582,#6558,#6605,.T.);
#6605 = SURFACE_CURVE('',#6606,(#6610,#6617),.PCURVE_S1.);
#6606 = LINE('',#6607,#6608);
#6607 = CARTESIAN_POINT('',(-25.2,-14.,26.5));
#6608 = VECTOR('',#6609,1.);
#6609 = DIRECTION('',(0.,1.,0.));
#6610 = PCURVE('',#5509,#6611);
#6611 = DEFINITIONAL_REPRESENTATION('',(#6612),#6616);
#6612 = LINE('',#6613,#6614);
#6613 = CARTESIAN_POINT('',(2.4,0.));
#6614 = VECTOR('',#6615,1.);
#6615 = DIRECTION('',(0.,1.));
#6616 = ( GEOMETRIC_REPRESENTATION_CONTEXT(2) 
PARAMETRIC_REPRESENTATION_CONTEXT() REPRESENTATION_CONTEXT('2D SPACE',''
  ) );
#6617 = PCURVE('',#6618,#6623);
#6618 = PLANE('',#6619);
#6619 = AXIS2_PLACEMENT_3D('',#6620,#6621,#6622);
#6620 = CARTESIAN_POINT('',(-25.2,-14.,26.5));
#6621 = DIRECTION('',(1.,0.,0.));
#6622 = DIRECTION('',(0.,0.,1.));
#6623 = DEFINITIONAL_REPRESENTATION('',(#6624),#6628);
#6624 = LINE('',#6625,#6626);
#6625 = CARTESIAN_POINT('',(0.,0.));
#6626 = VECTOR('',#6627,1.);
#6627 = DIRECTION('',(0.,-1.));
#6628 = ( GEOMETRIC_REPRESENTATION_CONTEXT(2) 
PARAMETRIC_REPRESENTATION_CONTEXT() REPRESENTATION_CONTEXT('2D SPACE',''
  ) );
#6629 = ADVANCED_FACE('',(#6630),#5586,.T.);
#6630 = FACE_BOUND('',#6631,.T.);
#6631 = EDGE_LOOP('',(#6632,#6633,#6634,#6657,#6685,#6713,#6741,#6769));
#6632 = ORIENTED_EDGE('',*,*,#6557,.F.);
#6633 = ORIENTED_EDGE('',*,*,#5573,.T.);
#6634 = ORIENTED_EDGE('',*,*,#6635,.T.);
#6635 = EDGE_CURVE('',#5548,#6636,#6638,.T.);
#6636 = VERTEX_POINT('',#6637);
#6637 = CARTESIAN_POINT('',(-26.8,-2.,28.5));
#6638 = SURFACE_CURVE('',#6639,(#6643,#6650),.PCURVE_S1.);
#6639 = LINE('',#6640,#6641);
#6640 = CARTESIAN_POINT('',(-27.6,-2.,28.5));
#6641 = VECTOR('',#6642,1.);
#6642 = DIRECTION('',(1.,0.,0.));
#6643 = PCURVE('',#5586,#6644);
#6644 = DEFINITIONAL_REPRESENTATION('',(#6645),#6649);
#6645 = LINE('',#6646,#6647);
#6646 = CARTESIAN_POINT('',(2.,0.));
#6647 = VECTOR('',#6648,1.);
#6648 = DIRECTION('',(0.,1.));
#6649 = ( GEOMETRIC_REPRESENTATION_CONTEXT(2) 
PARAMETRIC_REPRESENTATION_CONTEXT() REPRESENTATION_CONTEXT('2D SPACE',''
  ) );
#6650 = PCURVE('',#5562,#6651);
#6651 = DEFINITIONAL_REPRESENTATION('',(#6652),#6656);
#6652 = LINE('',#6653,#6654);
#6653 = CARTESIAN_POINT('',(0.,12.));
#6654 = VECTOR('',#6655,1.);
#6655 = DIRECTION('',(1.,0.));
#6656 = ( GEOMETRIC_REPRESENTATION_CONTEXT(2) 
PARAMETRIC_REPRESENTATION_CONTEXT() REPRESENTATION_CONTEXT('2D SPACE',''
  ) );
#6657 = ORIENTED_EDGE('',*,*,#6658,.T.);
#6658 = EDGE_CURVE('',#6636,#6659,#6661,.T.);
#6659 = VERTEX_POINT('',#6660);
#6660 = CARTESIAN_POINT('',(-26.8,-2.,31.9));
#6661 = SURFACE_CURVE('',#6662,(#6666,#6673),.PCURVE_S1.);
#6662 = LINE('',#6663,#6664);
#6663 = CARTESIAN_POINT('',(-26.8,-2.,27.5));
#6664 = VECTOR('',#6665,1.);
#6665 = DIRECTION('',(0.,0.,1.));
#6666 = PCURVE('',#5586,#6667);
#6667 = DEFINITIONAL_REPRESENTATION('',(#6668),#6672);
#6668 = LINE('',#6669,#6670);
#6669 = CARTESIAN_POINT('',(1.,0.8));
#6670 = VECTOR('',#6671,1.);
#6671 = DIRECTION('',(1.,0.));
#6672 = ( GEOMETRIC_REPRESENTATION_CONTEXT(2) 
PARAMETRIC_REPRESENTATION_CONTEXT() REPRESENTATION_CONTEXT('2D SPACE',''
  ) );
#6673 = PCURVE('',#6674,#6679);
#6674 = PLANE('',#6675);
#6675 = AXIS2_PLACEMENT_3D('',#6676,#6677,#6678);
#6676 = CARTESIAN_POINT('',(-26.8,-14.,27.5));
#6677 = DIRECTION('',(1.,0.,0.));
#6678 = DIRECTION('',(0.,0.,1.));
#6679 = DEFINITIONAL_REPRESENTATION('',(#6680),#6684);
#6680 = LINE('',#6681,#6682);
#6681 = CARTESIAN_POINT('',(0.,-12.));
#6682 = VECTOR('',#6683,1.);
#6683 = DIRECTION('',(1.,0.));
#6684 = ( GEOMETRIC_REPRESENTATION_CONTEXT(2) 
PARAMETRIC_REPRESENTATION_CONTEXT() REPRESENTATION_CONTEXT('2D SPACE',''
  ) );
#6685 = ORIENTED_EDGE('',*,*,#6686,.T.);
#6686 = EDGE_CURVE('',#6659,#6687,#6689,.T.);
#6687 = VERTEX_POINT('',#6688);
#6688 = CARTESIAN_POINT('',(-24.8,-2.,31.9));
#6689 = SURFACE_CURVE('',#6690,(#6694,#6701),.PCURVE_S1.);
#6690 = LINE('',#6691,#6692);
#6691 = CARTESIAN_POINT('',(-26.8,-2.,31.9));
#6692 = VECTOR('',#6693,1.);
#6693 = DIRECTION('',(1.,0.,0.));
#6694 = PCURVE('',#5586,#6695);
#6695 = DEFINITIONAL_REPRESENTATION('',(#6696),#6700);
#6696 = LINE('',#6697,#6698);
#6697 = CARTESIAN_POINT('',(5.4,0.8));
#6698 = VECTOR('',#6699,1.);
#6699 = DIRECTION('',(0.,1.));
#6700 = ( GEOMETRIC_REPRESENTATION_CONTEXT(2) 
PARAMETRIC_REPRESENTATION_CONTEXT() REPRESENTATION_CONTEXT('2D SPACE',''
  ) );
#6701 = PCURVE('',#6702,#6707);
#6702 = PLANE('',#6703);
#6703 = AXIS2_PLACEMENT_3D('',#6704,#6705,#6706);
#6704 = CARTESIAN_POINT('',(-26.8,-2.3,32.2));
#6705 = DIRECTION('',(0.,0.707106781187,0.707106781187));
#6706 = DIRECTION('',(-1.,-0.,0.));
#6707 = DEFINITIONAL_REPRESENTATION('',(#6708),#6712);
#6708 = LINE('',#6709,#6710);
#6709 = CARTESIAN_POINT('',(-0.,-0.424264068712));
#6710 = VECTOR('',#6711,1.);
#6711 = DIRECTION('',(-1.,0.));
#6712 = ( GEOMETRIC_REPRESENTATION_CONTEXT(2) 
PARAMETRIC_REPRESENTATION_CONTEXT() REPRESENTATION_CONTEXT('2D SPACE',''
  ) );
#6713 = ORIENTED_EDGE('',*,*,#6714,.F.);
#6714 = EDGE_CURVE('',#6715,#6687,#6717,.T.);
#6715 = VERTEX_POINT('',#6716);
#6716 = CARTESIAN_POINT('',(-24.8,-2.,27.5));
#6717 = SURFACE_CURVE('',#6718,(#6722,#6729),.PCURVE_S1.);
#6718 = LINE('',#6719,#6720);
#6719 = CARTESIAN_POINT('',(-24.8,-2.,27.5));
#6720 = VECTOR('',#6721,1.);
#6721 = DIRECTION('',(0.,0.,1.));
#6722 = PCURVE('',#5586,#6723);
#6723 = DEFINITIONAL_REPRESENTATION('',(#6724),#6728);
#6724 = LINE('',#6725,#6726);
#6725 = CARTESIAN_POINT('',(1.,2.8));
#6726 = VECTOR('',#6727,1.);
#6727 = DIRECTION('',(1.,0.));
#6728 = ( GEOMETRIC_REPRESENTATION_CONTEXT(2) 
PARAMETRIC_REPRESENTATION_CONTEXT() REPRESENTATION_CONTEXT('2D SPACE',''
  ) );
#6729 = PCURVE('',#6730,#6735);
#6730 = PLANE('',#6731);
#6731 = AXIS2_PLACEMENT_3D('',#6732,#6733,#6734);
#6732 = CARTESIAN_POINT('',(-24.8,-14.,27.5));
#6733 = DIRECTION('',(1.,0.,0.));
#6734 = DIRECTION('',(0.,0.,1.));
#6735 = DEFINITIONAL_REPRESENTATION('',(#6736),#6740);
#6736 = LINE('',#6737,#6738);
#6737 = CARTESIAN_POINT('',(0.,-12.));
#6738 = VECTOR('',#6739,1.);
#6739 = DIRECTION('',(1.,0.));
#6740 = ( GEOMETRIC_REPRESENTATION_CONTEXT(2) 
PARAMETRIC_REPRESENTATION_CONTEXT() REPRESENTATION_CONTEXT('2D SPACE',''
  ) );
#6741 = ORIENTED_EDGE('',*,*,#6742,.F.);
#6742 = EDGE_CURVE('',#6743,#6715,#6745,.T.);
#6743 = VERTEX_POINT('',#6744);
#6744 = CARTESIAN_POINT('',(-25.2,-2.,27.5));
#6745 = SURFACE_CURVE('',#6746,(#6750,#6757),.PCURVE_S1.);
#6746 = LINE('',#6747,#6748);
#6747 = CARTESIAN_POINT('',(-26.8,-2.,27.5));
#6748 = VECTOR('',#6749,1.);
#6749 = DIRECTION('',(1.,0.,0.));
#6750 = PCURVE('',#5586,#6751);
#6751 = DEFINITIONAL_REPRESENTATION('',(#6752),#6756);
#6752 = LINE('',#6753,#6754);
#6753 = CARTESIAN_POINT('',(1.,0.8));
#6754 = VECTOR('',#6755,1.);
#6755 = DIRECTION('',(0.,1.));
#6756 = ( GEOMETRIC_REPRESENTATION_CONTEXT(2) 
PARAMETRIC_REPRESENTATION_CONTEXT() REPRESENTATION_CONTEXT('2D SPACE',''
  ) );
#6757 = PCURVE('',#6758,#6763);
#6758 = PLANE('',#6759);
#6759 = AXIS2_PLACEMENT_3D('',#6760,#6761,#6762);
#6760 = CARTESIAN_POINT('',(-26.8,-14.,27.5));
#6761 = DIRECTION('',(0.,0.,1.));
#6762 = DIRECTION('',(1.,0.,0.));
#6763 = DEFINITIONAL_REPRESENTATION('',(#6764),#6768);
#6764 = LINE('',#6765,#6766);
#6765 = CARTESIAN_POINT('',(0.,12.));
#6766 = VECTOR('',#6767,1.);
#6767 = DIRECTION('',(1.,0.));
#6768 = ( GEOMETRIC_REPRESENTATION_CONTEXT(2) 
PARAMETRIC_REPRESENTATION_CONTEXT() REPRESENTATION_CONTEXT('2D SPACE',''
  ) );
#6769 = ORIENTED_EDGE('',*,*,#6770,.F.);
#6770 = EDGE_CURVE('',#6558,#6743,#6771,.T.);
#6771 = SURFACE_CURVE('',#6772,(#6776,#6783),.PCURVE_S1.);
#6772 = LINE('',#6773,#6774);
#6773 = CARTESIAN_POINT('',(-25.2,-2.,26.5));
#6774 = VECTOR('',#6775,1.);
#6775 = DIRECTION('',(0.,0.,1.));
#6776 = PCURVE('',#5586,#6777);
#6777 = DEFINITIONAL_REPRESENTATION('',(#6778),#6782);
#6778 = LINE('',#6779,#6780);
#6779 = CARTESIAN_POINT('',(0.,2.4));
#6780 = VECTOR('',#6781,1.);
#6781 = DIRECTION('',(1.,0.));
#6782 = ( GEOMETRIC_REPRESENTATION_CONTEXT(2) 
PARAMETRIC_REPRESENTATION_CONTEXT() REPRESENTATION_CONTEXT('2D SPACE',''
  ) );
#6783 = PCURVE('',#6618,#6784);
#6784 = DEFINITIONAL_REPRESENTATION('',(#6785),#6789);
#6785 = LINE('',#6786,#6787);
#6786 = CARTESIAN_POINT('',(0.,-12.));
#6787 = VECTOR('',#6788,1.);
#6788 = DIRECTION('',(1.,0.));
#6789 = ( GEOMETRIC_REPRESENTATION_CONTEXT(2) 
PARAMETRIC_REPRESENTATION_CONTEXT() REPRESENTATION_CONTEXT('2D SPACE',''
  ) );
#6790 = ADVANCED_FACE('',(#6791),#5562,.T.);
#6791 = FACE_BOUND('',#6792,.T.);
#6792 = EDGE_LOOP('',(#6793,#6794,#6795,#6818));
#6793 = ORIENTED_EDGE('',*,*,#6635,.F.);
#6794 = ORIENTED_EDGE('',*,*,#5547,.T.);
#6795 = ORIENTED_EDGE('',*,*,#6796,.T.);
#6796 = EDGE_CURVE('',#5521,#6797,#6799,.T.);
#6797 = VERTEX_POINT('',#6798);
#6798 = CARTESIAN_POINT('',(-26.8,-14.,28.5));
#6799 = SURFACE_CURVE('',#6800,(#6804,#6811),.PCURVE_S1.);
#6800 = LINE('',#6801,#6802);
#6801 = CARTESIAN_POINT('',(-27.6,-14.,28.5));
#6802 = VECTOR('',#6803,1.);
#6803 = DIRECTION('',(1.,0.,0.));
#6804 = PCURVE('',#5562,#6805);
#6805 = DEFINITIONAL_REPRESENTATION('',(#6806),#6810);
#6806 = LINE('',#6807,#6808);
#6807 = CARTESIAN_POINT('',(0.,0.));
#6808 = VECTOR('',#6809,1.);
#6809 = DIRECTION('',(1.,0.));
#6810 = ( GEOMETRIC_REPRESENTATION_CONTEXT(2) 
PARAMETRIC_REPRESENTATION_CONTEXT() REPRESENTATION_CONTEXT('2D SPACE',''
  ) );
#6811 = PCURVE('',#5535,#6812);
#6812 = DEFINITIONAL_REPRESENTATION('',(#6813),#6817);
#6813 = LINE('',#6814,#6815);
#6814 = CARTESIAN_POINT('',(2.,0.));
#6815 = VECTOR('',#6816,1.);
#6816 = DIRECTION('',(0.,1.));
#6817 = ( GEOMETRIC_REPRESENTATION_CONTEXT(2) 
PARAMETRIC_REPRESENTATION_CONTEXT() REPRESENTATION_CONTEXT('2D SPACE',''
  ) );
#6818 = ORIENTED_EDGE('',*,*,#6819,.F.);
#6819 = EDGE_CURVE('',#6636,#6797,#6820,.T.);
#6820 = SURFACE_CURVE('',#6821,(#6825,#6831),.PCURVE_S1.);
#6821 = LINE('',#6822,#6823);
#6822 = CARTESIAN_POINT('',(-26.8,-14.,28.5));
#6823 = VECTOR('',#6824,1.);
#6824 = DIRECTION('',(0.,-1.,0.));
#6825 = PCURVE('',#5562,#6826);
#6826 = DEFINITIONAL_REPRESENTATION('',(#6827),#6830);
#6827 = B_SPLINE_CURVE_WITH_KNOTS('',1,(#6828,#6829),.UNSPECIFIED.,.F.,
  .F.,(2,2),(-12.,0.),.PIECEWISE_BEZIER_KNOTS.);
#6828 = CARTESIAN_POINT('',(0.8,12.));
#6829 = CARTESIAN_POINT('',(0.8,0.));
#6830 = ( GEOMETRIC_REPRESENTATION_CONTEXT(2) 
PARAMETRIC_REPRESENTATION_CONTEXT() REPRESENTATION_CONTEXT('2D SPACE',''
  ) );
#6831 = PCURVE('',#6674,#6832);
#6832 = DEFINITIONAL_REPRESENTATION('',(#6833),#6836);
#6833 = B_SPLINE_CURVE_WITH_KNOTS('',1,(#6834,#6835),.UNSPECIFIED.,.F.,
  .F.,(2,2),(-12.,0.),.PIECEWISE_BEZIER_KNOTS.);
#6834 = CARTESIAN_POINT('',(1.,-12.));
#6835 = CARTESIAN_POINT('',(1.,0.));
#6836 = ( GEOMETRIC_REPRESENTATION_CONTEXT(2) 
PARAMETRIC_REPRESENTATION_CONTEXT() REPRESENTATION_CONTEXT('2D SPACE',''
  ) );
#6837 = ADVANCED_FACE('',(#6838),#5535,.F.);
#6838 = FACE_BOUND('',#6839,.F.);
#6839 = EDGE_LOOP('',(#6840,#6841,#6842,#6843,#6866,#6894,#6917,#6940));
#6840 = ORIENTED_EDGE('',*,*,#6581,.F.);
#6841 = ORIENTED_EDGE('',*,*,#5520,.T.);
#6842 = ORIENTED_EDGE('',*,*,#6796,.T.);
#6843 = ORIENTED_EDGE('',*,*,#6844,.T.);
#6844 = EDGE_CURVE('',#6797,#6845,#6847,.T.);
#6845 = VERTEX_POINT('',#6846);
#6846 = CARTESIAN_POINT('',(-26.8,-14.,31.9));
#6847 = SURFACE_CURVE('',#6848,(#6852,#6859),.PCURVE_S1.);
#6848 = LINE('',#6849,#6850);
#6849 = CARTESIAN_POINT('',(-26.8,-14.,27.5));
#6850 = VECTOR('',#6851,1.);
#6851 = DIRECTION('',(0.,0.,1.));
#6852 = PCURVE('',#5535,#6853);
#6853 = DEFINITIONAL_REPRESENTATION('',(#6854),#6858);
#6854 = LINE('',#6855,#6856);
#6855 = CARTESIAN_POINT('',(1.,0.8));
#6856 = VECTOR('',#6857,1.);
#6857 = DIRECTION('',(1.,0.));
#6858 = ( GEOMETRIC_REPRESENTATION_CONTEXT(2) 
PARAMETRIC_REPRESENTATION_CONTEXT() REPRESENTATION_CONTEXT('2D SPACE',''
  ) );
#6859 = PCURVE('',#6674,#6860);
#6860 = DEFINITIONAL_REPRESENTATION('',(#6861),#6865);
#6861 = LINE('',#6862,#6863);
#6862 = CARTESIAN_POINT('',(0.,0.));
#6863 = VECTOR('',#6864,1.);
#6864 = DIRECTION('',(1.,0.));
#6865 = ( GEOMETRIC_REPRESENTATION_CONTEXT(2) 
PARAMETRIC_REPRESENTATION_CONTEXT() REPRESENTATION_CONTEXT('2D SPACE',''
  ) );
#6866 = ORIENTED_EDGE('',*,*,#6867,.T.);
#6867 = EDGE_CURVE('',#6845,#6868,#6870,.T.);
#6868 = VERTEX_POINT('',#6869);
#6869 = CARTESIAN_POINT('',(-24.8,-14.,31.9));
#6870 = SURFACE_CURVE('',#6871,(#6875,#6882),.PCURVE_S1.);
#6871 = LINE('',#6872,#6873);
#6872 = CARTESIAN_POINT('',(-26.8,-14.,31.9));
#6873 = VECTOR('',#6874,1.);
#6874 = DIRECTION('',(1.,0.,0.));
#6875 = PCURVE('',#5535,#6876);
#6876 = DEFINITIONAL_REPRESENTATION('',(#6877),#6881);
#6877 = LINE('',#6878,#6879);
#6878 = CARTESIAN_POINT('',(5.4,0.8));
#6879 = VECTOR('',#6880,1.);
#6880 = DIRECTION('',(0.,1.));
#6881 = ( GEOMETRIC_REPRESENTATION_CONTEXT(2) 
PARAMETRIC_REPRESENTATION_CONTEXT() REPRESENTATION_CONTEXT('2D SPACE',''
  ) );
#6882 = PCURVE('',#6883,#6888);
#6883 = PLANE('',#6884);
#6884 = AXIS2_PLACEMENT_3D('',#6885,#6886,#6887);
#6885 = CARTESIAN_POINT('',(-26.8,-13.7,32.2));
#6886 = DIRECTION('',(0.,0.707106781187,-0.707106781187));
#6887 = DIRECTION('',(-1.,-0.,-0.));
#6888 = DEFINITIONAL_REPRESENTATION('',(#6889),#6893);
#6889 = LINE('',#6890,#6891);
#6890 = CARTESIAN_POINT('',(-0.,-0.424264068712));
#6891 = VECTOR('',#6892,1.);
#6892 = DIRECTION('',(-1.,0.));
#6893 = ( GEOMETRIC_REPRESENTATION_CONTEXT(2) 
PARAMETRIC_REPRESENTATION_CONTEXT() REPRESENTATION_CONTEXT('2D SPACE',''
  ) );
#6894 = ORIENTED_EDGE('',*,*,#6895,.F.);
#6895 = EDGE_CURVE('',#6896,#6868,#6898,.T.);
#6896 = VERTEX_POINT('',#6897);
#6897 = CARTESIAN_POINT('',(-24.8,-14.,27.5));
#6898 = SURFACE_CURVE('',#6899,(#6903,#6910),.PCURVE_S1.);
#6899 = LINE('',#6900,#6901);
#6900 = CARTESIAN_POINT('',(-24.8,-14.,27.5));
#6901 = VECTOR('',#6902,1.);
#6902 = DIRECTION('',(0.,0.,1.));
#6903 = PCURVE('',#5535,#6904);
#6904 = DEFINITIONAL_REPRESENTATION('',(#6905),#6909);
#6905 = LINE('',#6906,#6907);
#6906 = CARTESIAN_POINT('',(1.,2.8));
#6907 = VECTOR('',#6908,1.);
#6908 = DIRECTION('',(1.,0.));
#6909 = ( GEOMETRIC_REPRESENTATION_CONTEXT(2) 
PARAMETRIC_REPRESENTATION_CONTEXT() REPRESENTATION_CONTEXT('2D SPACE',''
  ) );
#6910 = PCURVE('',#6730,#6911);
#6911 = DEFINITIONAL_REPRESENTATION('',(#6912),#6916);
#6912 = LINE('',#6913,#6914);
#6913 = CARTESIAN_POINT('',(0.,0.));
#6914 = VECTOR('',#6915,1.);
#6915 = DIRECTION('',(1.,0.));
#6916 = ( GEOMETRIC_REPRESENTATION_CONTEXT(2) 
PARAMETRIC_REPRESENTATION_CONTEXT() REPRESENTATION_CONTEXT('2D SPACE',''
  ) );
#6917 = ORIENTED_EDGE('',*,*,#6918,.F.);
#6918 = EDGE_CURVE('',#6919,#6896,#6921,.T.);
#6919 = VERTEX_POINT('',#6920);
#6920 = CARTESIAN_POINT('',(-25.2,-14.,27.5));
#6921 = SURFACE_CURVE('',#6922,(#6926,#6933),.PCURVE_S1.);
#6922 = LINE('',#6923,#6924);
#6923 = CARTESIAN_POINT('',(-26.8,-14.,27.5));
#6924 = VECTOR('',#6925,1.);
#6925 = DIRECTION('',(1.,0.,0.));
#6926 = PCURVE('',#5535,#6927);
#6927 = DEFINITIONAL_REPRESENTATION('',(#6928),#6932);
#6928 = LINE('',#6929,#6930);
#6929 = CARTESIAN_POINT('',(1.,0.8));
#6930 = VECTOR('',#6931,1.);
#6931 = DIRECTION('',(0.,1.));
#6932 = ( GEOMETRIC_REPRESENTATION_CONTEXT(2) 
PARAMETRIC_REPRESENTATION_CONTEXT() REPRESENTATION_CONTEXT('2D SPACE',''
  ) );
#6933 = PCURVE('',#6758,#6934);
#6934 = DEFINITIONAL_REPRESENTATION('',(#6935),#6939);
#6935 = LINE('',#6936,#6937);
#6936 = CARTESIAN_POINT('',(0.,0.));
#6937 = VECTOR('',#6938,1.);
#6938 = DIRECTION('',(1.,0.));
#6939 = ( GEOMETRIC_REPRESENTATION_CONTEXT(2) 
PARAMETRIC_REPRESENTATION_CONTEXT() REPRESENTATION_CONTEXT('2D SPACE',''
  ) );
#6940 = ORIENTED_EDGE('',*,*,#6941,.F.);
#6941 = EDGE_CURVE('',#6582,#6919,#6942,.T.);
#6942 = SURFACE_CURVE('',#6943,(#6947,#6954),.PCURVE_S1.);
#6943 = LINE('',#6944,#6945);
#6944 = CARTESIAN_POINT('',(-25.2,-14.,26.5));
#6945 = VECTOR('',#6946,1.);
#6946 = DIRECTION('',(0.,0.,1.));
#6947 = PCURVE('',#5535,#6948);
#6948 = DEFINITIONAL_REPRESENTATION('',(#6949),#6953);
#6949 = LINE('',#6950,#6951);
#6950 = CARTESIAN_POINT('',(0.,2.4));
#6951 = VECTOR('',#6952,1.);
#6952 = DIRECTION('',(1.,0.));
#6953 = ( GEOMETRIC_REPRESENTATION_CONTEXT(2) 
PARAMETRIC_REPRESENTATION_CONTEXT() REPRESENTATION_CONTEXT('2D SPACE',''
  ) );
#6954 = PCURVE('',#6618,#6955);
#6955 = DEFINITIONAL_REPRESENTATION('',(#6956),#6960);
#6956 = LINE('',#6957,#6958);
#6957 = CARTESIAN_POINT('',(0.,0.));
#6958 = VECTOR('',#6959,1.);
#6959 = DIRECTION('',(1.,0.));
#6960 = ( GEOMETRIC_REPRESENTATION_CONTEXT(2) 
PARAMETRIC_REPRESENTATION_CONTEXT() REPRESENTATION_CONTEXT('2D SPACE',''
  ) );
#6961 = ADVANCED_FACE('',(#6962),#5819,.F.);
#6962 = FACE_BOUND('',#6963,.F.);
#6963 = EDGE_LOOP('',(#6964,#6987,#7015,#7036));
#6964 = ORIENTED_EDGE('',*,*,#6965,.F.);
#6965 = EDGE_CURVE('',#6966,#5803,#6968,.T.);
#6966 = VERTEX_POINT('',#6967);
#6967 = CARTESIAN_POINT('',(25.2,-2.,26.5));
#6968 = SURFACE_CURVE('',#6969,(#6973,#6980),.PCURVE_S1.);
#6969 = LINE('',#6970,#6971);
#6970 = CARTESIAN_POINT('',(25.2,-2.,26.5));
#6971 = VECTOR('',#6972,1.);
#6972 = DIRECTION('',(1.,0.,0.));
#6973 = PCURVE('',#5819,#6974);
#6974 = DEFINITIONAL_REPRESENTATION('',(#6975),#6979);
#6975 = LINE('',#6976,#6977);
#6976 = CARTESIAN_POINT('',(0.,12.));
#6977 = VECTOR('',#6978,1.);
#6978 = DIRECTION('',(1.,0.));
#6979 = ( GEOMETRIC_REPRESENTATION_CONTEXT(2) 
PARAMETRIC_REPRESENTATION_CONTEXT() REPRESENTATION_CONTEXT('2D SPACE',''
  ) );
#6980 = PCURVE('',#5896,#6981);
#6981 = DEFINITIONAL_REPRESENTATION('',(#6982),#6986);
#6982 = LINE('',#6983,#6984);
#6983 = CARTESIAN_POINT('',(0.,0.));
#6984 = VECTOR('',#6985,1.);
#6985 = DIRECTION('',(0.,1.));
#6986 = ( GEOMETRIC_REPRESENTATION_CONTEXT(2) 
PARAMETRIC_REPRESENTATION_CONTEXT() REPRESENTATION_CONTEXT('2D SPACE',''
  ) );
#6987 = ORIENTED_EDGE('',*,*,#6988,.F.);
#6988 = EDGE_CURVE('',#6989,#6966,#6991,.T.);
#6989 = VERTEX_POINT('',#6990);
#6990 = CARTESIAN_POINT('',(25.2,-14.,26.5));
#6991 = SURFACE_CURVE('',#6992,(#6996,#7003),.PCURVE_S1.);
#6992 = LINE('',#6993,#6994);
#6993 = CARTESIAN_POINT('',(25.2,-14.,26.5));
#6994 = VECTOR('',#6995,1.);
#6995 = DIRECTION('',(0.,1.,0.));
#6996 = PCURVE('',#5819,#6997);
#6997 = DEFINITIONAL_REPRESENTATION('',(#6998),#7002);
#6998 = LINE('',#6999,#7000);
#6999 = CARTESIAN_POINT('',(0.,0.));
#7000 = VECTOR('',#7001,1.);
#7001 = DIRECTION('',(0.,1.));
#7002 = ( GEOMETRIC_REPRESENTATION_CONTEXT(2) 
PARAMETRIC_REPRESENTATION_CONTEXT() REPRESENTATION_CONTEXT('2D SPACE',''
  ) );
#7003 = PCURVE('',#7004,#7009);
#7004 = PLANE('',#7005);
#7005 = AXIS2_PLACEMENT_3D('',#7006,#7007,#7008);
#7006 = CARTESIAN_POINT('',(25.2,-14.,26.5));
#7007 = DIRECTION('',(1.,0.,0.));
#7008 = DIRECTION('',(0.,0.,1.));
#7009 = DEFINITIONAL_REPRESENTATION('',(#7010),#7014);
#7010 = LINE('',#7011,#7012);
#7011 = CARTESIAN_POINT('',(0.,0.));
#7012 = VECTOR('',#7013,1.);
#7013 = DIRECTION('',(0.,-1.));
#7014 = ( GEOMETRIC_REPRESENTATION_CONTEXT(2) 
PARAMETRIC_REPRESENTATION_CONTEXT() REPRESENTATION_CONTEXT('2D SPACE',''
  ) );
#7015 = ORIENTED_EDGE('',*,*,#7016,.T.);
#7016 = EDGE_CURVE('',#6989,#5805,#7017,.T.);
#7017 = SURFACE_CURVE('',#7018,(#7022,#7029),.PCURVE_S1.);
#7018 = LINE('',#7019,#7020);
#7019 = CARTESIAN_POINT('',(25.2,-14.,26.5));
#7020 = VECTOR('',#7021,1.);
#7021 = DIRECTION('',(1.,0.,0.));
#7022 = PCURVE('',#5819,#7023);
#7023 = DEFINITIONAL_REPRESENTATION('',(#7024),#7028);
#7024 = LINE('',#7025,#7026);
#7025 = CARTESIAN_POINT('',(0.,0.));
#7026 = VECTOR('',#7027,1.);
#7027 = DIRECTION('',(1.,0.));
#7028 = ( GEOMETRIC_REPRESENTATION_CONTEXT(2) 
PARAMETRIC_REPRESENTATION_CONTEXT() REPRESENTATION_CONTEXT('2D SPACE',''
  ) );
#7029 = PCURVE('',#5845,#7030);
#7030 = DEFINITIONAL_REPRESENTATION('',(#7031),#7035);
#7031 = LINE('',#7032,#7033);
#7032 = CARTESIAN_POINT('',(0.,0.));
#7033 = VECTOR('',#7034,1.);
#7034 = DIRECTION('',(0.,1.));
#7035 = ( GEOMETRIC_REPRESENTATION_CONTEXT(2) 
PARAMETRIC_REPRESENTATION_CONTEXT() REPRESENTATION_CONTEXT('2D SPACE',''
  ) );
#7036 = ORIENTED_EDGE('',*,*,#5802,.F.);
#7037 = ADVANCED_FACE('',(#7038),#5896,.T.);
#7038 = FACE_BOUND('',#7039,.T.);
#7039 = EDGE_LOOP('',(#7040,#7041,#7064,#7092,#7120,#7148,#7176,#7197));
#7040 = ORIENTED_EDGE('',*,*,#6965,.F.);
#7041 = ORIENTED_EDGE('',*,*,#7042,.T.);
#7042 = EDGE_CURVE('',#6966,#7043,#7045,.T.);
#7043 = VERTEX_POINT('',#7044);
#7044 = CARTESIAN_POINT('',(25.2,-2.,27.5));
#7045 = SURFACE_CURVE('',#7046,(#7050,#7057),.PCURVE_S1.);
#7046 = LINE('',#7047,#7048);
#7047 = CARTESIAN_POINT('',(25.2,-2.,26.5));
#7048 = VECTOR('',#7049,1.);
#7049 = DIRECTION('',(0.,0.,1.));
#7050 = PCURVE('',#5896,#7051);
#7051 = DEFINITIONAL_REPRESENTATION('',(#7052),#7056);
#7052 = LINE('',#7053,#7054);
#7053 = CARTESIAN_POINT('',(0.,0.));
#7054 = VECTOR('',#7055,1.);
#7055 = DIRECTION('',(1.,0.));
#7056 = ( GEOMETRIC_REPRESENTATION_CONTEXT(2) 
PARAMETRIC_REPRESENTATION_CONTEXT() REPRESENTATION_CONTEXT('2D SPACE',''
  ) );
#7057 = PCURVE('',#7004,#7058);
#7058 = DEFINITIONAL_REPRESENTATION('',(#7059),#7063);
#7059 = LINE('',#7060,#7061);
#7060 = CARTESIAN_POINT('',(0.,-12.));
#7061 = VECTOR('',#7062,1.);
#7062 = DIRECTION('',(1.,0.));
#7063 = ( GEOMETRIC_REPRESENTATION_CONTEXT(2) 
PARAMETRIC_REPRESENTATION_CONTEXT() REPRESENTATION_CONTEXT('2D SPACE',''
  ) );
#7064 = ORIENTED_EDGE('',*,*,#7065,.F.);
#7065 = EDGE_CURVE('',#7066,#7043,#7068,.T.);
#7066 = VERTEX_POINT('',#7067);
#7067 = CARTESIAN_POINT('',(24.8,-2.,27.5));
#7068 = SURFACE_CURVE('',#7069,(#7073,#7080),.PCURVE_S1.);
#7069 = LINE('',#7070,#7071);
#7070 = CARTESIAN_POINT('',(24.8,-2.,27.5));
#7071 = VECTOR('',#7072,1.);
#7072 = DIRECTION('',(1.,0.,0.));
#7073 = PCURVE('',#5896,#7074);
#7074 = DEFINITIONAL_REPRESENTATION('',(#7075),#7079);
#7075 = LINE('',#7076,#7077);
#7076 = CARTESIAN_POINT('',(1.,-0.4));
#7077 = VECTOR('',#7078,1.);
#7078 = DIRECTION('',(0.,1.));
#7079 = ( GEOMETRIC_REPRESENTATION_CONTEXT(2) 
PARAMETRIC_REPRESENTATION_CONTEXT() REPRESENTATION_CONTEXT('2D SPACE',''
  ) );
#7080 = PCURVE('',#7081,#7086);
#7081 = PLANE('',#7082);
#7082 = AXIS2_PLACEMENT_3D('',#7083,#7084,#7085);
#7083 = CARTESIAN_POINT('',(24.8,-14.,27.5));
#7084 = DIRECTION('',(0.,0.,1.));
#7085 = DIRECTION('',(1.,0.,0.));
#7086 = DEFINITIONAL_REPRESENTATION('',(#7087),#7091);
#7087 = LINE('',#7088,#7089);
#7088 = CARTESIAN_POINT('',(0.,12.));
#7089 = VECTOR('',#7090,1.);
#7090 = DIRECTION('',(1.,0.));
#7091 = ( GEOMETRIC_REPRESENTATION_CONTEXT(2) 
PARAMETRIC_REPRESENTATION_CONTEXT() REPRESENTATION_CONTEXT('2D SPACE',''
  ) );
#7092 = ORIENTED_EDGE('',*,*,#7093,.T.);
#7093 = EDGE_CURVE('',#7066,#7094,#7096,.T.);
#7094 = VERTEX_POINT('',#7095);
#7095 = CARTESIAN_POINT('',(24.8,-2.,31.9));
#7096 = SURFACE_CURVE('',#7097,(#7101,#7108),.PCURVE_S1.);
#7097 = LINE('',#7098,#7099);
#7098 = CARTESIAN_POINT('',(24.8,-2.,27.5));
#7099 = VECTOR('',#7100,1.);
#7100 = DIRECTION('',(0.,0.,1.));
#7101 = PCURVE('',#5896,#7102);
#7102 = DEFINITIONAL_REPRESENTATION('',(#7103),#7107);
#7103 = LINE('',#7104,#7105);
#7104 = CARTESIAN_POINT('',(1.,-0.4));
#7105 = VECTOR('',#7106,1.);
#7106 = DIRECTION('',(1.,0.));
#7107 = ( GEOMETRIC_REPRESENTATION_CONTEXT(2) 
PARAMETRIC_REPRESENTATION_CONTEXT() REPRESENTATION_CONTEXT('2D SPACE',''
  ) );
#7108 = PCURVE('',#7109,#7114);
#7109 = PLANE('',#7110);
#7110 = AXIS2_PLACEMENT_3D('',#7111,#7112,#7113);
#7111 = CARTESIAN_POINT('',(24.8,-14.,27.5));
#7112 = DIRECTION('',(1.,0.,0.));
#7113 = DIRECTION('',(0.,0.,1.));
#7114 = DEFINITIONAL_REPRESENTATION('',(#7115),#7119);
#7115 = LINE('',#7116,#7117);
#7116 = CARTESIAN_POINT('',(0.,-12.));
#7117 = VECTOR('',#7118,1.);
#7118 = DIRECTION('',(1.,0.));
#7119 = ( GEOMETRIC_REPRESENTATION_CONTEXT(2) 
PARAMETRIC_REPRESENTATION_CONTEXT() REPRESENTATION_CONTEXT('2D SPACE',''
  ) );
#7120 = ORIENTED_EDGE('',*,*,#7121,.T.);
#7121 = EDGE_CURVE('',#7094,#7122,#7124,.T.);
#7122 = VERTEX_POINT('',#7123);
#7123 = CARTESIAN_POINT('',(26.8,-2.,31.9));
#7124 = SURFACE_CURVE('',#7125,(#7129,#7136),.PCURVE_S1.);
#7125 = LINE('',#7126,#7127);
#7126 = CARTESIAN_POINT('',(24.8,-2.,31.9));
#7127 = VECTOR('',#7128,1.);
#7128 = DIRECTION('',(1.,0.,0.));
#7129 = PCURVE('',#5896,#7130);
#7130 = DEFINITIONAL_REPRESENTATION('',(#7131),#7135);
#7131 = LINE('',#7132,#7133);
#7132 = CARTESIAN_POINT('',(5.4,-0.4));
#7133 = VECTOR('',#7134,1.);
#7134 = DIRECTION('',(0.,1.));
#7135 = ( GEOMETRIC_REPRESENTATION_CONTEXT(2) 
PARAMETRIC_REPRESENTATION_CONTEXT() REPRESENTATION_CONTEXT('2D SPACE',''
  ) );
#7136 = PCURVE('',#7137,#7142);
#7137 = PLANE('',#7138);
#7138 = AXIS2_PLACEMENT_3D('',#7139,#7140,#7141);
#7139 = CARTESIAN_POINT('',(24.8,-2.3,32.2));
#7140 = DIRECTION('',(0.,0.707106781187,0.707106781187));
#7141 = DIRECTION('',(-1.,-0.,0.));
#7142 = DEFINITIONAL_REPRESENTATION('',(#7143),#7147);
#7143 = LINE('',#7144,#7145);
#7144 = CARTESIAN_POINT('',(-0.,-0.424264068712));
#7145 = VECTOR('',#7146,1.);
#7146 = DIRECTION('',(-1.,0.));
#7147 = ( GEOMETRIC_REPRESENTATION_CONTEXT(2) 
PARAMETRIC_REPRESENTATION_CONTEXT() REPRESENTATION_CONTEXT('2D SPACE',''
  ) );
#7148 = ORIENTED_EDGE('',*,*,#7149,.F.);
#7149 = EDGE_CURVE('',#7150,#7122,#7152,.T.);
#7150 = VERTEX_POINT('',#7151);
#7151 = CARTESIAN_POINT('',(26.8,-2.,28.5));
#7152 = SURFACE_CURVE('',#7153,(#7157,#7164),.PCURVE_S1.);
#7153 = LINE('',#7154,#7155);
#7154 = CARTESIAN_POINT('',(26.8,-2.,27.5));
#7155 = VECTOR('',#7156,1.);
#7156 = DIRECTION('',(0.,0.,1.));
#7157 = PCURVE('',#5896,#7158);
#7158 = DEFINITIONAL_REPRESENTATION('',(#7159),#7163);
#7159 = LINE('',#7160,#7161);
#7160 = CARTESIAN_POINT('',(1.,1.6));
#7161 = VECTOR('',#7162,1.);
#7162 = DIRECTION('',(1.,0.));
#7163 = ( GEOMETRIC_REPRESENTATION_CONTEXT(2) 
PARAMETRIC_REPRESENTATION_CONTEXT() REPRESENTATION_CONTEXT('2D SPACE',''
  ) );
#7164 = PCURVE('',#7165,#7170);
#7165 = PLANE('',#7166);
#7166 = AXIS2_PLACEMENT_3D('',#7167,#7168,#7169);
#7167 = CARTESIAN_POINT('',(26.8,-14.,27.5));
#7168 = DIRECTION('',(1.,0.,0.));
#7169 = DIRECTION('',(0.,0.,1.));
#7170 = DEFINITIONAL_REPRESENTATION('',(#7171),#7175);
#7171 = LINE('',#7172,#7173);
#7172 = CARTESIAN_POINT('',(0.,-12.));
#7173 = VECTOR('',#7174,1.);
#7174 = DIRECTION('',(1.,0.));
#7175 = ( GEOMETRIC_REPRESENTATION_CONTEXT(2) 
PARAMETRIC_REPRESENTATION_CONTEXT() REPRESENTATION_CONTEXT('2D SPACE',''
  ) );
#7176 = ORIENTED_EDGE('',*,*,#7177,.T.);
#7177 = EDGE_CURVE('',#7150,#5858,#7178,.T.);
#7178 = SURFACE_CURVE('',#7179,(#7183,#7190),.PCURVE_S1.);
#7179 = LINE('',#7180,#7181);
#7180 = CARTESIAN_POINT('',(25.2,-2.,28.5));
#7181 = VECTOR('',#7182,1.);
#7182 = DIRECTION('',(1.,0.,0.));
#7183 = PCURVE('',#5896,#7184);
#7184 = DEFINITIONAL_REPRESENTATION('',(#7185),#7189);
#7185 = LINE('',#7186,#7187);
#7186 = CARTESIAN_POINT('',(2.,0.));
#7187 = VECTOR('',#7188,1.);
#7188 = DIRECTION('',(0.,1.));
#7189 = ( GEOMETRIC_REPRESENTATION_CONTEXT(2) 
PARAMETRIC_REPRESENTATION_CONTEXT() REPRESENTATION_CONTEXT('2D SPACE',''
  ) );
#7190 = PCURVE('',#5872,#7191);
#7191 = DEFINITIONAL_REPRESENTATION('',(#7192),#7196);
#7192 = LINE('',#7193,#7194);
#7193 = CARTESIAN_POINT('',(0.,12.));
#7194 = VECTOR('',#7195,1.);
#7195 = DIRECTION('',(1.,0.));
#7196 = ( GEOMETRIC_REPRESENTATION_CONTEXT(2) 
PARAMETRIC_REPRESENTATION_CONTEXT() REPRESENTATION_CONTEXT('2D SPACE',''
  ) );
#7197 = ORIENTED_EDGE('',*,*,#5883,.F.);
#7198 = ADVANCED_FACE('',(#7199),#5872,.T.);
#7199 = FACE_BOUND('',#7200,.T.);
#7200 = EDGE_LOOP('',(#7201,#7202,#7223,#7244));
#7201 = ORIENTED_EDGE('',*,*,#7177,.F.);
#7202 = ORIENTED_EDGE('',*,*,#7203,.T.);
#7203 = EDGE_CURVE('',#7150,#7204,#7206,.T.);
#7204 = VERTEX_POINT('',#7205);
#7205 = CARTESIAN_POINT('',(26.8,-14.,28.5));
#7206 = SURFACE_CURVE('',#7207,(#7211,#7217),.PCURVE_S1.);
#7207 = LINE('',#7208,#7209);
#7208 = CARTESIAN_POINT('',(26.8,-14.,28.5));
#7209 = VECTOR('',#7210,1.);
#7210 = DIRECTION('',(0.,-1.,0.));
#7211 = PCURVE('',#5872,#7212);
#7212 = DEFINITIONAL_REPRESENTATION('',(#7213),#7216);
#7213 = B_SPLINE_CURVE_WITH_KNOTS('',1,(#7214,#7215),.UNSPECIFIED.,.F.,
  .F.,(2,2),(-12.,0.),.PIECEWISE_BEZIER_KNOTS.);
#7214 = CARTESIAN_POINT('',(1.6,12.));
#7215 = CARTESIAN_POINT('',(1.6,0.));
#7216 = ( GEOMETRIC_REPRESENTATION_CONTEXT(2) 
PARAMETRIC_REPRESENTATION_CONTEXT() REPRESENTATION_CONTEXT('2D SPACE',''
  ) );
#7217 = PCURVE('',#7165,#7218);
#7218 = DEFINITIONAL_REPRESENTATION('',(#7219),#7222);
#7219 = B_SPLINE_CURVE_WITH_KNOTS('',1,(#7220,#7221),.UNSPECIFIED.,.F.,
  .F.,(2,2),(-12.,0.),.PIECEWISE_BEZIER_KNOTS.);
#7220 = CARTESIAN_POINT('',(1.,-12.));
#7221 = CARTESIAN_POINT('',(1.,0.));
#7222 = ( GEOMETRIC_REPRESENTATION_CONTEXT(2) 
PARAMETRIC_REPRESENTATION_CONTEXT() REPRESENTATION_CONTEXT('2D SPACE',''
  ) );
#7223 = ORIENTED_EDGE('',*,*,#7224,.T.);
#7224 = EDGE_CURVE('',#7204,#5831,#7225,.T.);
#7225 = SURFACE_CURVE('',#7226,(#7230,#7237),.PCURVE_S1.);
#7226 = LINE('',#7227,#7228);
#7227 = CARTESIAN_POINT('',(25.2,-14.,28.5));
#7228 = VECTOR('',#7229,1.);
#7229 = DIRECTION('',(1.,0.,0.));
#7230 = PCURVE('',#5872,#7231);
#7231 = DEFINITIONAL_REPRESENTATION('',(#7232),#7236);
#7232 = LINE('',#7233,#7234);
#7233 = CARTESIAN_POINT('',(0.,0.));
#7234 = VECTOR('',#7235,1.);
#7235 = DIRECTION('',(1.,0.));
#7236 = ( GEOMETRIC_REPRESENTATION_CONTEXT(2) 
PARAMETRIC_REPRESENTATION_CONTEXT() REPRESENTATION_CONTEXT('2D SPACE',''
  ) );
#7237 = PCURVE('',#5845,#7238);
#7238 = DEFINITIONAL_REPRESENTATION('',(#7239),#7243);
#7239 = LINE('',#7240,#7241);
#7240 = CARTESIAN_POINT('',(2.,0.));
#7241 = VECTOR('',#7242,1.);
#7242 = DIRECTION('',(0.,1.));
#7243 = ( GEOMETRIC_REPRESENTATION_CONTEXT(2) 
PARAMETRIC_REPRESENTATION_CONTEXT() REPRESENTATION_CONTEXT('2D SPACE',''
  ) );
#7244 = ORIENTED_EDGE('',*,*,#5857,.F.);
#7245 = ADVANCED_FACE('',(#7246),#5845,.F.);
#7246 = FACE_BOUND('',#7247,.F.);
#7247 = EDGE_LOOP('',(#7248,#7249,#7272,#7295,#7318,#7346,#7367,#7368));
#7248 = ORIENTED_EDGE('',*,*,#7016,.F.);
#7249 = ORIENTED_EDGE('',*,*,#7250,.T.);
#7250 = EDGE_CURVE('',#6989,#7251,#7253,.T.);
#7251 = VERTEX_POINT('',#7252);
#7252 = CARTESIAN_POINT('',(25.2,-14.,27.5));
#7253 = SURFACE_CURVE('',#7254,(#7258,#7265),.PCURVE_S1.);
#7254 = LINE('',#7255,#7256);
#7255 = CARTESIAN_POINT('',(25.2,-14.,26.5));
#7256 = VECTOR('',#7257,1.);
#7257 = DIRECTION('',(0.,0.,1.));
#7258 = PCURVE('',#5845,#7259);
#7259 = DEFINITIONAL_REPRESENTATION('',(#7260),#7264);
#7260 = LINE('',#7261,#7262);
#7261 = CARTESIAN_POINT('',(0.,0.));
#7262 = VECTOR('',#7263,1.);
#7263 = DIRECTION('',(1.,0.));
#7264 = ( GEOMETRIC_REPRESENTATION_CONTEXT(2) 
PARAMETRIC_REPRESENTATION_CONTEXT() REPRESENTATION_CONTEXT('2D SPACE',''
  ) );
#7265 = PCURVE('',#7004,#7266);
#7266 = DEFINITIONAL_REPRESENTATION('',(#7267),#7271);
#7267 = LINE('',#7268,#7269);
#7268 = CARTESIAN_POINT('',(0.,0.));
#7269 = VECTOR('',#7270,1.);
#7270 = DIRECTION('',(1.,0.));
#7271 = ( GEOMETRIC_REPRESENTATION_CONTEXT(2) 
PARAMETRIC_REPRESENTATION_CONTEXT() REPRESENTATION_CONTEXT('2D SPACE',''
  ) );
#7272 = ORIENTED_EDGE('',*,*,#7273,.F.);
#7273 = EDGE_CURVE('',#7274,#7251,#7276,.T.);
#7274 = VERTEX_POINT('',#7275);
#7275 = CARTESIAN_POINT('',(24.8,-14.,27.5));
#7276 = SURFACE_CURVE('',#7277,(#7281,#7288),.PCURVE_S1.);
#7277 = LINE('',#7278,#7279);
#7278 = CARTESIAN_POINT('',(24.8,-14.,27.5));
#7279 = VECTOR('',#7280,1.);
#7280 = DIRECTION('',(1.,0.,0.));
#7281 = PCURVE('',#5845,#7282);
#7282 = DEFINITIONAL_REPRESENTATION('',(#7283),#7287);
#7283 = LINE('',#7284,#7285);
#7284 = CARTESIAN_POINT('',(1.,-0.4));
#7285 = VECTOR('',#7286,1.);
#7286 = DIRECTION('',(0.,1.));
#7287 = ( GEOMETRIC_REPRESENTATION_CONTEXT(2) 
PARAMETRIC_REPRESENTATION_CONTEXT() REPRESENTATION_CONTEXT('2D SPACE',''
  ) );
#7288 = PCURVE('',#7081,#7289);
#7289 = DEFINITIONAL_REPRESENTATION('',(#7290),#7294);
#7290 = LINE('',#7291,#7292);
#7291 = CARTESIAN_POINT('',(0.,0.));
#7292 = VECTOR('',#7293,1.);
#7293 = DIRECTION('',(1.,0.));
#7294 = ( GEOMETRIC_REPRESENTATION_CONTEXT(2) 
PARAMETRIC_REPRESENTATION_CONTEXT() REPRESENTATION_CONTEXT('2D SPACE',''
  ) );
#7295 = ORIENTED_EDGE('',*,*,#7296,.T.);
#7296 = EDGE_CURVE('',#7274,#7297,#7299,.T.);
#7297 = VERTEX_POINT('',#7298);
#7298 = CARTESIAN_POINT('',(24.8,-14.,31.9));
#7299 = SURFACE_CURVE('',#7300,(#7304,#7311),.PCURVE_S1.);
#7300 = LINE('',#7301,#7302);
#7301 = CARTESIAN_POINT('',(24.8,-14.,27.5));
#7302 = VECTOR('',#7303,1.);
#7303 = DIRECTION('',(0.,0.,1.));
#7304 = PCURVE('',#5845,#7305);
#7305 = DEFINITIONAL_REPRESENTATION('',(#7306),#7310);
#7306 = LINE('',#7307,#7308);
#7307 = CARTESIAN_POINT('',(1.,-0.4));
#7308 = VECTOR('',#7309,1.);
#7309 = DIRECTION('',(1.,0.));
#7310 = ( GEOMETRIC_REPRESENTATION_CONTEXT(2) 
PARAMETRIC_REPRESENTATION_CONTEXT() REPRESENTATION_CONTEXT('2D SPACE',''
  ) );
#7311 = PCURVE('',#7109,#7312);
#7312 = DEFINITIONAL_REPRESENTATION('',(#7313),#7317);
#7313 = LINE('',#7314,#7315);
#7314 = CARTESIAN_POINT('',(0.,0.));
#7315 = VECTOR('',#7316,1.);
#7316 = DIRECTION('',(1.,0.));
#7317 = ( GEOMETRIC_REPRESENTATION_CONTEXT(2) 
PARAMETRIC_REPRESENTATION_CONTEXT() REPRESENTATION_CONTEXT('2D SPACE',''
  ) );
#7318 = ORIENTED_EDGE('',*,*,#7319,.T.);
#7319 = EDGE_CURVE('',#7297,#7320,#7322,.T.);
#7320 = VERTEX_POINT('',#7321);
#7321 = CARTESIAN_POINT('',(26.8,-14.,31.9));
#7322 = SURFACE_CURVE('',#7323,(#7327,#7334),.PCURVE_S1.);
#7323 = LINE('',#7324,#7325);
#7324 = CARTESIAN_POINT('',(24.8,-14.,31.9));
#7325 = VECTOR('',#7326,1.);
#7326 = DIRECTION('',(1.,0.,0.));
#7327 = PCURVE('',#5845,#7328);
#7328 = DEFINITIONAL_REPRESENTATION('',(#7329),#7333);
#7329 = LINE('',#7330,#7331);
#7330 = CARTESIAN_POINT('',(5.4,-0.4));
#7331 = VECTOR('',#7332,1.);
#7332 = DIRECTION('',(0.,1.));
#7333 = ( GEOMETRIC_REPRESENTATION_CONTEXT(2) 
PARAMETRIC_REPRESENTATION_CONTEXT() REPRESENTATION_CONTEXT('2D SPACE',''
  ) );
#7334 = PCURVE('',#7335,#7340);
#7335 = PLANE('',#7336);
#7336 = AXIS2_PLACEMENT_3D('',#7337,#7338,#7339);
#7337 = CARTESIAN_POINT('',(24.8,-13.7,32.2));
#7338 = DIRECTION('',(6.963829119075E-18,0.707106781187,-0.707106781187)
  );
#7339 = DIRECTION('',(-1.,4.924170793122E-18,-4.924170793122E-18));
#7340 = DEFINITIONAL_REPRESENTATION('',(#7341),#7345);
#7341 = LINE('',#7342,#7343);
#7342 = CARTESIAN_POINT('',(-0.,-0.424264068712));
#7343 = VECTOR('',#7344,1.);
#7344 = DIRECTION('',(-1.,0.));
#7345 = ( GEOMETRIC_REPRESENTATION_CONTEXT(2) 
PARAMETRIC_REPRESENTATION_CONTEXT() REPRESENTATION_CONTEXT('2D SPACE',''
  ) );
#7346 = ORIENTED_EDGE('',*,*,#7347,.F.);
#7347 = EDGE_CURVE('',#7204,#7320,#7348,.T.);
#7348 = SURFACE_CURVE('',#7349,(#7353,#7360),.PCURVE_S1.);
#7349 = LINE('',#7350,#7351);
#7350 = CARTESIAN_POINT('',(26.8,-14.,27.5));
#7351 = VECTOR('',#7352,1.);
#7352 = DIRECTION('',(0.,0.,1.));
#7353 = PCURVE('',#5845,#7354);
#7354 = DEFINITIONAL_REPRESENTATION('',(#7355),#7359);
#7355 = LINE('',#7356,#7357);
#7356 = CARTESIAN_POINT('',(1.,1.6));
#7357 = VECTOR('',#7358,1.);
#7358 = DIRECTION('',(1.,0.));
#7359 = ( GEOMETRIC_REPRESENTATION_CONTEXT(2) 
PARAMETRIC_REPRESENTATION_CONTEXT() REPRESENTATION_CONTEXT('2D SPACE',''
  ) );
#7360 = PCURVE('',#7165,#7361);
#7361 = DEFINITIONAL_REPRESENTATION('',(#7362),#7366);
#7362 = LINE('',#7363,#7364);
#7363 = CARTESIAN_POINT('',(0.,0.));
#7364 = VECTOR('',#7365,1.);
#7365 = DIRECTION('',(1.,0.));
#7366 = ( GEOMETRIC_REPRESENTATION_CONTEXT(2) 
PARAMETRIC_REPRESENTATION_CONTEXT() REPRESENTATION_CONTEXT('2D SPACE',''
  ) );
#7367 = ORIENTED_EDGE('',*,*,#7224,.T.);
#7368 = ORIENTED_EDGE('',*,*,#5830,.F.);
#7369 = ADVANCED_FACE('',(#7370),#6036,.T.);
#7370 = FACE_BOUND('',#7371,.T.);
#7371 = EDGE_LOOP('',(#7372,#7395,#7423,#7444));
#7372 = ORIENTED_EDGE('',*,*,#7373,.T.);
#7373 = EDGE_CURVE('',#6019,#7374,#7376,.T.);
#7374 = VERTEX_POINT('',#7375);
#7375 = CARTESIAN_POINT('',(1.303955078125,2.650634765625,3.));
#7376 = SURFACE_CURVE('',#7377,(#7381,#7388),.PCURVE_S1.);
#7377 = LINE('',#7378,#7379);
#7378 = CARTESIAN_POINT('',(1.303955078125,2.650634765625,2.4));
#7379 = VECTOR('',#7380,1.);
#7380 = DIRECTION('',(0.,0.,1.));
#7381 = PCURVE('',#6036,#7382);
#7382 = DEFINITIONAL_REPRESENTATION('',(#7383),#7387);
#7383 = LINE('',#7384,#7385);
#7384 = CARTESIAN_POINT('',(0.,0.));
#7385 = VECTOR('',#7386,1.);
#7386 = DIRECTION('',(0.,-1.));
#7387 = ( GEOMETRIC_REPRESENTATION_CONTEXT(2) 
PARAMETRIC_REPRESENTATION_CONTEXT() REPRESENTATION_CONTEXT('2D SPACE',''
  ) );
#7388 = PCURVE('',#6540,#7389);
#7389 = DEFINITIONAL_REPRESENTATION('',(#7390),#7394);
#7390 = LINE('',#7391,#7392);
#7391 = CARTESIAN_POINT('',(1.,0.));
#7392 = VECTOR('',#7393,1.);
#7393 = DIRECTION('',(0.,-1.));
#7394 = ( GEOMETRIC_REPRESENTATION_CONTEXT(2) 
PARAMETRIC_REPRESENTATION_CONTEXT() REPRESENTATION_CONTEXT('2D SPACE',''
  ) );
#7395 = ORIENTED_EDGE('',*,*,#7396,.T.);
#7396 = EDGE_CURVE('',#7374,#7397,#7399,.T.);
#7397 = VERTEX_POINT('',#7398);
#7398 = CARTESIAN_POINT('',(2.064453125,2.28662109375,3.));
#7399 = SURFACE_CURVE('',#7400,(#7404,#7411),.PCURVE_S1.);
#7400 = B_SPLINE_CURVE_WITH_KNOTS('',2,(#7401,#7402,#7403),
  .UNSPECIFIED.,.F.,.F.,(3,3),(0.,1.),.PIECEWISE_BEZIER_KNOTS.);
#7401 = CARTESIAN_POINT('',(1.303955078125,2.650634765625,3.));
#7402 = CARTESIAN_POINT('',(1.708984375,2.529296875,3.));
#7403 = CARTESIAN_POINT('',(2.064453125,2.28662109375,3.));
#7404 = PCURVE('',#6036,#7405);
#7405 = DEFINITIONAL_REPRESENTATION('',(#7406),#7410);
#7406 = LINE('',#7407,#7408);
#7407 = CARTESIAN_POINT('',(0.,-0.6));
#7408 = VECTOR('',#7409,1.);
#7409 = DIRECTION('',(1.,0.));
#7410 = ( GEOMETRIC_REPRESENTATION_CONTEXT(2) 
PARAMETRIC_REPRESENTATION_CONTEXT() REPRESENTATION_CONTEXT('2D SPACE',''
  ) );
#7411 = PCURVE('',#7412,#7417);
#7412 = PLANE('',#7413);
#7413 = AXIS2_PLACEMENT_3D('',#7414,#7415,#7416);
#7414 = CARTESIAN_POINT('',(-2.44384765625,-2.42333984375,3.));
#7415 = DIRECTION('',(0.,0.,1.));
#7416 = DIRECTION('',(1.,0.,0.));
#7417 = DEFINITIONAL_REPRESENTATION('',(#7418),#7422);
#7418 = B_SPLINE_CURVE_WITH_KNOTS('',2,(#7419,#7420,#7421),
  .UNSPECIFIED.,.F.,.F.,(3,3),(0.,1.),.PIECEWISE_BEZIER_KNOTS.);
#7419 = CARTESIAN_POINT('',(3.747802734375,5.073974609375));
#7420 = CARTESIAN_POINT('',(4.15283203125,4.95263671875));
#7421 = CARTESIAN_POINT('',(4.50830078125,4.7099609375));
#7422 = ( GEOMETRIC_REPRESENTATION_CONTEXT(2) 
PARAMETRIC_REPRESENTATION_CONTEXT() REPRESENTATION_CONTEXT('2D SPACE',''
  ) );
#7423 = ORIENTED_EDGE('',*,*,#7424,.F.);
#7424 = EDGE_CURVE('',#6021,#7397,#7425,.T.);
#7425 = SURFACE_CURVE('',#7426,(#7430,#7437),.PCURVE_S1.);
#7426 = LINE('',#7427,#7428);
#7427 = CARTESIAN_POINT('',(2.064453125,2.28662109375,2.4));
#7428 = VECTOR('',#7429,1.);
#7429 = DIRECTION('',(0.,0.,1.));
#7430 = PCURVE('',#6036,#7431);
#7431 = DEFINITIONAL_REPRESENTATION('',(#7432),#7436);
#7432 = LINE('',#7433,#7434);
#7433 = CARTESIAN_POINT('',(1.,0.));
#7434 = VECTOR('',#7435,1.);
#7435 = DIRECTION('',(0.,-1.));
#7436 = ( GEOMETRIC_REPRESENTATION_CONTEXT(2) 
PARAMETRIC_REPRESENTATION_CONTEXT() REPRESENTATION_CONTEXT('2D SPACE',''
  ) );
#7437 = PCURVE('',#6066,#7438);
#7438 = DEFINITIONAL_REPRESENTATION('',(#7439),#7443);
#7439 = LINE('',#7440,#7441);
#7440 = CARTESIAN_POINT('',(0.,0.));
#7441 = VECTOR('',#7442,1.);
#7442 = DIRECTION('',(0.,-1.));
#7443 = ( GEOMETRIC_REPRESENTATION_CONTEXT(2) 
PARAMETRIC_REPRESENTATION_CONTEXT() REPRESENTATION_CONTEXT('2D SPACE',''
  ) );
#7444 = ORIENTED_EDGE('',*,*,#6018,.F.);
#7445 = ADVANCED_FACE('',(#7446),#6540,.T.);
#7446 = FACE_BOUND('',#7447,.T.);
#7447 = EDGE_LOOP('',(#7448,#7471,#7492,#7493));
#7448 = ORIENTED_EDGE('',*,*,#7449,.T.);
#7449 = EDGE_CURVE('',#6497,#7450,#7452,.T.);
#7450 = VERTEX_POINT('',#7451);
#7451 = CARTESIAN_POINT('',(0.44091796875,2.77197265625,3.));
#7452 = SURFACE_CURVE('',#7453,(#7457,#7464),.PCURVE_S1.);
#7453 = LINE('',#7454,#7455);
#7454 = CARTESIAN_POINT('',(0.44091796875,2.77197265625,2.4));
#7455 = VECTOR('',#7456,1.);
#7456 = DIRECTION('',(0.,0.,1.));
#7457 = PCURVE('',#6540,#7458);
#7458 = DEFINITIONAL_REPRESENTATION('',(#7459),#7463);
#7459 = LINE('',#7460,#7461);
#7460 = CARTESIAN_POINT('',(0.,0.));
#7461 = VECTOR('',#7462,1.);
#7462 = DIRECTION('',(0.,-1.));
#7463 = ( GEOMETRIC_REPRESENTATION_CONTEXT(2) 
PARAMETRIC_REPRESENTATION_CONTEXT() REPRESENTATION_CONTEXT('2D SPACE',''
  ) );
#7464 = PCURVE('',#6512,#7465);
#7465 = DEFINITIONAL_REPRESENTATION('',(#7466),#7470);
#7466 = LINE('',#7467,#7468);
#7467 = CARTESIAN_POINT('',(1.,0.));
#7468 = VECTOR('',#7469,1.);
#7469 = DIRECTION('',(0.,-1.));
#7470 = ( GEOMETRIC_REPRESENTATION_CONTEXT(2) 
PARAMETRIC_REPRESENTATION_CONTEXT() REPRESENTATION_CONTEXT('2D SPACE',''
  ) );
#7471 = ORIENTED_EDGE('',*,*,#7472,.T.);
#7472 = EDGE_CURVE('',#7450,#7374,#7473,.T.);
#7473 = SURFACE_CURVE('',#7474,(#7478,#7485),.PCURVE_S1.);
#7474 = B_SPLINE_CURVE_WITH_KNOTS('',2,(#7475,#7476,#7477),
  .UNSPECIFIED.,.F.,.F.,(3,3),(0.,1.),.PIECEWISE_BEZIER_KNOTS.);
#7475 = CARTESIAN_POINT('',(0.44091796875,2.77197265625,3.));
#7476 = CARTESIAN_POINT('',(0.89892578125,2.77197265625,3.));
#7477 = CARTESIAN_POINT('',(1.303955078125,2.650634765625,3.));
#7478 = PCURVE('',#6540,#7479);
#7479 = DEFINITIONAL_REPRESENTATION('',(#7480),#7484);
#7480 = LINE('',#7481,#7482);
#7481 = CARTESIAN_POINT('',(0.,-0.6));
#7482 = VECTOR('',#7483,1.);
#7483 = DIRECTION('',(1.,0.));
#7484 = ( GEOMETRIC_REPRESENTATION_CONTEXT(2) 
PARAMETRIC_REPRESENTATION_CONTEXT() REPRESENTATION_CONTEXT('2D SPACE',''
  ) );
#7485 = PCURVE('',#7412,#7486);
#7486 = DEFINITIONAL_REPRESENTATION('',(#7487),#7491);
#7487 = B_SPLINE_CURVE_WITH_KNOTS('',2,(#7488,#7489,#7490),
  .UNSPECIFIED.,.F.,.F.,(3,3),(0.,1.),.PIECEWISE_BEZIER_KNOTS.);
#7488 = CARTESIAN_POINT('',(2.884765625,5.1953125));
#7489 = CARTESIAN_POINT('',(3.3427734375,5.1953125));
#7490 = CARTESIAN_POINT('',(3.747802734375,5.073974609375));
#7491 = ( GEOMETRIC_REPRESENTATION_CONTEXT(2) 
PARAMETRIC_REPRESENTATION_CONTEXT() REPRESENTATION_CONTEXT('2D SPACE',''
  ) );
#7492 = ORIENTED_EDGE('',*,*,#7373,.F.);
#7493 = ORIENTED_EDGE('',*,*,#6526,.F.);
#7494 = ADVANCED_FACE('',(#7495),#6512,.T.);
#7495 = FACE_BOUND('',#7496,.T.);
#7496 = EDGE_LOOP('',(#7497,#7520,#7541,#7542));
#7497 = ORIENTED_EDGE('',*,*,#7498,.T.);
#7498 = EDGE_CURVE('',#6467,#7499,#7501,.T.);
#7499 = VERTEX_POINT('',#7500);
#7500 = CARTESIAN_POINT('',(-1.38427734375,2.062744140625,3.));
#7501 = SURFACE_CURVE('',#7502,(#7506,#7513),.PCURVE_S1.);
#7502 = LINE('',#7503,#7504);
#7503 = CARTESIAN_POINT('',(-1.38427734375,2.062744140625,2.4));
#7504 = VECTOR('',#7505,1.);
#7505 = DIRECTION('',(0.,0.,1.));
#7506 = PCURVE('',#6512,#7507);
#7507 = DEFINITIONAL_REPRESENTATION('',(#7508),#7512);
#7508 = LINE('',#7509,#7510);
#7509 = CARTESIAN_POINT('',(0.,0.));
#7510 = VECTOR('',#7511,1.);
#7511 = DIRECTION('',(0.,-1.));
#7512 = ( GEOMETRIC_REPRESENTATION_CONTEXT(2) 
PARAMETRIC_REPRESENTATION_CONTEXT() REPRESENTATION_CONTEXT('2D SPACE',''
  ) );
#7513 = PCURVE('',#6482,#7514);
#7514 = DEFINITIONAL_REPRESENTATION('',(#7515),#7519);
#7515 = LINE('',#7516,#7517);
#7516 = CARTESIAN_POINT('',(1.,0.));
#7517 = VECTOR('',#7518,1.);
#7518 = DIRECTION('',(0.,-1.));
#7519 = ( GEOMETRIC_REPRESENTATION_CONTEXT(2) 
PARAMETRIC_REPRESENTATION_CONTEXT() REPRESENTATION_CONTEXT('2D SPACE',''
  ) );
#7520 = ORIENTED_EDGE('',*,*,#7521,.T.);
#7521 = EDGE_CURVE('',#7499,#7450,#7522,.T.);
#7522 = SURFACE_CURVE('',#7523,(#7527,#7534),.PCURVE_S1.);
#7523 = B_SPLINE_CURVE_WITH_KNOTS('',2,(#7524,#7525,#7526),
  .UNSPECIFIED.,.F.,.F.,(3,3),(0.,1.),.PIECEWISE_BEZIER_KNOTS.);
#7524 = CARTESIAN_POINT('',(-1.38427734375,2.062744140625,3.));
#7525 = CARTESIAN_POINT('',(-0.7177734375,2.77197265625,3.));
#7526 = CARTESIAN_POINT('',(0.44091796875,2.77197265625,3.));
#7527 = PCURVE('',#6512,#7528);
#7528 = DEFINITIONAL_REPRESENTATION('',(#7529),#7533);
#7529 = LINE('',#7530,#7531);
#7530 = CARTESIAN_POINT('',(0.,-0.6));
#7531 = VECTOR('',#7532,1.);
#7532 = DIRECTION('',(1.,0.));
#7533 = ( GEOMETRIC_REPRESENTATION_CONTEXT(2) 
PARAMETRIC_REPRESENTATION_CONTEXT() REPRESENTATION_CONTEXT('2D SPACE',''
  ) );
#7534 = PCURVE('',#7412,#7535);
#7535 = DEFINITIONAL_REPRESENTATION('',(#7536),#7540);
#7536 = B_SPLINE_CURVE_WITH_KNOTS('',2,(#7537,#7538,#7539),
  .UNSPECIFIED.,.F.,.F.,(3,3),(0.,1.),.PIECEWISE_BEZIER_KNOTS.);
#7537 = CARTESIAN_POINT('',(1.0595703125,4.486083984375));
#7538 = CARTESIAN_POINT('',(1.72607421875,5.1953125));
#7539 = CARTESIAN_POINT('',(2.884765625,5.1953125));
#7540 = ( GEOMETRIC_REPRESENTATION_CONTEXT(2) 
PARAMETRIC_REPRESENTATION_CONTEXT() REPRESENTATION_CONTEXT('2D SPACE',''
  ) );
#7541 = ORIENTED_EDGE('',*,*,#7449,.F.);
#7542 = ORIENTED_EDGE('',*,*,#6496,.F.);
#7543 = ADVANCED_FACE('',(#7544),#6482,.T.);
#7544 = FACE_BOUND('',#7545,.T.);
#7545 = EDGE_LOOP('',(#7546,#7569,#7590,#7591));
#7546 = ORIENTED_EDGE('',*,*,#7547,.T.);
#7547 = EDGE_CURVE('',#6437,#7548,#7550,.T.);
#7548 = VERTEX_POINT('',#7549);
#7549 = CARTESIAN_POINT('',(-2.05078125,0.123046875,3.));
#7550 = SURFACE_CURVE('',#7551,(#7555,#7562),.PCURVE_S1.);
#7551 = LINE('',#7552,#7553);
#7552 = CARTESIAN_POINT('',(-2.05078125,0.123046875,2.4));
#7553 = VECTOR('',#7554,1.);
#7554 = DIRECTION('',(0.,0.,1.));
#7555 = PCURVE('',#6482,#7556);
#7556 = DEFINITIONAL_REPRESENTATION('',(#7557),#7561);
#7557 = LINE('',#7558,#7559);
#7558 = CARTESIAN_POINT('',(0.,0.));
#7559 = VECTOR('',#7560,1.);
#7560 = DIRECTION('',(0.,-1.));
#7561 = ( GEOMETRIC_REPRESENTATION_CONTEXT(2) 
PARAMETRIC_REPRESENTATION_CONTEXT() REPRESENTATION_CONTEXT('2D SPACE',''
  ) );
#7562 = PCURVE('',#6452,#7563);
#7563 = DEFINITIONAL_REPRESENTATION('',(#7564),#7568);
#7564 = LINE('',#7565,#7566);
#7565 = CARTESIAN_POINT('',(1.,0.));
#7566 = VECTOR('',#7567,1.);
#7567 = DIRECTION('',(0.,-1.));
#7568 = ( GEOMETRIC_REPRESENTATION_CONTEXT(2) 
PARAMETRIC_REPRESENTATION_CONTEXT() REPRESENTATION_CONTEXT('2D SPACE',''
  ) );
#7569 = ORIENTED_EDGE('',*,*,#7570,.T.);
#7570 = EDGE_CURVE('',#7548,#7499,#7571,.T.);
#7571 = SURFACE_CURVE('',#7572,(#7576,#7583),.PCURVE_S1.);
#7572 = B_SPLINE_CURVE_WITH_KNOTS('',2,(#7573,#7574,#7575),
  .UNSPECIFIED.,.F.,.F.,(3,3),(0.,1.),.PIECEWISE_BEZIER_KNOTS.);
#7573 = CARTESIAN_POINT('',(-2.05078125,0.123046875,3.));
#7574 = CARTESIAN_POINT('',(-2.05078125,1.353515625,3.));
#7575 = CARTESIAN_POINT('',(-1.38427734375,2.062744140625,3.));
#7576 = PCURVE('',#6482,#7577);
#7577 = DEFINITIONAL_REPRESENTATION('',(#7578),#7582);
#7578 = LINE('',#7579,#7580);
#7579 = CARTESIAN_POINT('',(0.,-0.6));
#7580 = VECTOR('',#7581,1.);
#7581 = DIRECTION('',(1.,0.));
#7582 = ( GEOMETRIC_REPRESENTATION_CONTEXT(2) 
PARAMETRIC_REPRESENTATION_CONTEXT() REPRESENTATION_CONTEXT('2D SPACE',''
  ) );
#7583 = PCURVE('',#7412,#7584);
#7584 = DEFINITIONAL_REPRESENTATION('',(#7585),#7589);
#7585 = B_SPLINE_CURVE_WITH_KNOTS('',2,(#7586,#7587,#7588),
  .UNSPECIFIED.,.F.,.F.,(3,3),(0.,1.),.PIECEWISE_BEZIER_KNOTS.);
#7586 = CARTESIAN_POINT('',(0.39306640625,2.54638671875));
#7587 = CARTESIAN_POINT('',(0.39306640625,3.77685546875));
#7588 = CARTESIAN_POINT('',(1.0595703125,4.486083984375));
#7589 = ( GEOMETRIC_REPRESENTATION_CONTEXT(2) 
PARAMETRIC_REPRESENTATION_CONTEXT() REPRESENTATION_CONTEXT('2D SPACE',''
  ) );
#7590 = ORIENTED_EDGE('',*,*,#7498,.F.);
#7591 = ORIENTED_EDGE('',*,*,#6466,.F.);
#7592 = ADVANCED_FACE('',(#7593),#6452,.T.);
#7593 = FACE_BOUND('',#7594,.T.);
#7594 = EDGE_LOOP('',(#7595,#7618,#7639,#7640));
#7595 = ORIENTED_EDGE('',*,*,#7596,.T.);
#7596 = EDGE_CURVE('',#6407,#7597,#7599,.T.);
#7597 = VERTEX_POINT('',#7598);
#7598 = CARTESIAN_POINT('',(-1.38427734375,-1.813232421875,3.));
#7599 = SURFACE_CURVE('',#7600,(#7604,#7611),.PCURVE_S1.);
#7600 = LINE('',#7601,#7602);
#7601 = CARTESIAN_POINT('',(-1.38427734375,-1.813232421875,2.4));
#7602 = VECTOR('',#7603,1.);
#7603 = DIRECTION('',(0.,0.,1.));
#7604 = PCURVE('',#6452,#7605);
#7605 = DEFINITIONAL_REPRESENTATION('',(#7606),#7610);
#7606 = LINE('',#7607,#7608);
#7607 = CARTESIAN_POINT('',(0.,0.));
#7608 = VECTOR('',#7609,1.);
#7609 = DIRECTION('',(0.,-1.));
#7610 = ( GEOMETRIC_REPRESENTATION_CONTEXT(2) 
PARAMETRIC_REPRESENTATION_CONTEXT() REPRESENTATION_CONTEXT('2D SPACE',''
  ) );
#7611 = PCURVE('',#6422,#7612);
#7612 = DEFINITIONAL_REPRESENTATION('',(#7613),#7617);
#7613 = LINE('',#7614,#7615);
#7614 = CARTESIAN_POINT('',(1.,0.));
#7615 = VECTOR('',#7616,1.);
#7616 = DIRECTION('',(0.,-1.));
#7617 = ( GEOMETRIC_REPRESENTATION_CONTEXT(2) 
PARAMETRIC_REPRESENTATION_CONTEXT() REPRESENTATION_CONTEXT('2D SPACE',''
  ) );
#7618 = ORIENTED_EDGE('',*,*,#7619,.T.);
#7619 = EDGE_CURVE('',#7597,#7548,#7620,.T.);
#7620 = SURFACE_CURVE('',#7621,(#7625,#7632),.PCURVE_S1.);
#7621 = B_SPLINE_CURVE_WITH_KNOTS('',2,(#7622,#7623,#7624),
  .UNSPECIFIED.,.F.,.F.,(3,3),(0.,1.),.PIECEWISE_BEZIER_KNOTS.);
#7622 = CARTESIAN_POINT('',(-1.38427734375,-1.813232421875,3.));
#7623 = CARTESIAN_POINT('',(-2.05078125,-1.10400390625,3.));
#7624 = CARTESIAN_POINT('',(-2.05078125,0.123046875,3.));
#7625 = PCURVE('',#6452,#7626);
#7626 = DEFINITIONAL_REPRESENTATION('',(#7627),#7631);
#7627 = LINE('',#7628,#7629);
#7628 = CARTESIAN_POINT('',(0.,-0.6));
#7629 = VECTOR('',#7630,1.);
#7630 = DIRECTION('',(1.,0.));
#7631 = ( GEOMETRIC_REPRESENTATION_CONTEXT(2) 
PARAMETRIC_REPRESENTATION_CONTEXT() REPRESENTATION_CONTEXT('2D SPACE',''
  ) );
#7632 = PCURVE('',#7412,#7633);
#7633 = DEFINITIONAL_REPRESENTATION('',(#7634),#7638);
#7634 = B_SPLINE_CURVE_WITH_KNOTS('',2,(#7635,#7636,#7637),
  .UNSPECIFIED.,.F.,.F.,(3,3),(0.,1.),.PIECEWISE_BEZIER_KNOTS.);
#7635 = CARTESIAN_POINT('',(1.0595703125,0.610107421875));
#7636 = CARTESIAN_POINT('',(0.39306640625,1.3193359375));
#7637 = CARTESIAN_POINT('',(0.39306640625,2.54638671875));
#7638 = ( GEOMETRIC_REPRESENTATION_CONTEXT(2) 
PARAMETRIC_REPRESENTATION_CONTEXT() REPRESENTATION_CONTEXT('2D SPACE',''
  ) );
#7639 = ORIENTED_EDGE('',*,*,#7547,.F.);
#7640 = ORIENTED_EDGE('',*,*,#6436,.F.);
#7641 = ADVANCED_FACE('',(#7642),#6422,.T.);
#7642 = FACE_BOUND('',#7643,.T.);
#7643 = EDGE_LOOP('',(#7644,#7667,#7688,#7689));
#7644 = ORIENTED_EDGE('',*,*,#7645,.T.);
#7645 = EDGE_CURVE('',#6377,#7646,#7648,.T.);
#7646 = VERTEX_POINT('',#7647);
#7647 = CARTESIAN_POINT('',(0.44091796875,-2.5224609375,3.));
#7648 = SURFACE_CURVE('',#7649,(#7653,#7660),.PCURVE_S1.);
#7649 = LINE('',#7650,#7651);
#7650 = CARTESIAN_POINT('',(0.44091796875,-2.5224609375,2.4));
#7651 = VECTOR('',#7652,1.);
#7652 = DIRECTION('',(0.,0.,1.));
#7653 = PCURVE('',#6422,#7654);
#7654 = DEFINITIONAL_REPRESENTATION('',(#7655),#7659);
#7655 = LINE('',#7656,#7657);
#7656 = CARTESIAN_POINT('',(0.,0.));
#7657 = VECTOR('',#7658,1.);
#7658 = DIRECTION('',(0.,-1.));
#7659 = ( GEOMETRIC_REPRESENTATION_CONTEXT(2) 
PARAMETRIC_REPRESENTATION_CONTEXT() REPRESENTATION_CONTEXT('2D SPACE',''
  ) );
#7660 = PCURVE('',#6392,#7661);
#7661 = DEFINITIONAL_REPRESENTATION('',(#7662),#7666);
#7662 = LINE('',#7663,#7664);
#7663 = CARTESIAN_POINT('',(1.,0.));
#7664 = VECTOR('',#7665,1.);
#7665 = DIRECTION('',(0.,-1.));
#7666 = ( GEOMETRIC_REPRESENTATION_CONTEXT(2) 
PARAMETRIC_REPRESENTATION_CONTEXT() REPRESENTATION_CONTEXT('2D SPACE',''
  ) );
#7667 = ORIENTED_EDGE('',*,*,#7668,.T.);
#7668 = EDGE_CURVE('',#7646,#7597,#7669,.T.);
#7669 = SURFACE_CURVE('',#7670,(#7674,#7681),.PCURVE_S1.);
#7670 = B_SPLINE_CURVE_WITH_KNOTS('',2,(#7671,#7672,#7673),
  .UNSPECIFIED.,.F.,.F.,(3,3),(0.,1.),.PIECEWISE_BEZIER_KNOTS.);
#7671 = CARTESIAN_POINT('',(0.44091796875,-2.5224609375,3.));
#7672 = CARTESIAN_POINT('',(-0.7177734375,-2.5224609375,3.));
#7673 = CARTESIAN_POINT('',(-1.38427734375,-1.813232421875,3.));
#7674 = PCURVE('',#6422,#7675);
#7675 = DEFINITIONAL_REPRESENTATION('',(#7676),#7680);
#7676 = LINE('',#7677,#7678);
#7677 = CARTESIAN_POINT('',(0.,-0.6));
#7678 = VECTOR('',#7679,1.);
#7679 = DIRECTION('',(1.,0.));
#7680 = ( GEOMETRIC_REPRESENTATION_CONTEXT(2) 
PARAMETRIC_REPRESENTATION_CONTEXT() REPRESENTATION_CONTEXT('2D SPACE',''
  ) );
#7681 = PCURVE('',#7412,#7682);
#7682 = DEFINITIONAL_REPRESENTATION('',(#7683),#7687);
#7683 = B_SPLINE_CURVE_WITH_KNOTS('',2,(#7684,#7685,#7686),
  .UNSPECIFIED.,.F.,.F.,(3,3),(0.,1.),.PIECEWISE_BEZIER_KNOTS.);
#7684 = CARTESIAN_POINT('',(2.884765625,-9.912109375E-02));
#7685 = CARTESIAN_POINT('',(1.72607421875,-9.912109375E-02));
#7686 = CARTESIAN_POINT('',(1.0595703125,0.610107421875));
#7687 = ( GEOMETRIC_REPRESENTATION_CONTEXT(2) 
PARAMETRIC_REPRESENTATION_CONTEXT() REPRESENTATION_CONTEXT('2D SPACE',''
  ) );
#7688 = ORIENTED_EDGE('',*,*,#7596,.F.);
#7689 = ORIENTED_EDGE('',*,*,#6406,.F.);
#7690 = ADVANCED_FACE('',(#7691),#6392,.T.);
#7691 = FACE_BOUND('',#7692,.T.);
#7692 = EDGE_LOOP('',(#7693,#7716,#7737,#7738));
#7693 = ORIENTED_EDGE('',*,*,#7694,.T.);
#7694 = EDGE_CURVE('',#6347,#7695,#7697,.T.);
#7695 = VERTEX_POINT('',#7696);
#7696 = CARTESIAN_POINT('',(1.297119140625,-2.3994140625,3.));
#7697 = SURFACE_CURVE('',#7698,(#7702,#7709),.PCURVE_S1.);
#7698 = LINE('',#7699,#7700);
#7699 = CARTESIAN_POINT('',(1.297119140625,-2.3994140625,2.4));
#7700 = VECTOR('',#7701,1.);
#7701 = DIRECTION('',(0.,0.,1.));
#7702 = PCURVE('',#6392,#7703);
#7703 = DEFINITIONAL_REPRESENTATION('',(#7704),#7708);
#7704 = LINE('',#7705,#7706);
#7705 = CARTESIAN_POINT('',(0.,0.));
#7706 = VECTOR('',#7707,1.);
#7707 = DIRECTION('',(0.,-1.));
#7708 = ( GEOMETRIC_REPRESENTATION_CONTEXT(2) 
PARAMETRIC_REPRESENTATION_CONTEXT() REPRESENTATION_CONTEXT('2D SPACE',''
  ) );
#7709 = PCURVE('',#6362,#7710);
#7710 = DEFINITIONAL_REPRESENTATION('',(#7711),#7715);
#7711 = LINE('',#7712,#7713);
#7712 = CARTESIAN_POINT('',(1.,0.));
#7713 = VECTOR('',#7714,1.);
#7714 = DIRECTION('',(0.,-1.));
#7715 = ( GEOMETRIC_REPRESENTATION_CONTEXT(2) 
PARAMETRIC_REPRESENTATION_CONTEXT() REPRESENTATION_CONTEXT('2D SPACE',''
  ) );
#7716 = ORIENTED_EDGE('',*,*,#7717,.T.);
#7717 = EDGE_CURVE('',#7695,#7646,#7718,.T.);
#7718 = SURFACE_CURVE('',#7719,(#7723,#7730),.PCURVE_S1.);
#7719 = B_SPLINE_CURVE_WITH_KNOTS('',2,(#7720,#7721,#7722),
  .UNSPECIFIED.,.F.,.F.,(3,3),(0.,1.),.PIECEWISE_BEZIER_KNOTS.);
#7720 = CARTESIAN_POINT('',(1.297119140625,-2.3994140625,3.));
#7721 = CARTESIAN_POINT('',(0.89208984375,-2.5224609375,3.));
#7722 = CARTESIAN_POINT('',(0.44091796875,-2.5224609375,3.));
#7723 = PCURVE('',#6392,#7724);
#7724 = DEFINITIONAL_REPRESENTATION('',(#7725),#7729);
#7725 = LINE('',#7726,#7727);
#7726 = CARTESIAN_POINT('',(0.,-0.6));
#7727 = VECTOR('',#7728,1.);
#7728 = DIRECTION('',(1.,0.));
#7729 = ( GEOMETRIC_REPRESENTATION_CONTEXT(2) 
PARAMETRIC_REPRESENTATION_CONTEXT() REPRESENTATION_CONTEXT('2D SPACE',''
  ) );
#7730 = PCURVE('',#7412,#7731);
#7731 = DEFINITIONAL_REPRESENTATION('',(#7732),#7736);
#7732 = B_SPLINE_CURVE_WITH_KNOTS('',2,(#7733,#7734,#7735),
  .UNSPECIFIED.,.F.,.F.,(3,3),(0.,1.),.PIECEWISE_BEZIER_KNOTS.);
#7733 = CARTESIAN_POINT('',(3.740966796875,2.392578125E-02));
#7734 = CARTESIAN_POINT('',(3.3359375,-9.912109375E-02));
#7735 = CARTESIAN_POINT('',(2.884765625,-9.912109375E-02));
#7736 = ( GEOMETRIC_REPRESENTATION_CONTEXT(2) 
PARAMETRIC_REPRESENTATION_CONTEXT() REPRESENTATION_CONTEXT('2D SPACE',''
  ) );
#7737 = ORIENTED_EDGE('',*,*,#7645,.F.);
#7738 = ORIENTED_EDGE('',*,*,#6376,.F.);
#7739 = ADVANCED_FACE('',(#7740),#6362,.T.);
#7740 = FACE_BOUND('',#7741,.T.);
#7741 = EDGE_LOOP('',(#7742,#7765,#7786,#7787));
#7742 = ORIENTED_EDGE('',*,*,#7743,.T.);
#7743 = EDGE_CURVE('',#6319,#7744,#7746,.T.);
#7744 = VERTEX_POINT('',#7745);
#7745 = CARTESIAN_POINT('',(2.064453125,-2.0302734375,3.));
#7746 = SURFACE_CURVE('',#7747,(#7751,#7758),.PCURVE_S1.);
#7747 = LINE('',#7748,#7749);
#7748 = CARTESIAN_POINT('',(2.064453125,-2.0302734375,2.4));
#7749 = VECTOR('',#7750,1.);
#7750 = DIRECTION('',(0.,0.,1.));
#7751 = PCURVE('',#6362,#7752);
#7752 = DEFINITIONAL_REPRESENTATION('',(#7753),#7757);
#7753 = LINE('',#7754,#7755);
#7754 = CARTESIAN_POINT('',(0.,0.));
#7755 = VECTOR('',#7756,1.);
#7756 = DIRECTION('',(0.,-1.));
#7757 = ( GEOMETRIC_REPRESENTATION_CONTEXT(2) 
PARAMETRIC_REPRESENTATION_CONTEXT() REPRESENTATION_CONTEXT('2D SPACE',''
  ) );
#7758 = PCURVE('',#6334,#7759);
#7759 = DEFINITIONAL_REPRESENTATION('',(#7760),#7764);
#7760 = LINE('',#7761,#7762);
#7761 = CARTESIAN_POINT('',(0.72119140625,0.));
#7762 = VECTOR('',#7763,1.);
#7763 = DIRECTION('',(0.,-1.));
#7764 = ( GEOMETRIC_REPRESENTATION_CONTEXT(2) 
PARAMETRIC_REPRESENTATION_CONTEXT() REPRESENTATION_CONTEXT('2D SPACE',''
  ) );
#7765 = ORIENTED_EDGE('',*,*,#7766,.T.);
#7766 = EDGE_CURVE('',#7744,#7695,#7767,.T.);
#7767 = SURFACE_CURVE('',#7768,(#7772,#7779),.PCURVE_S1.);
#7768 = B_SPLINE_CURVE_WITH_KNOTS('',2,(#7769,#7770,#7771),
  .UNSPECIFIED.,.F.,.F.,(3,3),(0.,1.),.PIECEWISE_BEZIER_KNOTS.);
#7769 = CARTESIAN_POINT('',(2.064453125,-2.0302734375,3.));
#7770 = CARTESIAN_POINT('',(1.7021484375,-2.2763671875,3.));
#7771 = CARTESIAN_POINT('',(1.297119140625,-2.3994140625,3.));
#7772 = PCURVE('',#6362,#7773);
#7773 = DEFINITIONAL_REPRESENTATION('',(#7774),#7778);
#7774 = LINE('',#7775,#7776);
#7775 = CARTESIAN_POINT('',(0.,-0.6));
#7776 = VECTOR('',#7777,1.);
#7777 = DIRECTION('',(1.,0.));
#7778 = ( GEOMETRIC_REPRESENTATION_CONTEXT(2) 
PARAMETRIC_REPRESENTATION_CONTEXT() REPRESENTATION_CONTEXT('2D SPACE',''
  ) );
#7779 = PCURVE('',#7412,#7780);
#7780 = DEFINITIONAL_REPRESENTATION('',(#7781),#7785);
#7781 = B_SPLINE_CURVE_WITH_KNOTS('',2,(#7782,#7783,#7784),
  .UNSPECIFIED.,.F.,.F.,(3,3),(0.,1.),.PIECEWISE_BEZIER_KNOTS.);
#7782 = CARTESIAN_POINT('',(4.50830078125,0.39306640625));
#7783 = CARTESIAN_POINT('',(4.14599609375,0.14697265625));
#7784 = CARTESIAN_POINT('',(3.740966796875,2.392578125E-02));
#7785 = ( GEOMETRIC_REPRESENTATION_CONTEXT(2) 
PARAMETRIC_REPRESENTATION_CONTEXT() REPRESENTATION_CONTEXT('2D SPACE',''
  ) );
#7786 = ORIENTED_EDGE('',*,*,#7694,.F.);
#7787 = ORIENTED_EDGE('',*,*,#6346,.F.);
#7788 = ADVANCED_FACE('',(#7789),#6334,.T.);
#7789 = FACE_BOUND('',#7790,.T.);
#7790 = EDGE_LOOP('',(#7791,#7814,#7835,#7836));
#7791 = ORIENTED_EDGE('',*,*,#7792,.T.);
#7792 = EDGE_CURVE('',#6289,#7793,#7795,.T.);
#7793 = VERTEX_POINT('',#7794);
#7794 = CARTESIAN_POINT('',(2.064453125,-1.30908203125,3.));
#7795 = SURFACE_CURVE('',#7796,(#7800,#7807),.PCURVE_S1.);
#7796 = LINE('',#7797,#7798);
#7797 = CARTESIAN_POINT('',(2.064453125,-1.30908203125,2.4));
#7798 = VECTOR('',#7799,1.);
#7799 = DIRECTION('',(0.,0.,1.));
#7800 = PCURVE('',#6334,#7801);
#7801 = DEFINITIONAL_REPRESENTATION('',(#7802),#7806);
#7802 = LINE('',#7803,#7804);
#7803 = CARTESIAN_POINT('',(0.,0.));
#7804 = VECTOR('',#7805,1.);
#7805 = DIRECTION('',(0.,-1.));
#7806 = ( GEOMETRIC_REPRESENTATION_CONTEXT(2) 
PARAMETRIC_REPRESENTATION_CONTEXT() REPRESENTATION_CONTEXT('2D SPACE',''
  ) );
#7807 = PCURVE('',#6304,#7808);
#7808 = DEFINITIONAL_REPRESENTATION('',(#7809),#7813);
#7809 = LINE('',#7810,#7811);
#7810 = CARTESIAN_POINT('',(1.,0.));
#7811 = VECTOR('',#7812,1.);
#7812 = DIRECTION('',(0.,-1.));
#7813 = ( GEOMETRIC_REPRESENTATION_CONTEXT(2) 
PARAMETRIC_REPRESENTATION_CONTEXT() REPRESENTATION_CONTEXT('2D SPACE',''
  ) );
#7814 = ORIENTED_EDGE('',*,*,#7815,.T.);
#7815 = EDGE_CURVE('',#7793,#7744,#7816,.T.);
#7816 = SURFACE_CURVE('',#7817,(#7821,#7828),.PCURVE_S1.);
#7817 = LINE('',#7818,#7819);
#7818 = CARTESIAN_POINT('',(2.064453125,-1.30908203125,3.));
#7819 = VECTOR('',#7820,1.);
#7820 = DIRECTION('',(0.,-1.,0.));
#7821 = PCURVE('',#6334,#7822);
#7822 = DEFINITIONAL_REPRESENTATION('',(#7823),#7827);
#7823 = LINE('',#7824,#7825);
#7824 = CARTESIAN_POINT('',(0.,-0.6));
#7825 = VECTOR('',#7826,1.);
#7826 = DIRECTION('',(1.,0.));
#7827 = ( GEOMETRIC_REPRESENTATION_CONTEXT(2) 
PARAMETRIC_REPRESENTATION_CONTEXT() REPRESENTATION_CONTEXT('2D SPACE',''
  ) );
#7828 = PCURVE('',#7412,#7829);
#7829 = DEFINITIONAL_REPRESENTATION('',(#7830),#7834);
#7830 = LINE('',#7831,#7832);
#7831 = CARTESIAN_POINT('',(4.50830078125,1.1142578125));
#7832 = VECTOR('',#7833,1.);
#7833 = DIRECTION('',(0.,-1.));
#7834 = ( GEOMETRIC_REPRESENTATION_CONTEXT(2) 
PARAMETRIC_REPRESENTATION_CONTEXT() REPRESENTATION_CONTEXT('2D SPACE',''
  ) );
#7835 = ORIENTED_EDGE('',*,*,#7743,.F.);
#7836 = ORIENTED_EDGE('',*,*,#6318,.F.);
#7837 = ADVANCED_FACE('',(#7838),#6304,.T.);
#7838 = FACE_BOUND('',#7839,.T.);
#7839 = EDGE_LOOP('',(#7840,#7863,#7884,#7885));
#7840 = ORIENTED_EDGE('',*,*,#7841,.T.);
#7841 = EDGE_CURVE('',#6259,#7842,#7844,.T.);
#7842 = VERTEX_POINT('',#7843);
#7843 = CARTESIAN_POINT('',(1.321044921875,-1.79443359375,3.));
#7844 = SURFACE_CURVE('',#7845,(#7849,#7856),.PCURVE_S1.);
#7845 = LINE('',#7846,#7847);
#7846 = CARTESIAN_POINT('',(1.321044921875,-1.79443359375,2.4));
#7847 = VECTOR('',#7848,1.);
#7848 = DIRECTION('',(0.,0.,1.));
#7849 = PCURVE('',#6304,#7850);
#7850 = DEFINITIONAL_REPRESENTATION('',(#7851),#7855);
#7851 = LINE('',#7852,#7853);
#7852 = CARTESIAN_POINT('',(0.,0.));
#7853 = VECTOR('',#7854,1.);
#7854 = DIRECTION('',(0.,-1.));
#7855 = ( GEOMETRIC_REPRESENTATION_CONTEXT(2) 
PARAMETRIC_REPRESENTATION_CONTEXT() REPRESENTATION_CONTEXT('2D SPACE',''
  ) );
#7856 = PCURVE('',#6274,#7857);
#7857 = DEFINITIONAL_REPRESENTATION('',(#7858),#7862);
#7858 = LINE('',#7859,#7860);
#7859 = CARTESIAN_POINT('',(1.,0.));
#7860 = VECTOR('',#7861,1.);
#7861 = DIRECTION('',(0.,-1.));
#7862 = ( GEOMETRIC_REPRESENTATION_CONTEXT(2) 
PARAMETRIC_REPRESENTATION_CONTEXT() REPRESENTATION_CONTEXT('2D SPACE',''
  ) );
#7863 = ORIENTED_EDGE('',*,*,#7864,.T.);
#7864 = EDGE_CURVE('',#7842,#7793,#7865,.T.);
#7865 = SURFACE_CURVE('',#7866,(#7870,#7877),.PCURVE_S1.);
#7866 = B_SPLINE_CURVE_WITH_KNOTS('',2,(#7867,#7868,#7869),
  .UNSPECIFIED.,.F.,.F.,(3,3),(0.,1.),.PIECEWISE_BEZIER_KNOTS.);
#7867 = CARTESIAN_POINT('',(1.321044921875,-1.79443359375,3.));
#7868 = CARTESIAN_POINT('',(1.7158203125,-1.6337890625,3.));
#7869 = CARTESIAN_POINT('',(2.064453125,-1.30908203125,3.));
#7870 = PCURVE('',#6304,#7871);
#7871 = DEFINITIONAL_REPRESENTATION('',(#7872),#7876);
#7872 = LINE('',#7873,#7874);
#7873 = CARTESIAN_POINT('',(0.,-0.6));
#7874 = VECTOR('',#7875,1.);
#7875 = DIRECTION('',(1.,0.));
#7876 = ( GEOMETRIC_REPRESENTATION_CONTEXT(2) 
PARAMETRIC_REPRESENTATION_CONTEXT() REPRESENTATION_CONTEXT('2D SPACE',''
  ) );
#7877 = PCURVE('',#7412,#7878);
#7878 = DEFINITIONAL_REPRESENTATION('',(#7879),#7883);
#7879 = B_SPLINE_CURVE_WITH_KNOTS('',2,(#7880,#7881,#7882),
  .UNSPECIFIED.,.F.,.F.,(3,3),(0.,1.),.PIECEWISE_BEZIER_KNOTS.);
#7880 = CARTESIAN_POINT('',(3.764892578125,0.62890625));
#7881 = CARTESIAN_POINT('',(4.15966796875,0.78955078125));
#7882 = CARTESIAN_POINT('',(4.50830078125,1.1142578125));
#7883 = ( GEOMETRIC_REPRESENTATION_CONTEXT(2) 
PARAMETRIC_REPRESENTATION_CONTEXT() REPRESENTATION_CONTEXT('2D SPACE',''
  ) );
#7884 = ORIENTED_EDGE('',*,*,#7792,.F.);
#7885 = ORIENTED_EDGE('',*,*,#6288,.F.);
#7886 = ADVANCED_FACE('',(#7887),#6274,.T.);
#7887 = FACE_BOUND('',#7888,.T.);
#7888 = EDGE_LOOP('',(#7889,#7912,#7933,#7934));
#7889 = ORIENTED_EDGE('',*,*,#7890,.T.);
#7890 = EDGE_CURVE('',#6229,#7891,#7893,.T.);
#7891 = VERTEX_POINT('',#7892);
#7892 = CARTESIAN_POINT('',(0.48193359375,-1.955078125,3.));
#7893 = SURFACE_CURVE('',#7894,(#7898,#7905),.PCURVE_S1.);
#7894 = LINE('',#7895,#7896);
#7895 = CARTESIAN_POINT('',(0.48193359375,-1.955078125,2.4));
#7896 = VECTOR('',#7897,1.);
#7897 = DIRECTION('',(0.,0.,1.));
#7898 = PCURVE('',#6274,#7899);
#7899 = DEFINITIONAL_REPRESENTATION('',(#7900),#7904);
#7900 = LINE('',#7901,#7902);
#7901 = CARTESIAN_POINT('',(0.,0.));
#7902 = VECTOR('',#7903,1.);
#7903 = DIRECTION('',(0.,-1.));
#7904 = ( GEOMETRIC_REPRESENTATION_CONTEXT(2) 
PARAMETRIC_REPRESENTATION_CONTEXT() REPRESENTATION_CONTEXT('2D SPACE',''
  ) );
#7905 = PCURVE('',#6244,#7906);
#7906 = DEFINITIONAL_REPRESENTATION('',(#7907),#7911);
#7907 = LINE('',#7908,#7909);
#7908 = CARTESIAN_POINT('',(1.,0.));
#7909 = VECTOR('',#7910,1.);
#7910 = DIRECTION('',(0.,-1.));
#7911 = ( GEOMETRIC_REPRESENTATION_CONTEXT(2) 
PARAMETRIC_REPRESENTATION_CONTEXT() REPRESENTATION_CONTEXT('2D SPACE',''
  ) );
#7912 = ORIENTED_EDGE('',*,*,#7913,.T.);
#7913 = EDGE_CURVE('',#7891,#7842,#7914,.T.);
#7914 = SURFACE_CURVE('',#7915,(#7919,#7926),.PCURVE_S1.);
#7915 = B_SPLINE_CURVE_WITH_KNOTS('',2,(#7916,#7917,#7918),
  .UNSPECIFIED.,.F.,.F.,(3,3),(0.,1.),.PIECEWISE_BEZIER_KNOTS.);
#7916 = CARTESIAN_POINT('',(0.48193359375,-1.955078125,3.));
#7917 = CARTESIAN_POINT('',(0.92626953125,-1.955078125,3.));
#7918 = CARTESIAN_POINT('',(1.321044921875,-1.79443359375,3.));
#7919 = PCURVE('',#6274,#7920);
#7920 = DEFINITIONAL_REPRESENTATION('',(#7921),#7925);
#7921 = LINE('',#7922,#7923);
#7922 = CARTESIAN_POINT('',(0.,-0.6));
#7923 = VECTOR('',#7924,1.);
#7924 = DIRECTION('',(1.,0.));
#7925 = ( GEOMETRIC_REPRESENTATION_CONTEXT(2) 
PARAMETRIC_REPRESENTATION_CONTEXT() REPRESENTATION_CONTEXT('2D SPACE',''
  ) );
#7926 = PCURVE('',#7412,#7927);
#7927 = DEFINITIONAL_REPRESENTATION('',(#7928),#7932);
#7928 = B_SPLINE_CURVE_WITH_KNOTS('',2,(#7929,#7930,#7931),
  .UNSPECIFIED.,.F.,.F.,(3,3),(0.,1.),.PIECEWISE_BEZIER_KNOTS.);
#7929 = CARTESIAN_POINT('',(2.92578125,0.46826171875));
#7930 = CARTESIAN_POINT('',(3.3701171875,0.46826171875));
#7931 = CARTESIAN_POINT('',(3.764892578125,0.62890625));
#7932 = ( GEOMETRIC_REPRESENTATION_CONTEXT(2) 
PARAMETRIC_REPRESENTATION_CONTEXT() REPRESENTATION_CONTEXT('2D SPACE',''
  ) );
#7933 = ORIENTED_EDGE('',*,*,#7841,.F.);
#7934 = ORIENTED_EDGE('',*,*,#6258,.F.);
#7935 = ADVANCED_FACE('',(#7936),#6244,.T.);
#7936 = FACE_BOUND('',#7937,.T.);
#7937 = EDGE_LOOP('',(#7938,#7961,#7982,#7983));
#7938 = ORIENTED_EDGE('',*,*,#7939,.T.);
#7939 = EDGE_CURVE('',#6199,#7940,#7942,.T.);
#7940 = VERTEX_POINT('',#7941);
#7941 = CARTESIAN_POINT('',(-0.85791015625,-1.420166015625,3.));
#7942 = SURFACE_CURVE('',#7943,(#7947,#7954),.PCURVE_S1.);
#7943 = LINE('',#7944,#7945);
#7944 = CARTESIAN_POINT('',(-0.85791015625,-1.420166015625,2.4));
#7945 = VECTOR('',#7946,1.);
#7946 = DIRECTION('',(0.,0.,1.));
#7947 = PCURVE('',#6244,#7948);
#7948 = DEFINITIONAL_REPRESENTATION('',(#7949),#7953);
#7949 = LINE('',#7950,#7951);
#7950 = CARTESIAN_POINT('',(0.,0.));
#7951 = VECTOR('',#7952,1.);
#7952 = DIRECTION('',(0.,-1.));
#7953 = ( GEOMETRIC_REPRESENTATION_CONTEXT(2) 
PARAMETRIC_REPRESENTATION_CONTEXT() REPRESENTATION_CONTEXT('2D SPACE',''
  ) );
#7954 = PCURVE('',#6214,#7955);
#7955 = DEFINITIONAL_REPRESENTATION('',(#7956),#7960);
#7956 = LINE('',#7957,#7958);
#7957 = CARTESIAN_POINT('',(1.,0.));
#7958 = VECTOR('',#7959,1.);
#7959 = DIRECTION('',(0.,-1.));
#7960 = ( GEOMETRIC_REPRESENTATION_CONTEXT(2) 
PARAMETRIC_REPRESENTATION_CONTEXT() REPRESENTATION_CONTEXT('2D SPACE',''
  ) );
#7961 = ORIENTED_EDGE('',*,*,#7962,.T.);
#7962 = EDGE_CURVE('',#7940,#7891,#7963,.T.);
#7963 = SURFACE_CURVE('',#7964,(#7968,#7975),.PCURVE_S1.);
#7964 = B_SPLINE_CURVE_WITH_KNOTS('',2,(#7965,#7966,#7967),
  .UNSPECIFIED.,.F.,.F.,(3,3),(0.,1.),.PIECEWISE_BEZIER_KNOTS.);
#7965 = CARTESIAN_POINT('',(-0.85791015625,-1.420166015625,3.));
#7966 = CARTESIAN_POINT('',(-0.39306640625,-1.955078125,3.));
#7967 = CARTESIAN_POINT('',(0.48193359375,-1.955078125,3.));
#7968 = PCURVE('',#6244,#7969);
#7969 = DEFINITIONAL_REPRESENTATION('',(#7970),#7974);
#7970 = LINE('',#7971,#7972);
#7971 = CARTESIAN_POINT('',(0.,-0.6));
#7972 = VECTOR('',#7973,1.);
#7973 = DIRECTION('',(1.,0.));
#7974 = ( GEOMETRIC_REPRESENTATION_CONTEXT(2) 
PARAMETRIC_REPRESENTATION_CONTEXT() REPRESENTATION_CONTEXT('2D SPACE',''
  ) );
#7975 = PCURVE('',#7412,#7976);
#7976 = DEFINITIONAL_REPRESENTATION('',(#7977),#7981);
#7977 = B_SPLINE_CURVE_WITH_KNOTS('',2,(#7978,#7979,#7980),
  .UNSPECIFIED.,.F.,.F.,(3,3),(0.,1.),.PIECEWISE_BEZIER_KNOTS.);
#7978 = CARTESIAN_POINT('',(1.5859375,1.003173828125));
#7979 = CARTESIAN_POINT('',(2.05078125,0.46826171875));
#7980 = CARTESIAN_POINT('',(2.92578125,0.46826171875));
#7981 = ( GEOMETRIC_REPRESENTATION_CONTEXT(2) 
PARAMETRIC_REPRESENTATION_CONTEXT() REPRESENTATION_CONTEXT('2D SPACE',''
  ) );
#7982 = ORIENTED_EDGE('',*,*,#7890,.F.);
#7983 = ORIENTED_EDGE('',*,*,#6228,.F.);
#7984 = ADVANCED_FACE('',(#7985),#6214,.T.);
#7985 = FACE_BOUND('',#7986,.T.);
#7986 = EDGE_LOOP('',(#7987,#8010,#8031,#8032));
#7987 = ORIENTED_EDGE('',*,*,#7988,.T.);
#7988 = EDGE_CURVE('',#6169,#7989,#7991,.T.);
#7989 = VERTEX_POINT('',#7990);
#7990 = CARTESIAN_POINT('',(-1.32275390625,0.123046875,3.));
#7991 = SURFACE_CURVE('',#7992,(#7996,#8003),.PCURVE_S1.);
#7992 = LINE('',#7993,#7994);
#7993 = CARTESIAN_POINT('',(-1.32275390625,0.123046875,2.4));
#7994 = VECTOR('',#7995,1.);
#7995 = DIRECTION('',(0.,0.,1.));
#7996 = PCURVE('',#6214,#7997);
#7997 = DEFINITIONAL_REPRESENTATION('',(#7998),#8002);
#7998 = LINE('',#7999,#8000);
#7999 = CARTESIAN_POINT('',(0.,0.));
#8000 = VECTOR('',#8001,1.);
#8001 = DIRECTION('',(0.,-1.));
#8002 = ( GEOMETRIC_REPRESENTATION_CONTEXT(2) 
PARAMETRIC_REPRESENTATION_CONTEXT() REPRESENTATION_CONTEXT('2D SPACE',''
  ) );
#8003 = PCURVE('',#6184,#8004);
#8004 = DEFINITIONAL_REPRESENTATION('',(#8005),#8009);
#8005 = LINE('',#8006,#8007);
#8006 = CARTESIAN_POINT('',(1.,0.));
#8007 = VECTOR('',#8008,1.);
#8008 = DIRECTION('',(0.,-1.));
#8009 = ( GEOMETRIC_REPRESENTATION_CONTEXT(2) 
PARAMETRIC_REPRESENTATION_CONTEXT() REPRESENTATION_CONTEXT('2D SPACE',''
  ) );
#8010 = ORIENTED_EDGE('',*,*,#8011,.T.);
#8011 = EDGE_CURVE('',#7989,#7940,#8012,.T.);
#8012 = SURFACE_CURVE('',#8013,(#8017,#8024),.PCURVE_S1.);
#8013 = B_SPLINE_CURVE_WITH_KNOTS('',2,(#8014,#8015,#8016),
  .UNSPECIFIED.,.F.,.F.,(3,3),(0.,1.),.PIECEWISE_BEZIER_KNOTS.);
#8014 = CARTESIAN_POINT('',(-1.32275390625,0.123046875,3.));
#8015 = CARTESIAN_POINT('',(-1.32275390625,-0.88525390625,3.));
#8016 = CARTESIAN_POINT('',(-0.85791015625,-1.420166015625,3.));
#8017 = PCURVE('',#6214,#8018);
#8018 = DEFINITIONAL_REPRESENTATION('',(#8019),#8023);
#8019 = LINE('',#8020,#8021);
#8020 = CARTESIAN_POINT('',(0.,-0.6));
#8021 = VECTOR('',#8022,1.);
#8022 = DIRECTION('',(1.,0.));
#8023 = ( GEOMETRIC_REPRESENTATION_CONTEXT(2) 
PARAMETRIC_REPRESENTATION_CONTEXT() REPRESENTATION_CONTEXT('2D SPACE',''
  ) );
#8024 = PCURVE('',#7412,#8025);
#8025 = DEFINITIONAL_REPRESENTATION('',(#8026),#8030);
#8026 = B_SPLINE_CURVE_WITH_KNOTS('',2,(#8027,#8028,#8029),
  .UNSPECIFIED.,.F.,.F.,(3,3),(0.,1.),.PIECEWISE_BEZIER_KNOTS.);
#8027 = CARTESIAN_POINT('',(1.12109375,2.54638671875));
#8028 = CARTESIAN_POINT('',(1.12109375,1.5380859375));
#8029 = CARTESIAN_POINT('',(1.5859375,1.003173828125));
#8030 = ( GEOMETRIC_REPRESENTATION_CONTEXT(2) 
PARAMETRIC_REPRESENTATION_CONTEXT() REPRESENTATION_CONTEXT('2D SPACE',''
  ) );
#8031 = ORIENTED_EDGE('',*,*,#7939,.F.);
#8032 = ORIENTED_EDGE('',*,*,#6198,.F.);
#8033 = ADVANCED_FACE('',(#8034),#6184,.T.);
#8034 = FACE_BOUND('',#8035,.T.);
#8035 = EDGE_LOOP('',(#8036,#8059,#8080,#8081));
#8036 = ORIENTED_EDGE('',*,*,#8037,.T.);
#8037 = EDGE_CURVE('',#6139,#8038,#8040,.T.);
#8038 = VERTEX_POINT('',#8039);
#8039 = CARTESIAN_POINT('',(-0.85791015625,1.669677734375,3.));
#8040 = SURFACE_CURVE('',#8041,(#8045,#8052),.PCURVE_S1.);
#8041 = LINE('',#8042,#8043);
#8042 = CARTESIAN_POINT('',(-0.85791015625,1.669677734375,2.4));
#8043 = VECTOR('',#8044,1.);
#8044 = DIRECTION('',(0.,0.,1.));
#8045 = PCURVE('',#6184,#8046);
#8046 = DEFINITIONAL_REPRESENTATION('',(#8047),#8051);
#8047 = LINE('',#8048,#8049);
#8048 = CARTESIAN_POINT('',(0.,0.));
#8049 = VECTOR('',#8050,1.);
#8050 = DIRECTION('',(0.,-1.));
#8051 = ( GEOMETRIC_REPRESENTATION_CONTEXT(2) 
PARAMETRIC_REPRESENTATION_CONTEXT() REPRESENTATION_CONTEXT('2D SPACE',''
  ) );
#8052 = PCURVE('',#6154,#8053);
#8053 = DEFINITIONAL_REPRESENTATION('',(#8054),#8058);
#8054 = LINE('',#8055,#8056);
#8055 = CARTESIAN_POINT('',(1.,0.));
#8056 = VECTOR('',#8057,1.);
#8057 = DIRECTION('',(0.,-1.));
#8058 = ( GEOMETRIC_REPRESENTATION_CONTEXT(2) 
PARAMETRIC_REPRESENTATION_CONTEXT() REPRESENTATION_CONTEXT('2D SPACE',''
  ) );
#8059 = ORIENTED_EDGE('',*,*,#8060,.T.);
#8060 = EDGE_CURVE('',#8038,#7989,#8061,.T.);
#8061 = SURFACE_CURVE('',#8062,(#8066,#8073),.PCURVE_S1.);
#8062 = B_SPLINE_CURVE_WITH_KNOTS('',2,(#8063,#8064,#8065),
  .UNSPECIFIED.,.F.,.F.,(3,3),(0.,1.),.PIECEWISE_BEZIER_KNOTS.);
#8063 = CARTESIAN_POINT('',(-0.85791015625,1.669677734375,3.));
#8064 = CARTESIAN_POINT('',(-1.32275390625,1.134765625,3.));
#8065 = CARTESIAN_POINT('',(-1.32275390625,0.123046875,3.));
#8066 = PCURVE('',#6184,#8067);
#8067 = DEFINITIONAL_REPRESENTATION('',(#8068),#8072);
#8068 = LINE('',#8069,#8070);
#8069 = CARTESIAN_POINT('',(0.,-0.6));
#8070 = VECTOR('',#8071,1.);
#8071 = DIRECTION('',(1.,0.));
#8072 = ( GEOMETRIC_REPRESENTATION_CONTEXT(2) 
PARAMETRIC_REPRESENTATION_CONTEXT() REPRESENTATION_CONTEXT('2D SPACE',''
  ) );
#8073 = PCURVE('',#7412,#8074);
#8074 = DEFINITIONAL_REPRESENTATION('',(#8075),#8079);
#8075 = B_SPLINE_CURVE_WITH_KNOTS('',2,(#8076,#8077,#8078),
  .UNSPECIFIED.,.F.,.F.,(3,3),(0.,1.),.PIECEWISE_BEZIER_KNOTS.);
#8076 = CARTESIAN_POINT('',(1.5859375,4.093017578125));
#8077 = CARTESIAN_POINT('',(1.12109375,3.55810546875));
#8078 = CARTESIAN_POINT('',(1.12109375,2.54638671875));
#8079 = ( GEOMETRIC_REPRESENTATION_CONTEXT(2) 
PARAMETRIC_REPRESENTATION_CONTEXT() REPRESENTATION_CONTEXT('2D SPACE',''
  ) );
#8080 = ORIENTED_EDGE('',*,*,#7988,.F.);
#8081 = ORIENTED_EDGE('',*,*,#6168,.F.);
#8082 = ADVANCED_FACE('',(#8083),#6154,.T.);
#8083 = FACE_BOUND('',#8084,.T.);
#8084 = EDGE_LOOP('',(#8085,#8108,#8129,#8130));
#8085 = ORIENTED_EDGE('',*,*,#8086,.T.);
#8086 = EDGE_CURVE('',#6109,#8087,#8089,.T.);
#8087 = VERTEX_POINT('',#8088);
#8088 = CARTESIAN_POINT('',(0.48193359375,2.20458984375,3.));
#8089 = SURFACE_CURVE('',#8090,(#8094,#8101),.PCURVE_S1.);
#8090 = LINE('',#8091,#8092);
#8091 = CARTESIAN_POINT('',(0.48193359375,2.20458984375,2.4));
#8092 = VECTOR('',#8093,1.);
#8093 = DIRECTION('',(0.,0.,1.));
#8094 = PCURVE('',#6154,#8095);
#8095 = DEFINITIONAL_REPRESENTATION('',(#8096),#8100);
#8096 = LINE('',#8097,#8098);
#8097 = CARTESIAN_POINT('',(0.,0.));
#8098 = VECTOR('',#8099,1.);
#8099 = DIRECTION('',(0.,-1.));
#8100 = ( GEOMETRIC_REPRESENTATION_CONTEXT(2) 
PARAMETRIC_REPRESENTATION_CONTEXT() REPRESENTATION_CONTEXT('2D SPACE',''
  ) );
#8101 = PCURVE('',#6124,#8102);
#8102 = DEFINITIONAL_REPRESENTATION('',(#8103),#8107);
#8103 = LINE('',#8104,#8105);
#8104 = CARTESIAN_POINT('',(1.,0.));
#8105 = VECTOR('',#8106,1.);
#8106 = DIRECTION('',(0.,-1.));
#8107 = ( GEOMETRIC_REPRESENTATION_CONTEXT(2) 
PARAMETRIC_REPRESENTATION_CONTEXT() REPRESENTATION_CONTEXT('2D SPACE',''
  ) );
#8108 = ORIENTED_EDGE('',*,*,#8109,.T.);
#8109 = EDGE_CURVE('',#8087,#8038,#8110,.T.);
#8110 = SURFACE_CURVE('',#8111,(#8115,#8122),.PCURVE_S1.);
#8111 = B_SPLINE_CURVE_WITH_KNOTS('',2,(#8112,#8113,#8114),
  .UNSPECIFIED.,.F.,.F.,(3,3),(0.,1.),.PIECEWISE_BEZIER_KNOTS.);
#8112 = CARTESIAN_POINT('',(0.48193359375,2.20458984375,3.));
#8113 = CARTESIAN_POINT('',(-0.39306640625,2.20458984375,3.));
#8114 = CARTESIAN_POINT('',(-0.85791015625,1.669677734375,3.));
#8115 = PCURVE('',#6154,#8116);
#8116 = DEFINITIONAL_REPRESENTATION('',(#8117),#8121);
#8117 = LINE('',#8118,#8119);
#8118 = CARTESIAN_POINT('',(0.,-0.6));
#8119 = VECTOR('',#8120,1.);
#8120 = DIRECTION('',(1.,0.));
#8121 = ( GEOMETRIC_REPRESENTATION_CONTEXT(2) 
PARAMETRIC_REPRESENTATION_CONTEXT() REPRESENTATION_CONTEXT('2D SPACE',''
  ) );
#8122 = PCURVE('',#7412,#8123);
#8123 = DEFINITIONAL_REPRESENTATION('',(#8124),#8128);
#8124 = B_SPLINE_CURVE_WITH_KNOTS('',2,(#8125,#8126,#8127),
  .UNSPECIFIED.,.F.,.F.,(3,3),(0.,1.),.PIECEWISE_BEZIER_KNOTS.);
#8125 = CARTESIAN_POINT('',(2.92578125,4.6279296875));
#8126 = CARTESIAN_POINT('',(2.05078125,4.6279296875));
#8127 = CARTESIAN_POINT('',(1.5859375,4.093017578125));
#8128 = ( GEOMETRIC_REPRESENTATION_CONTEXT(2) 
PARAMETRIC_REPRESENTATION_CONTEXT() REPRESENTATION_CONTEXT('2D SPACE',''
  ) );
#8129 = ORIENTED_EDGE('',*,*,#8037,.F.);
#8130 = ORIENTED_EDGE('',*,*,#6138,.F.);
#8131 = ADVANCED_FACE('',(#8132),#6124,.T.);
#8132 = FACE_BOUND('',#8133,.T.);
#8133 = EDGE_LOOP('',(#8134,#8157,#8178,#8179));
#8134 = ORIENTED_EDGE('',*,*,#8135,.T.);
#8135 = EDGE_CURVE('',#6079,#8136,#8138,.T.);
#8136 = VERTEX_POINT('',#8137);
#8137 = CARTESIAN_POINT('',(1.321044921875,2.0439453125,3.));
#8138 = SURFACE_CURVE('',#8139,(#8143,#8150),.PCURVE_S1.);
#8139 = LINE('',#8140,#8141);
#8140 = CARTESIAN_POINT('',(1.321044921875,2.0439453125,2.4));
#8141 = VECTOR('',#8142,1.);
#8142 = DIRECTION('',(0.,0.,1.));
#8143 = PCURVE('',#6124,#8144);
#8144 = DEFINITIONAL_REPRESENTATION('',(#8145),#8149);
#8145 = LINE('',#8146,#8147);
#8146 = CARTESIAN_POINT('',(0.,0.));
#8147 = VECTOR('',#8148,1.);
#8148 = DIRECTION('',(0.,-1.));
#8149 = ( GEOMETRIC_REPRESENTATION_CONTEXT(2) 
PARAMETRIC_REPRESENTATION_CONTEXT() REPRESENTATION_CONTEXT('2D SPACE',''
  ) );
#8150 = PCURVE('',#6094,#8151);
#8151 = DEFINITIONAL_REPRESENTATION('',(#8152),#8156);
#8152 = LINE('',#8153,#8154);
#8153 = CARTESIAN_POINT('',(1.,0.));
#8154 = VECTOR('',#8155,1.);
#8155 = DIRECTION('',(0.,-1.));
#8156 = ( GEOMETRIC_REPRESENTATION_CONTEXT(2) 
PARAMETRIC_REPRESENTATION_CONTEXT() REPRESENTATION_CONTEXT('2D SPACE',''
  ) );
#8157 = ORIENTED_EDGE('',*,*,#8158,.T.);
#8158 = EDGE_CURVE('',#8136,#8087,#8159,.T.);
#8159 = SURFACE_CURVE('',#8160,(#8164,#8171),.PCURVE_S1.);
#8160 = B_SPLINE_CURVE_WITH_KNOTS('',2,(#8161,#8162,#8163),
  .UNSPECIFIED.,.F.,.F.,(3,3),(0.,1.),.PIECEWISE_BEZIER_KNOTS.);
#8161 = CARTESIAN_POINT('',(1.321044921875,2.0439453125,3.));
#8162 = CARTESIAN_POINT('',(0.92626953125,2.20458984375,3.));
#8163 = CARTESIAN_POINT('',(0.48193359375,2.20458984375,3.));
#8164 = PCURVE('',#6124,#8165);
#8165 = DEFINITIONAL_REPRESENTATION('',(#8166),#8170);
#8166 = LINE('',#8167,#8168);
#8167 = CARTESIAN_POINT('',(0.,-0.6));
#8168 = VECTOR('',#8169,1.);
#8169 = DIRECTION('',(1.,0.));
#8170 = ( GEOMETRIC_REPRESENTATION_CONTEXT(2) 
PARAMETRIC_REPRESENTATION_CONTEXT() REPRESENTATION_CONTEXT('2D SPACE',''
  ) );
#8171 = PCURVE('',#7412,#8172);
#8172 = DEFINITIONAL_REPRESENTATION('',(#8173),#8177);
#8173 = B_SPLINE_CURVE_WITH_KNOTS('',2,(#8174,#8175,#8176),
  .UNSPECIFIED.,.F.,.F.,(3,3),(0.,1.),.PIECEWISE_BEZIER_KNOTS.);
#8174 = CARTESIAN_POINT('',(3.764892578125,4.46728515625));
#8175 = CARTESIAN_POINT('',(3.3701171875,4.6279296875));
#8176 = CARTESIAN_POINT('',(2.92578125,4.6279296875));
#8177 = ( GEOMETRIC_REPRESENTATION_CONTEXT(2) 
PARAMETRIC_REPRESENTATION_CONTEXT() REPRESENTATION_CONTEXT('2D SPACE',''
  ) );
#8178 = ORIENTED_EDGE('',*,*,#8086,.F.);
#8179 = ORIENTED_EDGE('',*,*,#6108,.F.);
#8180 = ADVANCED_FACE('',(#8181),#6094,.T.);
#8181 = FACE_BOUND('',#8182,.T.);
#8182 = EDGE_LOOP('',(#8183,#8206,#8227,#8228));
#8183 = ORIENTED_EDGE('',*,*,#8184,.T.);
#8184 = EDGE_CURVE('',#6051,#8185,#8187,.T.);
#8185 = VERTEX_POINT('',#8186);
#8186 = CARTESIAN_POINT('',(2.064453125,1.55859375,3.));
#8187 = SURFACE_CURVE('',#8188,(#8192,#8199),.PCURVE_S1.);
#8188 = LINE('',#8189,#8190);
#8189 = CARTESIAN_POINT('',(2.064453125,1.55859375,2.4));
#8190 = VECTOR('',#8191,1.);
#8191 = DIRECTION('',(0.,0.,1.));
#8192 = PCURVE('',#6094,#8193);
#8193 = DEFINITIONAL_REPRESENTATION('',(#8194),#8198);
#8194 = LINE('',#8195,#8196);
#8195 = CARTESIAN_POINT('',(0.,0.));
#8196 = VECTOR('',#8197,1.);
#8197 = DIRECTION('',(0.,-1.));
#8198 = ( GEOMETRIC_REPRESENTATION_CONTEXT(2) 
PARAMETRIC_REPRESENTATION_CONTEXT() REPRESENTATION_CONTEXT('2D SPACE',''
  ) );
#8199 = PCURVE('',#6066,#8200);
#8200 = DEFINITIONAL_REPRESENTATION('',(#8201),#8205);
#8201 = LINE('',#8202,#8203);
#8202 = CARTESIAN_POINT('',(0.72802734375,0.));
#8203 = VECTOR('',#8204,1.);
#8204 = DIRECTION('',(0.,-1.));
#8205 = ( GEOMETRIC_REPRESENTATION_CONTEXT(2) 
PARAMETRIC_REPRESENTATION_CONTEXT() REPRESENTATION_CONTEXT('2D SPACE',''
  ) );
#8206 = ORIENTED_EDGE('',*,*,#8207,.T.);
#8207 = EDGE_CURVE('',#8185,#8136,#8208,.T.);
#8208 = SURFACE_CURVE('',#8209,(#8213,#8220),.PCURVE_S1.);
#8209 = B_SPLINE_CURVE_WITH_KNOTS('',2,(#8210,#8211,#8212),
  .UNSPECIFIED.,.F.,.F.,(3,3),(0.,1.),.PIECEWISE_BEZIER_KNOTS.);
#8210 = CARTESIAN_POINT('',(2.064453125,1.55859375,3.));
#8211 = CARTESIAN_POINT('',(1.7158203125,1.88330078125,3.));
#8212 = CARTESIAN_POINT('',(1.321044921875,2.0439453125,3.));
#8213 = PCURVE('',#6094,#8214);
#8214 = DEFINITIONAL_REPRESENTATION('',(#8215),#8219);
#8215 = LINE('',#8216,#8217);
#8216 = CARTESIAN_POINT('',(0.,-0.6));
#8217 = VECTOR('',#8218,1.);
#8218 = DIRECTION('',(1.,0.));
#8219 = ( GEOMETRIC_REPRESENTATION_CONTEXT(2) 
PARAMETRIC_REPRESENTATION_CONTEXT() REPRESENTATION_CONTEXT('2D SPACE',''
  ) );
#8220 = PCURVE('',#7412,#8221);
#8221 = DEFINITIONAL_REPRESENTATION('',(#8222),#8226);
#8222 = B_SPLINE_CURVE_WITH_KNOTS('',2,(#8223,#8224,#8225),
  .UNSPECIFIED.,.F.,.F.,(3,3),(0.,1.),.PIECEWISE_BEZIER_KNOTS.);
#8223 = CARTESIAN_POINT('',(4.50830078125,3.98193359375));
#8224 = CARTESIAN_POINT('',(4.15966796875,4.306640625));
#8225 = CARTESIAN_POINT('',(3.764892578125,4.46728515625));
#8226 = ( GEOMETRIC_REPRESENTATION_CONTEXT(2) 
PARAMETRIC_REPRESENTATION_CONTEXT() REPRESENTATION_CONTEXT('2D SPACE',''
  ) );
#8227 = ORIENTED_EDGE('',*,*,#8135,.F.);
#8228 = ORIENTED_EDGE('',*,*,#6078,.F.);
#8229 = ADVANCED_FACE('',(#8230),#6066,.T.);
#8230 = FACE_BOUND('',#8231,.T.);
#8231 = EDGE_LOOP('',(#8232,#8233,#8254,#8255));
#8232 = ORIENTED_EDGE('',*,*,#7424,.T.);
#8233 = ORIENTED_EDGE('',*,*,#8234,.T.);
#8234 = EDGE_CURVE('',#7397,#8185,#8235,.T.);
#8235 = SURFACE_CURVE('',#8236,(#8240,#8247),.PCURVE_S1.);
#8236 = LINE('',#8237,#8238);
#8237 = CARTESIAN_POINT('',(2.064453125,2.28662109375,3.));
#8238 = VECTOR('',#8239,1.);
#8239 = DIRECTION('',(0.,-1.,0.));
#8240 = PCURVE('',#6066,#8241);
#8241 = DEFINITIONAL_REPRESENTATION('',(#8242),#8246);
#8242 = LINE('',#8243,#8244);
#8243 = CARTESIAN_POINT('',(0.,-0.6));
#8244 = VECTOR('',#8245,1.);
#8245 = DIRECTION('',(1.,0.));
#8246 = ( GEOMETRIC_REPRESENTATION_CONTEXT(2) 
PARAMETRIC_REPRESENTATION_CONTEXT() REPRESENTATION_CONTEXT('2D SPACE',''
  ) );
#8247 = PCURVE('',#7412,#8248);
#8248 = DEFINITIONAL_REPRESENTATION('',(#8249),#8253);
#8249 = LINE('',#8250,#8251);
#8250 = CARTESIAN_POINT('',(4.50830078125,4.7099609375));
#8251 = VECTOR('',#8252,1.);
#8252 = DIRECTION('',(0.,-1.));
#8253 = ( GEOMETRIC_REPRESENTATION_CONTEXT(2) 
PARAMETRIC_REPRESENTATION_CONTEXT() REPRESENTATION_CONTEXT('2D SPACE',''
  ) );
#8254 = ORIENTED_EDGE('',*,*,#8184,.F.);
#8255 = ORIENTED_EDGE('',*,*,#6050,.F.);
#8256 = ADVANCED_FACE('',(#8257),#6618,.T.);
#8257 = FACE_BOUND('',#8258,.T.);
#8258 = EDGE_LOOP('',(#8259,#8260,#8261,#8262));
#8259 = ORIENTED_EDGE('',*,*,#6941,.F.);
#8260 = ORIENTED_EDGE('',*,*,#6604,.T.);
#8261 = ORIENTED_EDGE('',*,*,#6770,.T.);
#8262 = ORIENTED_EDGE('',*,*,#8263,.F.);
#8263 = EDGE_CURVE('',#6919,#6743,#8264,.T.);
#8264 = SURFACE_CURVE('',#8265,(#8269,#8275),.PCURVE_S1.);
#8265 = LINE('',#8266,#8267);
#8266 = CARTESIAN_POINT('',(-25.2,-14.,27.5));
#8267 = VECTOR('',#8268,1.);
#8268 = DIRECTION('',(0.,1.,0.));
#8269 = PCURVE('',#6618,#8270);
#8270 = DEFINITIONAL_REPRESENTATION('',(#8271),#8274);
#8271 = B_SPLINE_CURVE_WITH_KNOTS('',1,(#8272,#8273),.UNSPECIFIED.,.F.,
  .F.,(2,2),(0.,12.),.PIECEWISE_BEZIER_KNOTS.);
#8272 = CARTESIAN_POINT('',(1.,0.));
#8273 = CARTESIAN_POINT('',(1.,-12.));
#8274 = ( GEOMETRIC_REPRESENTATION_CONTEXT(2) 
PARAMETRIC_REPRESENTATION_CONTEXT() REPRESENTATION_CONTEXT('2D SPACE',''
  ) );
#8275 = PCURVE('',#6758,#8276);
#8276 = DEFINITIONAL_REPRESENTATION('',(#8277),#8280);
#8277 = B_SPLINE_CURVE_WITH_KNOTS('',1,(#8278,#8279),.UNSPECIFIED.,.F.,
  .F.,(2,2),(0.,12.),.PIECEWISE_BEZIER_KNOTS.);
#8278 = CARTESIAN_POINT('',(1.6,0.));
#8279 = CARTESIAN_POINT('',(1.6,12.));
#8280 = ( GEOMETRIC_REPRESENTATION_CONTEXT(2) 
PARAMETRIC_REPRESENTATION_CONTEXT() REPRESENTATION_CONTEXT('2D SPACE',''
  ) );
#8281 = ADVANCED_FACE('',(#8282),#6674,.F.);
#8282 = FACE_BOUND('',#8283,.F.);
#8283 = EDGE_LOOP('',(#8284,#8285,#8286,#8287));
#8284 = ORIENTED_EDGE('',*,*,#6844,.F.);
#8285 = ORIENTED_EDGE('',*,*,#6819,.F.);
#8286 = ORIENTED_EDGE('',*,*,#6658,.T.);
#8287 = ORIENTED_EDGE('',*,*,#8288,.F.);
#8288 = EDGE_CURVE('',#6845,#6659,#8289,.T.);
#8289 = SURFACE_CURVE('',#8290,(#8294,#8301),.PCURVE_S1.);
#8290 = LINE('',#8291,#8292);
#8291 = CARTESIAN_POINT('',(-26.8,-14.,31.9));
#8292 = VECTOR('',#8293,1.);
#8293 = DIRECTION('',(0.,1.,0.));
#8294 = PCURVE('',#6674,#8295);
#8295 = DEFINITIONAL_REPRESENTATION('',(#8296),#8300);
#8296 = LINE('',#8297,#8298);
#8297 = CARTESIAN_POINT('',(4.4,0.));
#8298 = VECTOR('',#8299,1.);
#8299 = DIRECTION('',(0.,-1.));
#8300 = ( GEOMETRIC_REPRESENTATION_CONTEXT(2) 
PARAMETRIC_REPRESENTATION_CONTEXT() REPRESENTATION_CONTEXT('2D SPACE',''
  ) );
#8301 = PCURVE('',#8302,#8307);
#8302 = PLANE('',#8303);
#8303 = AXIS2_PLACEMENT_3D('',#8304,#8305,#8306);
#8304 = CARTESIAN_POINT('',(-26.5,-14.,32.2));
#8305 = DIRECTION('',(0.707106781187,0.,-0.707106781187));
#8306 = DIRECTION('',(0.,1.,0.));
#8307 = DEFINITIONAL_REPRESENTATION('',(#8308),#8312);
#8308 = LINE('',#8309,#8310);
#8309 = CARTESIAN_POINT('',(0.,-0.424264068712));
#8310 = VECTOR('',#8311,1.);
#8311 = DIRECTION('',(1.,0.));
#8312 = ( GEOMETRIC_REPRESENTATION_CONTEXT(2) 
PARAMETRIC_REPRESENTATION_CONTEXT() REPRESENTATION_CONTEXT('2D SPACE',''
  ) );
#8313 = ADVANCED_FACE('',(#8314),#6702,.T.);
#8314 = FACE_BOUND('',#8315,.F.);
#8315 = EDGE_LOOP('',(#8316,#8339,#8340,#8368));
#8316 = ORIENTED_EDGE('',*,*,#8317,.F.);
#8317 = EDGE_CURVE('',#6659,#8318,#8320,.T.);
#8318 = VERTEX_POINT('',#8319);
#8319 = CARTESIAN_POINT('',(-26.2,-2.6,32.5));
#8320 = SURFACE_CURVE('',#8321,(#8325,#8332),.PCURVE_S1.);
#8321 = LINE('',#8322,#8323);
#8322 = CARTESIAN_POINT('',(-24.6,-4.2,34.1));
#8323 = VECTOR('',#8324,1.);
#8324 = DIRECTION('',(0.57735026919,-0.57735026919,0.57735026919));
#8325 = PCURVE('',#6702,#8326);
#8326 = DEFINITIONAL_REPRESENTATION('',(#8327),#8331);
#8327 = LINE('',#8328,#8329);
#8328 = CARTESIAN_POINT('',(-2.2,2.687005768509));
#8329 = VECTOR('',#8330,1.);
#8330 = DIRECTION('',(-0.57735026919,0.816496580928));
#8331 = ( GEOMETRIC_REPRESENTATION_CONTEXT(2) 
PARAMETRIC_REPRESENTATION_CONTEXT() REPRESENTATION_CONTEXT('2D SPACE',''
  ) );
#8332 = PCURVE('',#8302,#8333);
#8333 = DEFINITIONAL_REPRESENTATION('',(#8334),#8338);
#8334 = LINE('',#8335,#8336);
#8335 = CARTESIAN_POINT('',(9.8,2.687005768509));
#8336 = VECTOR('',#8337,1.);
#8337 = DIRECTION('',(-0.57735026919,0.816496580928));
#8338 = ( GEOMETRIC_REPRESENTATION_CONTEXT(2) 
PARAMETRIC_REPRESENTATION_CONTEXT() REPRESENTATION_CONTEXT('2D SPACE',''
  ) );
#8339 = ORIENTED_EDGE('',*,*,#6686,.T.);
#8340 = ORIENTED_EDGE('',*,*,#8341,.T.);
#8341 = EDGE_CURVE('',#6687,#8342,#8344,.T.);
#8342 = VERTEX_POINT('',#8343);
#8343 = CARTESIAN_POINT('',(-25.4,-2.6,32.5));
#8344 = SURFACE_CURVE('',#8345,(#8349,#8356),.PCURVE_S1.);
#8345 = LINE('',#8346,#8347);
#8346 = CARTESIAN_POINT('',(-27.33333333333,-4.533333333333,
    34.433333333333));
#8347 = VECTOR('',#8348,1.);
#8348 = DIRECTION('',(-0.57735026919,-0.57735026919,0.57735026919));
#8349 = PCURVE('',#6702,#8350);
#8350 = DEFINITIONAL_REPRESENTATION('',(#8351),#8355);
#8351 = LINE('',#8352,#8353);
#8352 = CARTESIAN_POINT('',(0.533333333333,3.1584102893));
#8353 = VECTOR('',#8354,1.);
#8354 = DIRECTION('',(0.57735026919,0.816496580928));
#8355 = ( GEOMETRIC_REPRESENTATION_CONTEXT(2) 
PARAMETRIC_REPRESENTATION_CONTEXT() REPRESENTATION_CONTEXT('2D SPACE',''
  ) );
#8356 = PCURVE('',#8357,#8362);
#8357 = PLANE('',#8358);
#8358 = AXIS2_PLACEMENT_3D('',#8359,#8360,#8361);
#8359 = CARTESIAN_POINT('',(-25.1,-14.,32.2));
#8360 = DIRECTION('',(0.707106781187,0.,0.707106781187));
#8361 = DIRECTION('',(-0.,1.,0.));
#8362 = DEFINITIONAL_REPRESENTATION('',(#8363),#8367);
#8363 = LINE('',#8364,#8365);
#8364 = CARTESIAN_POINT('',(9.466666666667,3.1584102893));
#8365 = VECTOR('',#8366,1.);
#8366 = DIRECTION('',(-0.57735026919,0.816496580928));
#8367 = ( GEOMETRIC_REPRESENTATION_CONTEXT(2) 
PARAMETRIC_REPRESENTATION_CONTEXT() REPRESENTATION_CONTEXT('2D SPACE',''
  ) );
#8368 = ORIENTED_EDGE('',*,*,#8369,.F.);
#8369 = EDGE_CURVE('',#8318,#8342,#8370,.T.);
#8370 = SURFACE_CURVE('',#8371,(#8375,#8382),.PCURVE_S1.);
#8371 = LINE('',#8372,#8373);
#8372 = CARTESIAN_POINT('',(-26.8,-2.6,32.5));
#8373 = VECTOR('',#8374,1.);
#8374 = DIRECTION('',(1.,0.,0.));
#8375 = PCURVE('',#6702,#8376);
#8376 = DEFINITIONAL_REPRESENTATION('',(#8377),#8381);
#8377 = LINE('',#8378,#8379);
#8378 = CARTESIAN_POINT('',(-0.,0.424264068712));
#8379 = VECTOR('',#8380,1.);
#8380 = DIRECTION('',(-1.,0.));
#8381 = ( GEOMETRIC_REPRESENTATION_CONTEXT(2) 
PARAMETRIC_REPRESENTATION_CONTEXT() REPRESENTATION_CONTEXT('2D SPACE',''
  ) );
#8382 = PCURVE('',#8383,#8388);
#8383 = PLANE('',#8384);
#8384 = AXIS2_PLACEMENT_3D('',#8385,#8386,#8387);
#8385 = CARTESIAN_POINT('',(-26.8,-14.,32.5));
#8386 = DIRECTION('',(0.,0.,1.));
#8387 = DIRECTION('',(1.,0.,0.));
#8388 = DEFINITIONAL_REPRESENTATION('',(#8389),#8393);
#8389 = LINE('',#8390,#8391);
#8390 = CARTESIAN_POINT('',(0.,11.4));
#8391 = VECTOR('',#8392,1.);
#8392 = DIRECTION('',(1.,0.));
#8393 = ( GEOMETRIC_REPRESENTATION_CONTEXT(2) 
PARAMETRIC_REPRESENTATION_CONTEXT() REPRESENTATION_CONTEXT('2D SPACE',''
  ) );
#8394 = ADVANCED_FACE('',(#8395),#6730,.T.);
#8395 = FACE_BOUND('',#8396,.T.);
#8396 = EDGE_LOOP('',(#8397,#8398,#8419,#8420));
#8397 = ORIENTED_EDGE('',*,*,#6895,.F.);
#8398 = ORIENTED_EDGE('',*,*,#8399,.T.);
#8399 = EDGE_CURVE('',#6896,#6715,#8400,.T.);
#8400 = SURFACE_CURVE('',#8401,(#8405,#8412),.PCURVE_S1.);
#8401 = LINE('',#8402,#8403);
#8402 = CARTESIAN_POINT('',(-24.8,-14.,27.5));
#8403 = VECTOR('',#8404,1.);
#8404 = DIRECTION('',(0.,1.,0.));
#8405 = PCURVE('',#6730,#8406);
#8406 = DEFINITIONAL_REPRESENTATION('',(#8407),#8411);
#8407 = LINE('',#8408,#8409);
#8408 = CARTESIAN_POINT('',(0.,0.));
#8409 = VECTOR('',#8410,1.);
#8410 = DIRECTION('',(0.,-1.));
#8411 = ( GEOMETRIC_REPRESENTATION_CONTEXT(2) 
PARAMETRIC_REPRESENTATION_CONTEXT() REPRESENTATION_CONTEXT('2D SPACE',''
  ) );
#8412 = PCURVE('',#6758,#8413);
#8413 = DEFINITIONAL_REPRESENTATION('',(#8414),#8418);
#8414 = LINE('',#8415,#8416);
#8415 = CARTESIAN_POINT('',(2.,0.));
#8416 = VECTOR('',#8417,1.);
#8417 = DIRECTION('',(0.,1.));
#8418 = ( GEOMETRIC_REPRESENTATION_CONTEXT(2) 
PARAMETRIC_REPRESENTATION_CONTEXT() REPRESENTATION_CONTEXT('2D SPACE',''
  ) );
#8419 = ORIENTED_EDGE('',*,*,#6714,.T.);
#8420 = ORIENTED_EDGE('',*,*,#8421,.F.);
#8421 = EDGE_CURVE('',#6868,#6687,#8422,.T.);
#8422 = SURFACE_CURVE('',#8423,(#8427,#8434),.PCURVE_S1.);
#8423 = LINE('',#8424,#8425);
#8424 = CARTESIAN_POINT('',(-24.8,-14.,31.9));
#8425 = VECTOR('',#8426,1.);
#8426 = DIRECTION('',(0.,1.,0.));
#8427 = PCURVE('',#6730,#8428);
#8428 = DEFINITIONAL_REPRESENTATION('',(#8429),#8433);
#8429 = LINE('',#8430,#8431);
#8430 = CARTESIAN_POINT('',(4.4,0.));
#8431 = VECTOR('',#8432,1.);
#8432 = DIRECTION('',(0.,-1.));
#8433 = ( GEOMETRIC_REPRESENTATION_CONTEXT(2) 
PARAMETRIC_REPRESENTATION_CONTEXT() REPRESENTATION_CONTEXT('2D SPACE',''
  ) );
#8434 = PCURVE('',#8357,#8435);
#8435 = DEFINITIONAL_REPRESENTATION('',(#8436),#8440);
#8436 = LINE('',#8437,#8438);
#8437 = CARTESIAN_POINT('',(0.,-0.424264068712));
#8438 = VECTOR('',#8439,1.);
#8439 = DIRECTION('',(1.,0.));
#8440 = ( GEOMETRIC_REPRESENTATION_CONTEXT(2) 
PARAMETRIC_REPRESENTATION_CONTEXT() REPRESENTATION_CONTEXT('2D SPACE',''
  ) );
#8441 = ADVANCED_FACE('',(#8442),#6758,.F.);
#8442 = FACE_BOUND('',#8443,.F.);
#8443 = EDGE_LOOP('',(#8444,#8445,#8446,#8447));
#8444 = ORIENTED_EDGE('',*,*,#6742,.F.);
#8445 = ORIENTED_EDGE('',*,*,#8263,.F.);
#8446 = ORIENTED_EDGE('',*,*,#6918,.T.);
#8447 = ORIENTED_EDGE('',*,*,#8399,.T.);
#8448 = ADVANCED_FACE('',(#8449),#6883,.F.);
#8449 = FACE_BOUND('',#8450,.T.);
#8450 = EDGE_LOOP('',(#8451,#8474,#8475,#8498));
#8451 = ORIENTED_EDGE('',*,*,#8452,.F.);
#8452 = EDGE_CURVE('',#6845,#8453,#8455,.T.);
#8453 = VERTEX_POINT('',#8454);
#8454 = CARTESIAN_POINT('',(-26.2,-13.4,32.5));
#8455 = SURFACE_CURVE('',#8456,(#8460,#8467),.PCURVE_S1.);
#8456 = LINE('',#8457,#8458);
#8457 = CARTESIAN_POINT('',(-26.6,-13.8,32.1));
#8458 = VECTOR('',#8459,1.);
#8459 = DIRECTION('',(0.57735026919,0.57735026919,0.57735026919));
#8460 = PCURVE('',#6883,#8461);
#8461 = DEFINITIONAL_REPRESENTATION('',(#8462),#8466);
#8462 = LINE('',#8463,#8464);
#8463 = CARTESIAN_POINT('',(-0.2,-0.141421356237));
#8464 = VECTOR('',#8465,1.);
#8465 = DIRECTION('',(-0.57735026919,0.816496580928));
#8466 = ( GEOMETRIC_REPRESENTATION_CONTEXT(2) 
PARAMETRIC_REPRESENTATION_CONTEXT() REPRESENTATION_CONTEXT('2D SPACE',''
  ) );
#8467 = PCURVE('',#8302,#8468);
#8468 = DEFINITIONAL_REPRESENTATION('',(#8469),#8473);
#8469 = LINE('',#8470,#8471);
#8470 = CARTESIAN_POINT('',(0.2,-0.141421356237));
#8471 = VECTOR('',#8472,1.);
#8472 = DIRECTION('',(0.57735026919,0.816496580928));
#8473 = ( GEOMETRIC_REPRESENTATION_CONTEXT(2) 
PARAMETRIC_REPRESENTATION_CONTEXT() REPRESENTATION_CONTEXT('2D SPACE',''
  ) );
#8474 = ORIENTED_EDGE('',*,*,#6867,.T.);
#8475 = ORIENTED_EDGE('',*,*,#8476,.T.);
#8476 = EDGE_CURVE('',#6868,#8477,#8479,.T.);
#8477 = VERTEX_POINT('',#8478);
#8478 = CARTESIAN_POINT('',(-25.4,-13.4,32.5));
#8479 = SURFACE_CURVE('',#8480,(#8484,#8491),.PCURVE_S1.);
#8480 = LINE('',#8481,#8482);
#8481 = CARTESIAN_POINT('',(-25.33333333333,-13.46666666666,
    32.433333333333));
#8482 = VECTOR('',#8483,1.);
#8483 = DIRECTION('',(-0.57735026919,0.57735026919,0.57735026919));
#8484 = PCURVE('',#6883,#8485);
#8485 = DEFINITIONAL_REPRESENTATION('',(#8486),#8490);
#8486 = LINE('',#8487,#8488);
#8487 = CARTESIAN_POINT('',(-1.466666666667,0.329983164554));
#8488 = VECTOR('',#8489,1.);
#8489 = DIRECTION('',(0.57735026919,0.816496580928));
#8490 = ( GEOMETRIC_REPRESENTATION_CONTEXT(2) 
PARAMETRIC_REPRESENTATION_CONTEXT() REPRESENTATION_CONTEXT('2D SPACE',''
  ) );
#8491 = PCURVE('',#8357,#8492);
#8492 = DEFINITIONAL_REPRESENTATION('',(#8493),#8497);
#8493 = LINE('',#8494,#8495);
#8494 = CARTESIAN_POINT('',(0.533333333333,0.329983164554));
#8495 = VECTOR('',#8496,1.);
#8496 = DIRECTION('',(0.57735026919,0.816496580928));
#8497 = ( GEOMETRIC_REPRESENTATION_CONTEXT(2) 
PARAMETRIC_REPRESENTATION_CONTEXT() REPRESENTATION_CONTEXT('2D SPACE',''
  ) );
#8498 = ORIENTED_EDGE('',*,*,#8499,.F.);
#8499 = EDGE_CURVE('',#8453,#8477,#8500,.T.);
#8500 = SURFACE_CURVE('',#8501,(#8505,#8512),.PCURVE_S1.);
#8501 = LINE('',#8502,#8503);
#8502 = CARTESIAN_POINT('',(-26.8,-13.4,32.5));
#8503 = VECTOR('',#8504,1.);
#8504 = DIRECTION('',(1.,0.,0.));
#8505 = PCURVE('',#6883,#8506);
#8506 = DEFINITIONAL_REPRESENTATION('',(#8507),#8511);
#8507 = LINE('',#8508,#8509);
#8508 = CARTESIAN_POINT('',(-0.,0.424264068712));
#8509 = VECTOR('',#8510,1.);
#8510 = DIRECTION('',(-1.,0.));
#8511 = ( GEOMETRIC_REPRESENTATION_CONTEXT(2) 
PARAMETRIC_REPRESENTATION_CONTEXT() REPRESENTATION_CONTEXT('2D SPACE',''
  ) );
#8512 = PCURVE('',#8383,#8513);
#8513 = DEFINITIONAL_REPRESENTATION('',(#8514),#8518);
#8514 = LINE('',#8515,#8516);
#8515 = CARTESIAN_POINT('',(0.,0.6));
#8516 = VECTOR('',#8517,1.);
#8517 = DIRECTION('',(1.,0.));
#8518 = ( GEOMETRIC_REPRESENTATION_CONTEXT(2) 
PARAMETRIC_REPRESENTATION_CONTEXT() REPRESENTATION_CONTEXT('2D SPACE',''
  ) );
#8519 = ADVANCED_FACE('',(#8520),#7004,.F.);
#8520 = FACE_BOUND('',#8521,.F.);
#8521 = EDGE_LOOP('',(#8522,#8523,#8524,#8525));
#8522 = ORIENTED_EDGE('',*,*,#7250,.F.);
#8523 = ORIENTED_EDGE('',*,*,#6988,.T.);
#8524 = ORIENTED_EDGE('',*,*,#7042,.T.);
#8525 = ORIENTED_EDGE('',*,*,#8526,.F.);
#8526 = EDGE_CURVE('',#7251,#7043,#8527,.T.);
#8527 = SURFACE_CURVE('',#8528,(#8532,#8538),.PCURVE_S1.);
#8528 = LINE('',#8529,#8530);
#8529 = CARTESIAN_POINT('',(25.2,-14.,27.5));
#8530 = VECTOR('',#8531,1.);
#8531 = DIRECTION('',(0.,1.,0.));
#8532 = PCURVE('',#7004,#8533);
#8533 = DEFINITIONAL_REPRESENTATION('',(#8534),#8537);
#8534 = B_SPLINE_CURVE_WITH_KNOTS('',1,(#8535,#8536),.UNSPECIFIED.,.F.,
  .F.,(2,2),(0.,12.),.PIECEWISE_BEZIER_KNOTS.);
#8535 = CARTESIAN_POINT('',(1.,0.));
#8536 = CARTESIAN_POINT('',(1.,-12.));
#8537 = ( GEOMETRIC_REPRESENTATION_CONTEXT(2) 
PARAMETRIC_REPRESENTATION_CONTEXT() REPRESENTATION_CONTEXT('2D SPACE',''
  ) );
#8538 = PCURVE('',#7081,#8539);
#8539 = DEFINITIONAL_REPRESENTATION('',(#8540),#8543);
#8540 = B_SPLINE_CURVE_WITH_KNOTS('',1,(#8541,#8542),.UNSPECIFIED.,.F.,
  .F.,(2,2),(0.,12.),.PIECEWISE_BEZIER_KNOTS.);
#8541 = CARTESIAN_POINT('',(0.4,0.));
#8542 = CARTESIAN_POINT('',(0.4,12.));
#8543 = ( GEOMETRIC_REPRESENTATION_CONTEXT(2) 
PARAMETRIC_REPRESENTATION_CONTEXT() REPRESENTATION_CONTEXT('2D SPACE',''
  ) );
#8544 = ADVANCED_FACE('',(#8545),#7165,.T.);
#8545 = FACE_BOUND('',#8546,.T.);
#8546 = EDGE_LOOP('',(#8547,#8548,#8549,#8550));
#8547 = ORIENTED_EDGE('',*,*,#7347,.F.);
#8548 = ORIENTED_EDGE('',*,*,#7203,.F.);
#8549 = ORIENTED_EDGE('',*,*,#7149,.T.);
#8550 = ORIENTED_EDGE('',*,*,#8551,.F.);
#8551 = EDGE_CURVE('',#7320,#7122,#8552,.T.);
#8552 = SURFACE_CURVE('',#8553,(#8557,#8564),.PCURVE_S1.);
#8553 = LINE('',#8554,#8555);
#8554 = CARTESIAN_POINT('',(26.8,-14.,31.9));
#8555 = VECTOR('',#8556,1.);
#8556 = DIRECTION('',(0.,1.,0.));
#8557 = PCURVE('',#7165,#8558);
#8558 = DEFINITIONAL_REPRESENTATION('',(#8559),#8563);
#8559 = LINE('',#8560,#8561);
#8560 = CARTESIAN_POINT('',(4.4,0.));
#8561 = VECTOR('',#8562,1.);
#8562 = DIRECTION('',(0.,-1.));
#8563 = ( GEOMETRIC_REPRESENTATION_CONTEXT(2) 
PARAMETRIC_REPRESENTATION_CONTEXT() REPRESENTATION_CONTEXT('2D SPACE',''
  ) );
#8564 = PCURVE('',#8565,#8570);
#8565 = PLANE('',#8566);
#8566 = AXIS2_PLACEMENT_3D('',#8567,#8568,#8569);
#8567 = CARTESIAN_POINT('',(26.5,-14.,32.2));
#8568 = DIRECTION('',(0.707106781187,0.,0.707106781187));
#8569 = DIRECTION('',(-0.,1.,0.));
#8570 = DEFINITIONAL_REPRESENTATION('',(#8571),#8575);
#8571 = LINE('',#8572,#8573);
#8572 = CARTESIAN_POINT('',(0.,-0.424264068712));
#8573 = VECTOR('',#8574,1.);
#8574 = DIRECTION('',(1.,0.));
#8575 = ( GEOMETRIC_REPRESENTATION_CONTEXT(2) 
PARAMETRIC_REPRESENTATION_CONTEXT() REPRESENTATION_CONTEXT('2D SPACE',''
  ) );
#8576 = ADVANCED_FACE('',(#8577),#7412,.T.);
#8577 = FACE_BOUND('',#8578,.F.);
#8578 = EDGE_LOOP('',(#8579,#8580,#8581,#8582,#8583,#8584,#8585,#8586,
    #8587,#8588,#8589,#8590,#8591,#8592,#8593,#8594,#8595,#8596));
#8579 = ORIENTED_EDGE('',*,*,#8234,.T.);
#8580 = ORIENTED_EDGE('',*,*,#8207,.T.);
#8581 = ORIENTED_EDGE('',*,*,#8158,.T.);
#8582 = ORIENTED_EDGE('',*,*,#8109,.T.);
#8583 = ORIENTED_EDGE('',*,*,#8060,.T.);
#8584 = ORIENTED_EDGE('',*,*,#8011,.T.);
#8585 = ORIENTED_EDGE('',*,*,#7962,.T.);
#8586 = ORIENTED_EDGE('',*,*,#7913,.T.);
#8587 = ORIENTED_EDGE('',*,*,#7864,.T.);
#8588 = ORIENTED_EDGE('',*,*,#7815,.T.);
#8589 = ORIENTED_EDGE('',*,*,#7766,.T.);
#8590 = ORIENTED_EDGE('',*,*,#7717,.T.);
#8591 = ORIENTED_EDGE('',*,*,#7668,.T.);
#8592 = ORIENTED_EDGE('',*,*,#7619,.T.);
#8593 = ORIENTED_EDGE('',*,*,#7570,.T.);
#8594 = ORIENTED_EDGE('',*,*,#7521,.T.);
#8595 = ORIENTED_EDGE('',*,*,#7472,.T.);
#8596 = ORIENTED_EDGE('',*,*,#7396,.T.);
#8597 = ADVANCED_FACE('',(#8598),#8302,.F.);
#8598 = FACE_BOUND('',#8599,.F.);
#8599 = EDGE_LOOP('',(#8600,#8601,#8602,#8603));
#8600 = ORIENTED_EDGE('',*,*,#8452,.F.);
#8601 = ORIENTED_EDGE('',*,*,#8288,.T.);
#8602 = ORIENTED_EDGE('',*,*,#8317,.T.);
#8603 = ORIENTED_EDGE('',*,*,#8604,.F.);
#8604 = EDGE_CURVE('',#8453,#8318,#8605,.T.);
#8605 = SURFACE_CURVE('',#8606,(#8610,#8617),.PCURVE_S1.);
#8606 = LINE('',#8607,#8608);
#8607 = CARTESIAN_POINT('',(-26.2,-14.,32.5));
#8608 = VECTOR('',#8609,1.);
#8609 = DIRECTION('',(0.,1.,0.));
#8610 = PCURVE('',#8302,#8611);
#8611 = DEFINITIONAL_REPRESENTATION('',(#8612),#8616);
#8612 = LINE('',#8613,#8614);
#8613 = CARTESIAN_POINT('',(0.,0.424264068712));
#8614 = VECTOR('',#8615,1.);
#8615 = DIRECTION('',(1.,0.));
#8616 = ( GEOMETRIC_REPRESENTATION_CONTEXT(2) 
PARAMETRIC_REPRESENTATION_CONTEXT() REPRESENTATION_CONTEXT('2D SPACE',''
  ) );
#8617 = PCURVE('',#8383,#8618);
#8618 = DEFINITIONAL_REPRESENTATION('',(#8619),#8623);
#8619 = LINE('',#8620,#8621);
#8620 = CARTESIAN_POINT('',(0.6,0.));
#8621 = VECTOR('',#8622,1.);
#8622 = DIRECTION('',(0.,1.));
#8623 = ( GEOMETRIC_REPRESENTATION_CONTEXT(2) 
PARAMETRIC_REPRESENTATION_CONTEXT() REPRESENTATION_CONTEXT('2D SPACE',''
  ) );
#8624 = ADVANCED_FACE('',(#8625),#8383,.T.);
#8625 = FACE_BOUND('',#8626,.T.);
#8626 = EDGE_LOOP('',(#8627,#8628,#8629,#8650));
#8627 = ORIENTED_EDGE('',*,*,#8604,.F.);
#8628 = ORIENTED_EDGE('',*,*,#8499,.T.);
#8629 = ORIENTED_EDGE('',*,*,#8630,.T.);
#8630 = EDGE_CURVE('',#8477,#8342,#8631,.T.);
#8631 = SURFACE_CURVE('',#8632,(#8636,#8643),.PCURVE_S1.);
#8632 = LINE('',#8633,#8634);
#8633 = CARTESIAN_POINT('',(-25.4,-14.,32.5));
#8634 = VECTOR('',#8635,1.);
#8635 = DIRECTION('',(0.,1.,0.));
#8636 = PCURVE('',#8383,#8637);
#8637 = DEFINITIONAL_REPRESENTATION('',(#8638),#8642);
#8638 = LINE('',#8639,#8640);
#8639 = CARTESIAN_POINT('',(1.4,0.));
#8640 = VECTOR('',#8641,1.);
#8641 = DIRECTION('',(0.,1.));
#8642 = ( GEOMETRIC_REPRESENTATION_CONTEXT(2) 
PARAMETRIC_REPRESENTATION_CONTEXT() REPRESENTATION_CONTEXT('2D SPACE',''
  ) );
#8643 = PCURVE('',#8357,#8644);
#8644 = DEFINITIONAL_REPRESENTATION('',(#8645),#8649);
#8645 = LINE('',#8646,#8647);
#8646 = CARTESIAN_POINT('',(0.,0.424264068712));
#8647 = VECTOR('',#8648,1.);
#8648 = DIRECTION('',(1.,0.));
#8649 = ( GEOMETRIC_REPRESENTATION_CONTEXT(2) 
PARAMETRIC_REPRESENTATION_CONTEXT() REPRESENTATION_CONTEXT('2D SPACE',''
  ) );
#8650 = ORIENTED_EDGE('',*,*,#8369,.F.);
#8651 = ADVANCED_FACE('',(#8652),#8357,.T.);
#8652 = FACE_BOUND('',#8653,.T.);
#8653 = EDGE_LOOP('',(#8654,#8655,#8656,#8657));
#8654 = ORIENTED_EDGE('',*,*,#8476,.F.);
#8655 = ORIENTED_EDGE('',*,*,#8421,.T.);
#8656 = ORIENTED_EDGE('',*,*,#8341,.T.);
#8657 = ORIENTED_EDGE('',*,*,#8630,.F.);
#8658 = ADVANCED_FACE('',(#8659),#7081,.F.);
#8659 = FACE_BOUND('',#8660,.F.);
#8660 = EDGE_LOOP('',(#8661,#8662,#8683,#8684));
#8661 = ORIENTED_EDGE('',*,*,#7065,.F.);
#8662 = ORIENTED_EDGE('',*,*,#8663,.F.);
#8663 = EDGE_CURVE('',#7274,#7066,#8664,.T.);
#8664 = SURFACE_CURVE('',#8665,(#8669,#8676),.PCURVE_S1.);
#8665 = LINE('',#8666,#8667);
#8666 = CARTESIAN_POINT('',(24.8,-14.,27.5));
#8667 = VECTOR('',#8668,1.);
#8668 = DIRECTION('',(0.,1.,0.));
#8669 = PCURVE('',#7081,#8670);
#8670 = DEFINITIONAL_REPRESENTATION('',(#8671),#8675);
#8671 = LINE('',#8672,#8673);
#8672 = CARTESIAN_POINT('',(0.,0.));
#8673 = VECTOR('',#8674,1.);
#8674 = DIRECTION('',(0.,1.));
#8675 = ( GEOMETRIC_REPRESENTATION_CONTEXT(2) 
PARAMETRIC_REPRESENTATION_CONTEXT() REPRESENTATION_CONTEXT('2D SPACE',''
  ) );
#8676 = PCURVE('',#7109,#8677);
#8677 = DEFINITIONAL_REPRESENTATION('',(#8678),#8682);
#8678 = LINE('',#8679,#8680);
#8679 = CARTESIAN_POINT('',(0.,0.));
#8680 = VECTOR('',#8681,1.);
#8681 = DIRECTION('',(0.,-1.));
#8682 = ( GEOMETRIC_REPRESENTATION_CONTEXT(2) 
PARAMETRIC_REPRESENTATION_CONTEXT() REPRESENTATION_CONTEXT('2D SPACE',''
  ) );
#8683 = ORIENTED_EDGE('',*,*,#7273,.T.);
#8684 = ORIENTED_EDGE('',*,*,#8526,.T.);
#8685 = ADVANCED_FACE('',(#8686),#8565,.T.);
#8686 = FACE_BOUND('',#8687,.T.);
#8687 = EDGE_LOOP('',(#8688,#8711,#8712,#8735));
#8688 = ORIENTED_EDGE('',*,*,#8689,.F.);
#8689 = EDGE_CURVE('',#7320,#8690,#8692,.T.);
#8690 = VERTEX_POINT('',#8691);
#8691 = CARTESIAN_POINT('',(26.2,-13.4,32.5));
#8692 = SURFACE_CURVE('',#8693,(#8697,#8704),.PCURVE_S1.);
#8693 = LINE('',#8694,#8695);
#8694 = CARTESIAN_POINT('',(26.266666666667,-13.46666666666,
    32.433333333333));
#8695 = VECTOR('',#8696,1.);
#8696 = DIRECTION('',(-0.57735026919,0.57735026919,0.57735026919));
#8697 = PCURVE('',#8565,#8698);
#8698 = DEFINITIONAL_REPRESENTATION('',(#8699),#8703);
#8699 = LINE('',#8700,#8701);
#8700 = CARTESIAN_POINT('',(0.533333333333,0.329983164554));
#8701 = VECTOR('',#8702,1.);
#8702 = DIRECTION('',(0.57735026919,0.816496580928));
#8703 = ( GEOMETRIC_REPRESENTATION_CONTEXT(2) 
PARAMETRIC_REPRESENTATION_CONTEXT() REPRESENTATION_CONTEXT('2D SPACE',''
  ) );
#8704 = PCURVE('',#7335,#8705);
#8705 = DEFINITIONAL_REPRESENTATION('',(#8706),#8710);
#8706 = LINE('',#8707,#8708);
#8707 = CARTESIAN_POINT('',(-1.466666666667,0.329983164554));
#8708 = VECTOR('',#8709,1.);
#8709 = DIRECTION('',(0.57735026919,0.816496580928));
#8710 = ( GEOMETRIC_REPRESENTATION_CONTEXT(2) 
PARAMETRIC_REPRESENTATION_CONTEXT() REPRESENTATION_CONTEXT('2D SPACE',''
  ) );
#8711 = ORIENTED_EDGE('',*,*,#8551,.T.);
#8712 = ORIENTED_EDGE('',*,*,#8713,.T.);
#8713 = EDGE_CURVE('',#7122,#8714,#8716,.T.);
#8714 = VERTEX_POINT('',#8715);
#8715 = CARTESIAN_POINT('',(26.2,-2.6,32.5));
#8716 = SURFACE_CURVE('',#8717,(#8721,#8728),.PCURVE_S1.);
#8717 = LINE('',#8718,#8719);
#8718 = CARTESIAN_POINT('',(24.266666666667,-4.533333333333,
    34.433333333333));
#8719 = VECTOR('',#8720,1.);
#8720 = DIRECTION('',(-0.57735026919,-0.57735026919,0.57735026919));
#8721 = PCURVE('',#8565,#8722);
#8722 = DEFINITIONAL_REPRESENTATION('',(#8723),#8727);
#8723 = LINE('',#8724,#8725);
#8724 = CARTESIAN_POINT('',(9.466666666667,3.1584102893));
#8725 = VECTOR('',#8726,1.);
#8726 = DIRECTION('',(-0.57735026919,0.816496580928));
#8727 = ( GEOMETRIC_REPRESENTATION_CONTEXT(2) 
PARAMETRIC_REPRESENTATION_CONTEXT() REPRESENTATION_CONTEXT('2D SPACE',''
  ) );
#8728 = PCURVE('',#7137,#8729);
#8729 = DEFINITIONAL_REPRESENTATION('',(#8730),#8734);
#8730 = LINE('',#8731,#8732);
#8731 = CARTESIAN_POINT('',(0.533333333333,3.1584102893));
#8732 = VECTOR('',#8733,1.);
#8733 = DIRECTION('',(0.57735026919,0.816496580928));
#8734 = ( GEOMETRIC_REPRESENTATION_CONTEXT(2) 
PARAMETRIC_REPRESENTATION_CONTEXT() REPRESENTATION_CONTEXT('2D SPACE',''
  ) );
#8735 = ORIENTED_EDGE('',*,*,#8736,.F.);
#8736 = EDGE_CURVE('',#8690,#8714,#8737,.T.);
#8737 = SURFACE_CURVE('',#8738,(#8742,#8749),.PCURVE_S1.);
#8738 = LINE('',#8739,#8740);
#8739 = CARTESIAN_POINT('',(26.2,-14.,32.5));
#8740 = VECTOR('',#8741,1.);
#8741 = DIRECTION('',(0.,1.,0.));
#8742 = PCURVE('',#8565,#8743);
#8743 = DEFINITIONAL_REPRESENTATION('',(#8744),#8748);
#8744 = LINE('',#8745,#8746);
#8745 = CARTESIAN_POINT('',(0.,0.424264068712));
#8746 = VECTOR('',#8747,1.);
#8747 = DIRECTION('',(1.,0.));
#8748 = ( GEOMETRIC_REPRESENTATION_CONTEXT(2) 
PARAMETRIC_REPRESENTATION_CONTEXT() REPRESENTATION_CONTEXT('2D SPACE',''
  ) );
#8749 = PCURVE('',#8750,#8755);
#8750 = PLANE('',#8751);
#8751 = AXIS2_PLACEMENT_3D('',#8752,#8753,#8754);
#8752 = CARTESIAN_POINT('',(24.8,-14.,32.5));
#8753 = DIRECTION('',(0.,0.,1.));
#8754 = DIRECTION('',(1.,0.,0.));
#8755 = DEFINITIONAL_REPRESENTATION('',(#8756),#8760);
#8756 = LINE('',#8757,#8758);
#8757 = CARTESIAN_POINT('',(1.4,0.));
#8758 = VECTOR('',#8759,1.);
#8759 = DIRECTION('',(0.,1.));
#8760 = ( GEOMETRIC_REPRESENTATION_CONTEXT(2) 
PARAMETRIC_REPRESENTATION_CONTEXT() REPRESENTATION_CONTEXT('2D SPACE',''
  ) );
#8761 = ADVANCED_FACE('',(#8762),#7109,.F.);
#8762 = FACE_BOUND('',#8763,.F.);
#8763 = EDGE_LOOP('',(#8764,#8765,#8766,#8767));
#8764 = ORIENTED_EDGE('',*,*,#7296,.F.);
#8765 = ORIENTED_EDGE('',*,*,#8663,.T.);
#8766 = ORIENTED_EDGE('',*,*,#7093,.T.);
#8767 = ORIENTED_EDGE('',*,*,#8768,.F.);
#8768 = EDGE_CURVE('',#7297,#7094,#8769,.T.);
#8769 = SURFACE_CURVE('',#8770,(#8774,#8781),.PCURVE_S1.);
#8770 = LINE('',#8771,#8772);
#8771 = CARTESIAN_POINT('',(24.8,-14.,31.9));
#8772 = VECTOR('',#8773,1.);
#8773 = DIRECTION('',(0.,1.,0.));
#8774 = PCURVE('',#7109,#8775);
#8775 = DEFINITIONAL_REPRESENTATION('',(#8776),#8780);
#8776 = LINE('',#8777,#8778);
#8777 = CARTESIAN_POINT('',(4.4,0.));
#8778 = VECTOR('',#8779,1.);
#8779 = DIRECTION('',(0.,-1.));
#8780 = ( GEOMETRIC_REPRESENTATION_CONTEXT(2) 
PARAMETRIC_REPRESENTATION_CONTEXT() REPRESENTATION_CONTEXT('2D SPACE',''
  ) );
#8781 = PCURVE('',#8782,#8787);
#8782 = PLANE('',#8783);
#8783 = AXIS2_PLACEMENT_3D('',#8784,#8785,#8786);
#8784 = CARTESIAN_POINT('',(25.1,-14.,32.2));
#8785 = DIRECTION('',(0.707106781187,0.,-0.707106781187));
#8786 = DIRECTION('',(0.,1.,0.));
#8787 = DEFINITIONAL_REPRESENTATION('',(#8788),#8792);
#8788 = LINE('',#8789,#8790);
#8789 = CARTESIAN_POINT('',(0.,-0.424264068712));
#8790 = VECTOR('',#8791,1.);
#8791 = DIRECTION('',(1.,0.));
#8792 = ( GEOMETRIC_REPRESENTATION_CONTEXT(2) 
PARAMETRIC_REPRESENTATION_CONTEXT() REPRESENTATION_CONTEXT('2D SPACE',''
  ) );
#8793 = ADVANCED_FACE('',(#8794),#7137,.T.);
#8794 = FACE_BOUND('',#8795,.F.);
#8795 = EDGE_LOOP('',(#8796,#8819,#8820,#8821));
#8796 = ORIENTED_EDGE('',*,*,#8797,.F.);
#8797 = EDGE_CURVE('',#7094,#8798,#8800,.T.);
#8798 = VERTEX_POINT('',#8799);
#8799 = CARTESIAN_POINT('',(25.4,-2.6,32.5));
#8800 = SURFACE_CURVE('',#8801,(#8805,#8812),.PCURVE_S1.);
#8801 = LINE('',#8802,#8803);
#8802 = CARTESIAN_POINT('',(27.,-4.2,34.1));
#8803 = VECTOR('',#8804,1.);
#8804 = DIRECTION('',(0.57735026919,-0.57735026919,0.57735026919));
#8805 = PCURVE('',#7137,#8806);
#8806 = DEFINITIONAL_REPRESENTATION('',(#8807),#8811);
#8807 = LINE('',#8808,#8809);
#8808 = CARTESIAN_POINT('',(-2.2,2.687005768509));
#8809 = VECTOR('',#8810,1.);
#8810 = DIRECTION('',(-0.57735026919,0.816496580928));
#8811 = ( GEOMETRIC_REPRESENTATION_CONTEXT(2) 
PARAMETRIC_REPRESENTATION_CONTEXT() REPRESENTATION_CONTEXT('2D SPACE',''
  ) );
#8812 = PCURVE('',#8782,#8813);
#8813 = DEFINITIONAL_REPRESENTATION('',(#8814),#8818);
#8814 = LINE('',#8815,#8816);
#8815 = CARTESIAN_POINT('',(9.8,2.687005768509));
#8816 = VECTOR('',#8817,1.);
#8817 = DIRECTION('',(-0.57735026919,0.816496580928));
#8818 = ( GEOMETRIC_REPRESENTATION_CONTEXT(2) 
PARAMETRIC_REPRESENTATION_CONTEXT() REPRESENTATION_CONTEXT('2D SPACE',''
  ) );
#8819 = ORIENTED_EDGE('',*,*,#7121,.T.);
#8820 = ORIENTED_EDGE('',*,*,#8713,.T.);
#8821 = ORIENTED_EDGE('',*,*,#8822,.F.);
#8822 = EDGE_CURVE('',#8798,#8714,#8823,.T.);
#8823 = SURFACE_CURVE('',#8824,(#8828,#8835),.PCURVE_S1.);
#8824 = LINE('',#8825,#8826);
#8825 = CARTESIAN_POINT('',(24.8,-2.6,32.5));
#8826 = VECTOR('',#8827,1.);
#8827 = DIRECTION('',(1.,0.,0.));
#8828 = PCURVE('',#7137,#8829);
#8829 = DEFINITIONAL_REPRESENTATION('',(#8830),#8834);
#8830 = LINE('',#8831,#8832);
#8831 = CARTESIAN_POINT('',(-0.,0.424264068712));
#8832 = VECTOR('',#8833,1.);
#8833 = DIRECTION('',(-1.,0.));
#8834 = ( GEOMETRIC_REPRESENTATION_CONTEXT(2) 
PARAMETRIC_REPRESENTATION_CONTEXT() REPRESENTATION_CONTEXT('2D SPACE',''
  ) );
#8835 = PCURVE('',#8750,#8836);
#8836 = DEFINITIONAL_REPRESENTATION('',(#8837),#8841);
#8837 = LINE('',#8838,#8839);
#8838 = CARTESIAN_POINT('',(0.,11.4));
#8839 = VECTOR('',#8840,1.);
#8840 = DIRECTION('',(1.,0.));
#8841 = ( GEOMETRIC_REPRESENTATION_CONTEXT(2) 
PARAMETRIC_REPRESENTATION_CONTEXT() REPRESENTATION_CONTEXT('2D SPACE',''
  ) );
#8842 = ADVANCED_FACE('',(#8843),#7335,.F.);
#8843 = FACE_BOUND('',#8844,.T.);
#8844 = EDGE_LOOP('',(#8845,#8868,#8869,#8870));
#8845 = ORIENTED_EDGE('',*,*,#8846,.F.);
#8846 = EDGE_CURVE('',#7297,#8847,#8849,.T.);
#8847 = VERTEX_POINT('',#8848);
#8848 = CARTESIAN_POINT('',(25.4,-13.4,32.5));
#8849 = SURFACE_CURVE('',#8850,(#8854,#8861),.PCURVE_S1.);
#8850 = LINE('',#8851,#8852);
#8851 = CARTESIAN_POINT('',(25.,-13.8,32.1));
#8852 = VECTOR('',#8853,1.);
#8853 = DIRECTION('',(0.57735026919,0.57735026919,0.57735026919));
#8854 = PCURVE('',#7335,#8855);
#8855 = DEFINITIONAL_REPRESENTATION('',(#8856),#8860);
#8856 = LINE('',#8857,#8858);
#8857 = CARTESIAN_POINT('',(-0.2,-0.141421356237));
#8858 = VECTOR('',#8859,1.);
#8859 = DIRECTION('',(-0.57735026919,0.816496580928));
#8860 = ( GEOMETRIC_REPRESENTATION_CONTEXT(2) 
PARAMETRIC_REPRESENTATION_CONTEXT() REPRESENTATION_CONTEXT('2D SPACE',''
  ) );
#8861 = PCURVE('',#8782,#8862);
#8862 = DEFINITIONAL_REPRESENTATION('',(#8863),#8867);
#8863 = LINE('',#8864,#8865);
#8864 = CARTESIAN_POINT('',(0.2,-0.141421356237));
#8865 = VECTOR('',#8866,1.);
#8866 = DIRECTION('',(0.57735026919,0.816496580928));
#8867 = ( GEOMETRIC_REPRESENTATION_CONTEXT(2) 
PARAMETRIC_REPRESENTATION_CONTEXT() REPRESENTATION_CONTEXT('2D SPACE',''
  ) );
#8868 = ORIENTED_EDGE('',*,*,#7319,.T.);
#8869 = ORIENTED_EDGE('',*,*,#8689,.T.);
#8870 = ORIENTED_EDGE('',*,*,#8871,.F.);
#8871 = EDGE_CURVE('',#8847,#8690,#8872,.T.);
#8872 = SURFACE_CURVE('',#8873,(#8877,#8884),.PCURVE_S1.);
#8873 = LINE('',#8874,#8875);
#8874 = CARTESIAN_POINT('',(24.8,-13.4,32.5));
#8875 = VECTOR('',#8876,1.);
#8876 = DIRECTION('',(1.,0.,0.));
#8877 = PCURVE('',#7335,#8878);
#8878 = DEFINITIONAL_REPRESENTATION('',(#8879),#8883);
#8879 = LINE('',#8880,#8881);
#8880 = CARTESIAN_POINT('',(-0.,0.424264068712));
#8881 = VECTOR('',#8882,1.);
#8882 = DIRECTION('',(-1.,0.));
#8883 = ( GEOMETRIC_REPRESENTATION_CONTEXT(2) 
PARAMETRIC_REPRESENTATION_CONTEXT() REPRESENTATION_CONTEXT('2D SPACE',''
  ) );
#8884 = PCURVE('',#8750,#8885);
#8885 = DEFINITIONAL_REPRESENTATION('',(#8886),#8890);
#8886 = LINE('',#8887,#8888);
#8887 = CARTESIAN_POINT('',(0.,0.6));
#8888 = VECTOR('',#8889,1.);
#8889 = DIRECTION('',(1.,0.));
#8890 = ( GEOMETRIC_REPRESENTATION_CONTEXT(2) 
PARAMETRIC_REPRESENTATION_CONTEXT() REPRESENTATION_CONTEXT('2D SPACE',''
  ) );
#8891 = ADVANCED_FACE('',(#8892),#8750,.T.);
#8892 = FACE_BOUND('',#8893,.T.);
#8893 = EDGE_LOOP('',(#8894,#8915,#8916,#8917));
#8894 = ORIENTED_EDGE('',*,*,#8895,.F.);
#8895 = EDGE_CURVE('',#8847,#8798,#8896,.T.);
#8896 = SURFACE_CURVE('',#8897,(#8901,#8908),.PCURVE_S1.);
#8897 = LINE('',#8898,#8899);
#8898 = CARTESIAN_POINT('',(25.4,-14.,32.5));
#8899 = VECTOR('',#8900,1.);
#8900 = DIRECTION('',(0.,1.,0.));
#8901 = PCURVE('',#8750,#8902);
#8902 = DEFINITIONAL_REPRESENTATION('',(#8903),#8907);
#8903 = LINE('',#8904,#8905);
#8904 = CARTESIAN_POINT('',(0.6,0.));
#8905 = VECTOR('',#8906,1.);
#8906 = DIRECTION('',(0.,1.));
#8907 = ( GEOMETRIC_REPRESENTATION_CONTEXT(2) 
PARAMETRIC_REPRESENTATION_CONTEXT() REPRESENTATION_CONTEXT('2D SPACE',''
  ) );
#8908 = PCURVE('',#8782,#8909);
#8909 = DEFINITIONAL_REPRESENTATION('',(#8910),#8914);
#8910 = LINE('',#8911,#8912);
#8911 = CARTESIAN_POINT('',(0.,0.424264068712));
#8912 = VECTOR('',#8913,1.);
#8913 = DIRECTION('',(1.,0.));
#8914 = ( GEOMETRIC_REPRESENTATION_CONTEXT(2) 
PARAMETRIC_REPRESENTATION_CONTEXT() REPRESENTATION_CONTEXT('2D SPACE',''
  ) );
#8915 = ORIENTED_EDGE('',*,*,#8871,.T.);
#8916 = ORIENTED_EDGE('',*,*,#8736,.T.);
#8917 = ORIENTED_EDGE('',*,*,#8822,.F.);
#8918 = ADVANCED_FACE('',(#8919),#8782,.F.);
#8919 = FACE_BOUND('',#8920,.F.);
#8920 = EDGE_LOOP('',(#8921,#8922,#8923,#8924));
#8921 = ORIENTED_EDGE('',*,*,#8846,.F.);
#8922 = ORIENTED_EDGE('',*,*,#8768,.T.);
#8923 = ORIENTED_EDGE('',*,*,#8797,.T.);
#8924 = ORIENTED_EDGE('',*,*,#8895,.F.);
#8925 = ( GEOMETRIC_REPRESENTATION_CONTEXT(3) 
GLOBAL_UNCERTAINTY_ASSIGNED_CONTEXT((#8929)) 
GLOBAL_UNIT_ASSIGNED_CONTEXT((#8926,#8927,#8928)) REPRESENTATION_CONTEXT
('Context #1','3D Context with UNIT and UNCERTAINTY') );
#8926 = ( LENGTH_UNIT() NAMED_UNIT(*) SI_UNIT(.MILLI.,.METRE.) );
#8927 = ( NAMED_UNIT(*) PLANE_ANGLE_UNIT() SI_UNIT($,.RADIAN.) );
#8928 = ( NAMED_UNIT(*) SI_UNIT($,.STERADIAN.) SOLID_ANGLE_UNIT() );
#8929 = UNCERTAINTY_MEASURE_WITH_UNIT(LENGTH_MEASURE(5.E-06),#8926,
  'distance_accuracy_value','confusion accuracy');
#8930 = CONTEXT_DEPENDENT_SHAPE_REPRESENTATION(#8931,#8933);
#8931 = ( REPRESENTATION_RELATIONSHIP('','',#36,#10) 
REPRESENTATION_RELATIONSHIP_WITH_TRANSFORMATION(#8932) 
SHAPE_REPRESENTATION_RELATIONSHIP() );
#8932 = ITEM_DEFINED_TRANSFORMATION('','',#11,#15);
#8933 = PRODUCT_DEFINITION_SHAPE('Placement','Placement of an item',
  #8934);
#8934 = NEXT_ASSEMBLY_USAGE_OCCURRENCE('23','','',#5,#31,$);
#8935 = PRODUCT_RELATED_PRODUCT_CATEGORY('part',$,(#33));
#8936 = SHAPE_DEFINITION_REPRESENTATION(#8937,#8943);
#8937 = PRODUCT_DEFINITION_SHAPE('','',#8938);
#8938 = PRODUCT_DEFINITION('design','',#8939,#8942);
#8939 = PRODUCT_DEFINITION_FORMATION('','',#8940);
#8940 = PRODUCT('Open CASCADE STEP translator 7.9 12.2',
  'Open CASCADE STEP translator 7.9 12.2','',(#8941));
#8941 = PRODUCT_CONTEXT('',#2,'mechanical');
#8942 = PRODUCT_DEFINITION_CONTEXT('part definition',#2,'design');
#8943 = ADVANCED_BREP_SHAPE_REPRESENTATION('',(#11,#8944),#15686);
#8944 = MANIFOLD_SOLID_BREP('',#8945);
#8945 = CLOSED_SHELL('',(#8946,#9066,#9154,#9235,#9316,#9394,#9449,#9508
    ,#9796,#9851,#10409,#10585,#10612,#10900,#10925,#10952,#11030,#11075
    ,#11242,#11291,#11443,#11468,#11635,#11684,#11818,#11845,#11872,
    #11899,#11926,#11975,#12003,#12080,#12134,#12189,#12243,#12298,
    #12352,#12407,#12439,#12466,#12493,#12543,#12570,#12597,#12892,
    #13001,#13155,#13182,#13462,#13511,#13665,#13747,#13754,#13781,
    #13806,#13813,#13868,#13923,#13950,#13975,#13982,#14037,#14092,
    #14169,#14218,#14272,#14321,#14371,#14420,#14474,#14501,#14551,
    #14577,#14718,#14852,#15178,#15205,#15237,#15243,#15271,#15345,
    #15377,#15383,#15411,#15417,#15444,#15476,#15482,#15489,#15521,
    #15527,#15531,#15535,#15539,#15543,#15554,#15603,#15652,#15679));
#8946 = ADVANCED_FACE('',(#8947),#8961,.F.);
#8947 = FACE_BOUND('',#8948,.F.);
#8948 = EDGE_LOOP('',(#8949,#8984,#9012,#9040));
#8949 = ORIENTED_EDGE('',*,*,#8950,.F.);
#8950 = EDGE_CURVE('',#8951,#8953,#8955,.T.);
#8951 = VERTEX_POINT('',#8952);
#8952 = CARTESIAN_POINT('',(-30.,41.439191898579,0.8));
#8953 = VERTEX_POINT('',#8954);
#8954 = CARTESIAN_POINT('',(-30.,41.439191898579,29.7));
#8955 = SURFACE_CURVE('',#8956,(#8960,#8972),.PCURVE_S1.);
#8956 = LINE('',#8957,#8958);
#8957 = CARTESIAN_POINT('',(-30.,41.439191898579,0.));
#8958 = VECTOR('',#8959,1.);
#8959 = DIRECTION('',(0.,0.,1.));
#8960 = PCURVE('',#8961,#8966);
#8961 = PLANE('',#8962);
#8962 = AXIS2_PLACEMENT_3D('',#8963,#8964,#8965);
#8963 = CARTESIAN_POINT('',(-30.,37.439191898579,0.));
#8964 = DIRECTION('',(1.,0.,0.));
#8965 = DIRECTION('',(0.,0.,1.));
#8966 = DEFINITIONAL_REPRESENTATION('',(#8967),#8971);
#8967 = LINE('',#8968,#8969);
#8968 = CARTESIAN_POINT('',(0.,-4.));
#8969 = VECTOR('',#8970,1.);
#8970 = DIRECTION('',(1.,0.));
#8971 = ( GEOMETRIC_REPRESENTATION_CONTEXT(2) 
PARAMETRIC_REPRESENTATION_CONTEXT() REPRESENTATION_CONTEXT('2D SPACE',''
  ) );
#8972 = PCURVE('',#8973,#8978);
#8973 = CYLINDRICAL_SURFACE('',#8974,4.);
#8974 = AXIS2_PLACEMENT_3D('',#8975,#8976,#8977);
#8975 = CARTESIAN_POINT('',(-26.,41.439191898579,0.));
#8976 = DIRECTION('',(0.,0.,1.));
#8977 = DIRECTION('',(-1.,-0.,0.));
#8978 = DEFINITIONAL_REPRESENTATION('',(#8979),#8983);
#8979 = LINE('',#8980,#8981);
#8980 = CARTESIAN_POINT('',(0.,0.));
#8981 = VECTOR('',#8982,1.);
#8982 = DIRECTION('',(0.,1.));
#8983 = ( GEOMETRIC_REPRESENTATION_CONTEXT(2) 
PARAMETRIC_REPRESENTATION_CONTEXT() REPRESENTATION_CONTEXT('2D SPACE',''
  ) );
#8984 = ORIENTED_EDGE('',*,*,#8985,.T.);
#8985 = EDGE_CURVE('',#8951,#8986,#8988,.T.);
#8986 = VERTEX_POINT('',#8987);
#8987 = CARTESIAN_POINT('',(-30.,73.439191898579,0.8));
#8988 = SURFACE_CURVE('',#8989,(#8993,#9000),.PCURVE_S1.);
#8989 = LINE('',#8990,#8991);
#8990 = CARTESIAN_POINT('',(-30.,41.439191898579,0.8));
#8991 = VECTOR('',#8992,1.);
#8992 = DIRECTION('',(0.,1.,0.));
#8993 = PCURVE('',#8961,#8994);
#8994 = DEFINITIONAL_REPRESENTATION('',(#8995),#8999);
#8995 = LINE('',#8996,#8997);
#8996 = CARTESIAN_POINT('',(0.8,-4.));
#8997 = VECTOR('',#8998,1.);
#8998 = DIRECTION('',(0.,-1.));
#8999 = ( GEOMETRIC_REPRESENTATION_CONTEXT(2) 
PARAMETRIC_REPRESENTATION_CONTEXT() REPRESENTATION_CONTEXT('2D SPACE',''
  ) );
#9000 = PCURVE('',#9001,#9006);
#9001 = PLANE('',#9002);
#9002 = AXIS2_PLACEMENT_3D('',#9003,#9004,#9005);
#9003 = CARTESIAN_POINT('',(-29.6,41.439191898579,0.4));
#9004 = DIRECTION('',(-0.707106781187,6.983161618628E-18,-0.707106781187
    ));
#9005 = DIRECTION('',(4.937840934654E-18,1.,4.937840934654E-18));
#9006 = DEFINITIONAL_REPRESENTATION('',(#9007),#9011);
#9007 = LINE('',#9008,#9009);
#9008 = CARTESIAN_POINT('',(4.237045877652E-33,-0.565685424949));
#9009 = VECTOR('',#9010,1.);
#9010 = DIRECTION('',(1.,0.));
#9011 = ( GEOMETRIC_REPRESENTATION_CONTEXT(2) 
PARAMETRIC_REPRESENTATION_CONTEXT() REPRESENTATION_CONTEXT('2D SPACE',''
  ) );
#9012 = ORIENTED_EDGE('',*,*,#9013,.T.);
#9013 = EDGE_CURVE('',#8986,#9014,#9016,.T.);
#9014 = VERTEX_POINT('',#9015);
#9015 = CARTESIAN_POINT('',(-30.,73.439191898579,29.7));
#9016 = SURFACE_CURVE('',#9017,(#9021,#9028),.PCURVE_S1.);
#9017 = LINE('',#9018,#9019);
#9018 = CARTESIAN_POINT('',(-30.,73.439191898579,0.));
#9019 = VECTOR('',#9020,1.);
#9020 = DIRECTION('',(0.,0.,1.));
#9021 = PCURVE('',#8961,#9022);
#9022 = DEFINITIONAL_REPRESENTATION('',(#9023),#9027);
#9023 = LINE('',#9024,#9025);
#9024 = CARTESIAN_POINT('',(0.,-36.));
#9025 = VECTOR('',#9026,1.);
#9026 = DIRECTION('',(1.,0.));
#9027 = ( GEOMETRIC_REPRESENTATION_CONTEXT(2) 
PARAMETRIC_REPRESENTATION_CONTEXT() REPRESENTATION_CONTEXT('2D SPACE',''
  ) );
#9028 = PCURVE('',#9029,#9034);
#9029 = CYLINDRICAL_SURFACE('',#9030,4.);
#9030 = AXIS2_PLACEMENT_3D('',#9031,#9032,#9033);
#9031 = CARTESIAN_POINT('',(-26.,73.439191898579,0.));
#9032 = DIRECTION('',(0.,0.,1.));
#9033 = DIRECTION('',(-1.,-0.,0.));
#9034 = DEFINITIONAL_REPRESENTATION('',(#9035),#9039);
#9035 = LINE('',#9036,#9037);
#9036 = CARTESIAN_POINT('',(-0.,0.));
#9037 = VECTOR('',#9038,1.);
#9038 = DIRECTION('',(-0.,1.));
#9039 = ( GEOMETRIC_REPRESENTATION_CONTEXT(2) 
PARAMETRIC_REPRESENTATION_CONTEXT() REPRESENTATION_CONTEXT('2D SPACE',''
  ) );
#9040 = ORIENTED_EDGE('',*,*,#9041,.T.);
#9041 = EDGE_CURVE('',#9014,#8953,#9042,.T.);
#9042 = SURFACE_CURVE('',#9043,(#9047,#9054),.PCURVE_S1.);
#9043 = LINE('',#9044,#9045);
#9044 = CARTESIAN_POINT('',(-30.,73.439191898579,29.7));
#9045 = VECTOR('',#9046,1.);
#9046 = DIRECTION('',(-0.,-1.,-0.));
#9047 = PCURVE('',#8961,#9048);
#9048 = DEFINITIONAL_REPRESENTATION('',(#9049),#9053);
#9049 = LINE('',#9050,#9051);
#9050 = CARTESIAN_POINT('',(29.7,-36.));
#9051 = VECTOR('',#9052,1.);
#9052 = DIRECTION('',(0.,1.));
#9053 = ( GEOMETRIC_REPRESENTATION_CONTEXT(2) 
PARAMETRIC_REPRESENTATION_CONTEXT() REPRESENTATION_CONTEXT('2D SPACE',''
  ) );
#9054 = PCURVE('',#9055,#9060);
#9055 = PLANE('',#9056);
#9056 = AXIS2_PLACEMENT_3D('',#9057,#9058,#9059);
#9057 = CARTESIAN_POINT('',(-29.85,73.439191898579,29.85));
#9058 = DIRECTION('',(0.707106781187,0.,-0.707106781187));
#9059 = DIRECTION('',(-0.,1.,0.));
#9060 = DEFINITIONAL_REPRESENTATION('',(#9061),#9065);
#9061 = LINE('',#9062,#9063);
#9062 = CARTESIAN_POINT('',(-0.,-0.212132034356));
#9063 = VECTOR('',#9064,1.);
#9064 = DIRECTION('',(-1.,0.));
#9065 = ( GEOMETRIC_REPRESENTATION_CONTEXT(2) 
PARAMETRIC_REPRESENTATION_CONTEXT() REPRESENTATION_CONTEXT('2D SPACE',''
  ) );
#9066 = ADVANCED_FACE('',(#9067),#8973,.T.);
#9067 = FACE_BOUND('',#9068,.T.);
#9068 = EDGE_LOOP('',(#9069,#9070,#9099,#9127));
#9069 = ORIENTED_EDGE('',*,*,#8950,.F.);
#9070 = ORIENTED_EDGE('',*,*,#9071,.F.);
#9071 = EDGE_CURVE('',#9072,#8951,#9074,.T.);
#9072 = VERTEX_POINT('',#9073);
#9073 = CARTESIAN_POINT('',(-26.,37.439191898579,0.8));
#9074 = SURFACE_CURVE('',#9075,(#9080,#9087),.PCURVE_S1.);
#9075 = CIRCLE('',#9076,4.);
#9076 = AXIS2_PLACEMENT_3D('',#9077,#9078,#9079);
#9077 = CARTESIAN_POINT('',(-26.,41.439191898579,0.8));
#9078 = DIRECTION('',(-0.,-0.,-1.));
#9079 = DIRECTION('',(0.,-1.,0.));
#9080 = PCURVE('',#8973,#9081);
#9081 = DEFINITIONAL_REPRESENTATION('',(#9082),#9086);
#9082 = LINE('',#9083,#9084);
#9083 = CARTESIAN_POINT('',(1.570796326795,0.8));
#9084 = VECTOR('',#9085,1.);
#9085 = DIRECTION('',(-1.,-0.));
#9086 = ( GEOMETRIC_REPRESENTATION_CONTEXT(2) 
PARAMETRIC_REPRESENTATION_CONTEXT() REPRESENTATION_CONTEXT('2D SPACE',''
  ) );
#9087 = PCURVE('',#9088,#9093);
#9088 = CONICAL_SURFACE('',#9089,4.,0.785398163397);
#9089 = AXIS2_PLACEMENT_3D('',#9090,#9091,#9092);
#9090 = CARTESIAN_POINT('',(-26.,41.439191898579,0.8));
#9091 = DIRECTION('',(0.,0.,1.));
#9092 = DIRECTION('',(0.,-1.,0.));
#9093 = DEFINITIONAL_REPRESENTATION('',(#9094),#9098);
#9094 = LINE('',#9095,#9096);
#9095 = CARTESIAN_POINT('',(-0.,-0.));
#9096 = VECTOR('',#9097,1.);
#9097 = DIRECTION('',(-1.,-0.));
#9098 = ( GEOMETRIC_REPRESENTATION_CONTEXT(2) 
PARAMETRIC_REPRESENTATION_CONTEXT() REPRESENTATION_CONTEXT('2D SPACE',''
  ) );
#9099 = ORIENTED_EDGE('',*,*,#9100,.T.);
#9100 = EDGE_CURVE('',#9072,#9101,#9103,.T.);
#9101 = VERTEX_POINT('',#9102);
#9102 = CARTESIAN_POINT('',(-26.,37.439191898579,29.7));
#9103 = SURFACE_CURVE('',#9104,(#9108,#9115),.PCURVE_S1.);
#9104 = LINE('',#9105,#9106);
#9105 = CARTESIAN_POINT('',(-26.,37.439191898579,0.));
#9106 = VECTOR('',#9107,1.);
#9107 = DIRECTION('',(0.,0.,1.));
#9108 = PCURVE('',#8973,#9109);
#9109 = DEFINITIONAL_REPRESENTATION('',(#9110),#9114);
#9110 = LINE('',#9111,#9112);
#9111 = CARTESIAN_POINT('',(1.570796326795,0.));
#9112 = VECTOR('',#9113,1.);
#9113 = DIRECTION('',(0.,1.));
#9114 = ( GEOMETRIC_REPRESENTATION_CONTEXT(2) 
PARAMETRIC_REPRESENTATION_CONTEXT() REPRESENTATION_CONTEXT('2D SPACE',''
  ) );
#9115 = PCURVE('',#9116,#9121);
#9116 = PLANE('',#9117);
#9117 = AXIS2_PLACEMENT_3D('',#9118,#9119,#9120);
#9118 = CARTESIAN_POINT('',(-30.,37.439191898579,0.));
#9119 = DIRECTION('',(0.,1.,0.));
#9120 = DIRECTION('',(0.,0.,1.));
#9121 = DEFINITIONAL_REPRESENTATION('',(#9122),#9126);
#9122 = LINE('',#9123,#9124);
#9123 = CARTESIAN_POINT('',(0.,4.));
#9124 = VECTOR('',#9125,1.);
#9125 = DIRECTION('',(1.,0.));
#9126 = ( GEOMETRIC_REPRESENTATION_CONTEXT(2) 
PARAMETRIC_REPRESENTATION_CONTEXT() REPRESENTATION_CONTEXT('2D SPACE',''
  ) );
#9127 = ORIENTED_EDGE('',*,*,#9128,.F.);
#9128 = EDGE_CURVE('',#8953,#9101,#9129,.T.);
#9129 = SURFACE_CURVE('',#9130,(#9135,#9142),.PCURVE_S1.);
#9130 = CIRCLE('',#9131,4.);
#9131 = AXIS2_PLACEMENT_3D('',#9132,#9133,#9134);
#9132 = CARTESIAN_POINT('',(-26.,41.439191898579,29.7));
#9133 = DIRECTION('',(0.,0.,1.));
#9134 = DIRECTION('',(-1.,0.,0.));
#9135 = PCURVE('',#8973,#9136);
#9136 = DEFINITIONAL_REPRESENTATION('',(#9137),#9141);
#9137 = LINE('',#9138,#9139);
#9138 = CARTESIAN_POINT('',(0.,29.7));
#9139 = VECTOR('',#9140,1.);
#9140 = DIRECTION('',(1.,0.));
#9141 = ( GEOMETRIC_REPRESENTATION_CONTEXT(2) 
PARAMETRIC_REPRESENTATION_CONTEXT() REPRESENTATION_CONTEXT('2D SPACE',''
  ) );
#9142 = PCURVE('',#9143,#9148);
#9143 = CONICAL_SURFACE('',#9144,4.,0.785398163397);
#9144 = AXIS2_PLACEMENT_3D('',#9145,#9146,#9147);
#9145 = CARTESIAN_POINT('',(-26.,41.439191898579,29.7));
#9146 = DIRECTION('',(-0.,-0.,-1.));
#9147 = DIRECTION('',(-1.,0.,0.));
#9148 = DEFINITIONAL_REPRESENTATION('',(#9149),#9153);
#9149 = LINE('',#9150,#9151);
#9150 = CARTESIAN_POINT('',(-0.,-0.));
#9151 = VECTOR('',#9152,1.);
#9152 = DIRECTION('',(-1.,-0.));
#9153 = ( GEOMETRIC_REPRESENTATION_CONTEXT(2) 
PARAMETRIC_REPRESENTATION_CONTEXT() REPRESENTATION_CONTEXT('2D SPACE',''
  ) );
#9154 = ADVANCED_FACE('',(#9155),#9055,.F.);
#9155 = FACE_BOUND('',#9156,.T.);
#9156 = EDGE_LOOP('',(#9157,#9185,#9186,#9209));
#9157 = ORIENTED_EDGE('',*,*,#9158,.F.);
#9158 = EDGE_CURVE('',#9014,#9159,#9161,.T.);
#9159 = VERTEX_POINT('',#9160);
#9160 = CARTESIAN_POINT('',(-29.7,73.439191898579,30.));
#9161 = SURFACE_CURVE('',#9162,(#9166,#9173),.PCURVE_S1.);
#9162 = LINE('',#9163,#9164);
#9163 = CARTESIAN_POINT('',(-30.,73.439191898579,29.7));
#9164 = VECTOR('',#9165,1.);
#9165 = DIRECTION('',(0.707106781187,-4.329780281177E-17,0.707106781187)
  );
#9166 = PCURVE('',#9055,#9167);
#9167 = DEFINITIONAL_REPRESENTATION('',(#9168),#9172);
#9168 = LINE('',#9169,#9170);
#9169 = CARTESIAN_POINT('',(-0.,-0.212132034356));
#9170 = VECTOR('',#9171,1.);
#9171 = DIRECTION('',(-4.329780281177E-17,1.));
#9172 = ( GEOMETRIC_REPRESENTATION_CONTEXT(2) 
PARAMETRIC_REPRESENTATION_CONTEXT() REPRESENTATION_CONTEXT('2D SPACE',''
  ) );
#9173 = PCURVE('',#9174,#9179);
#9174 = CONICAL_SURFACE('',#9175,4.,0.785398163397);
#9175 = AXIS2_PLACEMENT_3D('',#9176,#9177,#9178);
#9176 = CARTESIAN_POINT('',(-26.,73.439191898579,29.7));
#9177 = DIRECTION('',(-0.,-0.,-1.));
#9178 = DIRECTION('',(0.,1.,-0.));
#9179 = DEFINITIONAL_REPRESENTATION('',(#9180),#9184);
#9180 = LINE('',#9181,#9182);
#9181 = CARTESIAN_POINT('',(-1.570796326795,-0.));
#9182 = VECTOR('',#9183,1.);
#9183 = DIRECTION('',(-0.,-1.));
#9184 = ( GEOMETRIC_REPRESENTATION_CONTEXT(2) 
PARAMETRIC_REPRESENTATION_CONTEXT() REPRESENTATION_CONTEXT('2D SPACE',''
  ) );
#9185 = ORIENTED_EDGE('',*,*,#9041,.T.);
#9186 = ORIENTED_EDGE('',*,*,#9187,.T.);
#9187 = EDGE_CURVE('',#8953,#9188,#9190,.T.);
#9188 = VERTEX_POINT('',#9189);
#9189 = CARTESIAN_POINT('',(-29.7,41.439191898579,30.));
#9190 = SURFACE_CURVE('',#9191,(#9195,#9202),.PCURVE_S1.);
#9191 = LINE('',#9192,#9193);
#9192 = CARTESIAN_POINT('',(-30.,41.439191898579,29.7));
#9193 = VECTOR('',#9194,1.);
#9194 = DIRECTION('',(0.707106781187,0.,0.707106781187));
#9195 = PCURVE('',#9055,#9196);
#9196 = DEFINITIONAL_REPRESENTATION('',(#9197),#9201);
#9197 = LINE('',#9198,#9199);
#9198 = CARTESIAN_POINT('',(-32.,-0.212132034356));
#9199 = VECTOR('',#9200,1.);
#9200 = DIRECTION('',(-0.,1.));
#9201 = ( GEOMETRIC_REPRESENTATION_CONTEXT(2) 
PARAMETRIC_REPRESENTATION_CONTEXT() REPRESENTATION_CONTEXT('2D SPACE',''
  ) );
#9202 = PCURVE('',#9143,#9203);
#9203 = DEFINITIONAL_REPRESENTATION('',(#9204),#9208);
#9204 = LINE('',#9205,#9206);
#9205 = CARTESIAN_POINT('',(-0.,-0.));
#9206 = VECTOR('',#9207,1.);
#9207 = DIRECTION('',(-0.,-1.));
#9208 = ( GEOMETRIC_REPRESENTATION_CONTEXT(2) 
PARAMETRIC_REPRESENTATION_CONTEXT() REPRESENTATION_CONTEXT('2D SPACE',''
  ) );
#9209 = ORIENTED_EDGE('',*,*,#9210,.F.);
#9210 = EDGE_CURVE('',#9159,#9188,#9211,.T.);
#9211 = SURFACE_CURVE('',#9212,(#9216,#9223),.PCURVE_S1.);
#9212 = LINE('',#9213,#9214);
#9213 = CARTESIAN_POINT('',(-29.7,73.439191898579,30.));
#9214 = VECTOR('',#9215,1.);
#9215 = DIRECTION('',(-0.,-1.,-0.));
#9216 = PCURVE('',#9055,#9217);
#9217 = DEFINITIONAL_REPRESENTATION('',(#9218),#9222);
#9218 = LINE('',#9219,#9220);
#9219 = CARTESIAN_POINT('',(-0.,0.212132034356));
#9220 = VECTOR('',#9221,1.);
#9221 = DIRECTION('',(-1.,0.));
#9222 = ( GEOMETRIC_REPRESENTATION_CONTEXT(2) 
PARAMETRIC_REPRESENTATION_CONTEXT() REPRESENTATION_CONTEXT('2D SPACE',''
  ) );
#9223 = PCURVE('',#9224,#9229);
#9224 = PLANE('',#9225);
#9225 = AXIS2_PLACEMENT_3D('',#9226,#9227,#9228);
#9226 = CARTESIAN_POINT('',(-30.,37.439191898579,30.));
#9227 = DIRECTION('',(0.,0.,1.));
#9228 = DIRECTION('',(1.,0.,0.));
#9229 = DEFINITIONAL_REPRESENTATION('',(#9230),#9234);
#9230 = LINE('',#9231,#9232);
#9231 = CARTESIAN_POINT('',(0.3,36.));
#9232 = VECTOR('',#9233,1.);
#9233 = DIRECTION('',(0.,-1.));
#9234 = ( GEOMETRIC_REPRESENTATION_CONTEXT(2) 
PARAMETRIC_REPRESENTATION_CONTEXT() REPRESENTATION_CONTEXT('2D SPACE',''
  ) );
#9235 = ADVANCED_FACE('',(#9236),#9001,.T.);
#9236 = FACE_BOUND('',#9237,.T.);
#9237 = EDGE_LOOP('',(#9238,#9261,#9262,#9290));
#9238 = ORIENTED_EDGE('',*,*,#9239,.F.);
#9239 = EDGE_CURVE('',#8951,#9240,#9242,.T.);
#9240 = VERTEX_POINT('',#9241);
#9241 = CARTESIAN_POINT('',(-29.2,41.439191898579,-1.554312234475E-15));
#9242 = SURFACE_CURVE('',#9243,(#9247,#9254),.PCURVE_S1.);
#9243 = LINE('',#9244,#9245);
#9244 = CARTESIAN_POINT('',(-29.6,41.439191898579,0.4));
#9245 = VECTOR('',#9246,1.);
#9246 = DIRECTION('',(0.707106781187,0.,-0.707106781187));
#9247 = PCURVE('',#9001,#9248);
#9248 = DEFINITIONAL_REPRESENTATION('',(#9249),#9253);
#9249 = LINE('',#9250,#9251);
#9250 = CARTESIAN_POINT('',(0.,0.));
#9251 = VECTOR('',#9252,1.);
#9252 = DIRECTION('',(0.,1.));
#9253 = ( GEOMETRIC_REPRESENTATION_CONTEXT(2) 
PARAMETRIC_REPRESENTATION_CONTEXT() REPRESENTATION_CONTEXT('2D SPACE',''
  ) );
#9254 = PCURVE('',#9088,#9255);
#9255 = DEFINITIONAL_REPRESENTATION('',(#9256),#9260);
#9256 = LINE('',#9257,#9258);
#9257 = CARTESIAN_POINT('',(-1.570796326795,-0.4));
#9258 = VECTOR('',#9259,1.);
#9259 = DIRECTION('',(-0.,-1.));
#9260 = ( GEOMETRIC_REPRESENTATION_CONTEXT(2) 
PARAMETRIC_REPRESENTATION_CONTEXT() REPRESENTATION_CONTEXT('2D SPACE',''
  ) );
#9261 = ORIENTED_EDGE('',*,*,#8985,.T.);
#9262 = ORIENTED_EDGE('',*,*,#9263,.T.);
#9263 = EDGE_CURVE('',#8986,#9264,#9266,.T.);
#9264 = VERTEX_POINT('',#9265);
#9265 = CARTESIAN_POINT('',(-29.2,73.439191898579,-1.387778780781E-15));
#9266 = SURFACE_CURVE('',#9267,(#9271,#9278),.PCURVE_S1.);
#9267 = LINE('',#9268,#9269);
#9268 = CARTESIAN_POINT('',(-29.6,73.439191898579,0.4));
#9269 = VECTOR('',#9270,1.);
#9270 = DIRECTION('',(0.707106781187,0.,-0.707106781187));
#9271 = PCURVE('',#9001,#9272);
#9272 = DEFINITIONAL_REPRESENTATION('',(#9273),#9277);
#9273 = LINE('',#9274,#9275);
#9274 = CARTESIAN_POINT('',(32.,-1.570092458684E-16));
#9275 = VECTOR('',#9276,1.);
#9276 = DIRECTION('',(0.,1.));
#9277 = ( GEOMETRIC_REPRESENTATION_CONTEXT(2) 
PARAMETRIC_REPRESENTATION_CONTEXT() REPRESENTATION_CONTEXT('2D SPACE',''
  ) );
#9278 = PCURVE('',#9279,#9284);
#9279 = CONICAL_SURFACE('',#9280,4.,0.785398163397);
#9280 = AXIS2_PLACEMENT_3D('',#9281,#9282,#9283);
#9281 = CARTESIAN_POINT('',(-26.,73.439191898579,0.8));
#9282 = DIRECTION('',(0.,0.,1.));
#9283 = DIRECTION('',(-1.,0.,0.));
#9284 = DEFINITIONAL_REPRESENTATION('',(#9285),#9289);
#9285 = LINE('',#9286,#9287);
#9286 = CARTESIAN_POINT('',(-0.,-0.4));
#9287 = VECTOR('',#9288,1.);
#9288 = DIRECTION('',(-0.,-1.));
#9289 = ( GEOMETRIC_REPRESENTATION_CONTEXT(2) 
PARAMETRIC_REPRESENTATION_CONTEXT() REPRESENTATION_CONTEXT('2D SPACE',''
  ) );
#9290 = ORIENTED_EDGE('',*,*,#9291,.F.);
#9291 = EDGE_CURVE('',#9240,#9264,#9292,.T.);
#9292 = SURFACE_CURVE('',#9293,(#9297,#9304),.PCURVE_S1.);
#9293 = LINE('',#9294,#9295);
#9294 = CARTESIAN_POINT('',(-29.2,41.439191898579,0.));
#9295 = VECTOR('',#9296,1.);
#9296 = DIRECTION('',(0.,1.,0.));
#9297 = PCURVE('',#9001,#9298);
#9298 = DEFINITIONAL_REPRESENTATION('',(#9299),#9303);
#9299 = LINE('',#9300,#9301);
#9300 = CARTESIAN_POINT('',(4.237045877652E-33,0.565685424949));
#9301 = VECTOR('',#9302,1.);
#9302 = DIRECTION('',(1.,0.));
#9303 = ( GEOMETRIC_REPRESENTATION_CONTEXT(2) 
PARAMETRIC_REPRESENTATION_CONTEXT() REPRESENTATION_CONTEXT('2D SPACE',''
  ) );
#9304 = PCURVE('',#9305,#9310);
#9305 = PLANE('',#9306);
#9306 = AXIS2_PLACEMENT_3D('',#9307,#9308,#9309);
#9307 = CARTESIAN_POINT('',(-30.,37.439191898579,0.));
#9308 = DIRECTION('',(0.,0.,1.));
#9309 = DIRECTION('',(1.,0.,0.));
#9310 = DEFINITIONAL_REPRESENTATION('',(#9311),#9315);
#9311 = LINE('',#9312,#9313);
#9312 = CARTESIAN_POINT('',(0.8,4.));
#9313 = VECTOR('',#9314,1.);
#9314 = DIRECTION('',(0.,1.));
#9315 = ( GEOMETRIC_REPRESENTATION_CONTEXT(2) 
PARAMETRIC_REPRESENTATION_CONTEXT() REPRESENTATION_CONTEXT('2D SPACE',''
  ) );
#9316 = ADVANCED_FACE('',(#9317),#9029,.T.);
#9317 = FACE_BOUND('',#9318,.F.);
#9318 = EDGE_LOOP('',(#9319,#9320,#9344,#9372));
#9319 = ORIENTED_EDGE('',*,*,#9013,.F.);
#9320 = ORIENTED_EDGE('',*,*,#9321,.T.);
#9321 = EDGE_CURVE('',#8986,#9322,#9324,.T.);
#9322 = VERTEX_POINT('',#9323);
#9323 = CARTESIAN_POINT('',(-26.,77.439191898579,0.8));
#9324 = SURFACE_CURVE('',#9325,(#9330,#9337),.PCURVE_S1.);
#9325 = CIRCLE('',#9326,4.);
#9326 = AXIS2_PLACEMENT_3D('',#9327,#9328,#9329);
#9327 = CARTESIAN_POINT('',(-26.,73.439191898579,0.8));
#9328 = DIRECTION('',(-0.,0.,-1.));
#9329 = DIRECTION('',(-1.,0.,0.));
#9330 = PCURVE('',#9029,#9331);
#9331 = DEFINITIONAL_REPRESENTATION('',(#9332),#9336);
#9332 = LINE('',#9333,#9334);
#9333 = CARTESIAN_POINT('',(-0.,0.8));
#9334 = VECTOR('',#9335,1.);
#9335 = DIRECTION('',(-1.,0.));
#9336 = ( GEOMETRIC_REPRESENTATION_CONTEXT(2) 
PARAMETRIC_REPRESENTATION_CONTEXT() REPRESENTATION_CONTEXT('2D SPACE',''
  ) );
#9337 = PCURVE('',#9279,#9338);
#9338 = DEFINITIONAL_REPRESENTATION('',(#9339),#9343);
#9339 = LINE('',#9340,#9341);
#9340 = CARTESIAN_POINT('',(-0.,-0.));
#9341 = VECTOR('',#9342,1.);
#9342 = DIRECTION('',(-1.,-0.));
#9343 = ( GEOMETRIC_REPRESENTATION_CONTEXT(2) 
PARAMETRIC_REPRESENTATION_CONTEXT() REPRESENTATION_CONTEXT('2D SPACE',''
  ) );
#9344 = ORIENTED_EDGE('',*,*,#9345,.T.);
#9345 = EDGE_CURVE('',#9322,#9346,#9348,.T.);
#9346 = VERTEX_POINT('',#9347);
#9347 = CARTESIAN_POINT('',(-26.,77.439191898579,29.7));
#9348 = SURFACE_CURVE('',#9349,(#9353,#9360),.PCURVE_S1.);
#9349 = LINE('',#9350,#9351);
#9350 = CARTESIAN_POINT('',(-26.,77.439191898579,0.));
#9351 = VECTOR('',#9352,1.);
#9352 = DIRECTION('',(0.,0.,1.));
#9353 = PCURVE('',#9029,#9354);
#9354 = DEFINITIONAL_REPRESENTATION('',(#9355),#9359);
#9355 = LINE('',#9356,#9357);
#9356 = CARTESIAN_POINT('',(-1.570796326795,0.));
#9357 = VECTOR('',#9358,1.);
#9358 = DIRECTION('',(-0.,1.));
#9359 = ( GEOMETRIC_REPRESENTATION_CONTEXT(2) 
PARAMETRIC_REPRESENTATION_CONTEXT() REPRESENTATION_CONTEXT('2D SPACE',''
  ) );
#9360 = PCURVE('',#9361,#9366);
#9361 = PLANE('',#9362);
#9362 = AXIS2_PLACEMENT_3D('',#9363,#9364,#9365);
#9363 = CARTESIAN_POINT('',(-30.,77.439191898579,0.));
#9364 = DIRECTION('',(0.,1.,0.));
#9365 = DIRECTION('',(0.,0.,1.));
#9366 = DEFINITIONAL_REPRESENTATION('',(#9367),#9371);
#9367 = LINE('',#9368,#9369);
#9368 = CARTESIAN_POINT('',(0.,4.));
#9369 = VECTOR('',#9370,1.);
#9370 = DIRECTION('',(1.,0.));
#9371 = ( GEOMETRIC_REPRESENTATION_CONTEXT(2) 
PARAMETRIC_REPRESENTATION_CONTEXT() REPRESENTATION_CONTEXT('2D SPACE',''
  ) );
#9372 = ORIENTED_EDGE('',*,*,#9373,.T.);
#9373 = EDGE_CURVE('',#9346,#9014,#9374,.T.);
#9374 = SURFACE_CURVE('',#9375,(#9380,#9387),.PCURVE_S1.);
#9375 = CIRCLE('',#9376,4.);
#9376 = AXIS2_PLACEMENT_3D('',#9377,#9378,#9379);
#9377 = CARTESIAN_POINT('',(-26.,73.439191898579,29.7));
#9378 = DIRECTION('',(0.,0.,1.));
#9379 = DIRECTION('',(0.,1.,-0.));
#9380 = PCURVE('',#9029,#9381);
#9381 = DEFINITIONAL_REPRESENTATION('',(#9382),#9386);
#9382 = LINE('',#9383,#9384);
#9383 = CARTESIAN_POINT('',(-1.570796326795,29.7));
#9384 = VECTOR('',#9385,1.);
#9385 = DIRECTION('',(1.,-0.));
#9386 = ( GEOMETRIC_REPRESENTATION_CONTEXT(2) 
PARAMETRIC_REPRESENTATION_CONTEXT() REPRESENTATION_CONTEXT('2D SPACE',''
  ) );
#9387 = PCURVE('',#9174,#9388);
#9388 = DEFINITIONAL_REPRESENTATION('',(#9389),#9393);
#9389 = LINE('',#9390,#9391);
#9390 = CARTESIAN_POINT('',(-0.,-0.));
#9391 = VECTOR('',#9392,1.);
#9392 = DIRECTION('',(-1.,-0.));
#9393 = ( GEOMETRIC_REPRESENTATION_CONTEXT(2) 
PARAMETRIC_REPRESENTATION_CONTEXT() REPRESENTATION_CONTEXT('2D SPACE',''
  ) );
#9394 = ADVANCED_FACE('',(#9395),#9143,.T.);
#9395 = FACE_BOUND('',#9396,.T.);
#9396 = EDGE_LOOP('',(#9397,#9398,#9399,#9427));
#9397 = ORIENTED_EDGE('',*,*,#9187,.F.);
#9398 = ORIENTED_EDGE('',*,*,#9128,.T.);
#9399 = ORIENTED_EDGE('',*,*,#9400,.T.);
#9400 = EDGE_CURVE('',#9101,#9401,#9403,.T.);
#9401 = VERTEX_POINT('',#9402);
#9402 = CARTESIAN_POINT('',(-26.,37.739191898579,30.));
#9403 = SURFACE_CURVE('',#9404,(#9408,#9415),.PCURVE_S1.);
#9404 = LINE('',#9405,#9406);
#9405 = CARTESIAN_POINT('',(-26.,37.439191898579,29.7));
#9406 = VECTOR('',#9407,1.);
#9407 = DIRECTION('',(4.329780281177E-17,0.707106781187,0.707106781187)
  );
#9408 = PCURVE('',#9143,#9409);
#9409 = DEFINITIONAL_REPRESENTATION('',(#9410),#9414);
#9410 = LINE('',#9411,#9412);
#9411 = CARTESIAN_POINT('',(-1.570796326795,-0.));
#9412 = VECTOR('',#9413,1.);
#9413 = DIRECTION('',(-0.,-1.));
#9414 = ( GEOMETRIC_REPRESENTATION_CONTEXT(2) 
PARAMETRIC_REPRESENTATION_CONTEXT() REPRESENTATION_CONTEXT('2D SPACE',''
  ) );
#9415 = PCURVE('',#9416,#9421);
#9416 = PLANE('',#9417);
#9417 = AXIS2_PLACEMENT_3D('',#9418,#9419,#9420);
#9418 = CARTESIAN_POINT('',(-26.,37.589191898579,29.85));
#9419 = DIRECTION('',(0.,0.707106781187,-0.707106781187));
#9420 = DIRECTION('',(-1.,-0.,-0.));
#9421 = DEFINITIONAL_REPRESENTATION('',(#9422),#9426);
#9422 = LINE('',#9423,#9424);
#9423 = CARTESIAN_POINT('',(-0.,-0.212132034356));
#9424 = VECTOR('',#9425,1.);
#9425 = DIRECTION('',(-4.329780281177E-17,1.));
#9426 = ( GEOMETRIC_REPRESENTATION_CONTEXT(2) 
PARAMETRIC_REPRESENTATION_CONTEXT() REPRESENTATION_CONTEXT('2D SPACE',''
  ) );
#9427 = ORIENTED_EDGE('',*,*,#9428,.F.);
#9428 = EDGE_CURVE('',#9188,#9401,#9429,.T.);
#9429 = SURFACE_CURVE('',#9430,(#9435,#9442),.PCURVE_S1.);
#9430 = CIRCLE('',#9431,3.7);
#9431 = AXIS2_PLACEMENT_3D('',#9432,#9433,#9434);
#9432 = CARTESIAN_POINT('',(-26.,41.439191898579,30.));
#9433 = DIRECTION('',(0.,0.,1.));
#9434 = DIRECTION('',(-1.,0.,0.));
#9435 = PCURVE('',#9143,#9436);
#9436 = DEFINITIONAL_REPRESENTATION('',(#9437),#9441);
#9437 = LINE('',#9438,#9439);
#9438 = CARTESIAN_POINT('',(-0.,-0.3));
#9439 = VECTOR('',#9440,1.);
#9440 = DIRECTION('',(-1.,-0.));
#9441 = ( GEOMETRIC_REPRESENTATION_CONTEXT(2) 
PARAMETRIC_REPRESENTATION_CONTEXT() REPRESENTATION_CONTEXT('2D SPACE',''
  ) );
#9442 = PCURVE('',#9224,#9443);
#9443 = DEFINITIONAL_REPRESENTATION('',(#9444),#9448);
#9444 = CIRCLE('',#9445,3.7);
#9445 = AXIS2_PLACEMENT_2D('',#9446,#9447);
#9446 = CARTESIAN_POINT('',(4.,4.));
#9447 = DIRECTION('',(-1.,0.));
#9448 = ( GEOMETRIC_REPRESENTATION_CONTEXT(2) 
PARAMETRIC_REPRESENTATION_CONTEXT() REPRESENTATION_CONTEXT('2D SPACE',''
  ) );
#9449 = ADVANCED_FACE('',(#9450),#9088,.T.);
#9450 = FACE_BOUND('',#9451,.T.);
#9451 = EDGE_LOOP('',(#9452,#9480,#9481,#9482));
#9452 = ORIENTED_EDGE('',*,*,#9453,.F.);
#9453 = EDGE_CURVE('',#9072,#9454,#9456,.T.);
#9454 = VERTEX_POINT('',#9455);
#9455 = CARTESIAN_POINT('',(-26.,38.239191898579,0.));
#9456 = SURFACE_CURVE('',#9457,(#9461,#9468),.PCURVE_S1.);
#9457 = LINE('',#9458,#9459);
#9458 = CARTESIAN_POINT('',(-26.,37.839191898579,0.4));
#9459 = VECTOR('',#9460,1.);
#9460 = DIRECTION('',(0.,0.707106781187,-0.707106781187));
#9461 = PCURVE('',#9088,#9462);
#9462 = DEFINITIONAL_REPRESENTATION('',(#9463),#9467);
#9463 = LINE('',#9464,#9465);
#9464 = CARTESIAN_POINT('',(-0.,-0.4));
#9465 = VECTOR('',#9466,1.);
#9466 = DIRECTION('',(-0.,-1.));
#9467 = ( GEOMETRIC_REPRESENTATION_CONTEXT(2) 
PARAMETRIC_REPRESENTATION_CONTEXT() REPRESENTATION_CONTEXT('2D SPACE',''
  ) );
#9468 = PCURVE('',#9469,#9474);
#9469 = PLANE('',#9470);
#9470 = AXIS2_PLACEMENT_3D('',#9471,#9472,#9473);
#9471 = CARTESIAN_POINT('',(26.,37.839191898579,0.4));
#9472 = DIRECTION('',(-6.983161618628E-18,-0.707106781187,
    -0.707106781187));
#9473 = DIRECTION('',(-1.,4.937840934654E-18,4.937840934654E-18));
#9474 = DEFINITIONAL_REPRESENTATION('',(#9475),#9479);
#9475 = LINE('',#9476,#9477);
#9476 = CARTESIAN_POINT('',(52.,-2.747661802697E-16));
#9477 = VECTOR('',#9478,1.);
#9478 = DIRECTION('',(0.,1.));
#9479 = ( GEOMETRIC_REPRESENTATION_CONTEXT(2) 
PARAMETRIC_REPRESENTATION_CONTEXT() REPRESENTATION_CONTEXT('2D SPACE',''
  ) );
#9480 = ORIENTED_EDGE('',*,*,#9071,.T.);
#9481 = ORIENTED_EDGE('',*,*,#9239,.T.);
#9482 = ORIENTED_EDGE('',*,*,#9483,.F.);
#9483 = EDGE_CURVE('',#9454,#9240,#9484,.T.);
#9484 = SURFACE_CURVE('',#9485,(#9490,#9497),.PCURVE_S1.);
#9485 = CIRCLE('',#9486,3.2);
#9486 = AXIS2_PLACEMENT_3D('',#9487,#9488,#9489);
#9487 = CARTESIAN_POINT('',(-26.,41.439191898579,0.));
#9488 = DIRECTION('',(-0.,-0.,-1.));
#9489 = DIRECTION('',(0.,-1.,0.));
#9490 = PCURVE('',#9088,#9491);
#9491 = DEFINITIONAL_REPRESENTATION('',(#9492),#9496);
#9492 = LINE('',#9493,#9494);
#9493 = CARTESIAN_POINT('',(-0.,-0.8));
#9494 = VECTOR('',#9495,1.);
#9495 = DIRECTION('',(-1.,-0.));
#9496 = ( GEOMETRIC_REPRESENTATION_CONTEXT(2) 
PARAMETRIC_REPRESENTATION_CONTEXT() REPRESENTATION_CONTEXT('2D SPACE',''
  ) );
#9497 = PCURVE('',#9305,#9498);
#9498 = DEFINITIONAL_REPRESENTATION('',(#9499),#9507);
#9499 = ( BOUNDED_CURVE() B_SPLINE_CURVE(2,(#9500,#9501,#9502,#9503,
#9504,#9505,#9506),.UNSPECIFIED.,.T.,.F.) B_SPLINE_CURVE_WITH_KNOTS((1,2
    ,2,2,2,1),(-2.094395102393,0.,2.094395102393,4.188790204786,
6.28318530718,8.377580409573),.UNSPECIFIED.) CURVE() 
GEOMETRIC_REPRESENTATION_ITEM() RATIONAL_B_SPLINE_CURVE((1.,0.5,1.,0.5,
1.,0.5,1.)) REPRESENTATION_ITEM('') );
#9500 = CARTESIAN_POINT('',(4.,0.8));
#9501 = CARTESIAN_POINT('',(-1.54256258422,0.8));
#9502 = CARTESIAN_POINT('',(1.22871870789,5.6));
#9503 = CARTESIAN_POINT('',(4.,10.4));
#9504 = CARTESIAN_POINT('',(6.77128129211,5.6));
#9505 = CARTESIAN_POINT('',(9.54256258422,0.8));
#9506 = CARTESIAN_POINT('',(4.,0.8));
#9507 = ( GEOMETRIC_REPRESENTATION_CONTEXT(2) 
PARAMETRIC_REPRESENTATION_CONTEXT() REPRESENTATION_CONTEXT('2D SPACE',''
  ) );
#9508 = ADVANCED_FACE('',(#9509),#9116,.F.);
#9509 = FACE_BOUND('',#9510,.F.);
#9510 = EDGE_LOOP('',(#9511,#9512,#9535,#9561,#9587,#9613,#9641,#9667,
    #9693,#9719,#9747,#9775));
#9511 = ORIENTED_EDGE('',*,*,#9100,.T.);
#9512 = ORIENTED_EDGE('',*,*,#9513,.T.);
#9513 = EDGE_CURVE('',#9101,#9514,#9516,.T.);
#9514 = VERTEX_POINT('',#9515);
#9515 = CARTESIAN_POINT('',(-22.3,37.439191898579,29.7));
#9516 = SURFACE_CURVE('',#9517,(#9521,#9528),.PCURVE_S1.);
#9517 = LINE('',#9518,#9519);
#9518 = CARTESIAN_POINT('',(-26.,37.439191898579,29.7));
#9519 = VECTOR('',#9520,1.);
#9520 = DIRECTION('',(1.,0.,0.));
#9521 = PCURVE('',#9116,#9522);
#9522 = DEFINITIONAL_REPRESENTATION('',(#9523),#9527);
#9523 = LINE('',#9524,#9525);
#9524 = CARTESIAN_POINT('',(29.7,4.));
#9525 = VECTOR('',#9526,1.);
#9526 = DIRECTION('',(0.,1.));
#9527 = ( GEOMETRIC_REPRESENTATION_CONTEXT(2) 
PARAMETRIC_REPRESENTATION_CONTEXT() REPRESENTATION_CONTEXT('2D SPACE',''
  ) );
#9528 = PCURVE('',#9416,#9529);
#9529 = DEFINITIONAL_REPRESENTATION('',(#9530),#9534);
#9530 = LINE('',#9531,#9532);
#9531 = CARTESIAN_POINT('',(-0.,-0.212132034356));
#9532 = VECTOR('',#9533,1.);
#9533 = DIRECTION('',(-1.,0.));
#9534 = ( GEOMETRIC_REPRESENTATION_CONTEXT(2) 
PARAMETRIC_REPRESENTATION_CONTEXT() REPRESENTATION_CONTEXT('2D SPACE',''
  ) );
#9535 = ORIENTED_EDGE('',*,*,#9536,.T.);
#9536 = EDGE_CURVE('',#9514,#9537,#9539,.T.);
#9537 = VERTEX_POINT('',#9538);
#9538 = CARTESIAN_POINT('',(-22.3,37.439191898579,13.360808101421));
#9539 = SURFACE_CURVE('',#9540,(#9544,#9550),.PCURVE_S1.);
#9540 = LINE('',#9541,#9542);
#9541 = CARTESIAN_POINT('',(-22.3,37.439191898579,14.653936432593));
#9542 = VECTOR('',#9543,1.);
#9543 = DIRECTION('',(0.,0.,-1.));
#9544 = PCURVE('',#9116,#9545);
#9545 = DEFINITIONAL_REPRESENTATION('',(#9546),#9549);
#9546 = B_SPLINE_CURVE_WITH_KNOTS('',1,(#9547,#9548),.UNSPECIFIED.,.F.,
  .F.,(2,2),(-15.0460635674,2.293128331172),.PIECEWISE_BEZIER_KNOTS.);
#9547 = CARTESIAN_POINT('',(29.7,7.7));
#9548 = CARTESIAN_POINT('',(12.360808101421,7.7));
#9549 = ( GEOMETRIC_REPRESENTATION_CONTEXT(2) 
PARAMETRIC_REPRESENTATION_CONTEXT() REPRESENTATION_CONTEXT('2D SPACE',''
  ) );
#9550 = PCURVE('',#9551,#9556);
#9551 = PLANE('',#9552);
#9552 = AXIS2_PLACEMENT_3D('',#9553,#9554,#9555);
#9553 = CARTESIAN_POINT('',(-22.3,28.719595949289,29.307872865187));
#9554 = DIRECTION('',(1.,0.,0.));
#9555 = DIRECTION('',(-0.,0.,1.));
#9556 = DEFINITIONAL_REPRESENTATION('',(#9557),#9560);
#9557 = B_SPLINE_CURVE_WITH_KNOTS('',1,(#9558,#9559),.UNSPECIFIED.,.F.,
  .F.,(2,2),(-15.0460635674,2.293128331172),.PIECEWISE_BEZIER_KNOTS.);
#9558 = CARTESIAN_POINT('',(0.392127134813,-8.719595949289));
#9559 = CARTESIAN_POINT('',(-16.94706476376,-8.719595949289));
#9560 = ( GEOMETRIC_REPRESENTATION_CONTEXT(2) 
PARAMETRIC_REPRESENTATION_CONTEXT() REPRESENTATION_CONTEXT('2D SPACE',''
  ) );
#9561 = ORIENTED_EDGE('',*,*,#9562,.F.);
#9562 = EDGE_CURVE('',#9563,#9537,#9565,.T.);
#9563 = VERTEX_POINT('',#9564);
#9564 = CARTESIAN_POINT('',(-13.7,37.439191898579,13.360808101421));
#9565 = SURFACE_CURVE('',#9566,(#9570,#9576),.PCURVE_S1.);
#9566 = LINE('',#9567,#9568);
#9567 = CARTESIAN_POINT('',(-26.15,37.439191898579,13.360808101421));
#9568 = VECTOR('',#9569,1.);
#9569 = DIRECTION('',(-1.,0.,-0.));
#9570 = PCURVE('',#9116,#9571);
#9571 = DEFINITIONAL_REPRESENTATION('',(#9572),#9575);
#9572 = B_SPLINE_CURVE_WITH_KNOTS('',1,(#9573,#9574),.UNSPECIFIED.,.F.,
  .F.,(2,2),(-12.45,-3.85),.PIECEWISE_BEZIER_KNOTS.);
#9573 = CARTESIAN_POINT('',(13.360808101421,16.3));
#9574 = CARTESIAN_POINT('',(13.360808101421,7.7));
#9575 = ( GEOMETRIC_REPRESENTATION_CONTEXT(2) 
PARAMETRIC_REPRESENTATION_CONTEXT() REPRESENTATION_CONTEXT('2D SPACE',''
  ) );
#9576 = PCURVE('',#9577,#9582);
#9577 = PLANE('',#9578);
#9578 = AXIS2_PLACEMENT_3D('',#9579,#9580,#9581);
#9579 = CARTESIAN_POINT('',(-22.3,38.439191898579,12.360808101421));
#9580 = DIRECTION('',(0.,-0.707106781187,-0.707106781187));
#9581 = DIRECTION('',(0.,-0.707106781187,0.707106781187));
#9582 = DEFINITIONAL_REPRESENTATION('',(#9583),#9586);
#9583 = B_SPLINE_CURVE_WITH_KNOTS('',1,(#9584,#9585),.UNSPECIFIED.,.F.,
  .F.,(2,2),(-12.45,-3.85),.PIECEWISE_BEZIER_KNOTS.);
#9584 = CARTESIAN_POINT('',(1.414213562373,-8.6));
#9585 = CARTESIAN_POINT('',(1.414213562373,0.));
#9586 = ( GEOMETRIC_REPRESENTATION_CONTEXT(2) 
PARAMETRIC_REPRESENTATION_CONTEXT() REPRESENTATION_CONTEXT('2D SPACE',''
  ) );
#9587 = ORIENTED_EDGE('',*,*,#9588,.T.);
#9588 = EDGE_CURVE('',#9563,#9589,#9591,.T.);
#9589 = VERTEX_POINT('',#9590);
#9590 = CARTESIAN_POINT('',(-13.7,37.439191898579,29.7));
#9591 = SURFACE_CURVE('',#9592,(#9596,#9602),.PCURVE_S1.);
#9592 = LINE('',#9593,#9594);
#9593 = CARTESIAN_POINT('',(-13.7,37.439191898579,11.301902961144));
#9594 = VECTOR('',#9595,1.);
#9595 = DIRECTION('',(0.,0.,1.));
#9596 = PCURVE('',#9116,#9597);
#9597 = DEFINITIONAL_REPRESENTATION('',(#9598),#9601);
#9598 = B_SPLINE_CURVE_WITH_KNOTS('',1,(#9599,#9600),.UNSPECIFIED.,.F.,
  .F.,(2,2),(1.058905140278,18.398097038856),.PIECEWISE_BEZIER_KNOTS.);
#9599 = CARTESIAN_POINT('',(12.360808101421,16.3));
#9600 = CARTESIAN_POINT('',(29.7,16.3));
#9601 = ( GEOMETRIC_REPRESENTATION_CONTEXT(2) 
PARAMETRIC_REPRESENTATION_CONTEXT() REPRESENTATION_CONTEXT('2D SPACE',''
  ) );
#9602 = PCURVE('',#9603,#9608);
#9603 = PLANE('',#9604);
#9604 = AXIS2_PLACEMENT_3D('',#9605,#9606,#9607);
#9605 = CARTESIAN_POINT('',(-13.7,34.542907781216,22.603805922287));
#9606 = DIRECTION('',(-1.,-0.,-0.));
#9607 = DIRECTION('',(0.,0.,-1.));
#9608 = DEFINITIONAL_REPRESENTATION('',(#9609),#9612);
#9609 = B_SPLINE_CURVE_WITH_KNOTS('',1,(#9610,#9611),.UNSPECIFIED.,.F.,
  .F.,(2,2),(1.058905140278,18.398097038856),.PIECEWISE_BEZIER_KNOTS.);
#9610 = CARTESIAN_POINT('',(10.242997820866,-2.896284117363));
#9611 = CARTESIAN_POINT('',(-7.096194077713,-2.896284117363));
#9612 = ( GEOMETRIC_REPRESENTATION_CONTEXT(2) 
PARAMETRIC_REPRESENTATION_CONTEXT() REPRESENTATION_CONTEXT('2D SPACE',''
  ) );
#9613 = ORIENTED_EDGE('',*,*,#9614,.T.);
#9614 = EDGE_CURVE('',#9589,#9615,#9617,.T.);
#9615 = VERTEX_POINT('',#9616);
#9616 = CARTESIAN_POINT('',(13.7,37.439191898579,29.7));
#9617 = SURFACE_CURVE('',#9618,(#9622,#9629),.PCURVE_S1.);
#9618 = LINE('',#9619,#9620);
#9619 = CARTESIAN_POINT('',(-26.,37.439191898579,29.7));
#9620 = VECTOR('',#9621,1.);
#9621 = DIRECTION('',(1.,0.,0.));
#9622 = PCURVE('',#9116,#9623);
#9623 = DEFINITIONAL_REPRESENTATION('',(#9624),#9628);
#9624 = LINE('',#9625,#9626);
#9625 = CARTESIAN_POINT('',(29.7,4.));
#9626 = VECTOR('',#9627,1.);
#9627 = DIRECTION('',(0.,1.));
#9628 = ( GEOMETRIC_REPRESENTATION_CONTEXT(2) 
PARAMETRIC_REPRESENTATION_CONTEXT() REPRESENTATION_CONTEXT('2D SPACE',''
  ) );
#9629 = PCURVE('',#9630,#9635);
#9630 = PLANE('',#9631);
#9631 = AXIS2_PLACEMENT_3D('',#9632,#9633,#9634);
#9632 = CARTESIAN_POINT('',(-26.,37.589191898579,29.85));
#9633 = DIRECTION('',(0.,0.707106781187,-0.707106781187));
#9634 = DIRECTION('',(-1.,-0.,-0.));
#9635 = DEFINITIONAL_REPRESENTATION('',(#9636),#9640);
#9636 = LINE('',#9637,#9638);
#9637 = CARTESIAN_POINT('',(-0.,-0.212132034356));
#9638 = VECTOR('',#9639,1.);
#9639 = DIRECTION('',(-1.,0.));
#9640 = ( GEOMETRIC_REPRESENTATION_CONTEXT(2) 
PARAMETRIC_REPRESENTATION_CONTEXT() REPRESENTATION_CONTEXT('2D SPACE',''
  ) );
#9641 = ORIENTED_EDGE('',*,*,#9642,.T.);
#9642 = EDGE_CURVE('',#9615,#9643,#9645,.T.);
#9643 = VERTEX_POINT('',#9644);
#9644 = CARTESIAN_POINT('',(13.7,37.439191898579,13.360808101421));
#9645 = SURFACE_CURVE('',#9646,(#9650,#9656),.PCURVE_S1.);
#9646 = LINE('',#9647,#9648);
#9647 = CARTESIAN_POINT('',(13.7,37.439191898579,14.653936432593));
#9648 = VECTOR('',#9649,1.);
#9649 = DIRECTION('',(0.,0.,-1.));
#9650 = PCURVE('',#9116,#9651);
#9651 = DEFINITIONAL_REPRESENTATION('',(#9652),#9655);
#9652 = B_SPLINE_CURVE_WITH_KNOTS('',1,(#9653,#9654),.UNSPECIFIED.,.F.,
  .F.,(2,2),(-15.0460635674,2.293128331172),.PIECEWISE_BEZIER_KNOTS.);
#9653 = CARTESIAN_POINT('',(29.7,43.7));
#9654 = CARTESIAN_POINT('',(12.360808101421,43.7));
#9655 = ( GEOMETRIC_REPRESENTATION_CONTEXT(2) 
PARAMETRIC_REPRESENTATION_CONTEXT() REPRESENTATION_CONTEXT('2D SPACE',''
  ) );
#9656 = PCURVE('',#9657,#9662);
#9657 = PLANE('',#9658);
#9658 = AXIS2_PLACEMENT_3D('',#9659,#9660,#9661);
#9659 = CARTESIAN_POINT('',(13.7,28.719595949289,29.307872865187));
#9660 = DIRECTION('',(1.,0.,0.));
#9661 = DIRECTION('',(-0.,0.,1.));
#9662 = DEFINITIONAL_REPRESENTATION('',(#9663),#9666);
#9663 = B_SPLINE_CURVE_WITH_KNOTS('',1,(#9664,#9665),.UNSPECIFIED.,.F.,
  .F.,(2,2),(-15.0460635674,2.293128331172),.PIECEWISE_BEZIER_KNOTS.);
#9664 = CARTESIAN_POINT('',(0.392127134813,-8.719595949289));
#9665 = CARTESIAN_POINT('',(-16.94706476376,-8.719595949289));
#9666 = ( GEOMETRIC_REPRESENTATION_CONTEXT(2) 
PARAMETRIC_REPRESENTATION_CONTEXT() REPRESENTATION_CONTEXT('2D SPACE',''
  ) );
#9667 = ORIENTED_EDGE('',*,*,#9668,.F.);
#9668 = EDGE_CURVE('',#9669,#9643,#9671,.T.);
#9669 = VERTEX_POINT('',#9670);
#9670 = CARTESIAN_POINT('',(22.3,37.439191898579,13.360808101421));
#9671 = SURFACE_CURVE('',#9672,(#9676,#9682),.PCURVE_S1.);
#9672 = LINE('',#9673,#9674);
#9673 = CARTESIAN_POINT('',(-8.15,37.439191898579,13.360808101421));
#9674 = VECTOR('',#9675,1.);
#9675 = DIRECTION('',(-1.,0.,-0.));
#9676 = PCURVE('',#9116,#9677);
#9677 = DEFINITIONAL_REPRESENTATION('',(#9678),#9681);
#9678 = B_SPLINE_CURVE_WITH_KNOTS('',1,(#9679,#9680),.UNSPECIFIED.,.F.,
  .F.,(2,2),(-30.45,-21.85),.PIECEWISE_BEZIER_KNOTS.);
#9679 = CARTESIAN_POINT('',(13.360808101421,52.3));
#9680 = CARTESIAN_POINT('',(13.360808101421,43.7));
#9681 = ( GEOMETRIC_REPRESENTATION_CONTEXT(2) 
PARAMETRIC_REPRESENTATION_CONTEXT() REPRESENTATION_CONTEXT('2D SPACE',''
  ) );
#9682 = PCURVE('',#9683,#9688);
#9683 = PLANE('',#9684);
#9684 = AXIS2_PLACEMENT_3D('',#9685,#9686,#9687);
#9685 = CARTESIAN_POINT('',(13.7,38.439191898579,12.360808101421));
#9686 = DIRECTION('',(0.,-0.707106781187,-0.707106781187));
#9687 = DIRECTION('',(0.,-0.707106781187,0.707106781187));
#9688 = DEFINITIONAL_REPRESENTATION('',(#9689),#9692);
#9689 = B_SPLINE_CURVE_WITH_KNOTS('',1,(#9690,#9691),.UNSPECIFIED.,.F.,
  .F.,(2,2),(-30.45,-21.85),.PIECEWISE_BEZIER_KNOTS.);
#9690 = CARTESIAN_POINT('',(1.414213562373,-8.6));
#9691 = CARTESIAN_POINT('',(1.414213562373,0.));
#9692 = ( GEOMETRIC_REPRESENTATION_CONTEXT(2) 
PARAMETRIC_REPRESENTATION_CONTEXT() REPRESENTATION_CONTEXT('2D SPACE',''
  ) );
#9693 = ORIENTED_EDGE('',*,*,#9694,.T.);
#9694 = EDGE_CURVE('',#9669,#9695,#9697,.T.);
#9695 = VERTEX_POINT('',#9696);
#9696 = CARTESIAN_POINT('',(22.3,37.439191898579,29.7));
#9697 = SURFACE_CURVE('',#9698,(#9702,#9708),.PCURVE_S1.);
#9698 = LINE('',#9699,#9700);
#9699 = CARTESIAN_POINT('',(22.3,37.439191898579,11.301902961144));
#9700 = VECTOR('',#9701,1.);
#9701 = DIRECTION('',(0.,0.,1.));
#9702 = PCURVE('',#9116,#9703);
#9703 = DEFINITIONAL_REPRESENTATION('',(#9704),#9707);
#9704 = B_SPLINE_CURVE_WITH_KNOTS('',1,(#9705,#9706),.UNSPECIFIED.,.F.,
  .F.,(2,2),(1.058905140278,18.398097038856),.PIECEWISE_BEZIER_KNOTS.);
#9705 = CARTESIAN_POINT('',(12.360808101421,52.3));
#9706 = CARTESIAN_POINT('',(29.7,52.3));
#9707 = ( GEOMETRIC_REPRESENTATION_CONTEXT(2) 
PARAMETRIC_REPRESENTATION_CONTEXT() REPRESENTATION_CONTEXT('2D SPACE',''
  ) );
#9708 = PCURVE('',#9709,#9714);
#9709 = PLANE('',#9710);
#9710 = AXIS2_PLACEMENT_3D('',#9711,#9712,#9713);
#9711 = CARTESIAN_POINT('',(22.3,34.542907781216,22.603805922287));
#9712 = DIRECTION('',(-1.,-0.,-0.));
#9713 = DIRECTION('',(0.,0.,-1.));
#9714 = DEFINITIONAL_REPRESENTATION('',(#9715),#9718);
#9715 = B_SPLINE_CURVE_WITH_KNOTS('',1,(#9716,#9717),.UNSPECIFIED.,.F.,
  .F.,(2,2),(1.058905140278,18.398097038856),.PIECEWISE_BEZIER_KNOTS.);
#9716 = CARTESIAN_POINT('',(10.242997820866,-2.896284117363));
#9717 = CARTESIAN_POINT('',(-7.096194077713,-2.896284117363));
#9718 = ( GEOMETRIC_REPRESENTATION_CONTEXT(2) 
PARAMETRIC_REPRESENTATION_CONTEXT() REPRESENTATION_CONTEXT('2D SPACE',''
  ) );
#9719 = ORIENTED_EDGE('',*,*,#9720,.T.);
#9720 = EDGE_CURVE('',#9695,#9721,#9723,.T.);
#9721 = VERTEX_POINT('',#9722);
#9722 = CARTESIAN_POINT('',(26.,37.439191898579,29.7));
#9723 = SURFACE_CURVE('',#9724,(#9728,#9735),.PCURVE_S1.);
#9724 = LINE('',#9725,#9726);
#9725 = CARTESIAN_POINT('',(-26.,37.439191898579,29.7));
#9726 = VECTOR('',#9727,1.);
#9727 = DIRECTION('',(1.,0.,0.));
#9728 = PCURVE('',#9116,#9729);
#9729 = DEFINITIONAL_REPRESENTATION('',(#9730),#9734);
#9730 = LINE('',#9731,#9732);
#9731 = CARTESIAN_POINT('',(29.7,4.));
#9732 = VECTOR('',#9733,1.);
#9733 = DIRECTION('',(0.,1.));
#9734 = ( GEOMETRIC_REPRESENTATION_CONTEXT(2) 
PARAMETRIC_REPRESENTATION_CONTEXT() REPRESENTATION_CONTEXT('2D SPACE',''
  ) );
#9735 = PCURVE('',#9736,#9741);
#9736 = PLANE('',#9737);
#9737 = AXIS2_PLACEMENT_3D('',#9738,#9739,#9740);
#9738 = CARTESIAN_POINT('',(-26.,37.589191898579,29.85));
#9739 = DIRECTION('',(0.,0.707106781187,-0.707106781187));
#9740 = DIRECTION('',(-1.,-0.,-0.));
#9741 = DEFINITIONAL_REPRESENTATION('',(#9742),#9746);
#9742 = LINE('',#9743,#9744);
#9743 = CARTESIAN_POINT('',(-0.,-0.212132034356));
#9744 = VECTOR('',#9745,1.);
#9745 = DIRECTION('',(-1.,0.));
#9746 = ( GEOMETRIC_REPRESENTATION_CONTEXT(2) 
PARAMETRIC_REPRESENTATION_CONTEXT() REPRESENTATION_CONTEXT('2D SPACE',''
  ) );
#9747 = ORIENTED_EDGE('',*,*,#9748,.F.);
#9748 = EDGE_CURVE('',#9749,#9721,#9751,.T.);
#9749 = VERTEX_POINT('',#9750);
#9750 = CARTESIAN_POINT('',(26.,37.439191898579,0.8));
#9751 = SURFACE_CURVE('',#9752,(#9756,#9763),.PCURVE_S1.);
#9752 = LINE('',#9753,#9754);
#9753 = CARTESIAN_POINT('',(26.,37.439191898579,0.));
#9754 = VECTOR('',#9755,1.);
#9755 = DIRECTION('',(0.,0.,1.));
#9756 = PCURVE('',#9116,#9757);
#9757 = DEFINITIONAL_REPRESENTATION('',(#9758),#9762);
#9758 = LINE('',#9759,#9760);
#9759 = CARTESIAN_POINT('',(0.,56.));
#9760 = VECTOR('',#9761,1.);
#9761 = DIRECTION('',(1.,0.));
#9762 = ( GEOMETRIC_REPRESENTATION_CONTEXT(2) 
PARAMETRIC_REPRESENTATION_CONTEXT() REPRESENTATION_CONTEXT('2D SPACE',''
  ) );
#9763 = PCURVE('',#9764,#9769);
#9764 = CYLINDRICAL_SURFACE('',#9765,4.);
#9765 = AXIS2_PLACEMENT_3D('',#9766,#9767,#9768);
#9766 = CARTESIAN_POINT('',(26.,41.439191898579,0.));
#9767 = DIRECTION('',(0.,0.,1.));
#9768 = DIRECTION('',(1.,0.,-0.));
#9769 = DEFINITIONAL_REPRESENTATION('',(#9770),#9774);
#9770 = LINE('',#9771,#9772);
#9771 = CARTESIAN_POINT('',(-1.570796326795,0.));
#9772 = VECTOR('',#9773,1.);
#9773 = DIRECTION('',(-0.,1.));
#9774 = ( GEOMETRIC_REPRESENTATION_CONTEXT(2) 
PARAMETRIC_REPRESENTATION_CONTEXT() REPRESENTATION_CONTEXT('2D SPACE',''
  ) );
#9775 = ORIENTED_EDGE('',*,*,#9776,.T.);
#9776 = EDGE_CURVE('',#9749,#9072,#9777,.T.);
#9777 = SURFACE_CURVE('',#9778,(#9782,#9789),.PCURVE_S1.);
#9778 = LINE('',#9779,#9780);
#9779 = CARTESIAN_POINT('',(26.,37.439191898579,0.8));
#9780 = VECTOR('',#9781,1.);
#9781 = DIRECTION('',(-1.,-0.,-0.));
#9782 = PCURVE('',#9116,#9783);
#9783 = DEFINITIONAL_REPRESENTATION('',(#9784),#9788);
#9784 = LINE('',#9785,#9786);
#9785 = CARTESIAN_POINT('',(0.8,56.));
#9786 = VECTOR('',#9787,1.);
#9787 = DIRECTION('',(0.,-1.));
#9788 = ( GEOMETRIC_REPRESENTATION_CONTEXT(2) 
PARAMETRIC_REPRESENTATION_CONTEXT() REPRESENTATION_CONTEXT('2D SPACE',''
  ) );
#9789 = PCURVE('',#9469,#9790);
#9790 = DEFINITIONAL_REPRESENTATION('',(#9791),#9795);
#9791 = LINE('',#9792,#9793);
#9792 = CARTESIAN_POINT('',(4.237045877652E-33,-0.565685424949));
#9793 = VECTOR('',#9794,1.);
#9794 = DIRECTION('',(1.,0.));
#9795 = ( GEOMETRIC_REPRESENTATION_CONTEXT(2) 
PARAMETRIC_REPRESENTATION_CONTEXT() REPRESENTATION_CONTEXT('2D SPACE',''
  ) );
#9796 = ADVANCED_FACE('',(#9797),#9174,.T.);
#9797 = FACE_BOUND('',#9798,.T.);
#9798 = EDGE_LOOP('',(#9799,#9827,#9828,#9829));
#9799 = ORIENTED_EDGE('',*,*,#9800,.F.);
#9800 = EDGE_CURVE('',#9346,#9801,#9803,.T.);
#9801 = VERTEX_POINT('',#9802);
#9802 = CARTESIAN_POINT('',(-26.,77.139191898579,30.));
#9803 = SURFACE_CURVE('',#9804,(#9808,#9815),.PCURVE_S1.);
#9804 = LINE('',#9805,#9806);
#9805 = CARTESIAN_POINT('',(-26.,77.289191898579,29.85));
#9806 = VECTOR('',#9807,1.);
#9807 = DIRECTION('',(0.,-0.707106781187,0.707106781187));
#9808 = PCURVE('',#9174,#9809);
#9809 = DEFINITIONAL_REPRESENTATION('',(#9810),#9814);
#9810 = LINE('',#9811,#9812);
#9811 = CARTESIAN_POINT('',(-0.,-0.15));
#9812 = VECTOR('',#9813,1.);
#9813 = DIRECTION('',(-0.,-1.));
#9814 = ( GEOMETRIC_REPRESENTATION_CONTEXT(2) 
PARAMETRIC_REPRESENTATION_CONTEXT() REPRESENTATION_CONTEXT('2D SPACE',''
  ) );
#9815 = PCURVE('',#9816,#9821);
#9816 = PLANE('',#9817);
#9817 = AXIS2_PLACEMENT_3D('',#9818,#9819,#9820);
#9818 = CARTESIAN_POINT('',(26.,77.289191898579,29.85));
#9819 = DIRECTION('',(0.,0.707106781187,0.707106781187));
#9820 = DIRECTION('',(-1.,0.,0.));
#9821 = DEFINITIONAL_REPRESENTATION('',(#9822),#9826);
#9822 = LINE('',#9823,#9824);
#9823 = CARTESIAN_POINT('',(52.,0.));
#9824 = VECTOR('',#9825,1.);
#9825 = DIRECTION('',(0.,1.));
#9826 = ( GEOMETRIC_REPRESENTATION_CONTEXT(2) 
PARAMETRIC_REPRESENTATION_CONTEXT() REPRESENTATION_CONTEXT('2D SPACE',''
  ) );
#9827 = ORIENTED_EDGE('',*,*,#9373,.T.);
#9828 = ORIENTED_EDGE('',*,*,#9158,.T.);
#9829 = ORIENTED_EDGE('',*,*,#9830,.F.);
#9830 = EDGE_CURVE('',#9801,#9159,#9831,.T.);
#9831 = SURFACE_CURVE('',#9832,(#9837,#9844),.PCURVE_S1.);
#9832 = CIRCLE('',#9833,3.7);
#9833 = AXIS2_PLACEMENT_3D('',#9834,#9835,#9836);
#9834 = CARTESIAN_POINT('',(-26.,73.439191898579,30.));
#9835 = DIRECTION('',(0.,0.,1.));
#9836 = DIRECTION('',(0.,1.,-0.));
#9837 = PCURVE('',#9174,#9838);
#9838 = DEFINITIONAL_REPRESENTATION('',(#9839),#9843);
#9839 = LINE('',#9840,#9841);
#9840 = CARTESIAN_POINT('',(-0.,-0.3));
#9841 = VECTOR('',#9842,1.);
#9842 = DIRECTION('',(-1.,-0.));
#9843 = ( GEOMETRIC_REPRESENTATION_CONTEXT(2) 
PARAMETRIC_REPRESENTATION_CONTEXT() REPRESENTATION_CONTEXT('2D SPACE',''
  ) );
#9844 = PCURVE('',#9224,#9845);
#9845 = DEFINITIONAL_REPRESENTATION('',(#9846),#9850);
#9846 = CIRCLE('',#9847,3.7);
#9847 = AXIS2_PLACEMENT_2D('',#9848,#9849);
#9848 = CARTESIAN_POINT('',(4.,36.));
#9849 = DIRECTION('',(0.,1.));
#9850 = ( GEOMETRIC_REPRESENTATION_CONTEXT(2) 
PARAMETRIC_REPRESENTATION_CONTEXT() REPRESENTATION_CONTEXT('2D SPACE',''
  ) );
#9851 = ADVANCED_FACE('',(#9852,#10179),#9224,.T.);
#9852 = FACE_BOUND('',#9853,.T.);
#9853 = EDGE_LOOP('',(#9854,#9855,#9856,#9857,#9880,#9903,#9930,#9953,
    #9976,#9999,#10026,#10049,#10072,#10101,#10129,#10158));
#9854 = ORIENTED_EDGE('',*,*,#9830,.T.);
#9855 = ORIENTED_EDGE('',*,*,#9210,.T.);
#9856 = ORIENTED_EDGE('',*,*,#9428,.T.);
#9857 = ORIENTED_EDGE('',*,*,#9858,.T.);
#9858 = EDGE_CURVE('',#9401,#9859,#9861,.T.);
#9859 = VERTEX_POINT('',#9860);
#9860 = CARTESIAN_POINT('',(-22.3,37.739191898579,30.));
#9861 = SURFACE_CURVE('',#9862,(#9866,#9873),.PCURVE_S1.);
#9862 = LINE('',#9863,#9864);
#9863 = CARTESIAN_POINT('',(-26.,37.739191898579,30.));
#9864 = VECTOR('',#9865,1.);
#9865 = DIRECTION('',(1.,0.,0.));
#9866 = PCURVE('',#9224,#9867);
#9867 = DEFINITIONAL_REPRESENTATION('',(#9868),#9872);
#9868 = LINE('',#9869,#9870);
#9869 = CARTESIAN_POINT('',(4.,0.3));
#9870 = VECTOR('',#9871,1.);
#9871 = DIRECTION('',(1.,0.));
#9872 = ( GEOMETRIC_REPRESENTATION_CONTEXT(2) 
PARAMETRIC_REPRESENTATION_CONTEXT() REPRESENTATION_CONTEXT('2D SPACE',''
  ) );
#9873 = PCURVE('',#9416,#9874);
#9874 = DEFINITIONAL_REPRESENTATION('',(#9875),#9879);
#9875 = LINE('',#9876,#9877);
#9876 = CARTESIAN_POINT('',(-0.,0.212132034356));
#9877 = VECTOR('',#9878,1.);
#9878 = DIRECTION('',(-1.,0.));
#9879 = ( GEOMETRIC_REPRESENTATION_CONTEXT(2) 
PARAMETRIC_REPRESENTATION_CONTEXT() REPRESENTATION_CONTEXT('2D SPACE',''
  ) );
#9880 = ORIENTED_EDGE('',*,*,#9881,.F.);
#9881 = EDGE_CURVE('',#9882,#9859,#9884,.T.);
#9882 = VERTEX_POINT('',#9883);
#9883 = CARTESIAN_POINT('',(-22.3,34.319595949289,30.));
#9884 = SURFACE_CURVE('',#9885,(#9889,#9896),.PCURVE_S1.);
#9885 = LINE('',#9886,#9887);
#9886 = CARTESIAN_POINT('',(-22.3,28.719595949289,30.));
#9887 = VECTOR('',#9888,1.);
#9888 = DIRECTION('',(0.,1.,0.));
#9889 = PCURVE('',#9224,#9890);
#9890 = DEFINITIONAL_REPRESENTATION('',(#9891),#9895);
#9891 = LINE('',#9892,#9893);
#9892 = CARTESIAN_POINT('',(7.7,-8.719595949289));
#9893 = VECTOR('',#9894,1.);
#9894 = DIRECTION('',(0.,1.));
#9895 = ( GEOMETRIC_REPRESENTATION_CONTEXT(2) 
PARAMETRIC_REPRESENTATION_CONTEXT() REPRESENTATION_CONTEXT('2D SPACE',''
  ) );
#9896 = PCURVE('',#9551,#9897);
#9897 = DEFINITIONAL_REPRESENTATION('',(#9898),#9902);
#9898 = LINE('',#9899,#9900);
#9899 = CARTESIAN_POINT('',(0.692127134813,7.105427357601E-15));
#9900 = VECTOR('',#9901,1.);
#9901 = DIRECTION('',(0.,-1.));
#9902 = ( GEOMETRIC_REPRESENTATION_CONTEXT(2) 
PARAMETRIC_REPRESENTATION_CONTEXT() REPRESENTATION_CONTEXT('2D SPACE',''
  ) );
#9903 = ORIENTED_EDGE('',*,*,#9904,.F.);
#9904 = EDGE_CURVE('',#9905,#9882,#9907,.T.);
#9905 = VERTEX_POINT('',#9906);
#9906 = CARTESIAN_POINT('',(-13.7,34.319595949289,30.));
#9907 = SURFACE_CURVE('',#9908,(#9912,#9919),.PCURVE_S1.);
#9908 = LINE('',#9909,#9910);
#9909 = CARTESIAN_POINT('',(-22.3,34.319595949289,30.));
#9910 = VECTOR('',#9911,1.);
#9911 = DIRECTION('',(-1.,-0.,0.));
#9912 = PCURVE('',#9224,#9913);
#9913 = DEFINITIONAL_REPRESENTATION('',(#9914),#9918);
#9914 = LINE('',#9915,#9916);
#9915 = CARTESIAN_POINT('',(7.7,-3.119595949289));
#9916 = VECTOR('',#9917,1.);
#9917 = DIRECTION('',(-1.,0.));
#9918 = ( GEOMETRIC_REPRESENTATION_CONTEXT(2) 
PARAMETRIC_REPRESENTATION_CONTEXT() REPRESENTATION_CONTEXT('2D SPACE',''
  ) );
#9919 = PCURVE('',#9920,#9925);
#9920 = CYLINDRICAL_SURFACE('',#9921,5.6);
#9921 = AXIS2_PLACEMENT_3D('',#9922,#9923,#9924);
#9922 = CARTESIAN_POINT('',(-22.3,28.719595949289,30.));
#9923 = DIRECTION('',(-1.,-0.,0.));
#9924 = DIRECTION('',(-0.,0.707106781187,-0.707106781187));
#9925 = DEFINITIONAL_REPRESENTATION('',(#9926),#9929);
#9926 = B_SPLINE_CURVE_WITH_KNOTS('',1,(#9927,#9928),.UNSPECIFIED.,.F.,
  .F.,(2,2),(-8.6000006,5.999999999062E-07),.PIECEWISE_BEZIER_KNOTS.);
#9927 = CARTESIAN_POINT('',(-0.785398163397,-8.6000006));
#9928 = CARTESIAN_POINT('',(-0.785398163397,5.999999999062E-07));
#9929 = ( GEOMETRIC_REPRESENTATION_CONTEXT(2) 
PARAMETRIC_REPRESENTATION_CONTEXT() REPRESENTATION_CONTEXT('2D SPACE',''
  ) );
#9930 = ORIENTED_EDGE('',*,*,#9931,.T.);
#9931 = EDGE_CURVE('',#9905,#9932,#9934,.T.);
#9932 = VERTEX_POINT('',#9933);
#9933 = CARTESIAN_POINT('',(-13.7,37.739191898579,30.));
#9934 = SURFACE_CURVE('',#9935,(#9939,#9946),.PCURVE_S1.);
#9935 = LINE('',#9936,#9937);
#9936 = CARTESIAN_POINT('',(-13.7,28.719595949289,30.));
#9937 = VECTOR('',#9938,1.);
#9938 = DIRECTION('',(0.,1.,0.));
#9939 = PCURVE('',#9224,#9940);
#9940 = DEFINITIONAL_REPRESENTATION('',(#9941),#9945);
#9941 = LINE('',#9942,#9943);
#9942 = CARTESIAN_POINT('',(16.3,-8.719595949289));
#9943 = VECTOR('',#9944,1.);
#9944 = DIRECTION('',(0.,1.));
#9945 = ( GEOMETRIC_REPRESENTATION_CONTEXT(2) 
PARAMETRIC_REPRESENTATION_CONTEXT() REPRESENTATION_CONTEXT('2D SPACE',''
  ) );
#9946 = PCURVE('',#9603,#9947);
#9947 = DEFINITIONAL_REPRESENTATION('',(#9948),#9952);
#9948 = LINE('',#9949,#9950);
#9949 = CARTESIAN_POINT('',(-7.396194077713,5.823311831926));
#9950 = VECTOR('',#9951,1.);
#9951 = DIRECTION('',(0.,-1.));
#9952 = ( GEOMETRIC_REPRESENTATION_CONTEXT(2) 
PARAMETRIC_REPRESENTATION_CONTEXT() REPRESENTATION_CONTEXT('2D SPACE',''
  ) );
#9953 = ORIENTED_EDGE('',*,*,#9954,.T.);
#9954 = EDGE_CURVE('',#9932,#9955,#9957,.T.);
#9955 = VERTEX_POINT('',#9956);
#9956 = CARTESIAN_POINT('',(13.7,37.739191898579,30.));
#9957 = SURFACE_CURVE('',#9958,(#9962,#9969),.PCURVE_S1.);
#9958 = LINE('',#9959,#9960);
#9959 = CARTESIAN_POINT('',(-26.,37.739191898579,30.));
#9960 = VECTOR('',#9961,1.);
#9961 = DIRECTION('',(1.,0.,0.));
#9962 = PCURVE('',#9224,#9963);
#9963 = DEFINITIONAL_REPRESENTATION('',(#9964),#9968);
#9964 = LINE('',#9965,#9966);
#9965 = CARTESIAN_POINT('',(4.,0.3));
#9966 = VECTOR('',#9967,1.);
#9967 = DIRECTION('',(1.,0.));
#9968 = ( GEOMETRIC_REPRESENTATION_CONTEXT(2) 
PARAMETRIC_REPRESENTATION_CONTEXT() REPRESENTATION_CONTEXT('2D SPACE',''
  ) );
#9969 = PCURVE('',#9630,#9970);
#9970 = DEFINITIONAL_REPRESENTATION('',(#9971),#9975);
#9971 = LINE('',#9972,#9973);
#9972 = CARTESIAN_POINT('',(-0.,0.212132034356));
#9973 = VECTOR('',#9974,1.);
#9974 = DIRECTION('',(-1.,0.));
#9975 = ( GEOMETRIC_REPRESENTATION_CONTEXT(2) 
PARAMETRIC_REPRESENTATION_CONTEXT() REPRESENTATION_CONTEXT('2D SPACE',''
  ) );
#9976 = ORIENTED_EDGE('',*,*,#9977,.F.);
#9977 = EDGE_CURVE('',#9978,#9955,#9980,.T.);
#9978 = VERTEX_POINT('',#9979);
#9979 = CARTESIAN_POINT('',(13.7,34.319595949289,30.));
#9980 = SURFACE_CURVE('',#9981,(#9985,#9992),.PCURVE_S1.);
#9981 = LINE('',#9982,#9983);
#9982 = CARTESIAN_POINT('',(13.7,28.719595949289,30.));
#9983 = VECTOR('',#9984,1.);
#9984 = DIRECTION('',(0.,1.,0.));
#9985 = PCURVE('',#9224,#9986);
#9986 = DEFINITIONAL_REPRESENTATION('',(#9987),#9991);
#9987 = LINE('',#9988,#9989);
#9988 = CARTESIAN_POINT('',(43.7,-8.719595949289));
#9989 = VECTOR('',#9990,1.);
#9990 = DIRECTION('',(0.,1.));
#9991 = ( GEOMETRIC_REPRESENTATION_CONTEXT(2) 
PARAMETRIC_REPRESENTATION_CONTEXT() REPRESENTATION_CONTEXT('2D SPACE',''
  ) );
#9992 = PCURVE('',#9657,#9993);
#9993 = DEFINITIONAL_REPRESENTATION('',(#9994),#9998);
#9994 = LINE('',#9995,#9996);
#9995 = CARTESIAN_POINT('',(0.692127134813,7.105427357601E-15));
#9996 = VECTOR('',#9997,1.);
#9997 = DIRECTION('',(0.,-1.));
#9998 = ( GEOMETRIC_REPRESENTATION_CONTEXT(2) 
PARAMETRIC_REPRESENTATION_CONTEXT() REPRESENTATION_CONTEXT('2D SPACE',''
  ) );
#9999 = ORIENTED_EDGE('',*,*,#10000,.F.);
#10000 = EDGE_CURVE('',#10001,#9978,#10003,.T.);
#10001 = VERTEX_POINT('',#10002);
#10002 = CARTESIAN_POINT('',(22.3,34.319595949289,30.));
#10003 = SURFACE_CURVE('',#10004,(#10008,#10015),.PCURVE_S1.);
#10004 = LINE('',#10005,#10006);
#10005 = CARTESIAN_POINT('',(13.7,34.319595949289,30.));
#10006 = VECTOR('',#10007,1.);
#10007 = DIRECTION('',(-1.,-0.,0.));
#10008 = PCURVE('',#9224,#10009);
#10009 = DEFINITIONAL_REPRESENTATION('',(#10010),#10014);
#10010 = LINE('',#10011,#10012);
#10011 = CARTESIAN_POINT('',(43.7,-3.119595949289));
#10012 = VECTOR('',#10013,1.);
#10013 = DIRECTION('',(-1.,0.));
#10014 = ( GEOMETRIC_REPRESENTATION_CONTEXT(2) 
PARAMETRIC_REPRESENTATION_CONTEXT() REPRESENTATION_CONTEXT('2D SPACE',''
  ) );
#10015 = PCURVE('',#10016,#10021);
#10016 = CYLINDRICAL_SURFACE('',#10017,5.6);
#10017 = AXIS2_PLACEMENT_3D('',#10018,#10019,#10020);
#10018 = CARTESIAN_POINT('',(13.7,28.719595949289,30.));
#10019 = DIRECTION('',(-1.,-0.,0.));
#10020 = DIRECTION('',(-0.,0.707106781187,-0.707106781187));
#10021 = DEFINITIONAL_REPRESENTATION('',(#10022),#10025);
#10022 = B_SPLINE_CURVE_WITH_KNOTS('',1,(#10023,#10024),.UNSPECIFIED.,
  .F.,.F.,(2,2),(-8.6000006,5.999999999062E-07),
  .PIECEWISE_BEZIER_KNOTS.);
#10023 = CARTESIAN_POINT('',(-0.785398163397,-8.6000006));
#10024 = CARTESIAN_POINT('',(-0.785398163397,5.999999999062E-07));
#10025 = ( GEOMETRIC_REPRESENTATION_CONTEXT(2) 
PARAMETRIC_REPRESENTATION_CONTEXT() REPRESENTATION_CONTEXT('2D SPACE',''
  ) );
#10026 = ORIENTED_EDGE('',*,*,#10027,.T.);
#10027 = EDGE_CURVE('',#10001,#10028,#10030,.T.);
#10028 = VERTEX_POINT('',#10029);
#10029 = CARTESIAN_POINT('',(22.3,37.739191898579,30.));
#10030 = SURFACE_CURVE('',#10031,(#10035,#10042),.PCURVE_S1.);
#10031 = LINE('',#10032,#10033);
#10032 = CARTESIAN_POINT('',(22.3,28.719595949289,30.));
#10033 = VECTOR('',#10034,1.);
#10034 = DIRECTION('',(0.,1.,0.));
#10035 = PCURVE('',#9224,#10036);
#10036 = DEFINITIONAL_REPRESENTATION('',(#10037),#10041);
#10037 = LINE('',#10038,#10039);
#10038 = CARTESIAN_POINT('',(52.3,-8.719595949289));
#10039 = VECTOR('',#10040,1.);
#10040 = DIRECTION('',(0.,1.));
#10041 = ( GEOMETRIC_REPRESENTATION_CONTEXT(2) 
PARAMETRIC_REPRESENTATION_CONTEXT() REPRESENTATION_CONTEXT('2D SPACE',''
  ) );
#10042 = PCURVE('',#9709,#10043);
#10043 = DEFINITIONAL_REPRESENTATION('',(#10044),#10048);
#10044 = LINE('',#10045,#10046);
#10045 = CARTESIAN_POINT('',(-7.396194077713,5.823311831926));
#10046 = VECTOR('',#10047,1.);
#10047 = DIRECTION('',(0.,-1.));
#10048 = ( GEOMETRIC_REPRESENTATION_CONTEXT(2) 
PARAMETRIC_REPRESENTATION_CONTEXT() REPRESENTATION_CONTEXT('2D SPACE',''
  ) );
#10049 = ORIENTED_EDGE('',*,*,#10050,.T.);
#10050 = EDGE_CURVE('',#10028,#10051,#10053,.T.);
#10051 = VERTEX_POINT('',#10052);
#10052 = CARTESIAN_POINT('',(26.,37.739191898579,30.));
#10053 = SURFACE_CURVE('',#10054,(#10058,#10065),.PCURVE_S1.);
#10054 = LINE('',#10055,#10056);
#10055 = CARTESIAN_POINT('',(-26.,37.739191898579,30.));
#10056 = VECTOR('',#10057,1.);
#10057 = DIRECTION('',(1.,0.,0.));
#10058 = PCURVE('',#9224,#10059);
#10059 = DEFINITIONAL_REPRESENTATION('',(#10060),#10064);
#10060 = LINE('',#10061,#10062);
#10061 = CARTESIAN_POINT('',(4.,0.3));
#10062 = VECTOR('',#10063,1.);
#10063 = DIRECTION('',(1.,0.));
#10064 = ( GEOMETRIC_REPRESENTATION_CONTEXT(2) 
PARAMETRIC_REPRESENTATION_CONTEXT() REPRESENTATION_CONTEXT('2D SPACE',''
  ) );
#10065 = PCURVE('',#9736,#10066);
#10066 = DEFINITIONAL_REPRESENTATION('',(#10067),#10071);
#10067 = LINE('',#10068,#10069);
#10068 = CARTESIAN_POINT('',(-0.,0.212132034356));
#10069 = VECTOR('',#10070,1.);
#10070 = DIRECTION('',(-1.,0.));
#10071 = ( GEOMETRIC_REPRESENTATION_CONTEXT(2) 
PARAMETRIC_REPRESENTATION_CONTEXT() REPRESENTATION_CONTEXT('2D SPACE',''
  ) );
#10072 = ORIENTED_EDGE('',*,*,#10073,.T.);
#10073 = EDGE_CURVE('',#10051,#10074,#10076,.T.);
#10074 = VERTEX_POINT('',#10075);
#10075 = CARTESIAN_POINT('',(29.7,41.439191898579,30.));
#10076 = SURFACE_CURVE('',#10077,(#10082,#10089),.PCURVE_S1.);
#10077 = CIRCLE('',#10078,3.7);
#10078 = AXIS2_PLACEMENT_3D('',#10079,#10080,#10081);
#10079 = CARTESIAN_POINT('',(26.,41.439191898579,30.));
#10080 = DIRECTION('',(0.,0.,1.));
#10081 = DIRECTION('',(0.,-1.,0.));
#10082 = PCURVE('',#9224,#10083);
#10083 = DEFINITIONAL_REPRESENTATION('',(#10084),#10088);
#10084 = CIRCLE('',#10085,3.7);
#10085 = AXIS2_PLACEMENT_2D('',#10086,#10087);
#10086 = CARTESIAN_POINT('',(56.,4.));
#10087 = DIRECTION('',(0.,-1.));
#10088 = ( GEOMETRIC_REPRESENTATION_CONTEXT(2) 
PARAMETRIC_REPRESENTATION_CONTEXT() REPRESENTATION_CONTEXT('2D SPACE',''
  ) );
#10089 = PCURVE('',#10090,#10095);
#10090 = CONICAL_SURFACE('',#10091,4.,0.785398163397);
#10091 = AXIS2_PLACEMENT_3D('',#10092,#10093,#10094);
#10092 = CARTESIAN_POINT('',(26.,41.439191898579,29.7));
#10093 = DIRECTION('',(-0.,-0.,-1.));
#10094 = DIRECTION('',(0.,-1.,0.));
#10095 = DEFINITIONAL_REPRESENTATION('',(#10096),#10100);
#10096 = LINE('',#10097,#10098);
#10097 = CARTESIAN_POINT('',(-0.,-0.3));
#10098 = VECTOR('',#10099,1.);
#10099 = DIRECTION('',(-1.,-0.));
#10100 = ( GEOMETRIC_REPRESENTATION_CONTEXT(2) 
PARAMETRIC_REPRESENTATION_CONTEXT() REPRESENTATION_CONTEXT('2D SPACE',''
  ) );
#10101 = ORIENTED_EDGE('',*,*,#10102,.T.);
#10102 = EDGE_CURVE('',#10074,#10103,#10105,.T.);
#10103 = VERTEX_POINT('',#10104);
#10104 = CARTESIAN_POINT('',(29.7,73.439191898579,30.));
#10105 = SURFACE_CURVE('',#10106,(#10110,#10117),.PCURVE_S1.);
#10106 = LINE('',#10107,#10108);
#10107 = CARTESIAN_POINT('',(29.7,41.439191898579,30.));
#10108 = VECTOR('',#10109,1.);
#10109 = DIRECTION('',(0.,1.,0.));
#10110 = PCURVE('',#9224,#10111);
#10111 = DEFINITIONAL_REPRESENTATION('',(#10112),#10116);
#10112 = LINE('',#10113,#10114);
#10113 = CARTESIAN_POINT('',(59.7,4.));
#10114 = VECTOR('',#10115,1.);
#10115 = DIRECTION('',(0.,1.));
#10116 = ( GEOMETRIC_REPRESENTATION_CONTEXT(2) 
PARAMETRIC_REPRESENTATION_CONTEXT() REPRESENTATION_CONTEXT('2D SPACE',''
  ) );
#10117 = PCURVE('',#10118,#10123);
#10118 = PLANE('',#10119);
#10119 = AXIS2_PLACEMENT_3D('',#10120,#10121,#10122);
#10120 = CARTESIAN_POINT('',(29.85,41.439191898579,29.85));
#10121 = DIRECTION('',(0.707106781187,0.,0.707106781187));
#10122 = DIRECTION('',(-0.,1.,0.));
#10123 = DEFINITIONAL_REPRESENTATION('',(#10124),#10128);
#10124 = LINE('',#10125,#10126);
#10125 = CARTESIAN_POINT('',(0.,0.212132034356));
#10126 = VECTOR('',#10127,1.);
#10127 = DIRECTION('',(1.,0.));
#10128 = ( GEOMETRIC_REPRESENTATION_CONTEXT(2) 
PARAMETRIC_REPRESENTATION_CONTEXT() REPRESENTATION_CONTEXT('2D SPACE',''
  ) );
#10129 = ORIENTED_EDGE('',*,*,#10130,.T.);
#10130 = EDGE_CURVE('',#10103,#10131,#10133,.T.);
#10131 = VERTEX_POINT('',#10132);
#10132 = CARTESIAN_POINT('',(26.,77.139191898579,30.));
#10133 = SURFACE_CURVE('',#10134,(#10139,#10146),.PCURVE_S1.);
#10134 = CIRCLE('',#10135,3.7);
#10135 = AXIS2_PLACEMENT_3D('',#10136,#10137,#10138);
#10136 = CARTESIAN_POINT('',(26.,73.439191898579,30.));
#10137 = DIRECTION('',(0.,0.,1.));
#10138 = DIRECTION('',(1.,0.,-0.));
#10139 = PCURVE('',#9224,#10140);
#10140 = DEFINITIONAL_REPRESENTATION('',(#10141),#10145);
#10141 = CIRCLE('',#10142,3.7);
#10142 = AXIS2_PLACEMENT_2D('',#10143,#10144);
#10143 = CARTESIAN_POINT('',(56.,36.));
#10144 = DIRECTION('',(1.,0.));
#10145 = ( GEOMETRIC_REPRESENTATION_CONTEXT(2) 
PARAMETRIC_REPRESENTATION_CONTEXT() REPRESENTATION_CONTEXT('2D SPACE',''
  ) );
#10146 = PCURVE('',#10147,#10152);
#10147 = CONICAL_SURFACE('',#10148,4.,0.785398163397);
#10148 = AXIS2_PLACEMENT_3D('',#10149,#10150,#10151);
#10149 = CARTESIAN_POINT('',(26.,73.439191898579,29.7));
#10150 = DIRECTION('',(-0.,-0.,-1.));
#10151 = DIRECTION('',(1.,0.,0.));
#10152 = DEFINITIONAL_REPRESENTATION('',(#10153),#10157);
#10153 = LINE('',#10154,#10155);
#10154 = CARTESIAN_POINT('',(-0.,-0.3));
#10155 = VECTOR('',#10156,1.);
#10156 = DIRECTION('',(-1.,-0.));
#10157 = ( GEOMETRIC_REPRESENTATION_CONTEXT(2) 
PARAMETRIC_REPRESENTATION_CONTEXT() REPRESENTATION_CONTEXT('2D SPACE',''
  ) );
#10158 = ORIENTED_EDGE('',*,*,#10159,.T.);
#10159 = EDGE_CURVE('',#10131,#9801,#10160,.T.);
#10160 = SURFACE_CURVE('',#10161,(#10165,#10172),.PCURVE_S1.);
#10161 = LINE('',#10162,#10163);
#10162 = CARTESIAN_POINT('',(26.,77.139191898579,30.));
#10163 = VECTOR('',#10164,1.);
#10164 = DIRECTION('',(-1.,-0.,-0.));
#10165 = PCURVE('',#9224,#10166);
#10166 = DEFINITIONAL_REPRESENTATION('',(#10167),#10171);
#10167 = LINE('',#10168,#10169);
#10168 = CARTESIAN_POINT('',(56.,39.7));
#10169 = VECTOR('',#10170,1.);
#10170 = DIRECTION('',(-1.,0.));
#10171 = ( GEOMETRIC_REPRESENTATION_CONTEXT(2) 
PARAMETRIC_REPRESENTATION_CONTEXT() REPRESENTATION_CONTEXT('2D SPACE',''
  ) );
#10172 = PCURVE('',#9816,#10173);
#10173 = DEFINITIONAL_REPRESENTATION('',(#10174),#10178);
#10174 = LINE('',#10175,#10176);
#10175 = CARTESIAN_POINT('',(0.,0.212132034356));
#10176 = VECTOR('',#10177,1.);
#10177 = DIRECTION('',(1.,0.));
#10178 = ( GEOMETRIC_REPRESENTATION_CONTEXT(2) 
PARAMETRIC_REPRESENTATION_CONTEXT() REPRESENTATION_CONTEXT('2D SPACE',''
  ) );
#10179 = FACE_BOUND('',#10180,.T.);
#10180 = EDGE_LOOP('',(#10181,#10212,#10240,#10269,#10297,#10326,#10354,
    #10383));
#10181 = ORIENTED_EDGE('',*,*,#10182,.F.);
#10182 = EDGE_CURVE('',#10183,#10185,#10187,.T.);
#10183 = VERTEX_POINT('',#10184);
#10184 = CARTESIAN_POINT('',(-27.3,41.439191898579,30.));
#10185 = VERTEX_POINT('',#10186);
#10186 = CARTESIAN_POINT('',(-26.,40.139191898579,30.));
#10187 = SURFACE_CURVE('',#10188,(#10193,#10200),.PCURVE_S1.);
#10188 = CIRCLE('',#10189,1.3);
#10189 = AXIS2_PLACEMENT_3D('',#10190,#10191,#10192);
#10190 = CARTESIAN_POINT('',(-26.,41.439191898579,30.));
#10191 = DIRECTION('',(0.,0.,1.));
#10192 = DIRECTION('',(-1.,0.,0.));
#10193 = PCURVE('',#9224,#10194);
#10194 = DEFINITIONAL_REPRESENTATION('',(#10195),#10199);
#10195 = CIRCLE('',#10196,1.3);
#10196 = AXIS2_PLACEMENT_2D('',#10197,#10198);
#10197 = CARTESIAN_POINT('',(4.,4.));
#10198 = DIRECTION('',(-1.,0.));
#10199 = ( GEOMETRIC_REPRESENTATION_CONTEXT(2) 
PARAMETRIC_REPRESENTATION_CONTEXT() REPRESENTATION_CONTEXT('2D SPACE',''
  ) );
#10200 = PCURVE('',#10201,#10206);
#10201 = CONICAL_SURFACE('',#10202,1.,0.785398163397);
#10202 = AXIS2_PLACEMENT_3D('',#10203,#10204,#10205);
#10203 = CARTESIAN_POINT('',(-26.,41.439191898579,29.7));
#10204 = DIRECTION('',(0.,0.,1.));
#10205 = DIRECTION('',(-1.,0.,0.));
#10206 = DEFINITIONAL_REPRESENTATION('',(#10207),#10211);
#10207 = LINE('',#10208,#10209);
#10208 = CARTESIAN_POINT('',(-0.,0.3));
#10209 = VECTOR('',#10210,1.);
#10210 = DIRECTION('',(1.,-0.));
#10211 = ( GEOMETRIC_REPRESENTATION_CONTEXT(2) 
PARAMETRIC_REPRESENTATION_CONTEXT() REPRESENTATION_CONTEXT('2D SPACE',''
  ) );
#10212 = ORIENTED_EDGE('',*,*,#10213,.F.);
#10213 = EDGE_CURVE('',#10214,#10183,#10216,.T.);
#10214 = VERTEX_POINT('',#10215);
#10215 = CARTESIAN_POINT('',(-27.3,73.439191898579,30.));
#10216 = SURFACE_CURVE('',#10217,(#10221,#10228),.PCURVE_S1.);
#10217 = LINE('',#10218,#10219);
#10218 = CARTESIAN_POINT('',(-27.3,73.439191898579,30.));
#10219 = VECTOR('',#10220,1.);
#10220 = DIRECTION('',(-0.,-1.,-0.));
#10221 = PCURVE('',#9224,#10222);
#10222 = DEFINITIONAL_REPRESENTATION('',(#10223),#10227);
#10223 = LINE('',#10224,#10225);
#10224 = CARTESIAN_POINT('',(2.7,36.));
#10225 = VECTOR('',#10226,1.);
#10226 = DIRECTION('',(0.,-1.));
#10227 = ( GEOMETRIC_REPRESENTATION_CONTEXT(2) 
PARAMETRIC_REPRESENTATION_CONTEXT() REPRESENTATION_CONTEXT('2D SPACE',''
  ) );
#10228 = PCURVE('',#10229,#10234);
#10229 = PLANE('',#10230);
#10230 = AXIS2_PLACEMENT_3D('',#10231,#10232,#10233);
#10231 = CARTESIAN_POINT('',(-27.15,73.439191898579,29.85));
#10232 = DIRECTION('',(0.707106781187,0.,0.707106781187));
#10233 = DIRECTION('',(0.,-1.,0.));
#10234 = DEFINITIONAL_REPRESENTATION('',(#10235),#10239);
#10235 = LINE('',#10236,#10237);
#10236 = CARTESIAN_POINT('',(0.,-0.212132034356));
#10237 = VECTOR('',#10238,1.);
#10238 = DIRECTION('',(1.,0.));
#10239 = ( GEOMETRIC_REPRESENTATION_CONTEXT(2) 
PARAMETRIC_REPRESENTATION_CONTEXT() REPRESENTATION_CONTEXT('2D SPACE',''
  ) );
#10240 = ORIENTED_EDGE('',*,*,#10241,.F.);
#10241 = EDGE_CURVE('',#10242,#10214,#10244,.T.);
#10242 = VERTEX_POINT('',#10243);
#10243 = CARTESIAN_POINT('',(-26.,74.739191898579,30.));
#10244 = SURFACE_CURVE('',#10245,(#10250,#10257),.PCURVE_S1.);
#10245 = CIRCLE('',#10246,1.3);
#10246 = AXIS2_PLACEMENT_3D('',#10247,#10248,#10249);
#10247 = CARTESIAN_POINT('',(-26.,73.439191898579,30.));
#10248 = DIRECTION('',(0.,-0.,1.));
#10249 = DIRECTION('',(0.,1.,0.));
#10250 = PCURVE('',#9224,#10251);
#10251 = DEFINITIONAL_REPRESENTATION('',(#10252),#10256);
#10252 = CIRCLE('',#10253,1.3);
#10253 = AXIS2_PLACEMENT_2D('',#10254,#10255);
#10254 = CARTESIAN_POINT('',(4.,36.));
#10255 = DIRECTION('',(0.,1.));
#10256 = ( GEOMETRIC_REPRESENTATION_CONTEXT(2) 
PARAMETRIC_REPRESENTATION_CONTEXT() REPRESENTATION_CONTEXT('2D SPACE',''
  ) );
#10257 = PCURVE('',#10258,#10263);
#10258 = CONICAL_SURFACE('',#10259,1.,0.785398163397);
#10259 = AXIS2_PLACEMENT_3D('',#10260,#10261,#10262);
#10260 = CARTESIAN_POINT('',(-26.,73.439191898579,29.7));
#10261 = DIRECTION('',(0.,0.,1.));
#10262 = DIRECTION('',(0.,1.,0.));
#10263 = DEFINITIONAL_REPRESENTATION('',(#10264),#10268);
#10264 = LINE('',#10265,#10266);
#10265 = CARTESIAN_POINT('',(-0.,0.3));
#10266 = VECTOR('',#10267,1.);
#10267 = DIRECTION('',(1.,-0.));
#10268 = ( GEOMETRIC_REPRESENTATION_CONTEXT(2) 
PARAMETRIC_REPRESENTATION_CONTEXT() REPRESENTATION_CONTEXT('2D SPACE',''
  ) );
#10269 = ORIENTED_EDGE('',*,*,#10270,.F.);
#10270 = EDGE_CURVE('',#10271,#10242,#10273,.T.);
#10271 = VERTEX_POINT('',#10272);
#10272 = CARTESIAN_POINT('',(26.,74.739191898579,30.));
#10273 = SURFACE_CURVE('',#10274,(#10278,#10285),.PCURVE_S1.);
#10274 = LINE('',#10275,#10276);
#10275 = CARTESIAN_POINT('',(26.,74.739191898579,30.));
#10276 = VECTOR('',#10277,1.);
#10277 = DIRECTION('',(-1.,0.,0.));
#10278 = PCURVE('',#9224,#10279);
#10279 = DEFINITIONAL_REPRESENTATION('',(#10280),#10284);
#10280 = LINE('',#10281,#10282);
#10281 = CARTESIAN_POINT('',(56.,37.3));
#10282 = VECTOR('',#10283,1.);
#10283 = DIRECTION('',(-1.,0.));
#10284 = ( GEOMETRIC_REPRESENTATION_CONTEXT(2) 
PARAMETRIC_REPRESENTATION_CONTEXT() REPRESENTATION_CONTEXT('2D SPACE',''
  ) );
#10285 = PCURVE('',#10286,#10291);
#10286 = PLANE('',#10287);
#10287 = AXIS2_PLACEMENT_3D('',#10288,#10289,#10290);
#10288 = CARTESIAN_POINT('',(26.,74.589191898579,29.85));
#10289 = DIRECTION('',(0.,0.707106781187,-0.707106781187));
#10290 = DIRECTION('',(1.,-0.,-0.));
#10291 = DEFINITIONAL_REPRESENTATION('',(#10292),#10296);
#10292 = LINE('',#10293,#10294);
#10293 = CARTESIAN_POINT('',(-0.,-0.212132034356));
#10294 = VECTOR('',#10295,1.);
#10295 = DIRECTION('',(-1.,0.));
#10296 = ( GEOMETRIC_REPRESENTATION_CONTEXT(2) 
PARAMETRIC_REPRESENTATION_CONTEXT() REPRESENTATION_CONTEXT('2D SPACE',''
  ) );
#10297 = ORIENTED_EDGE('',*,*,#10298,.F.);
#10298 = EDGE_CURVE('',#10299,#10271,#10301,.T.);
#10299 = VERTEX_POINT('',#10300);
#10300 = CARTESIAN_POINT('',(27.3,73.439191898579,30.));
#10301 = SURFACE_CURVE('',#10302,(#10307,#10314),.PCURVE_S1.);
#10302 = CIRCLE('',#10303,1.3);
#10303 = AXIS2_PLACEMENT_3D('',#10304,#10305,#10306);
#10304 = CARTESIAN_POINT('',(26.,73.439191898579,30.));
#10305 = DIRECTION('',(0.,0.,1.));
#10306 = DIRECTION('',(1.,0.,-0.));
#10307 = PCURVE('',#9224,#10308);
#10308 = DEFINITIONAL_REPRESENTATION('',(#10309),#10313);
#10309 = CIRCLE('',#10310,1.3);
#10310 = AXIS2_PLACEMENT_2D('',#10311,#10312);
#10311 = CARTESIAN_POINT('',(56.,36.));
#10312 = DIRECTION('',(1.,0.));
#10313 = ( GEOMETRIC_REPRESENTATION_CONTEXT(2) 
PARAMETRIC_REPRESENTATION_CONTEXT() REPRESENTATION_CONTEXT('2D SPACE',''
  ) );
#10314 = PCURVE('',#10315,#10320);
#10315 = CONICAL_SURFACE('',#10316,1.,0.785398163397);
#10316 = AXIS2_PLACEMENT_3D('',#10317,#10318,#10319);
#10317 = CARTESIAN_POINT('',(26.,73.439191898579,29.7));
#10318 = DIRECTION('',(0.,0.,1.));
#10319 = DIRECTION('',(1.,0.,-0.));
#10320 = DEFINITIONAL_REPRESENTATION('',(#10321),#10325);
#10321 = LINE('',#10322,#10323);
#10322 = CARTESIAN_POINT('',(-0.,0.3));
#10323 = VECTOR('',#10324,1.);
#10324 = DIRECTION('',(1.,-0.));
#10325 = ( GEOMETRIC_REPRESENTATION_CONTEXT(2) 
PARAMETRIC_REPRESENTATION_CONTEXT() REPRESENTATION_CONTEXT('2D SPACE',''
  ) );
#10326 = ORIENTED_EDGE('',*,*,#10327,.F.);
#10327 = EDGE_CURVE('',#10328,#10299,#10330,.T.);
#10328 = VERTEX_POINT('',#10329);
#10329 = CARTESIAN_POINT('',(27.3,41.439191898579,30.));
#10330 = SURFACE_CURVE('',#10331,(#10335,#10342),.PCURVE_S1.);
#10331 = LINE('',#10332,#10333);
#10332 = CARTESIAN_POINT('',(27.3,41.439191898579,30.));
#10333 = VECTOR('',#10334,1.);
#10334 = DIRECTION('',(0.,1.,0.));
#10335 = PCURVE('',#9224,#10336);
#10336 = DEFINITIONAL_REPRESENTATION('',(#10337),#10341);
#10337 = LINE('',#10338,#10339);
#10338 = CARTESIAN_POINT('',(57.3,4.));
#10339 = VECTOR('',#10340,1.);
#10340 = DIRECTION('',(0.,1.));
#10341 = ( GEOMETRIC_REPRESENTATION_CONTEXT(2) 
PARAMETRIC_REPRESENTATION_CONTEXT() REPRESENTATION_CONTEXT('2D SPACE',''
  ) );
#10342 = PCURVE('',#10343,#10348);
#10343 = PLANE('',#10344);
#10344 = AXIS2_PLACEMENT_3D('',#10345,#10346,#10347);
#10345 = CARTESIAN_POINT('',(27.15,41.439191898579,29.85));
#10346 = DIRECTION('',(0.707106781187,0.,-0.707106781187));
#10347 = DIRECTION('',(-0.,-1.,-0.));
#10348 = DEFINITIONAL_REPRESENTATION('',(#10349),#10353);
#10349 = LINE('',#10350,#10351);
#10350 = CARTESIAN_POINT('',(-0.,-0.212132034356));
#10351 = VECTOR('',#10352,1.);
#10352 = DIRECTION('',(-1.,0.));
#10353 = ( GEOMETRIC_REPRESENTATION_CONTEXT(2) 
PARAMETRIC_REPRESENTATION_CONTEXT() REPRESENTATION_CONTEXT('2D SPACE',''
  ) );
#10354 = ORIENTED_EDGE('',*,*,#10355,.F.);
#10355 = EDGE_CURVE('',#10356,#10328,#10358,.T.);
#10356 = VERTEX_POINT('',#10357);
#10357 = CARTESIAN_POINT('',(26.,40.139191898579,30.));
#10358 = SURFACE_CURVE('',#10359,(#10364,#10371),.PCURVE_S1.);
#10359 = CIRCLE('',#10360,1.3);
#10360 = AXIS2_PLACEMENT_3D('',#10361,#10362,#10363);
#10361 = CARTESIAN_POINT('',(26.,41.439191898579,30.));
#10362 = DIRECTION('',(0.,0.,1.));
#10363 = DIRECTION('',(0.,-1.,0.));
#10364 = PCURVE('',#9224,#10365);
#10365 = DEFINITIONAL_REPRESENTATION('',(#10366),#10370);
#10366 = CIRCLE('',#10367,1.3);
#10367 = AXIS2_PLACEMENT_2D('',#10368,#10369);
#10368 = CARTESIAN_POINT('',(56.,4.));
#10369 = DIRECTION('',(0.,-1.));
#10370 = ( GEOMETRIC_REPRESENTATION_CONTEXT(2) 
PARAMETRIC_REPRESENTATION_CONTEXT() REPRESENTATION_CONTEXT('2D SPACE',''
  ) );
#10371 = PCURVE('',#10372,#10377);
#10372 = CONICAL_SURFACE('',#10373,1.,0.785398163397);
#10373 = AXIS2_PLACEMENT_3D('',#10374,#10375,#10376);
#10374 = CARTESIAN_POINT('',(26.,41.439191898579,29.7));
#10375 = DIRECTION('',(0.,0.,1.));
#10376 = DIRECTION('',(0.,-1.,0.));
#10377 = DEFINITIONAL_REPRESENTATION('',(#10378),#10382);
#10378 = LINE('',#10379,#10380);
#10379 = CARTESIAN_POINT('',(-0.,0.3));
#10380 = VECTOR('',#10381,1.);
#10381 = DIRECTION('',(1.,-0.));
#10382 = ( GEOMETRIC_REPRESENTATION_CONTEXT(2) 
PARAMETRIC_REPRESENTATION_CONTEXT() REPRESENTATION_CONTEXT('2D SPACE',''
  ) );
#10383 = ORIENTED_EDGE('',*,*,#10384,.F.);
#10384 = EDGE_CURVE('',#10185,#10356,#10385,.T.);
#10385 = SURFACE_CURVE('',#10386,(#10390,#10397),.PCURVE_S1.);
#10386 = LINE('',#10387,#10388);
#10387 = CARTESIAN_POINT('',(-26.,40.139191898579,30.));
#10388 = VECTOR('',#10389,1.);
#10389 = DIRECTION('',(1.,-0.,-0.));
#10390 = PCURVE('',#9224,#10391);
#10391 = DEFINITIONAL_REPRESENTATION('',(#10392),#10396);
#10392 = LINE('',#10393,#10394);
#10393 = CARTESIAN_POINT('',(4.,2.7));
#10394 = VECTOR('',#10395,1.);
#10395 = DIRECTION('',(1.,0.));
#10396 = ( GEOMETRIC_REPRESENTATION_CONTEXT(2) 
PARAMETRIC_REPRESENTATION_CONTEXT() REPRESENTATION_CONTEXT('2D SPACE',''
  ) );
#10397 = PCURVE('',#10398,#10403);
#10398 = PLANE('',#10399);
#10399 = AXIS2_PLACEMENT_3D('',#10400,#10401,#10402);
#10400 = CARTESIAN_POINT('',(-26.,40.289191898579,29.85));
#10401 = DIRECTION('',(0.,0.707106781187,0.707106781187));
#10402 = DIRECTION('',(1.,0.,-0.));
#10403 = DEFINITIONAL_REPRESENTATION('',(#10404),#10408);
#10404 = LINE('',#10405,#10406);
#10405 = CARTESIAN_POINT('',(0.,-0.212132034356));
#10406 = VECTOR('',#10407,1.);
#10407 = DIRECTION('',(1.,0.));
#10408 = ( GEOMETRIC_REPRESENTATION_CONTEXT(2) 
PARAMETRIC_REPRESENTATION_CONTEXT() REPRESENTATION_CONTEXT('2D SPACE',''
  ) );
#10409 = ADVANCED_FACE('',(#10410),#9305,.F.);
#10410 = FACE_BOUND('',#10411,.F.);
#10411 = EDGE_LOOP('',(#10412,#10413,#10414,#10437,#10470,#10498,#10531,
    #10559));
#10412 = ORIENTED_EDGE('',*,*,#9291,.F.);
#10413 = ORIENTED_EDGE('',*,*,#9483,.F.);
#10414 = ORIENTED_EDGE('',*,*,#10415,.F.);
#10415 = EDGE_CURVE('',#10416,#9454,#10418,.T.);
#10416 = VERTEX_POINT('',#10417);
#10417 = CARTESIAN_POINT('',(26.,38.239191898579,2.22044604925E-16));
#10418 = SURFACE_CURVE('',#10419,(#10423,#10430),.PCURVE_S1.);
#10419 = LINE('',#10420,#10421);
#10420 = CARTESIAN_POINT('',(26.,38.239191898579,0.));
#10421 = VECTOR('',#10422,1.);
#10422 = DIRECTION('',(-1.,-0.,-0.));
#10423 = PCURVE('',#9305,#10424);
#10424 = DEFINITIONAL_REPRESENTATION('',(#10425),#10429);
#10425 = LINE('',#10426,#10427);
#10426 = CARTESIAN_POINT('',(56.,0.8));
#10427 = VECTOR('',#10428,1.);
#10428 = DIRECTION('',(-1.,0.));
#10429 = ( GEOMETRIC_REPRESENTATION_CONTEXT(2) 
PARAMETRIC_REPRESENTATION_CONTEXT() REPRESENTATION_CONTEXT('2D SPACE',''
  ) );
#10430 = PCURVE('',#9469,#10431);
#10431 = DEFINITIONAL_REPRESENTATION('',(#10432),#10436);
#10432 = LINE('',#10433,#10434);
#10433 = CARTESIAN_POINT('',(1.348150961071E-32,0.565685424949));
#10434 = VECTOR('',#10435,1.);
#10435 = DIRECTION('',(1.,0.));
#10436 = ( GEOMETRIC_REPRESENTATION_CONTEXT(2) 
PARAMETRIC_REPRESENTATION_CONTEXT() REPRESENTATION_CONTEXT('2D SPACE',''
  ) );
#10437 = ORIENTED_EDGE('',*,*,#10438,.F.);
#10438 = EDGE_CURVE('',#10439,#10416,#10441,.T.);
#10439 = VERTEX_POINT('',#10440);
#10440 = CARTESIAN_POINT('',(29.2,41.439191898579,-1.720845688169E-15));
#10441 = SURFACE_CURVE('',#10442,(#10447,#10458),.PCURVE_S1.);
#10442 = CIRCLE('',#10443,3.2);
#10443 = AXIS2_PLACEMENT_3D('',#10444,#10445,#10446);
#10444 = CARTESIAN_POINT('',(26.,41.439191898579,0.));
#10445 = DIRECTION('',(0.,-0.,-1.));
#10446 = DIRECTION('',(1.,0.,-0.));
#10447 = PCURVE('',#9305,#10448);
#10448 = DEFINITIONAL_REPRESENTATION('',(#10449),#10457);
#10449 = ( BOUNDED_CURVE() B_SPLINE_CURVE(2,(#10450,#10451,#10452,#10453
    ,#10454,#10455,#10456),.UNSPECIFIED.,.T.,.F.) 
B_SPLINE_CURVE_WITH_KNOTS((1,2,2,2,2,1),(-2.094395102393,0.,
    2.094395102393,4.188790204786,6.28318530718,8.377580409573),
.UNSPECIFIED.) CURVE() GEOMETRIC_REPRESENTATION_ITEM() 
RATIONAL_B_SPLINE_CURVE((1.,0.5,1.,0.5,1.,0.5,1.)) REPRESENTATION_ITEM(
  '') );
#10450 = CARTESIAN_POINT('',(59.2,4.));
#10451 = CARTESIAN_POINT('',(59.2,-1.54256258422));
#10452 = CARTESIAN_POINT('',(54.4,1.22871870789));
#10453 = CARTESIAN_POINT('',(49.6,4.));
#10454 = CARTESIAN_POINT('',(54.4,6.77128129211));
#10455 = CARTESIAN_POINT('',(59.2,9.54256258422));
#10456 = CARTESIAN_POINT('',(59.2,4.));
#10457 = ( GEOMETRIC_REPRESENTATION_CONTEXT(2) 
PARAMETRIC_REPRESENTATION_CONTEXT() REPRESENTATION_CONTEXT('2D SPACE',''
  ) );
#10458 = PCURVE('',#10459,#10464);
#10459 = CONICAL_SURFACE('',#10460,4.,0.785398163397);
#10460 = AXIS2_PLACEMENT_3D('',#10461,#10462,#10463);
#10461 = CARTESIAN_POINT('',(26.,41.439191898579,0.8));
#10462 = DIRECTION('',(0.,0.,1.));
#10463 = DIRECTION('',(1.,0.,-0.));
#10464 = DEFINITIONAL_REPRESENTATION('',(#10465),#10469);
#10465 = LINE('',#10466,#10467);
#10466 = CARTESIAN_POINT('',(-0.,-0.8));
#10467 = VECTOR('',#10468,1.);
#10468 = DIRECTION('',(-1.,-0.));
#10469 = ( GEOMETRIC_REPRESENTATION_CONTEXT(2) 
PARAMETRIC_REPRESENTATION_CONTEXT() REPRESENTATION_CONTEXT('2D SPACE',''
  ) );
#10470 = ORIENTED_EDGE('',*,*,#10471,.F.);
#10471 = EDGE_CURVE('',#10472,#10439,#10474,.T.);
#10472 = VERTEX_POINT('',#10473);
#10473 = CARTESIAN_POINT('',(29.2,73.439191898579,2.22044604925E-16));
#10474 = SURFACE_CURVE('',#10475,(#10479,#10486),.PCURVE_S1.);
#10475 = LINE('',#10476,#10477);
#10476 = CARTESIAN_POINT('',(29.2,73.439191898579,0.));
#10477 = VECTOR('',#10478,1.);
#10478 = DIRECTION('',(-0.,-1.,-0.));
#10479 = PCURVE('',#9305,#10480);
#10480 = DEFINITIONAL_REPRESENTATION('',(#10481),#10485);
#10481 = LINE('',#10482,#10483);
#10482 = CARTESIAN_POINT('',(59.2,36.));
#10483 = VECTOR('',#10484,1.);
#10484 = DIRECTION('',(0.,-1.));
#10485 = ( GEOMETRIC_REPRESENTATION_CONTEXT(2) 
PARAMETRIC_REPRESENTATION_CONTEXT() REPRESENTATION_CONTEXT('2D SPACE',''
  ) );
#10486 = PCURVE('',#10487,#10492);
#10487 = PLANE('',#10488);
#10488 = AXIS2_PLACEMENT_3D('',#10489,#10490,#10491);
#10489 = CARTESIAN_POINT('',(29.6,73.439191898579,0.4));
#10490 = DIRECTION('',(-0.707106781187,-6.983161618628E-18,
    0.707106781187));
#10491 = DIRECTION('',(-4.937840934654E-18,1.,4.937840934654E-18));
#10492 = DEFINITIONAL_REPRESENTATION('',(#10493),#10497);
#10493 = LINE('',#10494,#10495);
#10494 = CARTESIAN_POINT('',(4.237045877652E-33,0.565685424949));
#10495 = VECTOR('',#10496,1.);
#10496 = DIRECTION('',(-1.,0.));
#10497 = ( GEOMETRIC_REPRESENTATION_CONTEXT(2) 
PARAMETRIC_REPRESENTATION_CONTEXT() REPRESENTATION_CONTEXT('2D SPACE',''
  ) );
#10498 = ORIENTED_EDGE('',*,*,#10499,.F.);
#10499 = EDGE_CURVE('',#10500,#10472,#10502,.T.);
#10500 = VERTEX_POINT('',#10501);
#10501 = CARTESIAN_POINT('',(26.,76.639191898579,-5.551115123126E-16));
#10502 = SURFACE_CURVE('',#10503,(#10508,#10519),.PCURVE_S1.);
#10503 = CIRCLE('',#10504,3.2);
#10504 = AXIS2_PLACEMENT_3D('',#10505,#10506,#10507);
#10505 = CARTESIAN_POINT('',(26.,73.439191898579,0.));
#10506 = DIRECTION('',(0.,-0.,-1.));
#10507 = DIRECTION('',(0.,1.,-0.));
#10508 = PCURVE('',#9305,#10509);
#10509 = DEFINITIONAL_REPRESENTATION('',(#10510),#10518);
#10510 = ( BOUNDED_CURVE() B_SPLINE_CURVE(2,(#10511,#10512,#10513,#10514
    ,#10515,#10516,#10517),.UNSPECIFIED.,.T.,.F.) 
B_SPLINE_CURVE_WITH_KNOTS((1,2,2,2,2,1),(-2.094395102393,0.,
    2.094395102393,4.188790204786,6.28318530718,8.377580409573),
.UNSPECIFIED.) CURVE() GEOMETRIC_REPRESENTATION_ITEM() 
RATIONAL_B_SPLINE_CURVE((1.,0.5,1.,0.5,1.,0.5,1.)) REPRESENTATION_ITEM(
  '') );
#10511 = CARTESIAN_POINT('',(56.,39.2));
#10512 = CARTESIAN_POINT('',(61.54256258422,39.2));
#10513 = CARTESIAN_POINT('',(58.77128129211,34.4));
#10514 = CARTESIAN_POINT('',(56.,29.6));
#10515 = CARTESIAN_POINT('',(53.22871870789,34.4));
#10516 = CARTESIAN_POINT('',(50.45743741578,39.2));
#10517 = CARTESIAN_POINT('',(56.,39.2));
#10518 = ( GEOMETRIC_REPRESENTATION_CONTEXT(2) 
PARAMETRIC_REPRESENTATION_CONTEXT() REPRESENTATION_CONTEXT('2D SPACE',''
  ) );
#10519 = PCURVE('',#10520,#10525);
#10520 = CONICAL_SURFACE('',#10521,4.,0.785398163397);
#10521 = AXIS2_PLACEMENT_3D('',#10522,#10523,#10524);
#10522 = CARTESIAN_POINT('',(26.,73.439191898579,0.8));
#10523 = DIRECTION('',(0.,0.,1.));
#10524 = DIRECTION('',(0.,1.,0.));
#10525 = DEFINITIONAL_REPRESENTATION('',(#10526),#10530);
#10526 = LINE('',#10527,#10528);
#10527 = CARTESIAN_POINT('',(-0.,-0.8));
#10528 = VECTOR('',#10529,1.);
#10529 = DIRECTION('',(-1.,-0.));
#10530 = ( GEOMETRIC_REPRESENTATION_CONTEXT(2) 
PARAMETRIC_REPRESENTATION_CONTEXT() REPRESENTATION_CONTEXT('2D SPACE',''
  ) );
#10531 = ORIENTED_EDGE('',*,*,#10532,.F.);
#10532 = EDGE_CURVE('',#10533,#10500,#10535,.T.);
#10533 = VERTEX_POINT('',#10534);
#10534 = CARTESIAN_POINT('',(-26.,76.639191898579,2.22044604925E-16));
#10535 = SURFACE_CURVE('',#10536,(#10540,#10547),.PCURVE_S1.);
#10536 = LINE('',#10537,#10538);
#10537 = CARTESIAN_POINT('',(-26.,76.639191898579,0.));
#10538 = VECTOR('',#10539,1.);
#10539 = DIRECTION('',(1.,0.,0.));
#10540 = PCURVE('',#9305,#10541);
#10541 = DEFINITIONAL_REPRESENTATION('',(#10542),#10546);
#10542 = LINE('',#10543,#10544);
#10543 = CARTESIAN_POINT('',(4.,39.2));
#10544 = VECTOR('',#10545,1.);
#10545 = DIRECTION('',(1.,0.));
#10546 = ( GEOMETRIC_REPRESENTATION_CONTEXT(2) 
PARAMETRIC_REPRESENTATION_CONTEXT() REPRESENTATION_CONTEXT('2D SPACE',''
  ) );
#10547 = PCURVE('',#10548,#10553);
#10548 = PLANE('',#10549);
#10549 = AXIS2_PLACEMENT_3D('',#10550,#10551,#10552);
#10550 = CARTESIAN_POINT('',(-26.,77.039191898579,0.4));
#10551 = DIRECTION('',(6.983161618628E-18,-0.707106781187,0.707106781187
    ));
#10552 = DIRECTION('',(-1.,-4.937840934654E-18,4.937840934654E-18));
#10553 = DEFINITIONAL_REPRESENTATION('',(#10554),#10558);
#10554 = LINE('',#10555,#10556);
#10555 = CARTESIAN_POINT('',(1.348150961071E-32,0.565685424949));
#10556 = VECTOR('',#10557,1.);
#10557 = DIRECTION('',(-1.,0.));
#10558 = ( GEOMETRIC_REPRESENTATION_CONTEXT(2) 
PARAMETRIC_REPRESENTATION_CONTEXT() REPRESENTATION_CONTEXT('2D SPACE',''
  ) );
#10559 = ORIENTED_EDGE('',*,*,#10560,.F.);
#10560 = EDGE_CURVE('',#9264,#10533,#10561,.T.);
#10561 = SURFACE_CURVE('',#10562,(#10567,#10578),.PCURVE_S1.);
#10562 = CIRCLE('',#10563,3.2);
#10563 = AXIS2_PLACEMENT_3D('',#10564,#10565,#10566);
#10564 = CARTESIAN_POINT('',(-26.,73.439191898579,0.));
#10565 = DIRECTION('',(-0.,0.,-1.));
#10566 = DIRECTION('',(-1.,0.,0.));
#10567 = PCURVE('',#9305,#10568);
#10568 = DEFINITIONAL_REPRESENTATION('',(#10569),#10577);
#10569 = ( BOUNDED_CURVE() B_SPLINE_CURVE(2,(#10570,#10571,#10572,#10573
    ,#10574,#10575,#10576),.UNSPECIFIED.,.T.,.F.) 
B_SPLINE_CURVE_WITH_KNOTS((1,2,2,2,2,1),(-2.094395102393,0.,
    2.094395102393,4.188790204786,6.28318530718,8.377580409573),
.UNSPECIFIED.) CURVE() GEOMETRIC_REPRESENTATION_ITEM() 
RATIONAL_B_SPLINE_CURVE((1.,0.5,1.,0.5,1.,0.5,1.)) REPRESENTATION_ITEM(
  '') );
#10570 = CARTESIAN_POINT('',(0.8,36.));
#10571 = CARTESIAN_POINT('',(0.8,41.54256258422));
#10572 = CARTESIAN_POINT('',(5.6,38.77128129211));
#10573 = CARTESIAN_POINT('',(10.4,36.));
#10574 = CARTESIAN_POINT('',(5.6,33.22871870789));
#10575 = CARTESIAN_POINT('',(0.8,30.45743741578));
#10576 = CARTESIAN_POINT('',(0.8,36.));
#10577 = ( GEOMETRIC_REPRESENTATION_CONTEXT(2) 
PARAMETRIC_REPRESENTATION_CONTEXT() REPRESENTATION_CONTEXT('2D SPACE',''
  ) );
#10578 = PCURVE('',#9279,#10579);
#10579 = DEFINITIONAL_REPRESENTATION('',(#10580),#10584);
#10580 = LINE('',#10581,#10582);
#10581 = CARTESIAN_POINT('',(-0.,-0.8));
#10582 = VECTOR('',#10583,1.);
#10583 = DIRECTION('',(-1.,-0.));
#10584 = ( GEOMETRIC_REPRESENTATION_CONTEXT(2) 
PARAMETRIC_REPRESENTATION_CONTEXT() REPRESENTATION_CONTEXT('2D SPACE',''
  ) );
#10585 = ADVANCED_FACE('',(#10586),#9279,.T.);
#10586 = FACE_BOUND('',#10587,.T.);
#10587 = EDGE_LOOP('',(#10588,#10589,#10590,#10611));
#10588 = ORIENTED_EDGE('',*,*,#9263,.F.);
#10589 = ORIENTED_EDGE('',*,*,#9321,.T.);
#10590 = ORIENTED_EDGE('',*,*,#10591,.T.);
#10591 = EDGE_CURVE('',#9322,#10533,#10592,.T.);
#10592 = SURFACE_CURVE('',#10593,(#10597,#10604),.PCURVE_S1.);
#10593 = LINE('',#10594,#10595);
#10594 = CARTESIAN_POINT('',(-26.,77.439191898579,0.8));
#10595 = VECTOR('',#10596,1.);
#10596 = DIRECTION('',(4.329780281177E-17,-0.707106781187,
    -0.707106781187));
#10597 = PCURVE('',#9279,#10598);
#10598 = DEFINITIONAL_REPRESENTATION('',(#10599),#10603);
#10599 = LINE('',#10600,#10601);
#10600 = CARTESIAN_POINT('',(-1.570796326795,-0.));
#10601 = VECTOR('',#10602,1.);
#10602 = DIRECTION('',(-0.,-1.));
#10603 = ( GEOMETRIC_REPRESENTATION_CONTEXT(2) 
PARAMETRIC_REPRESENTATION_CONTEXT() REPRESENTATION_CONTEXT('2D SPACE',''
  ) );
#10604 = PCURVE('',#10548,#10605);
#10605 = DEFINITIONAL_REPRESENTATION('',(#10606),#10610);
#10606 = LINE('',#10607,#10608);
#10607 = CARTESIAN_POINT('',(2.234078735489E-32,-0.565685424949));
#10608 = VECTOR('',#10609,1.);
#10609 = DIRECTION('',(-4.329780281177E-17,1.));
#10610 = ( GEOMETRIC_REPRESENTATION_CONTEXT(2) 
PARAMETRIC_REPRESENTATION_CONTEXT() REPRESENTATION_CONTEXT('2D SPACE',''
  ) );
#10611 = ORIENTED_EDGE('',*,*,#10560,.F.);
#10612 = ADVANCED_FACE('',(#10613,#10688,#10794),#9361,.T.);
#10613 = FACE_BOUND('',#10614,.T.);
#10614 = EDGE_LOOP('',(#10615,#10616,#10639,#10667));
#10615 = ORIENTED_EDGE('',*,*,#9345,.T.);
#10616 = ORIENTED_EDGE('',*,*,#10617,.F.);
#10617 = EDGE_CURVE('',#10618,#9346,#10620,.T.);
#10618 = VERTEX_POINT('',#10619);
#10619 = CARTESIAN_POINT('',(26.,77.439191898579,29.7));
#10620 = SURFACE_CURVE('',#10621,(#10625,#10632),.PCURVE_S1.);
#10621 = LINE('',#10622,#10623);
#10622 = CARTESIAN_POINT('',(26.,77.439191898579,29.7));
#10623 = VECTOR('',#10624,1.);
#10624 = DIRECTION('',(-1.,-0.,-0.));
#10625 = PCURVE('',#9361,#10626);
#10626 = DEFINITIONAL_REPRESENTATION('',(#10627),#10631);
#10627 = LINE('',#10628,#10629);
#10628 = CARTESIAN_POINT('',(29.7,56.));
#10629 = VECTOR('',#10630,1.);
#10630 = DIRECTION('',(0.,-1.));
#10631 = ( GEOMETRIC_REPRESENTATION_CONTEXT(2) 
PARAMETRIC_REPRESENTATION_CONTEXT() REPRESENTATION_CONTEXT('2D SPACE',''
  ) );
#10632 = PCURVE('',#9816,#10633);
#10633 = DEFINITIONAL_REPRESENTATION('',(#10634),#10638);
#10634 = LINE('',#10635,#10636);
#10635 = CARTESIAN_POINT('',(0.,-0.212132034356));
#10636 = VECTOR('',#10637,1.);
#10637 = DIRECTION('',(1.,0.));
#10638 = ( GEOMETRIC_REPRESENTATION_CONTEXT(2) 
PARAMETRIC_REPRESENTATION_CONTEXT() REPRESENTATION_CONTEXT('2D SPACE',''
  ) );
#10639 = ORIENTED_EDGE('',*,*,#10640,.F.);
#10640 = EDGE_CURVE('',#10641,#10618,#10643,.T.);
#10641 = VERTEX_POINT('',#10642);
#10642 = CARTESIAN_POINT('',(26.,77.439191898579,0.8));
#10643 = SURFACE_CURVE('',#10644,(#10648,#10655),.PCURVE_S1.);
#10644 = LINE('',#10645,#10646);
#10645 = CARTESIAN_POINT('',(26.,77.439191898579,0.));
#10646 = VECTOR('',#10647,1.);
#10647 = DIRECTION('',(0.,0.,1.));
#10648 = PCURVE('',#9361,#10649);
#10649 = DEFINITIONAL_REPRESENTATION('',(#10650),#10654);
#10650 = LINE('',#10651,#10652);
#10651 = CARTESIAN_POINT('',(0.,56.));
#10652 = VECTOR('',#10653,1.);
#10653 = DIRECTION('',(1.,0.));
#10654 = ( GEOMETRIC_REPRESENTATION_CONTEXT(2) 
PARAMETRIC_REPRESENTATION_CONTEXT() REPRESENTATION_CONTEXT('2D SPACE',''
  ) );
#10655 = PCURVE('',#10656,#10661);
#10656 = CYLINDRICAL_SURFACE('',#10657,4.);
#10657 = AXIS2_PLACEMENT_3D('',#10658,#10659,#10660);
#10658 = CARTESIAN_POINT('',(26.,73.439191898579,0.));
#10659 = DIRECTION('',(0.,0.,1.));
#10660 = DIRECTION('',(1.,0.,-0.));
#10661 = DEFINITIONAL_REPRESENTATION('',(#10662),#10666);
#10662 = LINE('',#10663,#10664);
#10663 = CARTESIAN_POINT('',(1.570796326795,0.));
#10664 = VECTOR('',#10665,1.);
#10665 = DIRECTION('',(0.,1.));
#10666 = ( GEOMETRIC_REPRESENTATION_CONTEXT(2) 
PARAMETRIC_REPRESENTATION_CONTEXT() REPRESENTATION_CONTEXT('2D SPACE',''
  ) );
#10667 = ORIENTED_EDGE('',*,*,#10668,.F.);
#10668 = EDGE_CURVE('',#9322,#10641,#10669,.T.);
#10669 = SURFACE_CURVE('',#10670,(#10674,#10681),.PCURVE_S1.);
#10670 = LINE('',#10671,#10672);
#10671 = CARTESIAN_POINT('',(-26.,77.439191898579,0.8));
#10672 = VECTOR('',#10673,1.);
#10673 = DIRECTION('',(1.,0.,0.));
#10674 = PCURVE('',#9361,#10675);
#10675 = DEFINITIONAL_REPRESENTATION('',(#10676),#10680);
#10676 = LINE('',#10677,#10678);
#10677 = CARTESIAN_POINT('',(0.8,4.));
#10678 = VECTOR('',#10679,1.);
#10679 = DIRECTION('',(0.,1.));
#10680 = ( GEOMETRIC_REPRESENTATION_CONTEXT(2) 
PARAMETRIC_REPRESENTATION_CONTEXT() REPRESENTATION_CONTEXT('2D SPACE',''
  ) );
#10681 = PCURVE('',#10548,#10682);
#10682 = DEFINITIONAL_REPRESENTATION('',(#10683),#10687);
#10683 = LINE('',#10684,#10685);
#10684 = CARTESIAN_POINT('',(2.234078735489E-32,-0.565685424949));
#10685 = VECTOR('',#10686,1.);
#10686 = DIRECTION('',(-1.,0.));
#10687 = ( GEOMETRIC_REPRESENTATION_CONTEXT(2) 
PARAMETRIC_REPRESENTATION_CONTEXT() REPRESENTATION_CONTEXT('2D SPACE',''
  ) );
#10688 = FACE_BOUND('',#10689,.T.);
#10689 = EDGE_LOOP('',(#10690,#10718,#10744,#10770));
#10690 = ORIENTED_EDGE('',*,*,#10691,.T.);
#10691 = EDGE_CURVE('',#10692,#10694,#10696,.T.);
#10692 = VERTEX_POINT('',#10693);
#10693 = CARTESIAN_POINT('',(-9.,77.439191898579,11.5));
#10694 = VERTEX_POINT('',#10695);
#10695 = CARTESIAN_POINT('',(-9.,77.439191898579,6.6));
#10696 = SURFACE_CURVE('',#10697,(#10701,#10707),.PCURVE_S1.);
#10697 = LINE('',#10698,#10699);
#10698 = CARTESIAN_POINT('',(-9.,77.439191898579,4.609314575051));
#10699 = VECTOR('',#10700,1.);
#10700 = DIRECTION('',(0.,0.,-1.));
#10701 = PCURVE('',#9361,#10702);
#10702 = DEFINITIONAL_REPRESENTATION('',(#10703),#10706);
#10703 = B_SPLINE_CURVE_WITH_KNOTS('',1,(#10704,#10705),.UNSPECIFIED.,
  .F.,.F.,(2,2),(-25.09068542494,-1.390685424949),
  .PIECEWISE_BEZIER_KNOTS.);
#10704 = CARTESIAN_POINT('',(29.7,21.));
#10705 = CARTESIAN_POINT('',(6.,21.));
#10706 = ( GEOMETRIC_REPRESENTATION_CONTEXT(2) 
PARAMETRIC_REPRESENTATION_CONTEXT() REPRESENTATION_CONTEXT('2D SPACE',''
  ) );
#10707 = PCURVE('',#10708,#10713);
#10708 = PLANE('',#10709);
#10709 = AXIS2_PLACEMENT_3D('',#10710,#10711,#10712);
#10710 = CARTESIAN_POINT('',(-9.,78.109411506676,9.218629150102));
#10711 = DIRECTION('',(1.,0.,0.));
#10712 = DIRECTION('',(-0.,0.,1.));
#10713 = DEFINITIONAL_REPRESENTATION('',(#10714),#10717);
#10714 = B_SPLINE_CURVE_WITH_KNOTS('',1,(#10715,#10716),.UNSPECIFIED.,
  .F.,.F.,(2,2),(-25.09068542494,-1.390685424949),
  .PIECEWISE_BEZIER_KNOTS.);
#10715 = CARTESIAN_POINT('',(20.481370849898,0.670219608097));
#10716 = CARTESIAN_POINT('',(-3.218629150102,0.670219608097));
#10717 = ( GEOMETRIC_REPRESENTATION_CONTEXT(2) 
PARAMETRIC_REPRESENTATION_CONTEXT() REPRESENTATION_CONTEXT('2D SPACE',''
  ) );
#10718 = ORIENTED_EDGE('',*,*,#10719,.T.);
#10719 = EDGE_CURVE('',#10694,#10720,#10722,.T.);
#10720 = VERTEX_POINT('',#10721);
#10721 = CARTESIAN_POINT('',(-6.,77.439191898579,6.6));
#10722 = SURFACE_CURVE('',#10723,(#10727,#10733),.PCURVE_S1.);
#10723 = LINE('',#10724,#10725);
#10724 = CARTESIAN_POINT('',(-19.5,77.439191898579,6.6));
#10725 = VECTOR('',#10726,1.);
#10726 = DIRECTION('',(1.,0.,-0.));
#10727 = PCURVE('',#9361,#10728);
#10728 = DEFINITIONAL_REPRESENTATION('',(#10729),#10732);
#10729 = B_SPLINE_CURVE_WITH_KNOTS('',1,(#10730,#10731),.UNSPECIFIED.,
  .F.,.F.,(2,2),(10.5,13.5),.PIECEWISE_BEZIER_KNOTS.);
#10730 = CARTESIAN_POINT('',(6.6,21.));
#10731 = CARTESIAN_POINT('',(6.6,24.));
#10732 = ( GEOMETRIC_REPRESENTATION_CONTEXT(2) 
PARAMETRIC_REPRESENTATION_CONTEXT() REPRESENTATION_CONTEXT('2D SPACE',''
  ) );
#10733 = PCURVE('',#10734,#10739);
#10734 = PLANE('',#10735);
#10735 = AXIS2_PLACEMENT_3D('',#10736,#10737,#10738);
#10736 = CARTESIAN_POINT('',(-9.,76.839191898579,6.));
#10737 = DIRECTION('',(0.,-0.707106781187,0.707106781187));
#10738 = DIRECTION('',(0.,0.707106781187,0.707106781187));
#10739 = DEFINITIONAL_REPRESENTATION('',(#10740),#10743);
#10740 = B_SPLINE_CURVE_WITH_KNOTS('',1,(#10741,#10742),.UNSPECIFIED.,
  .F.,.F.,(2,2),(10.5,13.5),.PIECEWISE_BEZIER_KNOTS.);
#10741 = CARTESIAN_POINT('',(0.848528137424,0.));
#10742 = CARTESIAN_POINT('',(0.848528137424,-3.));
#10743 = ( GEOMETRIC_REPRESENTATION_CONTEXT(2) 
PARAMETRIC_REPRESENTATION_CONTEXT() REPRESENTATION_CONTEXT('2D SPACE',''
  ) );
#10744 = ORIENTED_EDGE('',*,*,#10745,.F.);
#10745 = EDGE_CURVE('',#10746,#10720,#10748,.T.);
#10746 = VERTEX_POINT('',#10747);
#10747 = CARTESIAN_POINT('',(-6.,77.439191898579,11.5));
#10748 = SURFACE_CURVE('',#10749,(#10753,#10759),.PCURVE_S1.);
#10749 = LINE('',#10750,#10751);
#10750 = CARTESIAN_POINT('',(-6.,77.439191898579,4.609314575051));
#10751 = VECTOR('',#10752,1.);
#10752 = DIRECTION('',(0.,0.,-1.));
#10753 = PCURVE('',#9361,#10754);
#10754 = DEFINITIONAL_REPRESENTATION('',(#10755),#10758);
#10755 = B_SPLINE_CURVE_WITH_KNOTS('',1,(#10756,#10757),.UNSPECIFIED.,
  .F.,.F.,(2,2),(-25.09068542494,-1.390685424949),
  .PIECEWISE_BEZIER_KNOTS.);
#10756 = CARTESIAN_POINT('',(29.7,24.));
#10757 = CARTESIAN_POINT('',(6.,24.));
#10758 = ( GEOMETRIC_REPRESENTATION_CONTEXT(2) 
PARAMETRIC_REPRESENTATION_CONTEXT() REPRESENTATION_CONTEXT('2D SPACE',''
  ) );
#10759 = PCURVE('',#10760,#10765);
#10760 = PLANE('',#10761);
#10761 = AXIS2_PLACEMENT_3D('',#10762,#10763,#10764);
#10762 = CARTESIAN_POINT('',(-6.,78.109411506676,9.218629150102));
#10763 = DIRECTION('',(1.,0.,0.));
#10764 = DIRECTION('',(-0.,0.,1.));
#10765 = DEFINITIONAL_REPRESENTATION('',(#10766),#10769);
#10766 = B_SPLINE_CURVE_WITH_KNOTS('',1,(#10767,#10768),.UNSPECIFIED.,
  .F.,.F.,(2,2),(-25.09068542494,-1.390685424949),
  .PIECEWISE_BEZIER_KNOTS.);
#10767 = CARTESIAN_POINT('',(20.481370849898,0.670219608097));
#10768 = CARTESIAN_POINT('',(-3.218629150102,0.670219608097));
#10769 = ( GEOMETRIC_REPRESENTATION_CONTEXT(2) 
PARAMETRIC_REPRESENTATION_CONTEXT() REPRESENTATION_CONTEXT('2D SPACE',''
  ) );
#10770 = ORIENTED_EDGE('',*,*,#10771,.T.);
#10771 = EDGE_CURVE('',#10746,#10692,#10772,.T.);
#10772 = SURFACE_CURVE('',#10773,(#10777,#10783),.PCURVE_S1.);
#10773 = LINE('',#10774,#10775);
#10774 = CARTESIAN_POINT('',(-19.5,77.439191898579,11.5));
#10775 = VECTOR('',#10776,1.);
#10776 = DIRECTION('',(-1.,0.,0.));
#10777 = PCURVE('',#9361,#10778);
#10778 = DEFINITIONAL_REPRESENTATION('',(#10779),#10782);
#10779 = B_SPLINE_CURVE_WITH_KNOTS('',1,(#10780,#10781),.UNSPECIFIED.,
  .F.,.F.,(2,2),(-13.5,-10.5),.PIECEWISE_BEZIER_KNOTS.);
#10780 = CARTESIAN_POINT('',(11.5,24.));
#10781 = CARTESIAN_POINT('',(11.5,21.));
#10782 = ( GEOMETRIC_REPRESENTATION_CONTEXT(2) 
PARAMETRIC_REPRESENTATION_CONTEXT() REPRESENTATION_CONTEXT('2D SPACE',''
  ) );
#10783 = PCURVE('',#10784,#10789);
#10784 = PLANE('',#10785);
#10785 = AXIS2_PLACEMENT_3D('',#10786,#10787,#10788);
#10786 = CARTESIAN_POINT('',(-9.,80.039191898579,11.5));
#10787 = DIRECTION('',(0.,0.,-1.));
#10788 = DIRECTION('',(0.,-1.,0.));
#10789 = DEFINITIONAL_REPRESENTATION('',(#10790),#10793);
#10790 = B_SPLINE_CURVE_WITH_KNOTS('',1,(#10791,#10792),.UNSPECIFIED.,
  .F.,.F.,(2,2),(-13.5,-10.5),.PIECEWISE_BEZIER_KNOTS.);
#10791 = CARTESIAN_POINT('',(2.6,-3.));
#10792 = CARTESIAN_POINT('',(2.6,0.));
#10793 = ( GEOMETRIC_REPRESENTATION_CONTEXT(2) 
PARAMETRIC_REPRESENTATION_CONTEXT() REPRESENTATION_CONTEXT('2D SPACE',''
  ) );
#10794 = FACE_BOUND('',#10795,.T.);
#10795 = EDGE_LOOP('',(#10796,#10824,#10850,#10876));
#10796 = ORIENTED_EDGE('',*,*,#10797,.F.);
#10797 = EDGE_CURVE('',#10798,#10800,#10802,.T.);
#10798 = VERTEX_POINT('',#10799);
#10799 = CARTESIAN_POINT('',(9.,77.439191898579,11.5));
#10800 = VERTEX_POINT('',#10801);
#10801 = CARTESIAN_POINT('',(9.,77.439191898579,6.6));
#10802 = SURFACE_CURVE('',#10803,(#10807,#10813),.PCURVE_S1.);
#10803 = LINE('',#10804,#10805);
#10804 = CARTESIAN_POINT('',(9.,77.439191898579,4.609314575051));
#10805 = VECTOR('',#10806,1.);
#10806 = DIRECTION('',(0.,0.,-1.));
#10807 = PCURVE('',#9361,#10808);
#10808 = DEFINITIONAL_REPRESENTATION('',(#10809),#10812);
#10809 = B_SPLINE_CURVE_WITH_KNOTS('',1,(#10810,#10811),.UNSPECIFIED.,
  .F.,.F.,(2,2),(-25.09068542494,-1.390685424949),
  .PIECEWISE_BEZIER_KNOTS.);
#10810 = CARTESIAN_POINT('',(29.7,39.));
#10811 = CARTESIAN_POINT('',(6.,39.));
#10812 = ( GEOMETRIC_REPRESENTATION_CONTEXT(2) 
PARAMETRIC_REPRESENTATION_CONTEXT() REPRESENTATION_CONTEXT('2D SPACE',''
  ) );
#10813 = PCURVE('',#10814,#10819);
#10814 = PLANE('',#10815);
#10815 = AXIS2_PLACEMENT_3D('',#10816,#10817,#10818);
#10816 = CARTESIAN_POINT('',(9.,78.109411506676,9.218629150102));
#10817 = DIRECTION('',(1.,0.,0.));
#10818 = DIRECTION('',(-0.,0.,1.));
#10819 = DEFINITIONAL_REPRESENTATION('',(#10820),#10823);
#10820 = B_SPLINE_CURVE_WITH_KNOTS('',1,(#10821,#10822),.UNSPECIFIED.,
  .F.,.F.,(2,2),(-25.09068542494,-1.390685424949),
  .PIECEWISE_BEZIER_KNOTS.);
#10821 = CARTESIAN_POINT('',(20.481370849898,0.670219608097));
#10822 = CARTESIAN_POINT('',(-3.218629150102,0.670219608097));
#10823 = ( GEOMETRIC_REPRESENTATION_CONTEXT(2) 
PARAMETRIC_REPRESENTATION_CONTEXT() REPRESENTATION_CONTEXT('2D SPACE',''
  ) );
#10824 = ORIENTED_EDGE('',*,*,#10825,.T.);
#10825 = EDGE_CURVE('',#10798,#10826,#10828,.T.);
#10826 = VERTEX_POINT('',#10827);
#10827 = CARTESIAN_POINT('',(6.,77.439191898579,11.5));
#10828 = SURFACE_CURVE('',#10829,(#10833,#10839),.PCURVE_S1.);
#10829 = LINE('',#10830,#10831);
#10830 = CARTESIAN_POINT('',(-12.,77.439191898579,11.5));
#10831 = VECTOR('',#10832,1.);
#10832 = DIRECTION('',(-1.,0.,0.));
#10833 = PCURVE('',#9361,#10834);
#10834 = DEFINITIONAL_REPRESENTATION('',(#10835),#10838);
#10835 = B_SPLINE_CURVE_WITH_KNOTS('',1,(#10836,#10837),.UNSPECIFIED.,
  .F.,.F.,(2,2),(-21.,-18.),.PIECEWISE_BEZIER_KNOTS.);
#10836 = CARTESIAN_POINT('',(11.5,39.));
#10837 = CARTESIAN_POINT('',(11.5,36.));
#10838 = ( GEOMETRIC_REPRESENTATION_CONTEXT(2) 
PARAMETRIC_REPRESENTATION_CONTEXT() REPRESENTATION_CONTEXT('2D SPACE',''
  ) );
#10839 = PCURVE('',#10840,#10845);
#10840 = PLANE('',#10841);
#10841 = AXIS2_PLACEMENT_3D('',#10842,#10843,#10844);
#10842 = CARTESIAN_POINT('',(6.,80.039191898579,11.5));
#10843 = DIRECTION('',(0.,0.,-1.));
#10844 = DIRECTION('',(0.,-1.,0.));
#10845 = DEFINITIONAL_REPRESENTATION('',(#10846),#10849);
#10846 = B_SPLINE_CURVE_WITH_KNOTS('',1,(#10847,#10848),.UNSPECIFIED.,
  .F.,.F.,(2,2),(-21.,-18.),.PIECEWISE_BEZIER_KNOTS.);
#10847 = CARTESIAN_POINT('',(2.6,-3.));
#10848 = CARTESIAN_POINT('',(2.6,0.));
#10849 = ( GEOMETRIC_REPRESENTATION_CONTEXT(2) 
PARAMETRIC_REPRESENTATION_CONTEXT() REPRESENTATION_CONTEXT('2D SPACE',''
  ) );
#10850 = ORIENTED_EDGE('',*,*,#10851,.T.);
#10851 = EDGE_CURVE('',#10826,#10852,#10854,.T.);
#10852 = VERTEX_POINT('',#10853);
#10853 = CARTESIAN_POINT('',(6.,77.439191898579,6.6));
#10854 = SURFACE_CURVE('',#10855,(#10859,#10865),.PCURVE_S1.);
#10855 = LINE('',#10856,#10857);
#10856 = CARTESIAN_POINT('',(6.,77.439191898579,4.609314575051));
#10857 = VECTOR('',#10858,1.);
#10858 = DIRECTION('',(0.,0.,-1.));
#10859 = PCURVE('',#9361,#10860);
#10860 = DEFINITIONAL_REPRESENTATION('',(#10861),#10864);
#10861 = B_SPLINE_CURVE_WITH_KNOTS('',1,(#10862,#10863),.UNSPECIFIED.,
  .F.,.F.,(2,2),(-25.09068542494,-1.390685424949),
  .PIECEWISE_BEZIER_KNOTS.);
#10862 = CARTESIAN_POINT('',(29.7,36.));
#10863 = CARTESIAN_POINT('',(6.,36.));
#10864 = ( GEOMETRIC_REPRESENTATION_CONTEXT(2) 
PARAMETRIC_REPRESENTATION_CONTEXT() REPRESENTATION_CONTEXT('2D SPACE',''
  ) );
#10865 = PCURVE('',#10866,#10871);
#10866 = PLANE('',#10867);
#10867 = AXIS2_PLACEMENT_3D('',#10868,#10869,#10870);
#10868 = CARTESIAN_POINT('',(6.,78.109411506676,9.218629150102));
#10869 = DIRECTION('',(1.,0.,0.));
#10870 = DIRECTION('',(-0.,0.,1.));
#10871 = DEFINITIONAL_REPRESENTATION('',(#10872),#10875);
#10872 = B_SPLINE_CURVE_WITH_KNOTS('',1,(#10873,#10874),.UNSPECIFIED.,
  .F.,.F.,(2,2),(-25.09068542494,-1.390685424949),
  .PIECEWISE_BEZIER_KNOTS.);
#10873 = CARTESIAN_POINT('',(20.481370849898,0.670219608097));
#10874 = CARTESIAN_POINT('',(-3.218629150102,0.670219608097));
#10875 = ( GEOMETRIC_REPRESENTATION_CONTEXT(2) 
PARAMETRIC_REPRESENTATION_CONTEXT() REPRESENTATION_CONTEXT('2D SPACE',''
  ) );
#10876 = ORIENTED_EDGE('',*,*,#10877,.T.);
#10877 = EDGE_CURVE('',#10852,#10800,#10878,.T.);
#10878 = SURFACE_CURVE('',#10879,(#10883,#10889),.PCURVE_S1.);
#10879 = LINE('',#10880,#10881);
#10880 = CARTESIAN_POINT('',(-12.,77.439191898579,6.6));
#10881 = VECTOR('',#10882,1.);
#10882 = DIRECTION('',(1.,0.,-0.));
#10883 = PCURVE('',#9361,#10884);
#10884 = DEFINITIONAL_REPRESENTATION('',(#10885),#10888);
#10885 = B_SPLINE_CURVE_WITH_KNOTS('',1,(#10886,#10887),.UNSPECIFIED.,
  .F.,.F.,(2,2),(18.,21.),.PIECEWISE_BEZIER_KNOTS.);
#10886 = CARTESIAN_POINT('',(6.6,36.));
#10887 = CARTESIAN_POINT('',(6.6,39.));
#10888 = ( GEOMETRIC_REPRESENTATION_CONTEXT(2) 
PARAMETRIC_REPRESENTATION_CONTEXT() REPRESENTATION_CONTEXT('2D SPACE',''
  ) );
#10889 = PCURVE('',#10890,#10895);
#10890 = PLANE('',#10891);
#10891 = AXIS2_PLACEMENT_3D('',#10892,#10893,#10894);
#10892 = CARTESIAN_POINT('',(6.,76.839191898579,6.));
#10893 = DIRECTION('',(0.,-0.707106781187,0.707106781187));
#10894 = DIRECTION('',(0.,0.707106781187,0.707106781187));
#10895 = DEFINITIONAL_REPRESENTATION('',(#10896),#10899);
#10896 = B_SPLINE_CURVE_WITH_KNOTS('',1,(#10897,#10898),.UNSPECIFIED.,
  .F.,.F.,(2,2),(18.,21.),.PIECEWISE_BEZIER_KNOTS.);
#10897 = CARTESIAN_POINT('',(0.848528137424,0.));
#10898 = CARTESIAN_POINT('',(0.848528137424,-3.));
#10899 = ( GEOMETRIC_REPRESENTATION_CONTEXT(2) 
PARAMETRIC_REPRESENTATION_CONTEXT() REPRESENTATION_CONTEXT('2D SPACE',''
  ) );
#10900 = ADVANCED_FACE('',(#10901),#9416,.F.);
#10901 = FACE_BOUND('',#10902,.T.);
#10902 = EDGE_LOOP('',(#10903,#10904,#10905,#10924));
#10903 = ORIENTED_EDGE('',*,*,#9400,.F.);
#10904 = ORIENTED_EDGE('',*,*,#9513,.T.);
#10905 = ORIENTED_EDGE('',*,*,#10906,.T.);
#10906 = EDGE_CURVE('',#9514,#9859,#10907,.T.);
#10907 = SURFACE_CURVE('',#10908,(#10912,#10918),.PCURVE_S1.);
#10908 = LINE('',#10909,#10910);
#10909 = CARTESIAN_POINT('',(-22.3,35.236261127553,27.497069228974));
#10910 = VECTOR('',#10911,1.);
#10911 = DIRECTION('',(-0.,0.707106781187,0.707106781187));
#10912 = PCURVE('',#9416,#10913);
#10913 = DEFINITIONAL_REPRESENTATION('',(#10914),#10917);
#10914 = B_SPLINE_CURVE_WITH_KNOTS('',1,(#10915,#10916),.UNSPECIFIED.,
  .F.,.F.,(2,2),(3.115414573353,3.539678642065),
  .PIECEWISE_BEZIER_KNOTS.);
#10915 = CARTESIAN_POINT('',(-3.7,-0.212132034356));
#10916 = CARTESIAN_POINT('',(-3.7,0.212132034356));
#10917 = ( GEOMETRIC_REPRESENTATION_CONTEXT(2) 
PARAMETRIC_REPRESENTATION_CONTEXT() REPRESENTATION_CONTEXT('2D SPACE',''
  ) );
#10918 = PCURVE('',#9551,#10919);
#10919 = DEFINITIONAL_REPRESENTATION('',(#10920),#10923);
#10920 = B_SPLINE_CURVE_WITH_KNOTS('',1,(#10921,#10922),.UNSPECIFIED.,
  .F.,.F.,(2,2),(3.115414573353,3.539678642065),
  .PIECEWISE_BEZIER_KNOTS.);
#10921 = CARTESIAN_POINT('',(0.392127134813,-8.719595949289));
#10922 = CARTESIAN_POINT('',(0.692127134813,-9.019595949289));
#10923 = ( GEOMETRIC_REPRESENTATION_CONTEXT(2) 
PARAMETRIC_REPRESENTATION_CONTEXT() REPRESENTATION_CONTEXT('2D SPACE',''
  ) );
#10924 = ORIENTED_EDGE('',*,*,#9858,.F.);
#10925 = ADVANCED_FACE('',(#10926),#9469,.T.);
#10926 = FACE_BOUND('',#10927,.T.);
#10927 = EDGE_LOOP('',(#10928,#10949,#10950,#10951));
#10928 = ORIENTED_EDGE('',*,*,#10929,.F.);
#10929 = EDGE_CURVE('',#9749,#10416,#10930,.T.);
#10930 = SURFACE_CURVE('',#10931,(#10935,#10942),.PCURVE_S1.);
#10931 = LINE('',#10932,#10933);
#10932 = CARTESIAN_POINT('',(26.,37.439191898579,0.8));
#10933 = VECTOR('',#10934,1.);
#10934 = DIRECTION('',(-4.329780281177E-17,0.707106781187,
    -0.707106781187));
#10935 = PCURVE('',#9469,#10936);
#10936 = DEFINITIONAL_REPRESENTATION('',(#10937),#10941);
#10937 = LINE('',#10938,#10939);
#10938 = CARTESIAN_POINT('',(4.237045877652E-33,-0.565685424949));
#10939 = VECTOR('',#10940,1.);
#10940 = DIRECTION('',(4.329780281177E-17,1.));
#10941 = ( GEOMETRIC_REPRESENTATION_CONTEXT(2) 
PARAMETRIC_REPRESENTATION_CONTEXT() REPRESENTATION_CONTEXT('2D SPACE',''
  ) );
#10942 = PCURVE('',#10459,#10943);
#10943 = DEFINITIONAL_REPRESENTATION('',(#10944),#10948);
#10944 = LINE('',#10945,#10946);
#10945 = CARTESIAN_POINT('',(-1.570796326795,-0.));
#10946 = VECTOR('',#10947,1.);
#10947 = DIRECTION('',(-0.,-1.));
#10948 = ( GEOMETRIC_REPRESENTATION_CONTEXT(2) 
PARAMETRIC_REPRESENTATION_CONTEXT() REPRESENTATION_CONTEXT('2D SPACE',''
  ) );
#10949 = ORIENTED_EDGE('',*,*,#9776,.T.);
#10950 = ORIENTED_EDGE('',*,*,#9453,.T.);
#10951 = ORIENTED_EDGE('',*,*,#10415,.F.);
#10952 = ADVANCED_FACE('',(#10953),#9764,.T.);
#10953 = FACE_BOUND('',#10954,.F.);
#10954 = EDGE_LOOP('',(#10955,#10985,#11007,#11008));
#10955 = ORIENTED_EDGE('',*,*,#10956,.F.);
#10956 = EDGE_CURVE('',#10957,#10959,#10961,.T.);
#10957 = VERTEX_POINT('',#10958);
#10958 = CARTESIAN_POINT('',(30.,41.439191898579,0.8));
#10959 = VERTEX_POINT('',#10960);
#10960 = CARTESIAN_POINT('',(30.,41.439191898579,29.7));
#10961 = SURFACE_CURVE('',#10962,(#10966,#10973),.PCURVE_S1.);
#10962 = LINE('',#10963,#10964);
#10963 = CARTESIAN_POINT('',(30.,41.439191898579,0.));
#10964 = VECTOR('',#10965,1.);
#10965 = DIRECTION('',(0.,0.,1.));
#10966 = PCURVE('',#9764,#10967);
#10967 = DEFINITIONAL_REPRESENTATION('',(#10968),#10972);
#10968 = LINE('',#10969,#10970);
#10969 = CARTESIAN_POINT('',(-0.,0.));
#10970 = VECTOR('',#10971,1.);
#10971 = DIRECTION('',(-0.,1.));
#10972 = ( GEOMETRIC_REPRESENTATION_CONTEXT(2) 
PARAMETRIC_REPRESENTATION_CONTEXT() REPRESENTATION_CONTEXT('2D SPACE',''
  ) );
#10973 = PCURVE('',#10974,#10979);
#10974 = PLANE('',#10975);
#10975 = AXIS2_PLACEMENT_3D('',#10976,#10977,#10978);
#10976 = CARTESIAN_POINT('',(30.,37.439191898579,0.));
#10977 = DIRECTION('',(1.,0.,0.));
#10978 = DIRECTION('',(0.,0.,1.));
#10979 = DEFINITIONAL_REPRESENTATION('',(#10980),#10984);
#10980 = LINE('',#10981,#10982);
#10981 = CARTESIAN_POINT('',(0.,-4.));
#10982 = VECTOR('',#10983,1.);
#10983 = DIRECTION('',(1.,0.));
#10984 = ( GEOMETRIC_REPRESENTATION_CONTEXT(2) 
PARAMETRIC_REPRESENTATION_CONTEXT() REPRESENTATION_CONTEXT('2D SPACE',''
  ) );
#10985 = ORIENTED_EDGE('',*,*,#10986,.T.);
#10986 = EDGE_CURVE('',#10957,#9749,#10987,.T.);
#10987 = SURFACE_CURVE('',#10988,(#10993,#11000),.PCURVE_S1.);
#10988 = CIRCLE('',#10989,4.);
#10989 = AXIS2_PLACEMENT_3D('',#10990,#10991,#10992);
#10990 = CARTESIAN_POINT('',(26.,41.439191898579,0.8));
#10991 = DIRECTION('',(0.,-0.,-1.));
#10992 = DIRECTION('',(1.,0.,-0.));
#10993 = PCURVE('',#9764,#10994);
#10994 = DEFINITIONAL_REPRESENTATION('',(#10995),#10999);
#10995 = LINE('',#10996,#10997);
#10996 = CARTESIAN_POINT('',(-0.,0.8));
#10997 = VECTOR('',#10998,1.);
#10998 = DIRECTION('',(-1.,0.));
#10999 = ( GEOMETRIC_REPRESENTATION_CONTEXT(2) 
PARAMETRIC_REPRESENTATION_CONTEXT() REPRESENTATION_CONTEXT('2D SPACE',''
  ) );
#11000 = PCURVE('',#10459,#11001);
#11001 = DEFINITIONAL_REPRESENTATION('',(#11002),#11006);
#11002 = LINE('',#11003,#11004);
#11003 = CARTESIAN_POINT('',(-0.,-0.));
#11004 = VECTOR('',#11005,1.);
#11005 = DIRECTION('',(-1.,-0.));
#11006 = ( GEOMETRIC_REPRESENTATION_CONTEXT(2) 
PARAMETRIC_REPRESENTATION_CONTEXT() REPRESENTATION_CONTEXT('2D SPACE',''
  ) );
#11007 = ORIENTED_EDGE('',*,*,#9748,.T.);
#11008 = ORIENTED_EDGE('',*,*,#11009,.T.);
#11009 = EDGE_CURVE('',#9721,#10959,#11010,.T.);
#11010 = SURFACE_CURVE('',#11011,(#11016,#11023),.PCURVE_S1.);
#11011 = CIRCLE('',#11012,4.);
#11012 = AXIS2_PLACEMENT_3D('',#11013,#11014,#11015);
#11013 = CARTESIAN_POINT('',(26.,41.439191898579,29.7));
#11014 = DIRECTION('',(0.,0.,1.));
#11015 = DIRECTION('',(0.,-1.,0.));
#11016 = PCURVE('',#9764,#11017);
#11017 = DEFINITIONAL_REPRESENTATION('',(#11018),#11022);
#11018 = LINE('',#11019,#11020);
#11019 = CARTESIAN_POINT('',(-1.570796326795,29.7));
#11020 = VECTOR('',#11021,1.);
#11021 = DIRECTION('',(1.,-0.));
#11022 = ( GEOMETRIC_REPRESENTATION_CONTEXT(2) 
PARAMETRIC_REPRESENTATION_CONTEXT() REPRESENTATION_CONTEXT('2D SPACE',''
  ) );
#11023 = PCURVE('',#10090,#11024);
#11024 = DEFINITIONAL_REPRESENTATION('',(#11025),#11029);
#11025 = LINE('',#11026,#11027);
#11026 = CARTESIAN_POINT('',(-0.,-0.));
#11027 = VECTOR('',#11028,1.);
#11028 = DIRECTION('',(-1.,-0.));
#11029 = ( GEOMETRIC_REPRESENTATION_CONTEXT(2) 
PARAMETRIC_REPRESENTATION_CONTEXT() REPRESENTATION_CONTEXT('2D SPACE',''
  ) );
#11030 = ADVANCED_FACE('',(#11031),#9736,.F.);
#11031 = FACE_BOUND('',#11032,.T.);
#11032 = EDGE_LOOP('',(#11033,#11034,#11053,#11054));
#11033 = ORIENTED_EDGE('',*,*,#10050,.F.);
#11034 = ORIENTED_EDGE('',*,*,#11035,.T.);
#11035 = EDGE_CURVE('',#10028,#9695,#11036,.T.);
#11036 = SURFACE_CURVE('',#11037,(#11041,#11047),.PCURVE_S1.);
#11037 = LINE('',#11038,#11039);
#11038 = CARTESIAN_POINT('',(22.3,35.01607234981,27.276880451231));
#11039 = VECTOR('',#11040,1.);
#11040 = DIRECTION('',(0.,-0.707106781187,-0.707106781187));
#11041 = PCURVE('',#9736,#11042);
#11042 = DEFINITIONAL_REPRESENTATION('',(#11043),#11046);
#11043 = B_SPLINE_CURVE_WITH_KNOTS('',1,(#11044,#11045),.UNSPECIFIED.,
  .F.,.F.,(2,2),(-3.851072597832,-3.42680852912),
  .PIECEWISE_BEZIER_KNOTS.);
#11044 = CARTESIAN_POINT('',(-48.3,0.212132034356));
#11045 = CARTESIAN_POINT('',(-48.3,-0.212132034356));
#11046 = ( GEOMETRIC_REPRESENTATION_CONTEXT(2) 
PARAMETRIC_REPRESENTATION_CONTEXT() REPRESENTATION_CONTEXT('2D SPACE',''
  ) );
#11047 = PCURVE('',#9709,#11048);
#11048 = DEFINITIONAL_REPRESENTATION('',(#11049),#11052);
#11049 = B_SPLINE_CURVE_WITH_KNOTS('',1,(#11050,#11051),.UNSPECIFIED.,
  .F.,.F.,(2,2),(-3.851072597832,-3.42680852912),
  .PIECEWISE_BEZIER_KNOTS.);
#11050 = CARTESIAN_POINT('',(-7.396194077713,-3.196284117363));
#11051 = CARTESIAN_POINT('',(-7.096194077713,-2.896284117363));
#11052 = ( GEOMETRIC_REPRESENTATION_CONTEXT(2) 
PARAMETRIC_REPRESENTATION_CONTEXT() REPRESENTATION_CONTEXT('2D SPACE',''
  ) );
#11053 = ORIENTED_EDGE('',*,*,#9720,.T.);
#11054 = ORIENTED_EDGE('',*,*,#11055,.T.);
#11055 = EDGE_CURVE('',#9721,#10051,#11056,.T.);
#11056 = SURFACE_CURVE('',#11057,(#11061,#11068),.PCURVE_S1.);
#11057 = LINE('',#11058,#11059);
#11058 = CARTESIAN_POINT('',(26.,37.589191898579,29.85));
#11059 = VECTOR('',#11060,1.);
#11060 = DIRECTION('',(-0.,0.707106781187,0.707106781187));
#11061 = PCURVE('',#9736,#11062);
#11062 = DEFINITIONAL_REPRESENTATION('',(#11063),#11067);
#11063 = LINE('',#11064,#11065);
#11064 = CARTESIAN_POINT('',(-52.,0.));
#11065 = VECTOR('',#11066,1.);
#11066 = DIRECTION('',(-0.,1.));
#11067 = ( GEOMETRIC_REPRESENTATION_CONTEXT(2) 
PARAMETRIC_REPRESENTATION_CONTEXT() REPRESENTATION_CONTEXT('2D SPACE',''
  ) );
#11068 = PCURVE('',#10090,#11069);
#11069 = DEFINITIONAL_REPRESENTATION('',(#11070),#11074);
#11070 = LINE('',#11071,#11072);
#11071 = CARTESIAN_POINT('',(-0.,-0.15));
#11072 = VECTOR('',#11073,1.);
#11073 = DIRECTION('',(-0.,-1.));
#11074 = ( GEOMETRIC_REPRESENTATION_CONTEXT(2) 
PARAMETRIC_REPRESENTATION_CONTEXT() REPRESENTATION_CONTEXT('2D SPACE',''
  ) );
#11075 = ADVANCED_FACE('',(#11076,#11211),#9709,.F.);
#11076 = FACE_BOUND('',#11077,.F.);
#11077 = EDGE_LOOP('',(#11078,#11079,#11080,#11081,#11104,#11132,#11161,
    #11189));
#11078 = ORIENTED_EDGE('',*,*,#10027,.T.);
#11079 = ORIENTED_EDGE('',*,*,#11035,.T.);
#11080 = ORIENTED_EDGE('',*,*,#9694,.F.);
#11081 = ORIENTED_EDGE('',*,*,#11082,.T.);
#11082 = EDGE_CURVE('',#9669,#11083,#11085,.T.);
#11083 = VERTEX_POINT('',#11084);
#11084 = CARTESIAN_POINT('',(22.3,28.719595949289,22.080404050711));
#11085 = SURFACE_CURVE('',#11086,(#11090,#11097),.PCURVE_S1.);
#11086 = LINE('',#11087,#11088);
#11087 = CARTESIAN_POINT('',(22.3,38.439191898579,12.360808101421));
#11088 = VECTOR('',#11089,1.);
#11089 = DIRECTION('',(0.,-0.707106781187,0.707106781187));
#11090 = PCURVE('',#9709,#11091);
#11091 = DEFINITIONAL_REPRESENTATION('',(#11092),#11096);
#11092 = LINE('',#11093,#11094);
#11093 = CARTESIAN_POINT('',(10.242997820866,-3.896284117363));
#11094 = VECTOR('',#11095,1.);
#11095 = DIRECTION('',(-0.707106781187,0.707106781187));
#11096 = ( GEOMETRIC_REPRESENTATION_CONTEXT(2) 
PARAMETRIC_REPRESENTATION_CONTEXT() REPRESENTATION_CONTEXT('2D SPACE',''
  ) );
#11097 = PCURVE('',#9683,#11098);
#11098 = DEFINITIONAL_REPRESENTATION('',(#11099),#11103);
#11099 = LINE('',#11100,#11101);
#11100 = CARTESIAN_POINT('',(0.,-8.6));
#11101 = VECTOR('',#11102,1.);
#11102 = DIRECTION('',(1.,0.));
#11103 = ( GEOMETRIC_REPRESENTATION_CONTEXT(2) 
PARAMETRIC_REPRESENTATION_CONTEXT() REPRESENTATION_CONTEXT('2D SPACE',''
  ) );
#11104 = ORIENTED_EDGE('',*,*,#11105,.T.);
#11105 = EDGE_CURVE('',#11083,#11106,#11108,.T.);
#11106 = VERTEX_POINT('',#11107);
#11107 = CARTESIAN_POINT('',(22.3,28.719595949289,22.411774900609));
#11108 = SURFACE_CURVE('',#11109,(#11113,#11120),.PCURVE_S1.);
#11109 = LINE('',#11110,#11111);
#11110 = CARTESIAN_POINT('',(22.3,28.719595949289,22.080404050711));
#11111 = VECTOR('',#11112,1.);
#11112 = DIRECTION('',(0.,0.,1.));
#11113 = PCURVE('',#9709,#11114);
#11114 = DEFINITIONAL_REPRESENTATION('',(#11115),#11119);
#11115 = LINE('',#11116,#11117);
#11116 = CARTESIAN_POINT('',(0.523401871577,5.823311831926));
#11117 = VECTOR('',#11118,1.);
#11118 = DIRECTION('',(-1.,0.));
#11119 = ( GEOMETRIC_REPRESENTATION_CONTEXT(2) 
PARAMETRIC_REPRESENTATION_CONTEXT() REPRESENTATION_CONTEXT('2D SPACE',''
  ) );
#11120 = PCURVE('',#11121,#11126);
#11121 = PLANE('',#11122);
#11122 = AXIS2_PLACEMENT_3D('',#11123,#11124,#11125);
#11123 = CARTESIAN_POINT('',(13.7,28.719595949289,22.080404050711));
#11124 = DIRECTION('',(0.,-1.,0.));
#11125 = DIRECTION('',(0.,0.,1.));
#11126 = DEFINITIONAL_REPRESENTATION('',(#11127),#11131);
#11127 = LINE('',#11128,#11129);
#11128 = CARTESIAN_POINT('',(0.,-8.6));
#11129 = VECTOR('',#11130,1.);
#11130 = DIRECTION('',(1.,0.));
#11131 = ( GEOMETRIC_REPRESENTATION_CONTEXT(2) 
PARAMETRIC_REPRESENTATION_CONTEXT() REPRESENTATION_CONTEXT('2D SPACE',''
  ) );
#11132 = ORIENTED_EDGE('',*,*,#11133,.T.);
#11133 = EDGE_CURVE('',#11106,#11134,#11136,.T.);
#11134 = VERTEX_POINT('',#11135);
#11135 = CARTESIAN_POINT('',(22.3,28.15391052434,22.64608947566));
#11136 = SURFACE_CURVE('',#11137,(#11142,#11149),.PCURVE_S1.);
#11137 = CIRCLE('',#11138,0.8);
#11138 = AXIS2_PLACEMENT_3D('',#11139,#11140,#11141);
#11139 = CARTESIAN_POINT('',(22.3,28.719595949289,23.211774900609));
#11140 = DIRECTION('',(-1.,0.,-0.));
#11141 = DIRECTION('',(-0.,0.,1.));
#11142 = PCURVE('',#9709,#11143);
#11143 = DEFINITIONAL_REPRESENTATION('',(#11144),#11148);
#11144 = CIRCLE('',#11145,0.8);
#11145 = AXIS2_PLACEMENT_2D('',#11146,#11147);
#11146 = CARTESIAN_POINT('',(-0.607968978322,5.823311831926));
#11147 = DIRECTION('',(-1.,0.));
#11148 = ( GEOMETRIC_REPRESENTATION_CONTEXT(2) 
PARAMETRIC_REPRESENTATION_CONTEXT() REPRESENTATION_CONTEXT('2D SPACE',''
  ) );
#11149 = PCURVE('',#11150,#11155);
#11150 = CYLINDRICAL_SURFACE('',#11151,0.8);
#11151 = AXIS2_PLACEMENT_3D('',#11152,#11153,#11154);
#11152 = CARTESIAN_POINT('',(13.7,28.719595949289,23.211774900609));
#11153 = DIRECTION('',(1.,0.,0.));
#11154 = DIRECTION('',(0.,0.707106781187,-0.707106781187));
#11155 = DEFINITIONAL_REPRESENTATION('',(#11156),#11160);
#11156 = LINE('',#11157,#11158);
#11157 = CARTESIAN_POINT('',(2.356194490192,8.6));
#11158 = VECTOR('',#11159,1.);
#11159 = DIRECTION('',(-1.,0.));
#11160 = ( GEOMETRIC_REPRESENTATION_CONTEXT(2) 
PARAMETRIC_REPRESENTATION_CONTEXT() REPRESENTATION_CONTEXT('2D SPACE',''
  ) );
#11161 = ORIENTED_EDGE('',*,*,#11162,.F.);
#11162 = EDGE_CURVE('',#11163,#11134,#11165,.T.);
#11163 = VERTEX_POINT('',#11164);
#11164 = CARTESIAN_POINT('',(22.3,24.759797974645,26.040202025355));
#11165 = SURFACE_CURVE('',#11166,(#11170,#11177),.PCURVE_S1.);
#11166 = LINE('',#11167,#11168);
#11167 = CARTESIAN_POINT('',(22.3,24.759797974645,26.040202025355));
#11168 = VECTOR('',#11169,1.);
#11169 = DIRECTION('',(0.,0.707106781187,-0.707106781187));
#11170 = PCURVE('',#9709,#11171);
#11171 = DEFINITIONAL_REPRESENTATION('',(#11172),#11176);
#11172 = LINE('',#11173,#11174);
#11173 = CARTESIAN_POINT('',(-3.436396103068,9.783109806571));
#11174 = VECTOR('',#11175,1.);
#11175 = DIRECTION('',(0.707106781187,-0.707106781187));
#11176 = ( GEOMETRIC_REPRESENTATION_CONTEXT(2) 
PARAMETRIC_REPRESENTATION_CONTEXT() REPRESENTATION_CONTEXT('2D SPACE',''
  ) );
#11177 = PCURVE('',#11178,#11183);
#11178 = PLANE('',#11179);
#11179 = AXIS2_PLACEMENT_3D('',#11180,#11181,#11182);
#11180 = CARTESIAN_POINT('',(13.7,24.759797974645,26.040202025355));
#11181 = DIRECTION('',(-0.,0.707106781187,0.707106781187));
#11182 = DIRECTION('',(0.,0.707106781187,-0.707106781187));
#11183 = DEFINITIONAL_REPRESENTATION('',(#11184),#11188);
#11184 = LINE('',#11185,#11186);
#11185 = CARTESIAN_POINT('',(0.,-8.6));
#11186 = VECTOR('',#11187,1.);
#11187 = DIRECTION('',(1.,0.));
#11188 = ( GEOMETRIC_REPRESENTATION_CONTEXT(2) 
PARAMETRIC_REPRESENTATION_CONTEXT() REPRESENTATION_CONTEXT('2D SPACE',''
  ) );
#11189 = ORIENTED_EDGE('',*,*,#11190,.T.);
#11190 = EDGE_CURVE('',#11163,#10001,#11191,.T.);
#11191 = SURFACE_CURVE('',#11192,(#11197,#11204),.PCURVE_S1.);
#11192 = CIRCLE('',#11193,5.6);
#11193 = AXIS2_PLACEMENT_3D('',#11194,#11195,#11196);
#11194 = CARTESIAN_POINT('',(22.3,28.719595949289,30.));
#11195 = DIRECTION('',(-1.,-0.,0.));
#11196 = DIRECTION('',(0.,-0.707106781187,-0.707106781187));
#11197 = PCURVE('',#9709,#11198);
#11198 = DEFINITIONAL_REPRESENTATION('',(#11199),#11203);
#11199 = CIRCLE('',#11200,5.6);
#11200 = AXIS2_PLACEMENT_2D('',#11201,#11202);
#11201 = CARTESIAN_POINT('',(-7.396194077713,5.823311831926));
#11202 = DIRECTION('',(0.707106781187,0.707106781187));
#11203 = ( GEOMETRIC_REPRESENTATION_CONTEXT(2) 
PARAMETRIC_REPRESENTATION_CONTEXT() REPRESENTATION_CONTEXT('2D SPACE',''
  ) );
#11204 = PCURVE('',#10016,#11205);
#11205 = DEFINITIONAL_REPRESENTATION('',(#11206),#11210);
#11206 = LINE('',#11207,#11208);
#11207 = CARTESIAN_POINT('',(-4.712388980385,-8.6));
#11208 = VECTOR('',#11209,1.);
#11209 = DIRECTION('',(1.,-0.));
#11210 = ( GEOMETRIC_REPRESENTATION_CONTEXT(2) 
PARAMETRIC_REPRESENTATION_CONTEXT() REPRESENTATION_CONTEXT('2D SPACE',''
  ) );
#11211 = FACE_BOUND('',#11212,.F.);
#11212 = EDGE_LOOP('',(#11213));
#11213 = ORIENTED_EDGE('',*,*,#11214,.F.);
#11214 = EDGE_CURVE('',#11215,#11215,#11217,.T.);
#11215 = VERTEX_POINT('',#11216);
#11216 = CARTESIAN_POINT('',(22.3,28.719595949289,26.5));
#11217 = SURFACE_CURVE('',#11218,(#11223,#11230),.PCURVE_S1.);
#11218 = CIRCLE('',#11219,3.5);
#11219 = AXIS2_PLACEMENT_3D('',#11220,#11221,#11222);
#11220 = CARTESIAN_POINT('',(22.3,28.719595949289,30.));
#11221 = DIRECTION('',(-1.,0.,0.));
#11222 = DIRECTION('',(0.,0.,-1.));
#11223 = PCURVE('',#9709,#11224);
#11224 = DEFINITIONAL_REPRESENTATION('',(#11225),#11229);
#11225 = CIRCLE('',#11226,3.5);
#11226 = AXIS2_PLACEMENT_2D('',#11227,#11228);
#11227 = CARTESIAN_POINT('',(-7.396194077713,5.823311831926));
#11228 = DIRECTION('',(1.,0.));
#11229 = ( GEOMETRIC_REPRESENTATION_CONTEXT(2) 
PARAMETRIC_REPRESENTATION_CONTEXT() REPRESENTATION_CONTEXT('2D SPACE',''
  ) );
#11230 = PCURVE('',#11231,#11236);
#11231 = CONICAL_SURFACE('',#11232,3.7,0.785398163397);
#11232 = AXIS2_PLACEMENT_3D('',#11233,#11234,#11235);
#11233 = CARTESIAN_POINT('',(22.5,28.719595949289,30.));
#11234 = DIRECTION('',(1.,-0.,-0.));
#11235 = DIRECTION('',(0.,0.,-1.));
#11236 = DEFINITIONAL_REPRESENTATION('',(#11237),#11241);
#11237 = LINE('',#11238,#11239);
#11238 = CARTESIAN_POINT('',(-0.,-0.2));
#11239 = VECTOR('',#11240,1.);
#11240 = DIRECTION('',(-1.,-0.));
#11241 = ( GEOMETRIC_REPRESENTATION_CONTEXT(2) 
PARAMETRIC_REPRESENTATION_CONTEXT() REPRESENTATION_CONTEXT('2D SPACE',''
  ) );
#11242 = ADVANCED_FACE('',(#11243),#9683,.T.);
#11243 = FACE_BOUND('',#11244,.T.);
#11244 = EDGE_LOOP('',(#11245,#11268,#11269,#11270));
#11245 = ORIENTED_EDGE('',*,*,#11246,.F.);
#11246 = EDGE_CURVE('',#9643,#11247,#11249,.T.);
#11247 = VERTEX_POINT('',#11248);
#11248 = CARTESIAN_POINT('',(13.7,28.719595949289,22.080404050711));
#11249 = SURFACE_CURVE('',#11250,(#11254,#11261),.PCURVE_S1.);
#11250 = LINE('',#11251,#11252);
#11251 = CARTESIAN_POINT('',(13.7,38.439191898579,12.360808101421));
#11252 = VECTOR('',#11253,1.);
#11253 = DIRECTION('',(0.,-0.707106781187,0.707106781187));
#11254 = PCURVE('',#9683,#11255);
#11255 = DEFINITIONAL_REPRESENTATION('',(#11256),#11260);
#11256 = LINE('',#11257,#11258);
#11257 = CARTESIAN_POINT('',(0.,0.));
#11258 = VECTOR('',#11259,1.);
#11259 = DIRECTION('',(1.,0.));
#11260 = ( GEOMETRIC_REPRESENTATION_CONTEXT(2) 
PARAMETRIC_REPRESENTATION_CONTEXT() REPRESENTATION_CONTEXT('2D SPACE',''
  ) );
#11261 = PCURVE('',#9657,#11262);
#11262 = DEFINITIONAL_REPRESENTATION('',(#11263),#11267);
#11263 = LINE('',#11264,#11265);
#11264 = CARTESIAN_POINT('',(-16.94706476376,-9.719595949289));
#11265 = VECTOR('',#11266,1.);
#11266 = DIRECTION('',(0.707106781187,0.707106781187));
#11267 = ( GEOMETRIC_REPRESENTATION_CONTEXT(2) 
PARAMETRIC_REPRESENTATION_CONTEXT() REPRESENTATION_CONTEXT('2D SPACE',''
  ) );
#11268 = ORIENTED_EDGE('',*,*,#9668,.F.);
#11269 = ORIENTED_EDGE('',*,*,#11082,.T.);
#11270 = ORIENTED_EDGE('',*,*,#11271,.F.);
#11271 = EDGE_CURVE('',#11247,#11083,#11272,.T.);
#11272 = SURFACE_CURVE('',#11273,(#11277,#11284),.PCURVE_S1.);
#11273 = LINE('',#11274,#11275);
#11274 = CARTESIAN_POINT('',(13.7,28.719595949289,22.080404050711));
#11275 = VECTOR('',#11276,1.);
#11276 = DIRECTION('',(1.,0.,0.));
#11277 = PCURVE('',#9683,#11278);
#11278 = DEFINITIONAL_REPRESENTATION('',(#11279),#11283);
#11279 = LINE('',#11280,#11281);
#11280 = CARTESIAN_POINT('',(13.745584412272,0.));
#11281 = VECTOR('',#11282,1.);
#11282 = DIRECTION('',(0.,-1.));
#11283 = ( GEOMETRIC_REPRESENTATION_CONTEXT(2) 
PARAMETRIC_REPRESENTATION_CONTEXT() REPRESENTATION_CONTEXT('2D SPACE',''
  ) );
#11284 = PCURVE('',#11121,#11285);
#11285 = DEFINITIONAL_REPRESENTATION('',(#11286),#11290);
#11286 = LINE('',#11287,#11288);
#11287 = CARTESIAN_POINT('',(0.,0.));
#11288 = VECTOR('',#11289,1.);
#11289 = DIRECTION('',(0.,-1.));
#11290 = ( GEOMETRIC_REPRESENTATION_CONTEXT(2) 
PARAMETRIC_REPRESENTATION_CONTEXT() REPRESENTATION_CONTEXT('2D SPACE',''
  ) );
#11291 = ADVANCED_FACE('',(#11292,#11412),#9657,.F.);
#11292 = FACE_BOUND('',#11293,.F.);
#11293 = EDGE_LOOP('',(#11294,#11313,#11314,#11338,#11361,#11389,#11410,
    #11411));
#11294 = ORIENTED_EDGE('',*,*,#11295,.T.);
#11295 = EDGE_CURVE('',#9615,#9955,#11296,.T.);
#11296 = SURFACE_CURVE('',#11297,(#11301,#11307),.PCURVE_S1.);
#11297 = LINE('',#11298,#11299);
#11298 = CARTESIAN_POINT('',(13.7,35.236261127553,27.497069228974));
#11299 = VECTOR('',#11300,1.);
#11300 = DIRECTION('',(-0.,0.707106781187,0.707106781187));
#11301 = PCURVE('',#9657,#11302);
#11302 = DEFINITIONAL_REPRESENTATION('',(#11303),#11306);
#11303 = B_SPLINE_CURVE_WITH_KNOTS('',1,(#11304,#11305),.UNSPECIFIED.,
  .F.,.F.,(2,2),(3.115414573353,3.539678642065),
  .PIECEWISE_BEZIER_KNOTS.);
#11304 = CARTESIAN_POINT('',(0.392127134813,-8.719595949289));
#11305 = CARTESIAN_POINT('',(0.692127134813,-9.019595949289));
#11306 = ( GEOMETRIC_REPRESENTATION_CONTEXT(2) 
PARAMETRIC_REPRESENTATION_CONTEXT() REPRESENTATION_CONTEXT('2D SPACE',''
  ) );
#11307 = PCURVE('',#9630,#11308);
#11308 = DEFINITIONAL_REPRESENTATION('',(#11309),#11312);
#11309 = B_SPLINE_CURVE_WITH_KNOTS('',1,(#11310,#11311),.UNSPECIFIED.,
  .F.,.F.,(2,2),(3.115414573353,3.539678642065),
  .PIECEWISE_BEZIER_KNOTS.);
#11310 = CARTESIAN_POINT('',(-39.7,-0.212132034356));
#11311 = CARTESIAN_POINT('',(-39.7,0.212132034356));
#11312 = ( GEOMETRIC_REPRESENTATION_CONTEXT(2) 
PARAMETRIC_REPRESENTATION_CONTEXT() REPRESENTATION_CONTEXT('2D SPACE',''
  ) );
#11313 = ORIENTED_EDGE('',*,*,#9977,.F.);
#11314 = ORIENTED_EDGE('',*,*,#11315,.T.);
#11315 = EDGE_CURVE('',#9978,#11316,#11318,.T.);
#11316 = VERTEX_POINT('',#11317);
#11317 = CARTESIAN_POINT('',(13.7,24.759797974645,26.040202025355));
#11318 = SURFACE_CURVE('',#11319,(#11324,#11331),.PCURVE_S1.);
#11319 = CIRCLE('',#11320,5.6);
#11320 = AXIS2_PLACEMENT_3D('',#11321,#11322,#11323);
#11321 = CARTESIAN_POINT('',(13.7,28.719595949289,30.));
#11322 = DIRECTION('',(1.,-0.,0.));
#11323 = DIRECTION('',(0.,0.707106781187,-0.707106781187));
#11324 = PCURVE('',#9657,#11325);
#11325 = DEFINITIONAL_REPRESENTATION('',(#11326),#11330);
#11326 = CIRCLE('',#11327,5.6);
#11327 = AXIS2_PLACEMENT_2D('',#11328,#11329);
#11328 = CARTESIAN_POINT('',(0.692127134813,1.06581410364E-14));
#11329 = DIRECTION('',(-0.707106781187,-0.707106781187));
#11330 = ( GEOMETRIC_REPRESENTATION_CONTEXT(2) 
PARAMETRIC_REPRESENTATION_CONTEXT() REPRESENTATION_CONTEXT('2D SPACE',''
  ) );
#11331 = PCURVE('',#10016,#11332);
#11332 = DEFINITIONAL_REPRESENTATION('',(#11333),#11337);
#11333 = LINE('',#11334,#11335);
#11334 = CARTESIAN_POINT('',(-0.,0.));
#11335 = VECTOR('',#11336,1.);
#11336 = DIRECTION('',(-1.,0.));
#11337 = ( GEOMETRIC_REPRESENTATION_CONTEXT(2) 
PARAMETRIC_REPRESENTATION_CONTEXT() REPRESENTATION_CONTEXT('2D SPACE',''
  ) );
#11338 = ORIENTED_EDGE('',*,*,#11339,.T.);
#11339 = EDGE_CURVE('',#11316,#11340,#11342,.T.);
#11340 = VERTEX_POINT('',#11341);
#11341 = CARTESIAN_POINT('',(13.7,28.15391052434,22.64608947566));
#11342 = SURFACE_CURVE('',#11343,(#11347,#11354),.PCURVE_S1.);
#11343 = LINE('',#11344,#11345);
#11344 = CARTESIAN_POINT('',(13.7,24.759797974645,26.040202025355));
#11345 = VECTOR('',#11346,1.);
#11346 = DIRECTION('',(0.,0.707106781187,-0.707106781187));
#11347 = PCURVE('',#9657,#11348);
#11348 = DEFINITIONAL_REPRESENTATION('',(#11349),#11353);
#11349 = LINE('',#11350,#11351);
#11350 = CARTESIAN_POINT('',(-3.267670839831,3.959797974645));
#11351 = VECTOR('',#11352,1.);
#11352 = DIRECTION('',(-0.707106781187,-0.707106781187));
#11353 = ( GEOMETRIC_REPRESENTATION_CONTEXT(2) 
PARAMETRIC_REPRESENTATION_CONTEXT() REPRESENTATION_CONTEXT('2D SPACE',''
  ) );
#11354 = PCURVE('',#11178,#11355);
#11355 = DEFINITIONAL_REPRESENTATION('',(#11356),#11360);
#11356 = LINE('',#11357,#11358);
#11357 = CARTESIAN_POINT('',(0.,0.));
#11358 = VECTOR('',#11359,1.);
#11359 = DIRECTION('',(1.,0.));
#11360 = ( GEOMETRIC_REPRESENTATION_CONTEXT(2) 
PARAMETRIC_REPRESENTATION_CONTEXT() REPRESENTATION_CONTEXT('2D SPACE',''
  ) );
#11361 = ORIENTED_EDGE('',*,*,#11362,.F.);
#11362 = EDGE_CURVE('',#11363,#11340,#11365,.T.);
#11363 = VERTEX_POINT('',#11364);
#11364 = CARTESIAN_POINT('',(13.7,28.719595949289,22.411774900609));
#11365 = SURFACE_CURVE('',#11366,(#11371,#11382),.PCURVE_S1.);
#11366 = CIRCLE('',#11367,0.8);
#11367 = AXIS2_PLACEMENT_3D('',#11368,#11369,#11370);
#11368 = CARTESIAN_POINT('',(13.7,28.719595949289,23.211774900609));
#11369 = DIRECTION('',(-1.,0.,-0.));
#11370 = DIRECTION('',(-0.,0.,1.));
#11371 = PCURVE('',#9657,#11372);
#11372 = DEFINITIONAL_REPRESENTATION('',(#11373),#11381);
#11373 = ( BOUNDED_CURVE() B_SPLINE_CURVE(2,(#11374,#11375,#11376,#11377
    ,#11378,#11379,#11380),.UNSPECIFIED.,.T.,.F.) 
B_SPLINE_CURVE_WITH_KNOTS((1,2,2,2,2,1),(-2.094395102393,0.,
    2.094395102393,4.188790204786,6.28318530718,8.377580409573),
.UNSPECIFIED.) CURVE() GEOMETRIC_REPRESENTATION_ITEM() 
RATIONAL_B_SPLINE_CURVE((1.,0.5,1.,0.5,1.,0.5,1.)) REPRESENTATION_ITEM(
  '') );
#11374 = CARTESIAN_POINT('',(-5.296097964578,7.105427357601E-15));
#11375 = CARTESIAN_POINT('',(-5.296097964578,-1.385640646055));
#11376 = CARTESIAN_POINT('',(-6.496097964578,-0.692820323028));
#11377 = CARTESIAN_POINT('',(-7.696097964578,6.909483869737E-15));
#11378 = CARTESIAN_POINT('',(-6.496097964578,0.692820323028));
#11379 = CARTESIAN_POINT('',(-5.296097964578,1.385640646055));
#11380 = CARTESIAN_POINT('',(-5.296097964578,7.105427357601E-15));
#11381 = ( GEOMETRIC_REPRESENTATION_CONTEXT(2) 
PARAMETRIC_REPRESENTATION_CONTEXT() REPRESENTATION_CONTEXT('2D SPACE',''
  ) );
#11382 = PCURVE('',#11150,#11383);
#11383 = DEFINITIONAL_REPRESENTATION('',(#11384),#11388);
#11384 = LINE('',#11385,#11386);
#11385 = CARTESIAN_POINT('',(2.356194490192,1.7763568394E-15));
#11386 = VECTOR('',#11387,1.);
#11387 = DIRECTION('',(-1.,0.));
#11388 = ( GEOMETRIC_REPRESENTATION_CONTEXT(2) 
PARAMETRIC_REPRESENTATION_CONTEXT() REPRESENTATION_CONTEXT('2D SPACE',''
  ) );
#11389 = ORIENTED_EDGE('',*,*,#11390,.F.);
#11390 = EDGE_CURVE('',#11247,#11363,#11391,.T.);
#11391 = SURFACE_CURVE('',#11392,(#11396,#11403),.PCURVE_S1.);
#11392 = LINE('',#11393,#11394);
#11393 = CARTESIAN_POINT('',(13.7,28.719595949289,22.080404050711));
#11394 = VECTOR('',#11395,1.);
#11395 = DIRECTION('',(0.,0.,1.));
#11396 = PCURVE('',#9657,#11397);
#11397 = DEFINITIONAL_REPRESENTATION('',(#11398),#11402);
#11398 = LINE('',#11399,#11400);
#11399 = CARTESIAN_POINT('',(-7.227468814476,7.105427357601E-15));
#11400 = VECTOR('',#11401,1.);
#11401 = DIRECTION('',(1.,0.));
#11402 = ( GEOMETRIC_REPRESENTATION_CONTEXT(2) 
PARAMETRIC_REPRESENTATION_CONTEXT() REPRESENTATION_CONTEXT('2D SPACE',''
  ) );
#11403 = PCURVE('',#11121,#11404);
#11404 = DEFINITIONAL_REPRESENTATION('',(#11405),#11409);
#11405 = LINE('',#11406,#11407);
#11406 = CARTESIAN_POINT('',(0.,0.));
#11407 = VECTOR('',#11408,1.);
#11408 = DIRECTION('',(1.,0.));
#11409 = ( GEOMETRIC_REPRESENTATION_CONTEXT(2) 
PARAMETRIC_REPRESENTATION_CONTEXT() REPRESENTATION_CONTEXT('2D SPACE',''
  ) );
#11410 = ORIENTED_EDGE('',*,*,#11246,.F.);
#11411 = ORIENTED_EDGE('',*,*,#9642,.F.);
#11412 = FACE_BOUND('',#11413,.F.);
#11413 = EDGE_LOOP('',(#11414));
#11414 = ORIENTED_EDGE('',*,*,#11415,.F.);
#11415 = EDGE_CURVE('',#11416,#11416,#11418,.T.);
#11416 = VERTEX_POINT('',#11417);
#11417 = CARTESIAN_POINT('',(13.7,28.719595949289,33.5));
#11418 = SURFACE_CURVE('',#11419,(#11424,#11431),.PCURVE_S1.);
#11419 = CIRCLE('',#11420,3.5);
#11420 = AXIS2_PLACEMENT_3D('',#11421,#11422,#11423);
#11421 = CARTESIAN_POINT('',(13.7,28.719595949289,30.));
#11422 = DIRECTION('',(1.,0.,0.));
#11423 = DIRECTION('',(-0.,0.,1.));
#11424 = PCURVE('',#9657,#11425);
#11425 = DEFINITIONAL_REPRESENTATION('',(#11426),#11430);
#11426 = CIRCLE('',#11427,3.5);
#11427 = AXIS2_PLACEMENT_2D('',#11428,#11429);
#11428 = CARTESIAN_POINT('',(0.692127134813,7.105427357601E-15));
#11429 = DIRECTION('',(1.,0.));
#11430 = ( GEOMETRIC_REPRESENTATION_CONTEXT(2) 
PARAMETRIC_REPRESENTATION_CONTEXT() REPRESENTATION_CONTEXT('2D SPACE',''
  ) );
#11431 = PCURVE('',#11432,#11437);
#11432 = CONICAL_SURFACE('',#11433,3.7,0.785398163397);
#11433 = AXIS2_PLACEMENT_3D('',#11434,#11435,#11436);
#11434 = CARTESIAN_POINT('',(13.5,28.719595949289,30.));
#11435 = DIRECTION('',(-1.,-0.,-0.));
#11436 = DIRECTION('',(-0.,0.,1.));
#11437 = DEFINITIONAL_REPRESENTATION('',(#11438),#11442);
#11438 = LINE('',#11439,#11440);
#11439 = CARTESIAN_POINT('',(-0.,-0.2));
#11440 = VECTOR('',#11441,1.);
#11441 = DIRECTION('',(-1.,-0.));
#11442 = ( GEOMETRIC_REPRESENTATION_CONTEXT(2) 
PARAMETRIC_REPRESENTATION_CONTEXT() REPRESENTATION_CONTEXT('2D SPACE',''
  ) );
#11443 = ADVANCED_FACE('',(#11444),#9630,.F.);
#11444 = FACE_BOUND('',#11445,.T.);
#11445 = EDGE_LOOP('',(#11446,#11447,#11466,#11467));
#11446 = ORIENTED_EDGE('',*,*,#9954,.F.);
#11447 = ORIENTED_EDGE('',*,*,#11448,.T.);
#11448 = EDGE_CURVE('',#9932,#9589,#11449,.T.);
#11449 = SURFACE_CURVE('',#11450,(#11454,#11460),.PCURVE_S1.);
#11450 = LINE('',#11451,#11452);
#11451 = CARTESIAN_POINT('',(-13.7,35.01607234981,27.276880451231));
#11452 = VECTOR('',#11453,1.);
#11453 = DIRECTION('',(0.,-0.707106781187,-0.707106781187));
#11454 = PCURVE('',#9630,#11455);
#11455 = DEFINITIONAL_REPRESENTATION('',(#11456),#11459);
#11456 = B_SPLINE_CURVE_WITH_KNOTS('',1,(#11457,#11458),.UNSPECIFIED.,
  .F.,.F.,(2,2),(-3.851072597832,-3.42680852912),
  .PIECEWISE_BEZIER_KNOTS.);
#11457 = CARTESIAN_POINT('',(-12.3,0.212132034356));
#11458 = CARTESIAN_POINT('',(-12.3,-0.212132034356));
#11459 = ( GEOMETRIC_REPRESENTATION_CONTEXT(2) 
PARAMETRIC_REPRESENTATION_CONTEXT() REPRESENTATION_CONTEXT('2D SPACE',''
  ) );
#11460 = PCURVE('',#9603,#11461);
#11461 = DEFINITIONAL_REPRESENTATION('',(#11462),#11465);
#11462 = B_SPLINE_CURVE_WITH_KNOTS('',1,(#11463,#11464),.UNSPECIFIED.,
  .F.,.F.,(2,2),(-3.851072597832,-3.42680852912),
  .PIECEWISE_BEZIER_KNOTS.);
#11463 = CARTESIAN_POINT('',(-7.396194077713,-3.196284117363));
#11464 = CARTESIAN_POINT('',(-7.096194077713,-2.896284117363));
#11465 = ( GEOMETRIC_REPRESENTATION_CONTEXT(2) 
PARAMETRIC_REPRESENTATION_CONTEXT() REPRESENTATION_CONTEXT('2D SPACE',''
  ) );
#11466 = ORIENTED_EDGE('',*,*,#9614,.T.);
#11467 = ORIENTED_EDGE('',*,*,#11295,.T.);
#11468 = ADVANCED_FACE('',(#11469,#11604),#9603,.F.);
#11469 = FACE_BOUND('',#11470,.F.);
#11470 = EDGE_LOOP('',(#11471,#11472,#11473,#11474,#11497,#11525,#11554,
    #11582));
#11471 = ORIENTED_EDGE('',*,*,#9931,.T.);
#11472 = ORIENTED_EDGE('',*,*,#11448,.T.);
#11473 = ORIENTED_EDGE('',*,*,#9588,.F.);
#11474 = ORIENTED_EDGE('',*,*,#11475,.T.);
#11475 = EDGE_CURVE('',#9563,#11476,#11478,.T.);
#11476 = VERTEX_POINT('',#11477);
#11477 = CARTESIAN_POINT('',(-13.7,28.719595949289,22.080404050711));
#11478 = SURFACE_CURVE('',#11479,(#11483,#11490),.PCURVE_S1.);
#11479 = LINE('',#11480,#11481);
#11480 = CARTESIAN_POINT('',(-13.7,38.439191898579,12.360808101421));
#11481 = VECTOR('',#11482,1.);
#11482 = DIRECTION('',(0.,-0.707106781187,0.707106781187));
#11483 = PCURVE('',#9603,#11484);
#11484 = DEFINITIONAL_REPRESENTATION('',(#11485),#11489);
#11485 = LINE('',#11486,#11487);
#11486 = CARTESIAN_POINT('',(10.242997820866,-3.896284117363));
#11487 = VECTOR('',#11488,1.);
#11488 = DIRECTION('',(-0.707106781187,0.707106781187));
#11489 = ( GEOMETRIC_REPRESENTATION_CONTEXT(2) 
PARAMETRIC_REPRESENTATION_CONTEXT() REPRESENTATION_CONTEXT('2D SPACE',''
  ) );
#11490 = PCURVE('',#9577,#11491);
#11491 = DEFINITIONAL_REPRESENTATION('',(#11492),#11496);
#11492 = LINE('',#11493,#11494);
#11493 = CARTESIAN_POINT('',(0.,-8.6));
#11494 = VECTOR('',#11495,1.);
#11495 = DIRECTION('',(1.,0.));
#11496 = ( GEOMETRIC_REPRESENTATION_CONTEXT(2) 
PARAMETRIC_REPRESENTATION_CONTEXT() REPRESENTATION_CONTEXT('2D SPACE',''
  ) );
#11497 = ORIENTED_EDGE('',*,*,#11498,.T.);
#11498 = EDGE_CURVE('',#11476,#11499,#11501,.T.);
#11499 = VERTEX_POINT('',#11500);
#11500 = CARTESIAN_POINT('',(-13.7,28.719595949289,22.411774900609));
#11501 = SURFACE_CURVE('',#11502,(#11506,#11513),.PCURVE_S1.);
#11502 = LINE('',#11503,#11504);
#11503 = CARTESIAN_POINT('',(-13.7,28.719595949289,22.080404050711));
#11504 = VECTOR('',#11505,1.);
#11505 = DIRECTION('',(0.,0.,1.));
#11506 = PCURVE('',#9603,#11507);
#11507 = DEFINITIONAL_REPRESENTATION('',(#11508),#11512);
#11508 = LINE('',#11509,#11510);
#11509 = CARTESIAN_POINT('',(0.523401871577,5.823311831926));
#11510 = VECTOR('',#11511,1.);
#11511 = DIRECTION('',(-1.,0.));
#11512 = ( GEOMETRIC_REPRESENTATION_CONTEXT(2) 
PARAMETRIC_REPRESENTATION_CONTEXT() REPRESENTATION_CONTEXT('2D SPACE',''
  ) );
#11513 = PCURVE('',#11514,#11519);
#11514 = PLANE('',#11515);
#11515 = AXIS2_PLACEMENT_3D('',#11516,#11517,#11518);
#11516 = CARTESIAN_POINT('',(-22.3,28.719595949289,22.080404050711));
#11517 = DIRECTION('',(0.,-1.,0.));
#11518 = DIRECTION('',(0.,0.,1.));
#11519 = DEFINITIONAL_REPRESENTATION('',(#11520),#11524);
#11520 = LINE('',#11521,#11522);
#11521 = CARTESIAN_POINT('',(0.,-8.6));
#11522 = VECTOR('',#11523,1.);
#11523 = DIRECTION('',(1.,0.));
#11524 = ( GEOMETRIC_REPRESENTATION_CONTEXT(2) 
PARAMETRIC_REPRESENTATION_CONTEXT() REPRESENTATION_CONTEXT('2D SPACE',''
  ) );
#11525 = ORIENTED_EDGE('',*,*,#11526,.T.);
#11526 = EDGE_CURVE('',#11499,#11527,#11529,.T.);
#11527 = VERTEX_POINT('',#11528);
#11528 = CARTESIAN_POINT('',(-13.7,28.15391052434,22.64608947566));
#11529 = SURFACE_CURVE('',#11530,(#11535,#11542),.PCURVE_S1.);
#11530 = CIRCLE('',#11531,0.8);
#11531 = AXIS2_PLACEMENT_3D('',#11532,#11533,#11534);
#11532 = CARTESIAN_POINT('',(-13.7,28.719595949289,23.211774900609));
#11533 = DIRECTION('',(-1.,0.,-0.));
#11534 = DIRECTION('',(-0.,0.,1.));
#11535 = PCURVE('',#9603,#11536);
#11536 = DEFINITIONAL_REPRESENTATION('',(#11537),#11541);
#11537 = CIRCLE('',#11538,0.8);
#11538 = AXIS2_PLACEMENT_2D('',#11539,#11540);
#11539 = CARTESIAN_POINT('',(-0.607968978322,5.823311831926));
#11540 = DIRECTION('',(-1.,0.));
#11541 = ( GEOMETRIC_REPRESENTATION_CONTEXT(2) 
PARAMETRIC_REPRESENTATION_CONTEXT() REPRESENTATION_CONTEXT('2D SPACE',''
  ) );
#11542 = PCURVE('',#11543,#11548);
#11543 = CYLINDRICAL_SURFACE('',#11544,0.8);
#11544 = AXIS2_PLACEMENT_3D('',#11545,#11546,#11547);
#11545 = CARTESIAN_POINT('',(-22.3,28.719595949289,23.211774900609));
#11546 = DIRECTION('',(1.,0.,0.));
#11547 = DIRECTION('',(0.,0.707106781187,-0.707106781187));
#11548 = DEFINITIONAL_REPRESENTATION('',(#11549),#11553);
#11549 = LINE('',#11550,#11551);
#11550 = CARTESIAN_POINT('',(2.356194490192,8.6));
#11551 = VECTOR('',#11552,1.);
#11552 = DIRECTION('',(-1.,0.));
#11553 = ( GEOMETRIC_REPRESENTATION_CONTEXT(2) 
PARAMETRIC_REPRESENTATION_CONTEXT() REPRESENTATION_CONTEXT('2D SPACE',''
  ) );
#11554 = ORIENTED_EDGE('',*,*,#11555,.F.);
#11555 = EDGE_CURVE('',#11556,#11527,#11558,.T.);
#11556 = VERTEX_POINT('',#11557);
#11557 = CARTESIAN_POINT('',(-13.7,24.759797974645,26.040202025355));
#11558 = SURFACE_CURVE('',#11559,(#11563,#11570),.PCURVE_S1.);
#11559 = LINE('',#11560,#11561);
#11560 = CARTESIAN_POINT('',(-13.7,24.759797974645,26.040202025355));
#11561 = VECTOR('',#11562,1.);
#11562 = DIRECTION('',(0.,0.707106781187,-0.707106781187));
#11563 = PCURVE('',#9603,#11564);
#11564 = DEFINITIONAL_REPRESENTATION('',(#11565),#11569);
#11565 = LINE('',#11566,#11567);
#11566 = CARTESIAN_POINT('',(-3.436396103068,9.783109806571));
#11567 = VECTOR('',#11568,1.);
#11568 = DIRECTION('',(0.707106781187,-0.707106781187));
#11569 = ( GEOMETRIC_REPRESENTATION_CONTEXT(2) 
PARAMETRIC_REPRESENTATION_CONTEXT() REPRESENTATION_CONTEXT('2D SPACE',''
  ) );
#11570 = PCURVE('',#11571,#11576);
#11571 = PLANE('',#11572);
#11572 = AXIS2_PLACEMENT_3D('',#11573,#11574,#11575);
#11573 = CARTESIAN_POINT('',(-22.3,24.759797974645,26.040202025355));
#11574 = DIRECTION('',(-0.,0.707106781187,0.707106781187));
#11575 = DIRECTION('',(0.,0.707106781187,-0.707106781187));
#11576 = DEFINITIONAL_REPRESENTATION('',(#11577),#11581);
#11577 = LINE('',#11578,#11579);
#11578 = CARTESIAN_POINT('',(0.,-8.6));
#11579 = VECTOR('',#11580,1.);
#11580 = DIRECTION('',(1.,0.));
#11581 = ( GEOMETRIC_REPRESENTATION_CONTEXT(2) 
PARAMETRIC_REPRESENTATION_CONTEXT() REPRESENTATION_CONTEXT('2D SPACE',''
  ) );
#11582 = ORIENTED_EDGE('',*,*,#11583,.T.);
#11583 = EDGE_CURVE('',#11556,#9905,#11584,.T.);
#11584 = SURFACE_CURVE('',#11585,(#11590,#11597),.PCURVE_S1.);
#11585 = CIRCLE('',#11586,5.6);
#11586 = AXIS2_PLACEMENT_3D('',#11587,#11588,#11589);
#11587 = CARTESIAN_POINT('',(-13.7,28.719595949289,30.));
#11588 = DIRECTION('',(-1.,-0.,0.));
#11589 = DIRECTION('',(0.,-0.707106781187,-0.707106781187));
#11590 = PCURVE('',#9603,#11591);
#11591 = DEFINITIONAL_REPRESENTATION('',(#11592),#11596);
#11592 = CIRCLE('',#11593,5.6);
#11593 = AXIS2_PLACEMENT_2D('',#11594,#11595);
#11594 = CARTESIAN_POINT('',(-7.396194077713,5.823311831926));
#11595 = DIRECTION('',(0.707106781187,0.707106781187));
#11596 = ( GEOMETRIC_REPRESENTATION_CONTEXT(2) 
PARAMETRIC_REPRESENTATION_CONTEXT() REPRESENTATION_CONTEXT('2D SPACE',''
  ) );
#11597 = PCURVE('',#9920,#11598);
#11598 = DEFINITIONAL_REPRESENTATION('',(#11599),#11603);
#11599 = LINE('',#11600,#11601);
#11600 = CARTESIAN_POINT('',(-4.712388980385,-8.6));
#11601 = VECTOR('',#11602,1.);
#11602 = DIRECTION('',(1.,-0.));
#11603 = ( GEOMETRIC_REPRESENTATION_CONTEXT(2) 
PARAMETRIC_REPRESENTATION_CONTEXT() REPRESENTATION_CONTEXT('2D SPACE',''
  ) );
#11604 = FACE_BOUND('',#11605,.F.);
#11605 = EDGE_LOOP('',(#11606));
#11606 = ORIENTED_EDGE('',*,*,#11607,.F.);
#11607 = EDGE_CURVE('',#11608,#11608,#11610,.T.);
#11608 = VERTEX_POINT('',#11609);
#11609 = CARTESIAN_POINT('',(-13.7,28.719595949289,26.5));
#11610 = SURFACE_CURVE('',#11611,(#11616,#11623),.PCURVE_S1.);
#11611 = CIRCLE('',#11612,3.5);
#11612 = AXIS2_PLACEMENT_3D('',#11613,#11614,#11615);
#11613 = CARTESIAN_POINT('',(-13.7,28.719595949289,30.));
#11614 = DIRECTION('',(-1.,0.,0.));
#11615 = DIRECTION('',(0.,0.,-1.));
#11616 = PCURVE('',#9603,#11617);
#11617 = DEFINITIONAL_REPRESENTATION('',(#11618),#11622);
#11618 = CIRCLE('',#11619,3.5);
#11619 = AXIS2_PLACEMENT_2D('',#11620,#11621);
#11620 = CARTESIAN_POINT('',(-7.396194077713,5.823311831926));
#11621 = DIRECTION('',(1.,0.));
#11622 = ( GEOMETRIC_REPRESENTATION_CONTEXT(2) 
PARAMETRIC_REPRESENTATION_CONTEXT() REPRESENTATION_CONTEXT('2D SPACE',''
  ) );
#11623 = PCURVE('',#11624,#11629);
#11624 = CONICAL_SURFACE('',#11625,3.7,0.785398163397);
#11625 = AXIS2_PLACEMENT_3D('',#11626,#11627,#11628);
#11626 = CARTESIAN_POINT('',(-13.5,28.719595949289,30.));
#11627 = DIRECTION('',(1.,-0.,-0.));
#11628 = DIRECTION('',(0.,0.,-1.));
#11629 = DEFINITIONAL_REPRESENTATION('',(#11630),#11634);
#11630 = LINE('',#11631,#11632);
#11631 = CARTESIAN_POINT('',(-0.,-0.2));
#11632 = VECTOR('',#11633,1.);
#11633 = DIRECTION('',(-1.,-0.));
#11634 = ( GEOMETRIC_REPRESENTATION_CONTEXT(2) 
PARAMETRIC_REPRESENTATION_CONTEXT() REPRESENTATION_CONTEXT('2D SPACE',''
  ) );
#11635 = ADVANCED_FACE('',(#11636),#9577,.T.);
#11636 = FACE_BOUND('',#11637,.T.);
#11637 = EDGE_LOOP('',(#11638,#11661,#11662,#11663));
#11638 = ORIENTED_EDGE('',*,*,#11639,.F.);
#11639 = EDGE_CURVE('',#9537,#11640,#11642,.T.);
#11640 = VERTEX_POINT('',#11641);
#11641 = CARTESIAN_POINT('',(-22.3,28.719595949289,22.080404050711));
#11642 = SURFACE_CURVE('',#11643,(#11647,#11654),.PCURVE_S1.);
#11643 = LINE('',#11644,#11645);
#11644 = CARTESIAN_POINT('',(-22.3,38.439191898579,12.360808101421));
#11645 = VECTOR('',#11646,1.);
#11646 = DIRECTION('',(0.,-0.707106781187,0.707106781187));
#11647 = PCURVE('',#9577,#11648);
#11648 = DEFINITIONAL_REPRESENTATION('',(#11649),#11653);
#11649 = LINE('',#11650,#11651);
#11650 = CARTESIAN_POINT('',(0.,0.));
#11651 = VECTOR('',#11652,1.);
#11652 = DIRECTION('',(1.,0.));
#11653 = ( GEOMETRIC_REPRESENTATION_CONTEXT(2) 
PARAMETRIC_REPRESENTATION_CONTEXT() REPRESENTATION_CONTEXT('2D SPACE',''
  ) );
#11654 = PCURVE('',#9551,#11655);
#11655 = DEFINITIONAL_REPRESENTATION('',(#11656),#11660);
#11656 = LINE('',#11657,#11658);
#11657 = CARTESIAN_POINT('',(-16.94706476376,-9.719595949289));
#11658 = VECTOR('',#11659,1.);
#11659 = DIRECTION('',(0.707106781187,0.707106781187));
#11660 = ( GEOMETRIC_REPRESENTATION_CONTEXT(2) 
PARAMETRIC_REPRESENTATION_CONTEXT() REPRESENTATION_CONTEXT('2D SPACE',''
  ) );
#11661 = ORIENTED_EDGE('',*,*,#9562,.F.);
#11662 = ORIENTED_EDGE('',*,*,#11475,.T.);
#11663 = ORIENTED_EDGE('',*,*,#11664,.F.);
#11664 = EDGE_CURVE('',#11640,#11476,#11665,.T.);
#11665 = SURFACE_CURVE('',#11666,(#11670,#11677),.PCURVE_S1.);
#11666 = LINE('',#11667,#11668);
#11667 = CARTESIAN_POINT('',(-22.3,28.719595949289,22.080404050711));
#11668 = VECTOR('',#11669,1.);
#11669 = DIRECTION('',(1.,0.,0.));
#11670 = PCURVE('',#9577,#11671);
#11671 = DEFINITIONAL_REPRESENTATION('',(#11672),#11676);
#11672 = LINE('',#11673,#11674);
#11673 = CARTESIAN_POINT('',(13.745584412272,0.));
#11674 = VECTOR('',#11675,1.);
#11675 = DIRECTION('',(0.,-1.));
#11676 = ( GEOMETRIC_REPRESENTATION_CONTEXT(2) 
PARAMETRIC_REPRESENTATION_CONTEXT() REPRESENTATION_CONTEXT('2D SPACE',''
  ) );
#11677 = PCURVE('',#11514,#11678);
#11678 = DEFINITIONAL_REPRESENTATION('',(#11679),#11683);
#11679 = LINE('',#11680,#11681);
#11680 = CARTESIAN_POINT('',(0.,0.));
#11681 = VECTOR('',#11682,1.);
#11682 = DIRECTION('',(0.,-1.));
#11683 = ( GEOMETRIC_REPRESENTATION_CONTEXT(2) 
PARAMETRIC_REPRESENTATION_CONTEXT() REPRESENTATION_CONTEXT('2D SPACE',''
  ) );
#11684 = ADVANCED_FACE('',(#11685,#11787),#9551,.F.);
#11685 = FACE_BOUND('',#11686,.F.);
#11686 = EDGE_LOOP('',(#11687,#11688,#11689,#11713,#11736,#11764,#11785,
    #11786));
#11687 = ORIENTED_EDGE('',*,*,#10906,.T.);
#11688 = ORIENTED_EDGE('',*,*,#9881,.F.);
#11689 = ORIENTED_EDGE('',*,*,#11690,.T.);
#11690 = EDGE_CURVE('',#9882,#11691,#11693,.T.);
#11691 = VERTEX_POINT('',#11692);
#11692 = CARTESIAN_POINT('',(-22.3,24.759797974645,26.040202025355));
#11693 = SURFACE_CURVE('',#11694,(#11699,#11706),.PCURVE_S1.);
#11694 = CIRCLE('',#11695,5.6);
#11695 = AXIS2_PLACEMENT_3D('',#11696,#11697,#11698);
#11696 = CARTESIAN_POINT('',(-22.3,28.719595949289,30.));
#11697 = DIRECTION('',(1.,-0.,0.));
#11698 = DIRECTION('',(0.,0.707106781187,-0.707106781187));
#11699 = PCURVE('',#9551,#11700);
#11700 = DEFINITIONAL_REPRESENTATION('',(#11701),#11705);
#11701 = CIRCLE('',#11702,5.6);
#11702 = AXIS2_PLACEMENT_2D('',#11703,#11704);
#11703 = CARTESIAN_POINT('',(0.692127134813,1.06581410364E-14));
#11704 = DIRECTION('',(-0.707106781187,-0.707106781187));
#11705 = ( GEOMETRIC_REPRESENTATION_CONTEXT(2) 
PARAMETRIC_REPRESENTATION_CONTEXT() REPRESENTATION_CONTEXT('2D SPACE',''
  ) );
#11706 = PCURVE('',#9920,#11707);
#11707 = DEFINITIONAL_REPRESENTATION('',(#11708),#11712);
#11708 = LINE('',#11709,#11710);
#11709 = CARTESIAN_POINT('',(-0.,0.));
#11710 = VECTOR('',#11711,1.);
#11711 = DIRECTION('',(-1.,0.));
#11712 = ( GEOMETRIC_REPRESENTATION_CONTEXT(2) 
PARAMETRIC_REPRESENTATION_CONTEXT() REPRESENTATION_CONTEXT('2D SPACE',''
  ) );
#11713 = ORIENTED_EDGE('',*,*,#11714,.T.);
#11714 = EDGE_CURVE('',#11691,#11715,#11717,.T.);
#11715 = VERTEX_POINT('',#11716);
#11716 = CARTESIAN_POINT('',(-22.3,28.15391052434,22.64608947566));
#11717 = SURFACE_CURVE('',#11718,(#11722,#11729),.PCURVE_S1.);
#11718 = LINE('',#11719,#11720);
#11719 = CARTESIAN_POINT('',(-22.3,24.759797974645,26.040202025355));
#11720 = VECTOR('',#11721,1.);
#11721 = DIRECTION('',(0.,0.707106781187,-0.707106781187));
#11722 = PCURVE('',#9551,#11723);
#11723 = DEFINITIONAL_REPRESENTATION('',(#11724),#11728);
#11724 = LINE('',#11725,#11726);
#11725 = CARTESIAN_POINT('',(-3.267670839831,3.959797974645));
#11726 = VECTOR('',#11727,1.);
#11727 = DIRECTION('',(-0.707106781187,-0.707106781187));
#11728 = ( GEOMETRIC_REPRESENTATION_CONTEXT(2) 
PARAMETRIC_REPRESENTATION_CONTEXT() REPRESENTATION_CONTEXT('2D SPACE',''
  ) );
#11729 = PCURVE('',#11571,#11730);
#11730 = DEFINITIONAL_REPRESENTATION('',(#11731),#11735);
#11731 = LINE('',#11732,#11733);
#11732 = CARTESIAN_POINT('',(0.,0.));
#11733 = VECTOR('',#11734,1.);
#11734 = DIRECTION('',(1.,0.));
#11735 = ( GEOMETRIC_REPRESENTATION_CONTEXT(2) 
PARAMETRIC_REPRESENTATION_CONTEXT() REPRESENTATION_CONTEXT('2D SPACE',''
  ) );
#11736 = ORIENTED_EDGE('',*,*,#11737,.F.);
#11737 = EDGE_CURVE('',#11738,#11715,#11740,.T.);
#11738 = VERTEX_POINT('',#11739);
#11739 = CARTESIAN_POINT('',(-22.3,28.719595949289,22.411774900609));
#11740 = SURFACE_CURVE('',#11741,(#11746,#11757),.PCURVE_S1.);
#11741 = CIRCLE('',#11742,0.8);
#11742 = AXIS2_PLACEMENT_3D('',#11743,#11744,#11745);
#11743 = CARTESIAN_POINT('',(-22.3,28.719595949289,23.211774900609));
#11744 = DIRECTION('',(-1.,0.,-0.));
#11745 = DIRECTION('',(-0.,0.,1.));
#11746 = PCURVE('',#9551,#11747);
#11747 = DEFINITIONAL_REPRESENTATION('',(#11748),#11756);
#11748 = ( BOUNDED_CURVE() B_SPLINE_CURVE(2,(#11749,#11750,#11751,#11752
    ,#11753,#11754,#11755),.UNSPECIFIED.,.T.,.F.) 
B_SPLINE_CURVE_WITH_KNOTS((1,2,2,2,2,1),(-2.094395102393,0.,
    2.094395102393,4.188790204786,6.28318530718,8.377580409573),
.UNSPECIFIED.) CURVE() GEOMETRIC_REPRESENTATION_ITEM() 
RATIONAL_B_SPLINE_CURVE((1.,0.5,1.,0.5,1.,0.5,1.)) REPRESENTATION_ITEM(
  '') );
#11749 = CARTESIAN_POINT('',(-5.296097964578,7.105427357601E-15));
#11750 = CARTESIAN_POINT('',(-5.296097964578,-1.385640646055));
#11751 = CARTESIAN_POINT('',(-6.496097964578,-0.692820323028));
#11752 = CARTESIAN_POINT('',(-7.696097964578,6.909483869737E-15));
#11753 = CARTESIAN_POINT('',(-6.496097964578,0.692820323028));
#11754 = CARTESIAN_POINT('',(-5.296097964578,1.385640646055));
#11755 = CARTESIAN_POINT('',(-5.296097964578,7.105427357601E-15));
#11756 = ( GEOMETRIC_REPRESENTATION_CONTEXT(2) 
PARAMETRIC_REPRESENTATION_CONTEXT() REPRESENTATION_CONTEXT('2D SPACE',''
  ) );
#11757 = PCURVE('',#11543,#11758);
#11758 = DEFINITIONAL_REPRESENTATION('',(#11759),#11763);
#11759 = LINE('',#11760,#11761);
#11760 = CARTESIAN_POINT('',(2.356194490192,-3.552713678801E-15));
#11761 = VECTOR('',#11762,1.);
#11762 = DIRECTION('',(-1.,0.));
#11763 = ( GEOMETRIC_REPRESENTATION_CONTEXT(2) 
PARAMETRIC_REPRESENTATION_CONTEXT() REPRESENTATION_CONTEXT('2D SPACE',''
  ) );
#11764 = ORIENTED_EDGE('',*,*,#11765,.F.);
#11765 = EDGE_CURVE('',#11640,#11738,#11766,.T.);
#11766 = SURFACE_CURVE('',#11767,(#11771,#11778),.PCURVE_S1.);
#11767 = LINE('',#11768,#11769);
#11768 = CARTESIAN_POINT('',(-22.3,28.719595949289,22.080404050711));
#11769 = VECTOR('',#11770,1.);
#11770 = DIRECTION('',(0.,0.,1.));
#11771 = PCURVE('',#9551,#11772);
#11772 = DEFINITIONAL_REPRESENTATION('',(#11773),#11777);
#11773 = LINE('',#11774,#11775);
#11774 = CARTESIAN_POINT('',(-7.227468814476,7.105427357601E-15));
#11775 = VECTOR('',#11776,1.);
#11776 = DIRECTION('',(1.,0.));
#11777 = ( GEOMETRIC_REPRESENTATION_CONTEXT(2) 
PARAMETRIC_REPRESENTATION_CONTEXT() REPRESENTATION_CONTEXT('2D SPACE',''
  ) );
#11778 = PCURVE('',#11514,#11779);
#11779 = DEFINITIONAL_REPRESENTATION('',(#11780),#11784);
#11780 = LINE('',#11781,#11782);
#11781 = CARTESIAN_POINT('',(0.,0.));
#11782 = VECTOR('',#11783,1.);
#11783 = DIRECTION('',(1.,0.));
#11784 = ( GEOMETRIC_REPRESENTATION_CONTEXT(2) 
PARAMETRIC_REPRESENTATION_CONTEXT() REPRESENTATION_CONTEXT('2D SPACE',''
  ) );
#11785 = ORIENTED_EDGE('',*,*,#11639,.F.);
#11786 = ORIENTED_EDGE('',*,*,#9536,.F.);
#11787 = FACE_BOUND('',#11788,.F.);
#11788 = EDGE_LOOP('',(#11789));
#11789 = ORIENTED_EDGE('',*,*,#11790,.F.);
#11790 = EDGE_CURVE('',#11791,#11791,#11793,.T.);
#11791 = VERTEX_POINT('',#11792);
#11792 = CARTESIAN_POINT('',(-22.3,28.719595949289,33.5));
#11793 = SURFACE_CURVE('',#11794,(#11799,#11806),.PCURVE_S1.);
#11794 = CIRCLE('',#11795,3.5);
#11795 = AXIS2_PLACEMENT_3D('',#11796,#11797,#11798);
#11796 = CARTESIAN_POINT('',(-22.3,28.719595949289,30.));
#11797 = DIRECTION('',(1.,0.,0.));
#11798 = DIRECTION('',(-0.,0.,1.));
#11799 = PCURVE('',#9551,#11800);
#11800 = DEFINITIONAL_REPRESENTATION('',(#11801),#11805);
#11801 = CIRCLE('',#11802,3.5);
#11802 = AXIS2_PLACEMENT_2D('',#11803,#11804);
#11803 = CARTESIAN_POINT('',(0.692127134813,7.105427357601E-15));
#11804 = DIRECTION('',(1.,0.));
#11805 = ( GEOMETRIC_REPRESENTATION_CONTEXT(2) 
PARAMETRIC_REPRESENTATION_CONTEXT() REPRESENTATION_CONTEXT('2D SPACE',''
  ) );
#11806 = PCURVE('',#11807,#11812);
#11807 = CONICAL_SURFACE('',#11808,3.7,0.785398163397);
#11808 = AXIS2_PLACEMENT_3D('',#11809,#11810,#11811);
#11809 = CARTESIAN_POINT('',(-22.5,28.719595949289,30.));
#11810 = DIRECTION('',(-1.,-0.,-0.));
#11811 = DIRECTION('',(-0.,0.,1.));
#11812 = DEFINITIONAL_REPRESENTATION('',(#11813),#11817);
#11813 = LINE('',#11814,#11815);
#11814 = CARTESIAN_POINT('',(-0.,-0.2));
#11815 = VECTOR('',#11816,1.);
#11816 = DIRECTION('',(-1.,-0.));
#11817 = ( GEOMETRIC_REPRESENTATION_CONTEXT(2) 
PARAMETRIC_REPRESENTATION_CONTEXT() REPRESENTATION_CONTEXT('2D SPACE',''
  ) );
#11818 = ADVANCED_FACE('',(#11819),#9816,.T.);
#11819 = FACE_BOUND('',#11820,.T.);
#11820 = EDGE_LOOP('',(#11821,#11842,#11843,#11844));
#11821 = ORIENTED_EDGE('',*,*,#11822,.F.);
#11822 = EDGE_CURVE('',#10618,#10131,#11823,.T.);
#11823 = SURFACE_CURVE('',#11824,(#11828,#11835),.PCURVE_S1.);
#11824 = LINE('',#11825,#11826);
#11825 = CARTESIAN_POINT('',(26.,77.439191898579,29.7));
#11826 = VECTOR('',#11827,1.);
#11827 = DIRECTION('',(-4.329780281177E-17,-0.707106781187,
    0.707106781187));
#11828 = PCURVE('',#9816,#11829);
#11829 = DEFINITIONAL_REPRESENTATION('',(#11830),#11834);
#11830 = LINE('',#11831,#11832);
#11831 = CARTESIAN_POINT('',(0.,-0.212132034356));
#11832 = VECTOR('',#11833,1.);
#11833 = DIRECTION('',(4.329780281177E-17,1.));
#11834 = ( GEOMETRIC_REPRESENTATION_CONTEXT(2) 
PARAMETRIC_REPRESENTATION_CONTEXT() REPRESENTATION_CONTEXT('2D SPACE',''
  ) );
#11835 = PCURVE('',#10147,#11836);
#11836 = DEFINITIONAL_REPRESENTATION('',(#11837),#11841);
#11837 = LINE('',#11838,#11839);
#11838 = CARTESIAN_POINT('',(-1.570796326795,-0.));
#11839 = VECTOR('',#11840,1.);
#11840 = DIRECTION('',(-0.,-1.));
#11841 = ( GEOMETRIC_REPRESENTATION_CONTEXT(2) 
PARAMETRIC_REPRESENTATION_CONTEXT() REPRESENTATION_CONTEXT('2D SPACE',''
  ) );
#11842 = ORIENTED_EDGE('',*,*,#10617,.T.);
#11843 = ORIENTED_EDGE('',*,*,#9800,.T.);
#11844 = ORIENTED_EDGE('',*,*,#10159,.F.);
#11845 = ADVANCED_FACE('',(#11846),#9920,.T.);
#11846 = FACE_BOUND('',#11847,.F.);
#11847 = EDGE_LOOP('',(#11848,#11849,#11850,#11851));
#11848 = ORIENTED_EDGE('',*,*,#11690,.F.);
#11849 = ORIENTED_EDGE('',*,*,#9904,.F.);
#11850 = ORIENTED_EDGE('',*,*,#11583,.F.);
#11851 = ORIENTED_EDGE('',*,*,#11852,.F.);
#11852 = EDGE_CURVE('',#11691,#11556,#11853,.T.);
#11853 = SURFACE_CURVE('',#11854,(#11858,#11865),.PCURVE_S1.);
#11854 = LINE('',#11855,#11856);
#11855 = CARTESIAN_POINT('',(-22.3,24.759797974645,26.040202025355));
#11856 = VECTOR('',#11857,1.);
#11857 = DIRECTION('',(1.,0.,0.));
#11858 = PCURVE('',#9920,#11859);
#11859 = DEFINITIONAL_REPRESENTATION('',(#11860),#11864);
#11860 = LINE('',#11861,#11862);
#11861 = CARTESIAN_POINT('',(-4.712388980385,0.));
#11862 = VECTOR('',#11863,1.);
#11863 = DIRECTION('',(-0.,-1.));
#11864 = ( GEOMETRIC_REPRESENTATION_CONTEXT(2) 
PARAMETRIC_REPRESENTATION_CONTEXT() REPRESENTATION_CONTEXT('2D SPACE',''
  ) );
#11865 = PCURVE('',#11571,#11866);
#11866 = DEFINITIONAL_REPRESENTATION('',(#11867),#11871);
#11867 = LINE('',#11868,#11869);
#11868 = CARTESIAN_POINT('',(0.,0.));
#11869 = VECTOR('',#11870,1.);
#11870 = DIRECTION('',(0.,-1.));
#11871 = ( GEOMETRIC_REPRESENTATION_CONTEXT(2) 
PARAMETRIC_REPRESENTATION_CONTEXT() REPRESENTATION_CONTEXT('2D SPACE',''
  ) );
#11872 = ADVANCED_FACE('',(#11873),#10016,.T.);
#11873 = FACE_BOUND('',#11874,.F.);
#11874 = EDGE_LOOP('',(#11875,#11876,#11877,#11878));
#11875 = ORIENTED_EDGE('',*,*,#11315,.F.);
#11876 = ORIENTED_EDGE('',*,*,#10000,.F.);
#11877 = ORIENTED_EDGE('',*,*,#11190,.F.);
#11878 = ORIENTED_EDGE('',*,*,#11879,.F.);
#11879 = EDGE_CURVE('',#11316,#11163,#11880,.T.);
#11880 = SURFACE_CURVE('',#11881,(#11885,#11892),.PCURVE_S1.);
#11881 = LINE('',#11882,#11883);
#11882 = CARTESIAN_POINT('',(13.7,24.759797974645,26.040202025355));
#11883 = VECTOR('',#11884,1.);
#11884 = DIRECTION('',(1.,0.,0.));
#11885 = PCURVE('',#10016,#11886);
#11886 = DEFINITIONAL_REPRESENTATION('',(#11887),#11891);
#11887 = LINE('',#11888,#11889);
#11888 = CARTESIAN_POINT('',(-4.712388980385,0.));
#11889 = VECTOR('',#11890,1.);
#11890 = DIRECTION('',(-0.,-1.));
#11891 = ( GEOMETRIC_REPRESENTATION_CONTEXT(2) 
PARAMETRIC_REPRESENTATION_CONTEXT() REPRESENTATION_CONTEXT('2D SPACE',''
  ) );
#11892 = PCURVE('',#11178,#11893);
#11893 = DEFINITIONAL_REPRESENTATION('',(#11894),#11898);
#11894 = LINE('',#11895,#11896);
#11895 = CARTESIAN_POINT('',(0.,0.));
#11896 = VECTOR('',#11897,1.);
#11897 = DIRECTION('',(0.,-1.));
#11898 = ( GEOMETRIC_REPRESENTATION_CONTEXT(2) 
PARAMETRIC_REPRESENTATION_CONTEXT() REPRESENTATION_CONTEXT('2D SPACE',''
  ) );
#11899 = ADVANCED_FACE('',(#11900),#10090,.T.);
#11900 = FACE_BOUND('',#11901,.T.);
#11901 = EDGE_LOOP('',(#11902,#11903,#11904,#11925));
#11902 = ORIENTED_EDGE('',*,*,#11055,.F.);
#11903 = ORIENTED_EDGE('',*,*,#11009,.T.);
#11904 = ORIENTED_EDGE('',*,*,#11905,.T.);
#11905 = EDGE_CURVE('',#10959,#10074,#11906,.T.);
#11906 = SURFACE_CURVE('',#11907,(#11911,#11918),.PCURVE_S1.);
#11907 = LINE('',#11908,#11909);
#11908 = CARTESIAN_POINT('',(30.,41.439191898579,29.7));
#11909 = VECTOR('',#11910,1.);
#11910 = DIRECTION('',(-0.707106781187,4.329780281177E-17,0.707106781187
    ));
#11911 = PCURVE('',#10090,#11912);
#11912 = DEFINITIONAL_REPRESENTATION('',(#11913),#11917);
#11913 = LINE('',#11914,#11915);
#11914 = CARTESIAN_POINT('',(-1.570796326795,-0.));
#11915 = VECTOR('',#11916,1.);
#11916 = DIRECTION('',(-0.,-1.));
#11917 = ( GEOMETRIC_REPRESENTATION_CONTEXT(2) 
PARAMETRIC_REPRESENTATION_CONTEXT() REPRESENTATION_CONTEXT('2D SPACE',''
  ) );
#11918 = PCURVE('',#10118,#11919);
#11919 = DEFINITIONAL_REPRESENTATION('',(#11920),#11924);
#11920 = LINE('',#11921,#11922);
#11921 = CARTESIAN_POINT('',(0.,-0.212132034356));
#11922 = VECTOR('',#11923,1.);
#11923 = DIRECTION('',(4.329780281177E-17,1.));
#11924 = ( GEOMETRIC_REPRESENTATION_CONTEXT(2) 
PARAMETRIC_REPRESENTATION_CONTEXT() REPRESENTATION_CONTEXT('2D SPACE',''
  ) );
#11925 = ORIENTED_EDGE('',*,*,#10073,.F.);
#11926 = ADVANCED_FACE('',(#11927),#10118,.T.);
#11927 = FACE_BOUND('',#11928,.T.);
#11928 = EDGE_LOOP('',(#11929,#11930,#11953,#11974));
#11929 = ORIENTED_EDGE('',*,*,#11905,.F.);
#11930 = ORIENTED_EDGE('',*,*,#11931,.T.);
#11931 = EDGE_CURVE('',#10959,#11932,#11934,.T.);
#11932 = VERTEX_POINT('',#11933);
#11933 = CARTESIAN_POINT('',(30.,73.439191898579,29.7));
#11934 = SURFACE_CURVE('',#11935,(#11939,#11946),.PCURVE_S1.);
#11935 = LINE('',#11936,#11937);
#11936 = CARTESIAN_POINT('',(30.,41.439191898579,29.7));
#11937 = VECTOR('',#11938,1.);
#11938 = DIRECTION('',(0.,1.,0.));
#11939 = PCURVE('',#10118,#11940);
#11940 = DEFINITIONAL_REPRESENTATION('',(#11941),#11945);
#11941 = LINE('',#11942,#11943);
#11942 = CARTESIAN_POINT('',(0.,-0.212132034356));
#11943 = VECTOR('',#11944,1.);
#11944 = DIRECTION('',(1.,0.));
#11945 = ( GEOMETRIC_REPRESENTATION_CONTEXT(2) 
PARAMETRIC_REPRESENTATION_CONTEXT() REPRESENTATION_CONTEXT('2D SPACE',''
  ) );
#11946 = PCURVE('',#10974,#11947);
#11947 = DEFINITIONAL_REPRESENTATION('',(#11948),#11952);
#11948 = LINE('',#11949,#11950);
#11949 = CARTESIAN_POINT('',(29.7,-4.));
#11950 = VECTOR('',#11951,1.);
#11951 = DIRECTION('',(0.,-1.));
#11952 = ( GEOMETRIC_REPRESENTATION_CONTEXT(2) 
PARAMETRIC_REPRESENTATION_CONTEXT() REPRESENTATION_CONTEXT('2D SPACE',''
  ) );
#11953 = ORIENTED_EDGE('',*,*,#11954,.T.);
#11954 = EDGE_CURVE('',#11932,#10103,#11955,.T.);
#11955 = SURFACE_CURVE('',#11956,(#11960,#11967),.PCURVE_S1.);
#11956 = LINE('',#11957,#11958);
#11957 = CARTESIAN_POINT('',(29.85,73.439191898579,29.85));
#11958 = VECTOR('',#11959,1.);
#11959 = DIRECTION('',(-0.707106781187,-0.,0.707106781187));
#11960 = PCURVE('',#10118,#11961);
#11961 = DEFINITIONAL_REPRESENTATION('',(#11962),#11966);
#11962 = LINE('',#11963,#11964);
#11963 = CARTESIAN_POINT('',(32.,0.));
#11964 = VECTOR('',#11965,1.);
#11965 = DIRECTION('',(0.,1.));
#11966 = ( GEOMETRIC_REPRESENTATION_CONTEXT(2) 
PARAMETRIC_REPRESENTATION_CONTEXT() REPRESENTATION_CONTEXT('2D SPACE',''
  ) );
#11967 = PCURVE('',#10147,#11968);
#11968 = DEFINITIONAL_REPRESENTATION('',(#11969),#11973);
#11969 = LINE('',#11970,#11971);
#11970 = CARTESIAN_POINT('',(-0.,-0.15));
#11971 = VECTOR('',#11972,1.);
#11972 = DIRECTION('',(-0.,-1.));
#11973 = ( GEOMETRIC_REPRESENTATION_CONTEXT(2) 
PARAMETRIC_REPRESENTATION_CONTEXT() REPRESENTATION_CONTEXT('2D SPACE',''
  ) );
#11974 = ORIENTED_EDGE('',*,*,#10102,.F.);
#11975 = ADVANCED_FACE('',(#11976),#10147,.T.);
#11976 = FACE_BOUND('',#11977,.T.);
#11977 = EDGE_LOOP('',(#11978,#11979,#12001,#12002));
#11978 = ORIENTED_EDGE('',*,*,#11954,.F.);
#11979 = ORIENTED_EDGE('',*,*,#11980,.T.);
#11980 = EDGE_CURVE('',#11932,#10618,#11981,.T.);
#11981 = SURFACE_CURVE('',#11982,(#11987,#11994),.PCURVE_S1.);
#11982 = CIRCLE('',#11983,4.);
#11983 = AXIS2_PLACEMENT_3D('',#11984,#11985,#11986);
#11984 = CARTESIAN_POINT('',(26.,73.439191898579,29.7));
#11985 = DIRECTION('',(0.,0.,1.));
#11986 = DIRECTION('',(1.,0.,-0.));
#11987 = PCURVE('',#10147,#11988);
#11988 = DEFINITIONAL_REPRESENTATION('',(#11989),#11993);
#11989 = LINE('',#11990,#11991);
#11990 = CARTESIAN_POINT('',(-0.,-0.));
#11991 = VECTOR('',#11992,1.);
#11992 = DIRECTION('',(-1.,-0.));
#11993 = ( GEOMETRIC_REPRESENTATION_CONTEXT(2) 
PARAMETRIC_REPRESENTATION_CONTEXT() REPRESENTATION_CONTEXT('2D SPACE',''
  ) );
#11994 = PCURVE('',#10656,#11995);
#11995 = DEFINITIONAL_REPRESENTATION('',(#11996),#12000);
#11996 = LINE('',#11997,#11998);
#11997 = CARTESIAN_POINT('',(0.,29.7));
#11998 = VECTOR('',#11999,1.);
#11999 = DIRECTION('',(1.,0.));
#12000 = ( GEOMETRIC_REPRESENTATION_CONTEXT(2) 
PARAMETRIC_REPRESENTATION_CONTEXT() REPRESENTATION_CONTEXT('2D SPACE',''
  ) );
#12001 = ORIENTED_EDGE('',*,*,#11822,.T.);
#12002 = ORIENTED_EDGE('',*,*,#10130,.F.);
#12003 = ADVANCED_FACE('',(#12004),#10201,.F.);
#12004 = FACE_BOUND('',#12005,.T.);
#12005 = EDGE_LOOP('',(#12006,#12029,#12030,#12053));
#12006 = ORIENTED_EDGE('',*,*,#12007,.F.);
#12007 = EDGE_CURVE('',#10183,#12008,#12010,.T.);
#12008 = VERTEX_POINT('',#12009);
#12009 = CARTESIAN_POINT('',(-27.,41.439191898579,29.7));
#12010 = SURFACE_CURVE('',#12011,(#12015,#12022),.PCURVE_S1.);
#12011 = LINE('',#12012,#12013);
#12012 = CARTESIAN_POINT('',(-27.,41.439191898579,29.7));
#12013 = VECTOR('',#12014,1.);
#12014 = DIRECTION('',(0.707106781187,0.,-0.707106781187));
#12015 = PCURVE('',#10201,#12016);
#12016 = DEFINITIONAL_REPRESENTATION('',(#12017),#12021);
#12017 = LINE('',#12018,#12019);
#12018 = CARTESIAN_POINT('',(0.,-0.));
#12019 = VECTOR('',#12020,1.);
#12020 = DIRECTION('',(0.,-1.));
#12021 = ( GEOMETRIC_REPRESENTATION_CONTEXT(2) 
PARAMETRIC_REPRESENTATION_CONTEXT() REPRESENTATION_CONTEXT('2D SPACE',''
  ) );
#12022 = PCURVE('',#10229,#12023);
#12023 = DEFINITIONAL_REPRESENTATION('',(#12024),#12028);
#12024 = LINE('',#12025,#12026);
#12025 = CARTESIAN_POINT('',(32.,0.212132034356));
#12026 = VECTOR('',#12027,1.);
#12027 = DIRECTION('',(0.,1.));
#12028 = ( GEOMETRIC_REPRESENTATION_CONTEXT(2) 
PARAMETRIC_REPRESENTATION_CONTEXT() REPRESENTATION_CONTEXT('2D SPACE',''
  ) );
#12029 = ORIENTED_EDGE('',*,*,#10182,.T.);
#12030 = ORIENTED_EDGE('',*,*,#12031,.T.);
#12031 = EDGE_CURVE('',#10185,#12032,#12034,.T.);
#12032 = VERTEX_POINT('',#12033);
#12033 = CARTESIAN_POINT('',(-26.,40.439191898579,29.7));
#12034 = SURFACE_CURVE('',#12035,(#12039,#12046),.PCURVE_S1.);
#12035 = LINE('',#12036,#12037);
#12036 = CARTESIAN_POINT('',(-26.,40.439191898579,29.7));
#12037 = VECTOR('',#12038,1.);
#12038 = DIRECTION('',(4.329780281177E-17,0.707106781187,-0.707106781187
    ));
#12039 = PCURVE('',#10201,#12040);
#12040 = DEFINITIONAL_REPRESENTATION('',(#12041),#12045);
#12041 = LINE('',#12042,#12043);
#12042 = CARTESIAN_POINT('',(1.570796326795,-0.));
#12043 = VECTOR('',#12044,1.);
#12044 = DIRECTION('',(0.,-1.));
#12045 = ( GEOMETRIC_REPRESENTATION_CONTEXT(2) 
PARAMETRIC_REPRESENTATION_CONTEXT() REPRESENTATION_CONTEXT('2D SPACE',''
  ) );
#12046 = PCURVE('',#10398,#12047);
#12047 = DEFINITIONAL_REPRESENTATION('',(#12048),#12052);
#12048 = LINE('',#12049,#12050);
#12049 = CARTESIAN_POINT('',(0.,0.212132034356));
#12050 = VECTOR('',#12051,1.);
#12051 = DIRECTION('',(4.329780281177E-17,1.));
#12052 = ( GEOMETRIC_REPRESENTATION_CONTEXT(2) 
PARAMETRIC_REPRESENTATION_CONTEXT() REPRESENTATION_CONTEXT('2D SPACE',''
  ) );
#12053 = ORIENTED_EDGE('',*,*,#12054,.F.);
#12054 = EDGE_CURVE('',#12008,#12032,#12055,.T.);
#12055 = SURFACE_CURVE('',#12056,(#12061,#12068),.PCURVE_S1.);
#12056 = CIRCLE('',#12057,1.);
#12057 = AXIS2_PLACEMENT_3D('',#12058,#12059,#12060);
#12058 = CARTESIAN_POINT('',(-26.,41.439191898579,29.7));
#12059 = DIRECTION('',(0.,0.,1.));
#12060 = DIRECTION('',(-1.,0.,0.));
#12061 = PCURVE('',#10201,#12062);
#12062 = DEFINITIONAL_REPRESENTATION('',(#12063),#12067);
#12063 = LINE('',#12064,#12065);
#12064 = CARTESIAN_POINT('',(0.,-0.));
#12065 = VECTOR('',#12066,1.);
#12066 = DIRECTION('',(1.,-0.));
#12067 = ( GEOMETRIC_REPRESENTATION_CONTEXT(2) 
PARAMETRIC_REPRESENTATION_CONTEXT() REPRESENTATION_CONTEXT('2D SPACE',''
  ) );
#12068 = PCURVE('',#12069,#12074);
#12069 = CYLINDRICAL_SURFACE('',#12070,1.);
#12070 = AXIS2_PLACEMENT_3D('',#12071,#12072,#12073);
#12071 = CARTESIAN_POINT('',(-26.,41.439191898579,2.4));
#12072 = DIRECTION('',(0.,0.,1.));
#12073 = DIRECTION('',(-1.,-0.,0.));
#12074 = DEFINITIONAL_REPRESENTATION('',(#12075),#12079);
#12075 = LINE('',#12076,#12077);
#12076 = CARTESIAN_POINT('',(0.,27.3));
#12077 = VECTOR('',#12078,1.);
#12078 = DIRECTION('',(1.,0.));
#12079 = ( GEOMETRIC_REPRESENTATION_CONTEXT(2) 
PARAMETRIC_REPRESENTATION_CONTEXT() REPRESENTATION_CONTEXT('2D SPACE',''
  ) );
#12080 = ADVANCED_FACE('',(#12081),#10229,.T.);
#12081 = FACE_BOUND('',#12082,.T.);
#12082 = EDGE_LOOP('',(#12083,#12106,#12107,#12108));
#12083 = ORIENTED_EDGE('',*,*,#12084,.F.);
#12084 = EDGE_CURVE('',#10214,#12085,#12087,.T.);
#12085 = VERTEX_POINT('',#12086);
#12086 = CARTESIAN_POINT('',(-27.,73.439191898579,29.7));
#12087 = SURFACE_CURVE('',#12088,(#12092,#12099),.PCURVE_S1.);
#12088 = LINE('',#12089,#12090);
#12089 = CARTESIAN_POINT('',(-27.,73.439191898579,29.7));
#12090 = VECTOR('',#12091,1.);
#12091 = DIRECTION('',(0.707106781187,-4.329780281177E-17,
    -0.707106781187));
#12092 = PCURVE('',#10229,#12093);
#12093 = DEFINITIONAL_REPRESENTATION('',(#12094),#12098);
#12094 = LINE('',#12095,#12096);
#12095 = CARTESIAN_POINT('',(0.,0.212132034356));
#12096 = VECTOR('',#12097,1.);
#12097 = DIRECTION('',(4.329780281177E-17,1.));
#12098 = ( GEOMETRIC_REPRESENTATION_CONTEXT(2) 
PARAMETRIC_REPRESENTATION_CONTEXT() REPRESENTATION_CONTEXT('2D SPACE',''
  ) );
#12099 = PCURVE('',#10258,#12100);
#12100 = DEFINITIONAL_REPRESENTATION('',(#12101),#12105);
#12101 = LINE('',#12102,#12103);
#12102 = CARTESIAN_POINT('',(1.570796326795,-0.));
#12103 = VECTOR('',#12104,1.);
#12104 = DIRECTION('',(0.,-1.));
#12105 = ( GEOMETRIC_REPRESENTATION_CONTEXT(2) 
PARAMETRIC_REPRESENTATION_CONTEXT() REPRESENTATION_CONTEXT('2D SPACE',''
  ) );
#12106 = ORIENTED_EDGE('',*,*,#10213,.T.);
#12107 = ORIENTED_EDGE('',*,*,#12007,.T.);
#12108 = ORIENTED_EDGE('',*,*,#12109,.F.);
#12109 = EDGE_CURVE('',#12085,#12008,#12110,.T.);
#12110 = SURFACE_CURVE('',#12111,(#12115,#12122),.PCURVE_S1.);
#12111 = LINE('',#12112,#12113);
#12112 = CARTESIAN_POINT('',(-27.,73.439191898579,29.7));
#12113 = VECTOR('',#12114,1.);
#12114 = DIRECTION('',(-0.,-1.,-0.));
#12115 = PCURVE('',#10229,#12116);
#12116 = DEFINITIONAL_REPRESENTATION('',(#12117),#12121);
#12117 = LINE('',#12118,#12119);
#12118 = CARTESIAN_POINT('',(0.,0.212132034356));
#12119 = VECTOR('',#12120,1.);
#12120 = DIRECTION('',(1.,0.));
#12121 = ( GEOMETRIC_REPRESENTATION_CONTEXT(2) 
PARAMETRIC_REPRESENTATION_CONTEXT() REPRESENTATION_CONTEXT('2D SPACE',''
  ) );
#12122 = PCURVE('',#12123,#12128);
#12123 = PLANE('',#12124);
#12124 = AXIS2_PLACEMENT_3D('',#12125,#12126,#12127);
#12125 = CARTESIAN_POINT('',(-27.,40.439191898579,2.4));
#12126 = DIRECTION('',(1.,0.,0.));
#12127 = DIRECTION('',(0.,0.,1.));
#12128 = DEFINITIONAL_REPRESENTATION('',(#12129),#12133);
#12129 = LINE('',#12130,#12131);
#12130 = CARTESIAN_POINT('',(27.3,-33.));
#12131 = VECTOR('',#12132,1.);
#12132 = DIRECTION('',(0.,1.));
#12133 = ( GEOMETRIC_REPRESENTATION_CONTEXT(2) 
PARAMETRIC_REPRESENTATION_CONTEXT() REPRESENTATION_CONTEXT('2D SPACE',''
  ) );
#12134 = ADVANCED_FACE('',(#12135),#10258,.F.);
#12135 = FACE_BOUND('',#12136,.T.);
#12136 = EDGE_LOOP('',(#12137,#12160,#12161,#12162));
#12137 = ORIENTED_EDGE('',*,*,#12138,.F.);
#12138 = EDGE_CURVE('',#10242,#12139,#12141,.T.);
#12139 = VERTEX_POINT('',#12140);
#12140 = CARTESIAN_POINT('',(-26.,74.439191898579,29.7));
#12141 = SURFACE_CURVE('',#12142,(#12146,#12153),.PCURVE_S1.);
#12142 = LINE('',#12143,#12144);
#12143 = CARTESIAN_POINT('',(-26.,74.589191898579,29.85));
#12144 = VECTOR('',#12145,1.);
#12145 = DIRECTION('',(-0.,-0.707106781187,-0.707106781187));
#12146 = PCURVE('',#10258,#12147);
#12147 = DEFINITIONAL_REPRESENTATION('',(#12148),#12152);
#12148 = LINE('',#12149,#12150);
#12149 = CARTESIAN_POINT('',(-0.,0.15));
#12150 = VECTOR('',#12151,1.);
#12151 = DIRECTION('',(0.,-1.));
#12152 = ( GEOMETRIC_REPRESENTATION_CONTEXT(2) 
PARAMETRIC_REPRESENTATION_CONTEXT() REPRESENTATION_CONTEXT('2D SPACE',''
  ) );
#12153 = PCURVE('',#10286,#12154);
#12154 = DEFINITIONAL_REPRESENTATION('',(#12155),#12159);
#12155 = LINE('',#12156,#12157);
#12156 = CARTESIAN_POINT('',(-52.,0.));
#12157 = VECTOR('',#12158,1.);
#12158 = DIRECTION('',(-0.,1.));
#12159 = ( GEOMETRIC_REPRESENTATION_CONTEXT(2) 
PARAMETRIC_REPRESENTATION_CONTEXT() REPRESENTATION_CONTEXT('2D SPACE',''
  ) );
#12160 = ORIENTED_EDGE('',*,*,#10241,.T.);
#12161 = ORIENTED_EDGE('',*,*,#12084,.T.);
#12162 = ORIENTED_EDGE('',*,*,#12163,.F.);
#12163 = EDGE_CURVE('',#12139,#12085,#12164,.T.);
#12164 = SURFACE_CURVE('',#12165,(#12170,#12177),.PCURVE_S1.);
#12165 = CIRCLE('',#12166,1.);
#12166 = AXIS2_PLACEMENT_3D('',#12167,#12168,#12169);
#12167 = CARTESIAN_POINT('',(-26.,73.439191898579,29.7));
#12168 = DIRECTION('',(0.,-0.,1.));
#12169 = DIRECTION('',(0.,1.,0.));
#12170 = PCURVE('',#10258,#12171);
#12171 = DEFINITIONAL_REPRESENTATION('',(#12172),#12176);
#12172 = LINE('',#12173,#12174);
#12173 = CARTESIAN_POINT('',(0.,-0.));
#12174 = VECTOR('',#12175,1.);
#12175 = DIRECTION('',(1.,-0.));
#12176 = ( GEOMETRIC_REPRESENTATION_CONTEXT(2) 
PARAMETRIC_REPRESENTATION_CONTEXT() REPRESENTATION_CONTEXT('2D SPACE',''
  ) );
#12177 = PCURVE('',#12178,#12183);
#12178 = CYLINDRICAL_SURFACE('',#12179,1.);
#12179 = AXIS2_PLACEMENT_3D('',#12180,#12181,#12182);
#12180 = CARTESIAN_POINT('',(-26.,73.439191898579,2.4));
#12181 = DIRECTION('',(0.,0.,1.));
#12182 = DIRECTION('',(-1.,-0.,0.));
#12183 = DEFINITIONAL_REPRESENTATION('',(#12184),#12188);
#12184 = LINE('',#12185,#12186);
#12185 = CARTESIAN_POINT('',(-1.570796326795,27.3));
#12186 = VECTOR('',#12187,1.);
#12187 = DIRECTION('',(1.,-0.));
#12188 = ( GEOMETRIC_REPRESENTATION_CONTEXT(2) 
PARAMETRIC_REPRESENTATION_CONTEXT() REPRESENTATION_CONTEXT('2D SPACE',''
  ) );
#12189 = ADVANCED_FACE('',(#12190),#10286,.F.);
#12190 = FACE_BOUND('',#12191,.T.);
#12191 = EDGE_LOOP('',(#12192,#12215,#12216,#12217));
#12192 = ORIENTED_EDGE('',*,*,#12193,.F.);
#12193 = EDGE_CURVE('',#10271,#12194,#12196,.T.);
#12194 = VERTEX_POINT('',#12195);
#12195 = CARTESIAN_POINT('',(26.,74.439191898579,29.7));
#12196 = SURFACE_CURVE('',#12197,(#12201,#12208),.PCURVE_S1.);
#12197 = LINE('',#12198,#12199);
#12198 = CARTESIAN_POINT('',(26.,74.439191898579,29.7));
#12199 = VECTOR('',#12200,1.);
#12200 = DIRECTION('',(-4.329780281177E-17,-0.707106781187,
    -0.707106781187));
#12201 = PCURVE('',#10286,#12202);
#12202 = DEFINITIONAL_REPRESENTATION('',(#12203),#12207);
#12203 = LINE('',#12204,#12205);
#12204 = CARTESIAN_POINT('',(0.,0.212132034356));
#12205 = VECTOR('',#12206,1.);
#12206 = DIRECTION('',(-4.329780281177E-17,1.));
#12207 = ( GEOMETRIC_REPRESENTATION_CONTEXT(2) 
PARAMETRIC_REPRESENTATION_CONTEXT() REPRESENTATION_CONTEXT('2D SPACE',''
  ) );
#12208 = PCURVE('',#10315,#12209);
#12209 = DEFINITIONAL_REPRESENTATION('',(#12210),#12214);
#12210 = LINE('',#12211,#12212);
#12211 = CARTESIAN_POINT('',(1.570796326795,-0.));
#12212 = VECTOR('',#12213,1.);
#12213 = DIRECTION('',(0.,-1.));
#12214 = ( GEOMETRIC_REPRESENTATION_CONTEXT(2) 
PARAMETRIC_REPRESENTATION_CONTEXT() REPRESENTATION_CONTEXT('2D SPACE',''
  ) );
#12215 = ORIENTED_EDGE('',*,*,#10270,.T.);
#12216 = ORIENTED_EDGE('',*,*,#12138,.T.);
#12217 = ORIENTED_EDGE('',*,*,#12218,.F.);
#12218 = EDGE_CURVE('',#12194,#12139,#12219,.T.);
#12219 = SURFACE_CURVE('',#12220,(#12224,#12231),.PCURVE_S1.);
#12220 = LINE('',#12221,#12222);
#12221 = CARTESIAN_POINT('',(26.,74.439191898579,29.7));
#12222 = VECTOR('',#12223,1.);
#12223 = DIRECTION('',(-1.,0.,0.));
#12224 = PCURVE('',#10286,#12225);
#12225 = DEFINITIONAL_REPRESENTATION('',(#12226),#12230);
#12226 = LINE('',#12227,#12228);
#12227 = CARTESIAN_POINT('',(0.,0.212132034356));
#12228 = VECTOR('',#12229,1.);
#12229 = DIRECTION('',(-1.,0.));
#12230 = ( GEOMETRIC_REPRESENTATION_CONTEXT(2) 
PARAMETRIC_REPRESENTATION_CONTEXT() REPRESENTATION_CONTEXT('2D SPACE',''
  ) );
#12231 = PCURVE('',#12232,#12237);
#12232 = PLANE('',#12233);
#12233 = AXIS2_PLACEMENT_3D('',#12234,#12235,#12236);
#12234 = CARTESIAN_POINT('',(-27.,74.439191898579,2.4));
#12235 = DIRECTION('',(0.,1.,0.));
#12236 = DIRECTION('',(0.,0.,1.));
#12237 = DEFINITIONAL_REPRESENTATION('',(#12238),#12242);
#12238 = LINE('',#12239,#12240);
#12239 = CARTESIAN_POINT('',(27.3,53.));
#12240 = VECTOR('',#12241,1.);
#12241 = DIRECTION('',(0.,-1.));
#12242 = ( GEOMETRIC_REPRESENTATION_CONTEXT(2) 
PARAMETRIC_REPRESENTATION_CONTEXT() REPRESENTATION_CONTEXT('2D SPACE',''
  ) );
#12243 = ADVANCED_FACE('',(#12244),#10315,.F.);
#12244 = FACE_BOUND('',#12245,.T.);
#12245 = EDGE_LOOP('',(#12246,#12269,#12270,#12271));
#12246 = ORIENTED_EDGE('',*,*,#12247,.F.);
#12247 = EDGE_CURVE('',#10299,#12248,#12250,.T.);
#12248 = VERTEX_POINT('',#12249);
#12249 = CARTESIAN_POINT('',(27.,73.439191898579,29.7));
#12250 = SURFACE_CURVE('',#12251,(#12255,#12262),.PCURVE_S1.);
#12251 = LINE('',#12252,#12253);
#12252 = CARTESIAN_POINT('',(27.15,73.439191898579,29.85));
#12253 = VECTOR('',#12254,1.);
#12254 = DIRECTION('',(-0.707106781187,0.,-0.707106781187));
#12255 = PCURVE('',#10315,#12256);
#12256 = DEFINITIONAL_REPRESENTATION('',(#12257),#12261);
#12257 = LINE('',#12258,#12259);
#12258 = CARTESIAN_POINT('',(-0.,0.15));
#12259 = VECTOR('',#12260,1.);
#12260 = DIRECTION('',(0.,-1.));
#12261 = ( GEOMETRIC_REPRESENTATION_CONTEXT(2) 
PARAMETRIC_REPRESENTATION_CONTEXT() REPRESENTATION_CONTEXT('2D SPACE',''
  ) );
#12262 = PCURVE('',#10343,#12263);
#12263 = DEFINITIONAL_REPRESENTATION('',(#12264),#12268);
#12264 = LINE('',#12265,#12266);
#12265 = CARTESIAN_POINT('',(-32.,0.));
#12266 = VECTOR('',#12267,1.);
#12267 = DIRECTION('',(-0.,1.));
#12268 = ( GEOMETRIC_REPRESENTATION_CONTEXT(2) 
PARAMETRIC_REPRESENTATION_CONTEXT() REPRESENTATION_CONTEXT('2D SPACE',''
  ) );
#12269 = ORIENTED_EDGE('',*,*,#10298,.T.);
#12270 = ORIENTED_EDGE('',*,*,#12193,.T.);
#12271 = ORIENTED_EDGE('',*,*,#12272,.F.);
#12272 = EDGE_CURVE('',#12248,#12194,#12273,.T.);
#12273 = SURFACE_CURVE('',#12274,(#12279,#12286),.PCURVE_S1.);
#12274 = CIRCLE('',#12275,1.);
#12275 = AXIS2_PLACEMENT_3D('',#12276,#12277,#12278);
#12276 = CARTESIAN_POINT('',(26.,73.439191898579,29.7));
#12277 = DIRECTION('',(0.,0.,1.));
#12278 = DIRECTION('',(1.,0.,-0.));
#12279 = PCURVE('',#10315,#12280);
#12280 = DEFINITIONAL_REPRESENTATION('',(#12281),#12285);
#12281 = LINE('',#12282,#12283);
#12282 = CARTESIAN_POINT('',(0.,-0.));
#12283 = VECTOR('',#12284,1.);
#12284 = DIRECTION('',(1.,-0.));
#12285 = ( GEOMETRIC_REPRESENTATION_CONTEXT(2) 
PARAMETRIC_REPRESENTATION_CONTEXT() REPRESENTATION_CONTEXT('2D SPACE',''
  ) );
#12286 = PCURVE('',#12287,#12292);
#12287 = CYLINDRICAL_SURFACE('',#12288,1.);
#12288 = AXIS2_PLACEMENT_3D('',#12289,#12290,#12291);
#12289 = CARTESIAN_POINT('',(26.,73.439191898579,2.4));
#12290 = DIRECTION('',(0.,0.,1.));
#12291 = DIRECTION('',(1.,0.,-0.));
#12292 = DEFINITIONAL_REPRESENTATION('',(#12293),#12297);
#12293 = LINE('',#12294,#12295);
#12294 = CARTESIAN_POINT('',(0.,27.3));
#12295 = VECTOR('',#12296,1.);
#12296 = DIRECTION('',(1.,0.));
#12297 = ( GEOMETRIC_REPRESENTATION_CONTEXT(2) 
PARAMETRIC_REPRESENTATION_CONTEXT() REPRESENTATION_CONTEXT('2D SPACE',''
  ) );
#12298 = ADVANCED_FACE('',(#12299),#10343,.F.);
#12299 = FACE_BOUND('',#12300,.T.);
#12300 = EDGE_LOOP('',(#12301,#12324,#12325,#12326));
#12301 = ORIENTED_EDGE('',*,*,#12302,.F.);
#12302 = EDGE_CURVE('',#10328,#12303,#12305,.T.);
#12303 = VERTEX_POINT('',#12304);
#12304 = CARTESIAN_POINT('',(27.,41.439191898579,29.7));
#12305 = SURFACE_CURVE('',#12306,(#12310,#12317),.PCURVE_S1.);
#12306 = LINE('',#12307,#12308);
#12307 = CARTESIAN_POINT('',(27.,41.439191898579,29.7));
#12308 = VECTOR('',#12309,1.);
#12309 = DIRECTION('',(-0.707106781187,4.329780281177E-17,
    -0.707106781187));
#12310 = PCURVE('',#10343,#12311);
#12311 = DEFINITIONAL_REPRESENTATION('',(#12312),#12316);
#12312 = LINE('',#12313,#12314);
#12313 = CARTESIAN_POINT('',(-0.,0.212132034356));
#12314 = VECTOR('',#12315,1.);
#12315 = DIRECTION('',(-4.329780281177E-17,1.));
#12316 = ( GEOMETRIC_REPRESENTATION_CONTEXT(2) 
PARAMETRIC_REPRESENTATION_CONTEXT() REPRESENTATION_CONTEXT('2D SPACE',''
  ) );
#12317 = PCURVE('',#10372,#12318);
#12318 = DEFINITIONAL_REPRESENTATION('',(#12319),#12323);
#12319 = LINE('',#12320,#12321);
#12320 = CARTESIAN_POINT('',(1.570796326795,-0.));
#12321 = VECTOR('',#12322,1.);
#12322 = DIRECTION('',(0.,-1.));
#12323 = ( GEOMETRIC_REPRESENTATION_CONTEXT(2) 
PARAMETRIC_REPRESENTATION_CONTEXT() REPRESENTATION_CONTEXT('2D SPACE',''
  ) );
#12324 = ORIENTED_EDGE('',*,*,#10327,.T.);
#12325 = ORIENTED_EDGE('',*,*,#12247,.T.);
#12326 = ORIENTED_EDGE('',*,*,#12327,.F.);
#12327 = EDGE_CURVE('',#12303,#12248,#12328,.T.);
#12328 = SURFACE_CURVE('',#12329,(#12333,#12340),.PCURVE_S1.);
#12329 = LINE('',#12330,#12331);
#12330 = CARTESIAN_POINT('',(27.,41.439191898579,29.7));
#12331 = VECTOR('',#12332,1.);
#12332 = DIRECTION('',(0.,1.,0.));
#12333 = PCURVE('',#10343,#12334);
#12334 = DEFINITIONAL_REPRESENTATION('',(#12335),#12339);
#12335 = LINE('',#12336,#12337);
#12336 = CARTESIAN_POINT('',(-0.,0.212132034356));
#12337 = VECTOR('',#12338,1.);
#12338 = DIRECTION('',(-1.,0.));
#12339 = ( GEOMETRIC_REPRESENTATION_CONTEXT(2) 
PARAMETRIC_REPRESENTATION_CONTEXT() REPRESENTATION_CONTEXT('2D SPACE',''
  ) );
#12340 = PCURVE('',#12341,#12346);
#12341 = PLANE('',#12342);
#12342 = AXIS2_PLACEMENT_3D('',#12343,#12344,#12345);
#12343 = CARTESIAN_POINT('',(27.,40.439191898579,2.4));
#12344 = DIRECTION('',(1.,0.,0.));
#12345 = DIRECTION('',(0.,0.,1.));
#12346 = DEFINITIONAL_REPRESENTATION('',(#12347),#12351);
#12347 = LINE('',#12348,#12349);
#12348 = CARTESIAN_POINT('',(27.3,-1.));
#12349 = VECTOR('',#12350,1.);
#12350 = DIRECTION('',(0.,-1.));
#12351 = ( GEOMETRIC_REPRESENTATION_CONTEXT(2) 
PARAMETRIC_REPRESENTATION_CONTEXT() REPRESENTATION_CONTEXT('2D SPACE',''
  ) );
#12352 = ADVANCED_FACE('',(#12353),#10372,.F.);
#12353 = FACE_BOUND('',#12354,.T.);
#12354 = EDGE_LOOP('',(#12355,#12378,#12379,#12380));
#12355 = ORIENTED_EDGE('',*,*,#12356,.F.);
#12356 = EDGE_CURVE('',#10356,#12357,#12359,.T.);
#12357 = VERTEX_POINT('',#12358);
#12358 = CARTESIAN_POINT('',(26.,40.439191898579,29.7));
#12359 = SURFACE_CURVE('',#12360,(#12364,#12371),.PCURVE_S1.);
#12360 = LINE('',#12361,#12362);
#12361 = CARTESIAN_POINT('',(26.,40.289191898579,29.85));
#12362 = VECTOR('',#12363,1.);
#12363 = DIRECTION('',(-0.,0.707106781187,-0.707106781187));
#12364 = PCURVE('',#10372,#12365);
#12365 = DEFINITIONAL_REPRESENTATION('',(#12366),#12370);
#12366 = LINE('',#12367,#12368);
#12367 = CARTESIAN_POINT('',(-0.,0.15));
#12368 = VECTOR('',#12369,1.);
#12369 = DIRECTION('',(0.,-1.));
#12370 = ( GEOMETRIC_REPRESENTATION_CONTEXT(2) 
PARAMETRIC_REPRESENTATION_CONTEXT() REPRESENTATION_CONTEXT('2D SPACE',''
  ) );
#12371 = PCURVE('',#10398,#12372);
#12372 = DEFINITIONAL_REPRESENTATION('',(#12373),#12377);
#12373 = LINE('',#12374,#12375);
#12374 = CARTESIAN_POINT('',(52.,0.));
#12375 = VECTOR('',#12376,1.);
#12376 = DIRECTION('',(0.,1.));
#12377 = ( GEOMETRIC_REPRESENTATION_CONTEXT(2) 
PARAMETRIC_REPRESENTATION_CONTEXT() REPRESENTATION_CONTEXT('2D SPACE',''
  ) );
#12378 = ORIENTED_EDGE('',*,*,#10355,.T.);
#12379 = ORIENTED_EDGE('',*,*,#12302,.T.);
#12380 = ORIENTED_EDGE('',*,*,#12381,.F.);
#12381 = EDGE_CURVE('',#12357,#12303,#12382,.T.);
#12382 = SURFACE_CURVE('',#12383,(#12388,#12395),.PCURVE_S1.);
#12383 = CIRCLE('',#12384,1.);
#12384 = AXIS2_PLACEMENT_3D('',#12385,#12386,#12387);
#12385 = CARTESIAN_POINT('',(26.,41.439191898579,29.7));
#12386 = DIRECTION('',(0.,0.,1.));
#12387 = DIRECTION('',(0.,-1.,0.));
#12388 = PCURVE('',#10372,#12389);
#12389 = DEFINITIONAL_REPRESENTATION('',(#12390),#12394);
#12390 = LINE('',#12391,#12392);
#12391 = CARTESIAN_POINT('',(0.,-0.));
#12392 = VECTOR('',#12393,1.);
#12393 = DIRECTION('',(1.,-0.));
#12394 = ( GEOMETRIC_REPRESENTATION_CONTEXT(2) 
PARAMETRIC_REPRESENTATION_CONTEXT() REPRESENTATION_CONTEXT('2D SPACE',''
  ) );
#12395 = PCURVE('',#12396,#12401);
#12396 = CYLINDRICAL_SURFACE('',#12397,1.);
#12397 = AXIS2_PLACEMENT_3D('',#12398,#12399,#12400);
#12398 = CARTESIAN_POINT('',(26.,41.439191898579,2.4));
#12399 = DIRECTION('',(0.,0.,1.));
#12400 = DIRECTION('',(1.,0.,-0.));
#12401 = DEFINITIONAL_REPRESENTATION('',(#12402),#12406);
#12402 = LINE('',#12403,#12404);
#12403 = CARTESIAN_POINT('',(-1.570796326795,27.3));
#12404 = VECTOR('',#12405,1.);
#12405 = DIRECTION('',(1.,-0.));
#12406 = ( GEOMETRIC_REPRESENTATION_CONTEXT(2) 
PARAMETRIC_REPRESENTATION_CONTEXT() REPRESENTATION_CONTEXT('2D SPACE',''
  ) );
#12407 = ADVANCED_FACE('',(#12408),#10398,.T.);
#12408 = FACE_BOUND('',#12409,.T.);
#12409 = EDGE_LOOP('',(#12410,#12411,#12412,#12413));
#12410 = ORIENTED_EDGE('',*,*,#12031,.F.);
#12411 = ORIENTED_EDGE('',*,*,#10384,.T.);
#12412 = ORIENTED_EDGE('',*,*,#12356,.T.);
#12413 = ORIENTED_EDGE('',*,*,#12414,.F.);
#12414 = EDGE_CURVE('',#12032,#12357,#12415,.T.);
#12415 = SURFACE_CURVE('',#12416,(#12420,#12427),.PCURVE_S1.);
#12416 = LINE('',#12417,#12418);
#12417 = CARTESIAN_POINT('',(-26.,40.439191898579,29.7));
#12418 = VECTOR('',#12419,1.);
#12419 = DIRECTION('',(1.,-0.,-0.));
#12420 = PCURVE('',#10398,#12421);
#12421 = DEFINITIONAL_REPRESENTATION('',(#12422),#12426);
#12422 = LINE('',#12423,#12424);
#12423 = CARTESIAN_POINT('',(0.,0.212132034356));
#12424 = VECTOR('',#12425,1.);
#12425 = DIRECTION('',(1.,0.));
#12426 = ( GEOMETRIC_REPRESENTATION_CONTEXT(2) 
PARAMETRIC_REPRESENTATION_CONTEXT() REPRESENTATION_CONTEXT('2D SPACE',''
  ) );
#12427 = PCURVE('',#12428,#12433);
#12428 = PLANE('',#12429);
#12429 = AXIS2_PLACEMENT_3D('',#12430,#12431,#12432);
#12430 = CARTESIAN_POINT('',(-27.,40.439191898579,2.4));
#12431 = DIRECTION('',(0.,1.,0.));
#12432 = DIRECTION('',(0.,0.,1.));
#12433 = DEFINITIONAL_REPRESENTATION('',(#12434),#12438);
#12434 = LINE('',#12435,#12436);
#12435 = CARTESIAN_POINT('',(27.3,1.));
#12436 = VECTOR('',#12437,1.);
#12437 = DIRECTION('',(0.,1.));
#12438 = ( GEOMETRIC_REPRESENTATION_CONTEXT(2) 
PARAMETRIC_REPRESENTATION_CONTEXT() REPRESENTATION_CONTEXT('2D SPACE',''
  ) );
#12439 = ADVANCED_FACE('',(#12440),#10548,.F.);
#12440 = FACE_BOUND('',#12441,.T.);
#12441 = EDGE_LOOP('',(#12442,#12443,#12444,#12465));
#12442 = ORIENTED_EDGE('',*,*,#10591,.F.);
#12443 = ORIENTED_EDGE('',*,*,#10668,.T.);
#12444 = ORIENTED_EDGE('',*,*,#12445,.T.);
#12445 = EDGE_CURVE('',#10641,#10500,#12446,.T.);
#12446 = SURFACE_CURVE('',#12447,(#12451,#12458),.PCURVE_S1.);
#12447 = LINE('',#12448,#12449);
#12448 = CARTESIAN_POINT('',(26.,77.039191898579,0.4));
#12449 = VECTOR('',#12450,1.);
#12450 = DIRECTION('',(-0.,-0.707106781187,-0.707106781187));
#12451 = PCURVE('',#10548,#12452);
#12452 = DEFINITIONAL_REPRESENTATION('',(#12453),#12457);
#12453 = LINE('',#12454,#12455);
#12454 = CARTESIAN_POINT('',(-52.,2.747661802697E-16));
#12455 = VECTOR('',#12456,1.);
#12456 = DIRECTION('',(-0.,1.));
#12457 = ( GEOMETRIC_REPRESENTATION_CONTEXT(2) 
PARAMETRIC_REPRESENTATION_CONTEXT() REPRESENTATION_CONTEXT('2D SPACE',''
  ) );
#12458 = PCURVE('',#10520,#12459);
#12459 = DEFINITIONAL_REPRESENTATION('',(#12460),#12464);
#12460 = LINE('',#12461,#12462);
#12461 = CARTESIAN_POINT('',(-0.,-0.4));
#12462 = VECTOR('',#12463,1.);
#12463 = DIRECTION('',(-0.,-1.));
#12464 = ( GEOMETRIC_REPRESENTATION_CONTEXT(2) 
PARAMETRIC_REPRESENTATION_CONTEXT() REPRESENTATION_CONTEXT('2D SPACE',''
  ) );
#12465 = ORIENTED_EDGE('',*,*,#10532,.F.);
#12466 = ADVANCED_FACE('',(#12467),#10459,.T.);
#12467 = FACE_BOUND('',#12468,.T.);
#12468 = EDGE_LOOP('',(#12469,#12490,#12491,#12492));
#12469 = ORIENTED_EDGE('',*,*,#12470,.F.);
#12470 = EDGE_CURVE('',#10957,#10439,#12471,.T.);
#12471 = SURFACE_CURVE('',#12472,(#12476,#12483),.PCURVE_S1.);
#12472 = LINE('',#12473,#12474);
#12473 = CARTESIAN_POINT('',(29.6,41.439191898579,0.4));
#12474 = VECTOR('',#12475,1.);
#12475 = DIRECTION('',(-0.707106781187,-0.,-0.707106781187));
#12476 = PCURVE('',#10459,#12477);
#12477 = DEFINITIONAL_REPRESENTATION('',(#12478),#12482);
#12478 = LINE('',#12479,#12480);
#12479 = CARTESIAN_POINT('',(-0.,-0.4));
#12480 = VECTOR('',#12481,1.);
#12481 = DIRECTION('',(-0.,-1.));
#12482 = ( GEOMETRIC_REPRESENTATION_CONTEXT(2) 
PARAMETRIC_REPRESENTATION_CONTEXT() REPRESENTATION_CONTEXT('2D SPACE',''
  ) );
#12483 = PCURVE('',#10487,#12484);
#12484 = DEFINITIONAL_REPRESENTATION('',(#12485),#12489);
#12485 = LINE('',#12486,#12487);
#12486 = CARTESIAN_POINT('',(-32.,1.570092458684E-16));
#12487 = VECTOR('',#12488,1.);
#12488 = DIRECTION('',(-0.,1.));
#12489 = ( GEOMETRIC_REPRESENTATION_CONTEXT(2) 
PARAMETRIC_REPRESENTATION_CONTEXT() REPRESENTATION_CONTEXT('2D SPACE',''
  ) );
#12490 = ORIENTED_EDGE('',*,*,#10986,.T.);
#12491 = ORIENTED_EDGE('',*,*,#10929,.T.);
#12492 = ORIENTED_EDGE('',*,*,#10438,.F.);
#12493 = ADVANCED_FACE('',(#12494),#10520,.T.);
#12494 = FACE_BOUND('',#12495,.T.);
#12495 = EDGE_LOOP('',(#12496,#12497,#12521,#12542));
#12496 = ORIENTED_EDGE('',*,*,#12445,.F.);
#12497 = ORIENTED_EDGE('',*,*,#12498,.T.);
#12498 = EDGE_CURVE('',#10641,#12499,#12501,.T.);
#12499 = VERTEX_POINT('',#12500);
#12500 = CARTESIAN_POINT('',(30.,73.439191898579,0.8));
#12501 = SURFACE_CURVE('',#12502,(#12507,#12514),.PCURVE_S1.);
#12502 = CIRCLE('',#12503,4.);
#12503 = AXIS2_PLACEMENT_3D('',#12504,#12505,#12506);
#12504 = CARTESIAN_POINT('',(26.,73.439191898579,0.8));
#12505 = DIRECTION('',(0.,-0.,-1.));
#12506 = DIRECTION('',(0.,1.,-0.));
#12507 = PCURVE('',#10520,#12508);
#12508 = DEFINITIONAL_REPRESENTATION('',(#12509),#12513);
#12509 = LINE('',#12510,#12511);
#12510 = CARTESIAN_POINT('',(-0.,-0.));
#12511 = VECTOR('',#12512,1.);
#12512 = DIRECTION('',(-1.,-0.));
#12513 = ( GEOMETRIC_REPRESENTATION_CONTEXT(2) 
PARAMETRIC_REPRESENTATION_CONTEXT() REPRESENTATION_CONTEXT('2D SPACE',''
  ) );
#12514 = PCURVE('',#10656,#12515);
#12515 = DEFINITIONAL_REPRESENTATION('',(#12516),#12520);
#12516 = LINE('',#12517,#12518);
#12517 = CARTESIAN_POINT('',(1.570796326795,0.8));
#12518 = VECTOR('',#12519,1.);
#12519 = DIRECTION('',(-1.,-0.));
#12520 = ( GEOMETRIC_REPRESENTATION_CONTEXT(2) 
PARAMETRIC_REPRESENTATION_CONTEXT() REPRESENTATION_CONTEXT('2D SPACE',''
  ) );
#12521 = ORIENTED_EDGE('',*,*,#12522,.T.);
#12522 = EDGE_CURVE('',#12499,#10472,#12523,.T.);
#12523 = SURFACE_CURVE('',#12524,(#12528,#12535),.PCURVE_S1.);
#12524 = LINE('',#12525,#12526);
#12525 = CARTESIAN_POINT('',(30.,73.439191898579,0.8));
#12526 = VECTOR('',#12527,1.);
#12527 = DIRECTION('',(-0.707106781187,-4.329780281177E-17,
    -0.707106781187));
#12528 = PCURVE('',#10520,#12529);
#12529 = DEFINITIONAL_REPRESENTATION('',(#12530),#12534);
#12530 = LINE('',#12531,#12532);
#12531 = CARTESIAN_POINT('',(-1.570796326795,-0.));
#12532 = VECTOR('',#12533,1.);
#12533 = DIRECTION('',(-0.,-1.));
#12534 = ( GEOMETRIC_REPRESENTATION_CONTEXT(2) 
PARAMETRIC_REPRESENTATION_CONTEXT() REPRESENTATION_CONTEXT('2D SPACE',''
  ) );
#12535 = PCURVE('',#10487,#12536);
#12536 = DEFINITIONAL_REPRESENTATION('',(#12537),#12541);
#12537 = LINE('',#12538,#12539);
#12538 = CARTESIAN_POINT('',(4.237045877652E-33,-0.565685424949));
#12539 = VECTOR('',#12540,1.);
#12540 = DIRECTION('',(-4.329780281177E-17,1.));
#12541 = ( GEOMETRIC_REPRESENTATION_CONTEXT(2) 
PARAMETRIC_REPRESENTATION_CONTEXT() REPRESENTATION_CONTEXT('2D SPACE',''
  ) );
#12542 = ORIENTED_EDGE('',*,*,#10499,.F.);
#12543 = ADVANCED_FACE('',(#12544),#10487,.F.);
#12544 = FACE_BOUND('',#12545,.T.);
#12545 = EDGE_LOOP('',(#12546,#12547,#12568,#12569));
#12546 = ORIENTED_EDGE('',*,*,#12522,.F.);
#12547 = ORIENTED_EDGE('',*,*,#12548,.T.);
#12548 = EDGE_CURVE('',#12499,#10957,#12549,.T.);
#12549 = SURFACE_CURVE('',#12550,(#12554,#12561),.PCURVE_S1.);
#12550 = LINE('',#12551,#12552);
#12551 = CARTESIAN_POINT('',(30.,73.439191898579,0.8));
#12552 = VECTOR('',#12553,1.);
#12553 = DIRECTION('',(-0.,-1.,-0.));
#12554 = PCURVE('',#10487,#12555);
#12555 = DEFINITIONAL_REPRESENTATION('',(#12556),#12560);
#12556 = LINE('',#12557,#12558);
#12557 = CARTESIAN_POINT('',(4.237045877652E-33,-0.565685424949));
#12558 = VECTOR('',#12559,1.);
#12559 = DIRECTION('',(-1.,0.));
#12560 = ( GEOMETRIC_REPRESENTATION_CONTEXT(2) 
PARAMETRIC_REPRESENTATION_CONTEXT() REPRESENTATION_CONTEXT('2D SPACE',''
  ) );
#12561 = PCURVE('',#10974,#12562);
#12562 = DEFINITIONAL_REPRESENTATION('',(#12563),#12567);
#12563 = LINE('',#12564,#12565);
#12564 = CARTESIAN_POINT('',(0.8,-36.));
#12565 = VECTOR('',#12566,1.);
#12566 = DIRECTION('',(0.,1.));
#12567 = ( GEOMETRIC_REPRESENTATION_CONTEXT(2) 
PARAMETRIC_REPRESENTATION_CONTEXT() REPRESENTATION_CONTEXT('2D SPACE',''
  ) );
#12568 = ORIENTED_EDGE('',*,*,#12470,.T.);
#12569 = ORIENTED_EDGE('',*,*,#10471,.F.);
#12570 = ADVANCED_FACE('',(#12571),#10656,.T.);
#12571 = FACE_BOUND('',#12572,.T.);
#12572 = EDGE_LOOP('',(#12573,#12594,#12595,#12596));
#12573 = ORIENTED_EDGE('',*,*,#12574,.F.);
#12574 = EDGE_CURVE('',#12499,#11932,#12575,.T.);
#12575 = SURFACE_CURVE('',#12576,(#12580,#12587),.PCURVE_S1.);
#12576 = LINE('',#12577,#12578);
#12577 = CARTESIAN_POINT('',(30.,73.439191898579,0.));
#12578 = VECTOR('',#12579,1.);
#12579 = DIRECTION('',(0.,0.,1.));
#12580 = PCURVE('',#10656,#12581);
#12581 = DEFINITIONAL_REPRESENTATION('',(#12582),#12586);
#12582 = LINE('',#12583,#12584);
#12583 = CARTESIAN_POINT('',(0.,0.));
#12584 = VECTOR('',#12585,1.);
#12585 = DIRECTION('',(0.,1.));
#12586 = ( GEOMETRIC_REPRESENTATION_CONTEXT(2) 
PARAMETRIC_REPRESENTATION_CONTEXT() REPRESENTATION_CONTEXT('2D SPACE',''
  ) );
#12587 = PCURVE('',#10974,#12588);
#12588 = DEFINITIONAL_REPRESENTATION('',(#12589),#12593);
#12589 = LINE('',#12590,#12591);
#12590 = CARTESIAN_POINT('',(0.,-36.));
#12591 = VECTOR('',#12592,1.);
#12592 = DIRECTION('',(1.,0.));
#12593 = ( GEOMETRIC_REPRESENTATION_CONTEXT(2) 
PARAMETRIC_REPRESENTATION_CONTEXT() REPRESENTATION_CONTEXT('2D SPACE',''
  ) );
#12594 = ORIENTED_EDGE('',*,*,#12498,.F.);
#12595 = ORIENTED_EDGE('',*,*,#10640,.T.);
#12596 = ORIENTED_EDGE('',*,*,#11980,.F.);
#12597 = ADVANCED_FACE('',(#12598),#10708,.F.);
#12598 = FACE_BOUND('',#12599,.F.);
#12599 = EDGE_LOOP('',(#12600,#12630,#12651,#12652,#12675,#12703,#12731,
    #12759,#12787,#12810,#12838,#12866));
#12600 = ORIENTED_EDGE('',*,*,#12601,.F.);
#12601 = EDGE_CURVE('',#12602,#12604,#12606,.T.);
#12602 = VERTEX_POINT('',#12603);
#12603 = CARTESIAN_POINT('',(-9.,78.489191898579,11.5));
#12604 = VERTEX_POINT('',#12605);
#12605 = CARTESIAN_POINT('',(-9.,78.489191898579,36.));
#12606 = SURFACE_CURVE('',#12607,(#12611,#12618),.PCURVE_S1.);
#12607 = LINE('',#12608,#12609);
#12608 = CARTESIAN_POINT('',(-9.,78.489191898579,9.2));
#12609 = VECTOR('',#12610,1.);
#12610 = DIRECTION('',(0.,0.,1.));
#12611 = PCURVE('',#10708,#12612);
#12612 = DEFINITIONAL_REPRESENTATION('',(#12613),#12617);
#12613 = LINE('',#12614,#12615);
#12614 = CARTESIAN_POINT('',(-1.862915010152E-02,-0.379780391903));
#12615 = VECTOR('',#12616,1.);
#12616 = DIRECTION('',(1.,0.));
#12617 = ( GEOMETRIC_REPRESENTATION_CONTEXT(2) 
PARAMETRIC_REPRESENTATION_CONTEXT() REPRESENTATION_CONTEXT('2D SPACE',''
  ) );
#12618 = PCURVE('',#12619,#12624);
#12619 = CYLINDRICAL_SURFACE('',#12620,0.25);
#12620 = AXIS2_PLACEMENT_3D('',#12621,#12622,#12623);
#12621 = CARTESIAN_POINT('',(-8.75,78.489191898579,9.2));
#12622 = DIRECTION('',(0.,0.,1.));
#12623 = DIRECTION('',(-1.,-0.,0.));
#12624 = DEFINITIONAL_REPRESENTATION('',(#12625),#12629);
#12625 = LINE('',#12626,#12627);
#12626 = CARTESIAN_POINT('',(0.,0.));
#12627 = VECTOR('',#12628,1.);
#12628 = DIRECTION('',(0.,1.));
#12629 = ( GEOMETRIC_REPRESENTATION_CONTEXT(2) 
PARAMETRIC_REPRESENTATION_CONTEXT() REPRESENTATION_CONTEXT('2D SPACE',''
  ) );
#12630 = ORIENTED_EDGE('',*,*,#12631,.T.);
#12631 = EDGE_CURVE('',#12602,#10692,#12632,.T.);
#12632 = SURFACE_CURVE('',#12633,(#12637,#12644),.PCURVE_S1.);
#12633 = LINE('',#12634,#12635);
#12634 = CARTESIAN_POINT('',(-9.,80.039191898579,11.5));
#12635 = VECTOR('',#12636,1.);
#12636 = DIRECTION('',(0.,-1.,0.));
#12637 = PCURVE('',#10708,#12638);
#12638 = DEFINITIONAL_REPRESENTATION('',(#12639),#12643);
#12639 = LINE('',#12640,#12641);
#12640 = CARTESIAN_POINT('',(2.281370849898,-1.929780391903));
#12641 = VECTOR('',#12642,1.);
#12642 = DIRECTION('',(0.,1.));
#12643 = ( GEOMETRIC_REPRESENTATION_CONTEXT(2) 
PARAMETRIC_REPRESENTATION_CONTEXT() REPRESENTATION_CONTEXT('2D SPACE',''
  ) );
#12644 = PCURVE('',#10784,#12645);
#12645 = DEFINITIONAL_REPRESENTATION('',(#12646),#12650);
#12646 = LINE('',#12647,#12648);
#12647 = CARTESIAN_POINT('',(0.,-0.));
#12648 = VECTOR('',#12649,1.);
#12649 = DIRECTION('',(1.,0.));
#12650 = ( GEOMETRIC_REPRESENTATION_CONTEXT(2) 
PARAMETRIC_REPRESENTATION_CONTEXT() REPRESENTATION_CONTEXT('2D SPACE',''
  ) );
#12651 = ORIENTED_EDGE('',*,*,#10691,.T.);
#12652 = ORIENTED_EDGE('',*,*,#12653,.T.);
#12653 = EDGE_CURVE('',#10694,#12654,#12656,.T.);
#12654 = VERTEX_POINT('',#12655);
#12655 = CARTESIAN_POINT('',(-9.,80.039191898579,9.2));
#12656 = SURFACE_CURVE('',#12657,(#12661,#12668),.PCURVE_S1.);
#12657 = LINE('',#12658,#12659);
#12658 = CARTESIAN_POINT('',(-9.,76.839191898579,6.));
#12659 = VECTOR('',#12660,1.);
#12660 = DIRECTION('',(0.,0.707106781187,0.707106781187));
#12661 = PCURVE('',#10708,#12662);
#12662 = DEFINITIONAL_REPRESENTATION('',(#12663),#12667);
#12663 = LINE('',#12664,#12665);
#12664 = CARTESIAN_POINT('',(-3.218629150102,1.270219608097));
#12665 = VECTOR('',#12666,1.);
#12666 = DIRECTION('',(0.707106781187,-0.707106781187));
#12667 = ( GEOMETRIC_REPRESENTATION_CONTEXT(2) 
PARAMETRIC_REPRESENTATION_CONTEXT() REPRESENTATION_CONTEXT('2D SPACE',''
  ) );
#12668 = PCURVE('',#10734,#12669);
#12669 = DEFINITIONAL_REPRESENTATION('',(#12670),#12674);
#12670 = LINE('',#12671,#12672);
#12671 = CARTESIAN_POINT('',(0.,0.));
#12672 = VECTOR('',#12673,1.);
#12673 = DIRECTION('',(1.,0.));
#12674 = ( GEOMETRIC_REPRESENTATION_CONTEXT(2) 
PARAMETRIC_REPRESENTATION_CONTEXT() REPRESENTATION_CONTEXT('2D SPACE',''
  ) );
#12675 = ORIENTED_EDGE('',*,*,#12676,.T.);
#12676 = EDGE_CURVE('',#12654,#12677,#12679,.T.);
#12677 = VERTEX_POINT('',#12678);
#12678 = CARTESIAN_POINT('',(-9.,80.039191898579,11.5));
#12679 = SURFACE_CURVE('',#12680,(#12684,#12691),.PCURVE_S1.);
#12680 = LINE('',#12681,#12682);
#12681 = CARTESIAN_POINT('',(-9.,80.039191898579,9.2));
#12682 = VECTOR('',#12683,1.);
#12683 = DIRECTION('',(0.,0.,1.));
#12684 = PCURVE('',#10708,#12685);
#12685 = DEFINITIONAL_REPRESENTATION('',(#12686),#12690);
#12686 = LINE('',#12687,#12688);
#12687 = CARTESIAN_POINT('',(-1.862915010152E-02,-1.929780391903));
#12688 = VECTOR('',#12689,1.);
#12689 = DIRECTION('',(1.,0.));
#12690 = ( GEOMETRIC_REPRESENTATION_CONTEXT(2) 
PARAMETRIC_REPRESENTATION_CONTEXT() REPRESENTATION_CONTEXT('2D SPACE',''
  ) );
#12691 = PCURVE('',#12692,#12697);
#12692 = PLANE('',#12693);
#12693 = AXIS2_PLACEMENT_3D('',#12694,#12695,#12696);
#12694 = CARTESIAN_POINT('',(-9.,80.039191898579,9.2));
#12695 = DIRECTION('',(0.,-1.,0.));
#12696 = DIRECTION('',(0.,0.,1.));
#12697 = DEFINITIONAL_REPRESENTATION('',(#12698),#12702);
#12698 = LINE('',#12699,#12700);
#12699 = CARTESIAN_POINT('',(0.,0.));
#12700 = VECTOR('',#12701,1.);
#12701 = DIRECTION('',(1.,0.));
#12702 = ( GEOMETRIC_REPRESENTATION_CONTEXT(2) 
PARAMETRIC_REPRESENTATION_CONTEXT() REPRESENTATION_CONTEXT('2D SPACE',''
  ) );
#12703 = ORIENTED_EDGE('',*,*,#12704,.T.);
#12704 = EDGE_CURVE('',#12677,#12705,#12707,.T.);
#12705 = VERTEX_POINT('',#12706);
#12706 = CARTESIAN_POINT('',(-9.,79.789191898579,11.5));
#12707 = SURFACE_CURVE('',#12708,(#12712,#12719),.PCURVE_S1.);
#12708 = LINE('',#12709,#12710);
#12709 = CARTESIAN_POINT('',(-9.,80.039191898579,11.5));
#12710 = VECTOR('',#12711,1.);
#12711 = DIRECTION('',(0.,-1.,0.));
#12712 = PCURVE('',#10708,#12713);
#12713 = DEFINITIONAL_REPRESENTATION('',(#12714),#12718);
#12714 = LINE('',#12715,#12716);
#12715 = CARTESIAN_POINT('',(2.281370849898,-1.929780391903));
#12716 = VECTOR('',#12717,1.);
#12717 = DIRECTION('',(0.,1.));
#12718 = ( GEOMETRIC_REPRESENTATION_CONTEXT(2) 
PARAMETRIC_REPRESENTATION_CONTEXT() REPRESENTATION_CONTEXT('2D SPACE',''
  ) );
#12719 = PCURVE('',#12720,#12725);
#12720 = PLANE('',#12721);
#12721 = AXIS2_PLACEMENT_3D('',#12722,#12723,#12724);
#12722 = CARTESIAN_POINT('',(-9.,80.039191898579,11.5));
#12723 = DIRECTION('',(0.,0.,-1.));
#12724 = DIRECTION('',(0.,-1.,0.));
#12725 = DEFINITIONAL_REPRESENTATION('',(#12726),#12730);
#12726 = LINE('',#12727,#12728);
#12727 = CARTESIAN_POINT('',(0.,-0.));
#12728 = VECTOR('',#12729,1.);
#12729 = DIRECTION('',(1.,0.));
#12730 = ( GEOMETRIC_REPRESENTATION_CONTEXT(2) 
PARAMETRIC_REPRESENTATION_CONTEXT() REPRESENTATION_CONTEXT('2D SPACE',''
  ) );
#12731 = ORIENTED_EDGE('',*,*,#12732,.T.);
#12732 = EDGE_CURVE('',#12705,#12733,#12735,.T.);
#12733 = VERTEX_POINT('',#12734);
#12734 = CARTESIAN_POINT('',(-9.,79.789191898579,36.));
#12735 = SURFACE_CURVE('',#12736,(#12740,#12747),.PCURVE_S1.);
#12736 = LINE('',#12737,#12738);
#12737 = CARTESIAN_POINT('',(-9.,79.789191898579,9.2));
#12738 = VECTOR('',#12739,1.);
#12739 = DIRECTION('',(0.,0.,1.));
#12740 = PCURVE('',#10708,#12741);
#12741 = DEFINITIONAL_REPRESENTATION('',(#12742),#12746);
#12742 = LINE('',#12743,#12744);
#12743 = CARTESIAN_POINT('',(-1.862915010152E-02,-1.679780391903));
#12744 = VECTOR('',#12745,1.);
#12745 = DIRECTION('',(1.,0.));
#12746 = ( GEOMETRIC_REPRESENTATION_CONTEXT(2) 
PARAMETRIC_REPRESENTATION_CONTEXT() REPRESENTATION_CONTEXT('2D SPACE',''
  ) );
#12747 = PCURVE('',#12748,#12753);
#12748 = CYLINDRICAL_SURFACE('',#12749,0.25);
#12749 = AXIS2_PLACEMENT_3D('',#12750,#12751,#12752);
#12750 = CARTESIAN_POINT('',(-8.75,79.789191898579,9.2));
#12751 = DIRECTION('',(0.,0.,1.));
#12752 = DIRECTION('',(-1.,-0.,0.));
#12753 = DEFINITIONAL_REPRESENTATION('',(#12754),#12758);
#12754 = LINE('',#12755,#12756);
#12755 = CARTESIAN_POINT('',(-0.,0.));
#12756 = VECTOR('',#12757,1.);
#12757 = DIRECTION('',(-0.,1.));
#12758 = ( GEOMETRIC_REPRESENTATION_CONTEXT(2) 
PARAMETRIC_REPRESENTATION_CONTEXT() REPRESENTATION_CONTEXT('2D SPACE',''
  ) );
#12759 = ORIENTED_EDGE('',*,*,#12760,.T.);
#12760 = EDGE_CURVE('',#12733,#12761,#12763,.T.);
#12761 = VERTEX_POINT('',#12762);
#12762 = CARTESIAN_POINT('',(-9.,80.039191898579,36.));
#12763 = SURFACE_CURVE('',#12764,(#12768,#12775),.PCURVE_S1.);
#12764 = LINE('',#12765,#12766);
#12765 = CARTESIAN_POINT('',(-9.,78.239191898579,36.));
#12766 = VECTOR('',#12767,1.);
#12767 = DIRECTION('',(0.,1.,0.));
#12768 = PCURVE('',#10708,#12769);
#12769 = DEFINITIONAL_REPRESENTATION('',(#12770),#12774);
#12770 = LINE('',#12771,#12772);
#12771 = CARTESIAN_POINT('',(26.781370849898,-0.129780391903));
#12772 = VECTOR('',#12773,1.);
#12773 = DIRECTION('',(0.,-1.));
#12774 = ( GEOMETRIC_REPRESENTATION_CONTEXT(2) 
PARAMETRIC_REPRESENTATION_CONTEXT() REPRESENTATION_CONTEXT('2D SPACE',''
  ) );
#12775 = PCURVE('',#12776,#12781);
#12776 = PLANE('',#12777);
#12777 = AXIS2_PLACEMENT_3D('',#12778,#12779,#12780);
#12778 = CARTESIAN_POINT('',(-9.,78.239191898579,36.));
#12779 = DIRECTION('',(0.,0.,1.));
#12780 = DIRECTION('',(1.,0.,0.));
#12781 = DEFINITIONAL_REPRESENTATION('',(#12782),#12786);
#12782 = LINE('',#12783,#12784);
#12783 = CARTESIAN_POINT('',(0.,0.));
#12784 = VECTOR('',#12785,1.);
#12785 = DIRECTION('',(0.,1.));
#12786 = ( GEOMETRIC_REPRESENTATION_CONTEXT(2) 
PARAMETRIC_REPRESENTATION_CONTEXT() REPRESENTATION_CONTEXT('2D SPACE',''
  ) );
#12787 = ORIENTED_EDGE('',*,*,#12788,.T.);
#12788 = EDGE_CURVE('',#12761,#12789,#12791,.T.);
#12789 = VERTEX_POINT('',#12790);
#12790 = CARTESIAN_POINT('',(-9.,80.039191898579,39.));
#12791 = SURFACE_CURVE('',#12792,(#12796,#12803),.PCURVE_S1.);
#12792 = LINE('',#12793,#12794);
#12793 = CARTESIAN_POINT('',(-9.,80.039191898579,36.));
#12794 = VECTOR('',#12795,1.);
#12795 = DIRECTION('',(0.,0.,1.));
#12796 = PCURVE('',#10708,#12797);
#12797 = DEFINITIONAL_REPRESENTATION('',(#12798),#12802);
#12798 = LINE('',#12799,#12800);
#12799 = CARTESIAN_POINT('',(26.781370849898,-1.929780391903));
#12800 = VECTOR('',#12801,1.);
#12801 = DIRECTION('',(1.,0.));
#12802 = ( GEOMETRIC_REPRESENTATION_CONTEXT(2) 
PARAMETRIC_REPRESENTATION_CONTEXT() REPRESENTATION_CONTEXT('2D SPACE',''
  ) );
#12803 = PCURVE('',#12692,#12804);
#12804 = DEFINITIONAL_REPRESENTATION('',(#12805),#12809);
#12805 = LINE('',#12806,#12807);
#12806 = CARTESIAN_POINT('',(26.8,0.));
#12807 = VECTOR('',#12808,1.);
#12808 = DIRECTION('',(1.,0.));
#12809 = ( GEOMETRIC_REPRESENTATION_CONTEXT(2) 
PARAMETRIC_REPRESENTATION_CONTEXT() REPRESENTATION_CONTEXT('2D SPACE',''
  ) );
#12810 = ORIENTED_EDGE('',*,*,#12811,.F.);
#12811 = EDGE_CURVE('',#12812,#12789,#12814,.T.);
#12812 = VERTEX_POINT('',#12813);
#12813 = CARTESIAN_POINT('',(-9.,78.239191898579,39.));
#12814 = SURFACE_CURVE('',#12815,(#12819,#12826),.PCURVE_S1.);
#12815 = LINE('',#12816,#12817);
#12816 = CARTESIAN_POINT('',(-9.,78.239191898579,39.));
#12817 = VECTOR('',#12818,1.);
#12818 = DIRECTION('',(0.,1.,0.));
#12819 = PCURVE('',#10708,#12820);
#12820 = DEFINITIONAL_REPRESENTATION('',(#12821),#12825);
#12821 = LINE('',#12822,#12823);
#12822 = CARTESIAN_POINT('',(29.781370849898,-0.129780391903));
#12823 = VECTOR('',#12824,1.);
#12824 = DIRECTION('',(0.,-1.));
#12825 = ( GEOMETRIC_REPRESENTATION_CONTEXT(2) 
PARAMETRIC_REPRESENTATION_CONTEXT() REPRESENTATION_CONTEXT('2D SPACE',''
  ) );
#12826 = PCURVE('',#12827,#12832);
#12827 = PLANE('',#12828);
#12828 = AXIS2_PLACEMENT_3D('',#12829,#12830,#12831);
#12829 = CARTESIAN_POINT('',(-9.,78.239191898579,39.));
#12830 = DIRECTION('',(0.,0.,1.));
#12831 = DIRECTION('',(1.,0.,0.));
#12832 = DEFINITIONAL_REPRESENTATION('',(#12833),#12837);
#12833 = LINE('',#12834,#12835);
#12834 = CARTESIAN_POINT('',(0.,0.));
#12835 = VECTOR('',#12836,1.);
#12836 = DIRECTION('',(0.,1.));
#12837 = ( GEOMETRIC_REPRESENTATION_CONTEXT(2) 
PARAMETRIC_REPRESENTATION_CONTEXT() REPRESENTATION_CONTEXT('2D SPACE',''
  ) );
#12838 = ORIENTED_EDGE('',*,*,#12839,.F.);
#12839 = EDGE_CURVE('',#12840,#12812,#12842,.T.);
#12840 = VERTEX_POINT('',#12841);
#12841 = CARTESIAN_POINT('',(-9.,78.239191898579,36.));
#12842 = SURFACE_CURVE('',#12843,(#12847,#12854),.PCURVE_S1.);
#12843 = LINE('',#12844,#12845);
#12844 = CARTESIAN_POINT('',(-9.,78.239191898579,36.));
#12845 = VECTOR('',#12846,1.);
#12846 = DIRECTION('',(0.,0.,1.));
#12847 = PCURVE('',#10708,#12848);
#12848 = DEFINITIONAL_REPRESENTATION('',(#12849),#12853);
#12849 = LINE('',#12850,#12851);
#12850 = CARTESIAN_POINT('',(26.781370849898,-0.129780391903));
#12851 = VECTOR('',#12852,1.);
#12852 = DIRECTION('',(1.,0.));
#12853 = ( GEOMETRIC_REPRESENTATION_CONTEXT(2) 
PARAMETRIC_REPRESENTATION_CONTEXT() REPRESENTATION_CONTEXT('2D SPACE',''
  ) );
#12854 = PCURVE('',#12855,#12860);
#12855 = PLANE('',#12856);
#12856 = AXIS2_PLACEMENT_3D('',#12857,#12858,#12859);
#12857 = CARTESIAN_POINT('',(-9.,78.239191898579,9.2));
#12858 = DIRECTION('',(0.,1.,0.));
#12859 = DIRECTION('',(0.,0.,1.));
#12860 = DEFINITIONAL_REPRESENTATION('',(#12861),#12865);
#12861 = LINE('',#12862,#12863);
#12862 = CARTESIAN_POINT('',(26.8,0.));
#12863 = VECTOR('',#12864,1.);
#12864 = DIRECTION('',(1.,0.));
#12865 = ( GEOMETRIC_REPRESENTATION_CONTEXT(2) 
PARAMETRIC_REPRESENTATION_CONTEXT() REPRESENTATION_CONTEXT('2D SPACE',''
  ) );
#12866 = ORIENTED_EDGE('',*,*,#12867,.T.);
#12867 = EDGE_CURVE('',#12840,#12604,#12868,.T.);
#12868 = SURFACE_CURVE('',#12869,(#12873,#12880),.PCURVE_S1.);
#12869 = LINE('',#12870,#12871);
#12870 = CARTESIAN_POINT('',(-9.,78.239191898579,36.));
#12871 = VECTOR('',#12872,1.);
#12872 = DIRECTION('',(0.,1.,0.));
#12873 = PCURVE('',#10708,#12874);
#12874 = DEFINITIONAL_REPRESENTATION('',(#12875),#12879);
#12875 = LINE('',#12876,#12877);
#12876 = CARTESIAN_POINT('',(26.781370849898,-0.129780391903));
#12877 = VECTOR('',#12878,1.);
#12878 = DIRECTION('',(0.,-1.));
#12879 = ( GEOMETRIC_REPRESENTATION_CONTEXT(2) 
PARAMETRIC_REPRESENTATION_CONTEXT() REPRESENTATION_CONTEXT('2D SPACE',''
  ) );
#12880 = PCURVE('',#12881,#12886);
#12881 = PLANE('',#12882);
#12882 = AXIS2_PLACEMENT_3D('',#12883,#12884,#12885);
#12883 = CARTESIAN_POINT('',(-9.,78.239191898579,36.));
#12884 = DIRECTION('',(0.,0.,1.));
#12885 = DIRECTION('',(1.,0.,0.));
#12886 = DEFINITIONAL_REPRESENTATION('',(#12887),#12891);
#12887 = LINE('',#12888,#12889);
#12888 = CARTESIAN_POINT('',(0.,0.));
#12889 = VECTOR('',#12890,1.);
#12890 = DIRECTION('',(0.,1.));
#12891 = ( GEOMETRIC_REPRESENTATION_CONTEXT(2) 
PARAMETRIC_REPRESENTATION_CONTEXT() REPRESENTATION_CONTEXT('2D SPACE',''
  ) );
#12892 = ADVANCED_FACE('',(#12893),#10784,.F.);
#12893 = FACE_BOUND('',#12894,.F.);
#12894 = EDGE_LOOP('',(#12895,#12896,#12924,#12946,#12979,#13000));
#12895 = ORIENTED_EDGE('',*,*,#12631,.F.);
#12896 = ORIENTED_EDGE('',*,*,#12897,.T.);
#12897 = EDGE_CURVE('',#12602,#12898,#12900,.T.);
#12898 = VERTEX_POINT('',#12899);
#12899 = CARTESIAN_POINT('',(-8.75,78.239191898579,11.5));
#12900 = SURFACE_CURVE('',#12901,(#12906,#12917),.PCURVE_S1.);
#12901 = CIRCLE('',#12902,0.25);
#12902 = AXIS2_PLACEMENT_3D('',#12903,#12904,#12905);
#12903 = CARTESIAN_POINT('',(-8.75,78.489191898579,11.5));
#12904 = DIRECTION('',(0.,0.,1.));
#12905 = DIRECTION('',(-1.,-0.,0.));
#12906 = PCURVE('',#10784,#12907);
#12907 = DEFINITIONAL_REPRESENTATION('',(#12908),#12916);
#12908 = ( BOUNDED_CURVE() B_SPLINE_CURVE(2,(#12909,#12910,#12911,#12912
    ,#12913,#12914,#12915),.UNSPECIFIED.,.T.,.F.) 
B_SPLINE_CURVE_WITH_KNOTS((1,2,2,2,2,1),(-2.094395102393,0.,
    2.094395102393,4.188790204786,6.28318530718,8.377580409573),
.UNSPECIFIED.) CURVE() GEOMETRIC_REPRESENTATION_ITEM() 
RATIONAL_B_SPLINE_CURVE((1.,0.5,1.,0.5,1.,0.5,1.)) REPRESENTATION_ITEM(
  '') );
#12909 = CARTESIAN_POINT('',(1.55,0.));
#12910 = CARTESIAN_POINT('',(1.983012701892,0.));
#12911 = CARTESIAN_POINT('',(1.766506350946,-0.375));
#12912 = CARTESIAN_POINT('',(1.55,-0.75));
#12913 = CARTESIAN_POINT('',(1.333493649054,-0.375));
#12914 = CARTESIAN_POINT('',(1.116987298108,-3.885780586188E-16));
#12915 = CARTESIAN_POINT('',(1.55,0.));
#12916 = ( GEOMETRIC_REPRESENTATION_CONTEXT(2) 
PARAMETRIC_REPRESENTATION_CONTEXT() REPRESENTATION_CONTEXT('2D SPACE',''
  ) );
#12917 = PCURVE('',#12619,#12918);
#12918 = DEFINITIONAL_REPRESENTATION('',(#12919),#12923);
#12919 = LINE('',#12920,#12921);
#12920 = CARTESIAN_POINT('',(0.,2.3));
#12921 = VECTOR('',#12922,1.);
#12922 = DIRECTION('',(1.,0.));
#12923 = ( GEOMETRIC_REPRESENTATION_CONTEXT(2) 
PARAMETRIC_REPRESENTATION_CONTEXT() REPRESENTATION_CONTEXT('2D SPACE',''
  ) );
#12924 = ORIENTED_EDGE('',*,*,#12925,.T.);
#12925 = EDGE_CURVE('',#12898,#12926,#12928,.T.);
#12926 = VERTEX_POINT('',#12927);
#12927 = CARTESIAN_POINT('',(-6.25,78.239191898579,11.5));
#12928 = SURFACE_CURVE('',#12929,(#12933,#12939),.PCURVE_S1.);
#12929 = LINE('',#12930,#12931);
#12930 = CARTESIAN_POINT('',(-9.,78.239191898579,11.5));
#12931 = VECTOR('',#12932,1.);
#12932 = DIRECTION('',(1.,-0.,0.));
#12933 = PCURVE('',#10784,#12934);
#12934 = DEFINITIONAL_REPRESENTATION('',(#12935),#12938);
#12935 = B_SPLINE_CURVE_WITH_KNOTS('',1,(#12936,#12937),.UNSPECIFIED.,
  .F.,.F.,(2,2),(0.25,2.75),.PIECEWISE_BEZIER_KNOTS.);
#12936 = CARTESIAN_POINT('',(1.8,-0.25));
#12937 = CARTESIAN_POINT('',(1.8,-2.75));
#12938 = ( GEOMETRIC_REPRESENTATION_CONTEXT(2) 
PARAMETRIC_REPRESENTATION_CONTEXT() REPRESENTATION_CONTEXT('2D SPACE',''
  ) );
#12939 = PCURVE('',#12855,#12940);
#12940 = DEFINITIONAL_REPRESENTATION('',(#12941),#12945);
#12941 = LINE('',#12942,#12943);
#12942 = CARTESIAN_POINT('',(2.3,0.));
#12943 = VECTOR('',#12944,1.);
#12944 = DIRECTION('',(0.,1.));
#12945 = ( GEOMETRIC_REPRESENTATION_CONTEXT(2) 
PARAMETRIC_REPRESENTATION_CONTEXT() REPRESENTATION_CONTEXT('2D SPACE',''
  ) );
#12946 = ORIENTED_EDGE('',*,*,#12947,.T.);
#12947 = EDGE_CURVE('',#12926,#12948,#12950,.T.);
#12948 = VERTEX_POINT('',#12949);
#12949 = CARTESIAN_POINT('',(-6.,78.489191898579,11.5));
#12950 = SURFACE_CURVE('',#12951,(#12956,#12967),.PCURVE_S1.);
#12951 = CIRCLE('',#12952,0.25);
#12952 = AXIS2_PLACEMENT_3D('',#12953,#12954,#12955);
#12953 = CARTESIAN_POINT('',(-6.25,78.489191898579,11.5));
#12954 = DIRECTION('',(0.,0.,1.));
#12955 = DIRECTION('',(1.,0.,-0.));
#12956 = PCURVE('',#10784,#12957);
#12957 = DEFINITIONAL_REPRESENTATION('',(#12958),#12966);
#12958 = ( BOUNDED_CURVE() B_SPLINE_CURVE(2,(#12959,#12960,#12961,#12962
    ,#12963,#12964,#12965),.UNSPECIFIED.,.T.,.F.) 
B_SPLINE_CURVE_WITH_KNOTS((1,2,2,2,2,1),(-2.094395102393,0.,
    2.094395102393,4.188790204786,6.28318530718,8.377580409573),
.UNSPECIFIED.) CURVE() GEOMETRIC_REPRESENTATION_ITEM() 
RATIONAL_B_SPLINE_CURVE((1.,0.5,1.,0.5,1.,0.5,1.)) REPRESENTATION_ITEM(
  '') );
#12959 = CARTESIAN_POINT('',(1.55,-3.));
#12960 = CARTESIAN_POINT('',(1.116987298108,-3.));
#12961 = CARTESIAN_POINT('',(1.333493649054,-2.625));
#12962 = CARTESIAN_POINT('',(1.55,-2.25));
#12963 = CARTESIAN_POINT('',(1.766506350946,-2.625));
#12964 = CARTESIAN_POINT('',(1.983012701892,-3.));
#12965 = CARTESIAN_POINT('',(1.55,-3.));
#12966 = ( GEOMETRIC_REPRESENTATION_CONTEXT(2) 
PARAMETRIC_REPRESENTATION_CONTEXT() REPRESENTATION_CONTEXT('2D SPACE',''
  ) );
#12967 = PCURVE('',#12968,#12973);
#12968 = CYLINDRICAL_SURFACE('',#12969,0.25);
#12969 = AXIS2_PLACEMENT_3D('',#12970,#12971,#12972);
#12970 = CARTESIAN_POINT('',(-6.25,78.489191898579,9.2));
#12971 = DIRECTION('',(0.,0.,1.));
#12972 = DIRECTION('',(1.,0.,-0.));
#12973 = DEFINITIONAL_REPRESENTATION('',(#12974),#12978);
#12974 = LINE('',#12975,#12976);
#12975 = CARTESIAN_POINT('',(-6.28318530718,2.3));
#12976 = VECTOR('',#12977,1.);
#12977 = DIRECTION('',(1.,-0.));
#12978 = ( GEOMETRIC_REPRESENTATION_CONTEXT(2) 
PARAMETRIC_REPRESENTATION_CONTEXT() REPRESENTATION_CONTEXT('2D SPACE',''
  ) );
#12979 = ORIENTED_EDGE('',*,*,#12980,.T.);
#12980 = EDGE_CURVE('',#12948,#10746,#12981,.T.);
#12981 = SURFACE_CURVE('',#12982,(#12986,#12993),.PCURVE_S1.);
#12982 = LINE('',#12983,#12984);
#12983 = CARTESIAN_POINT('',(-6.,80.039191898579,11.5));
#12984 = VECTOR('',#12985,1.);
#12985 = DIRECTION('',(0.,-1.,0.));
#12986 = PCURVE('',#10784,#12987);
#12987 = DEFINITIONAL_REPRESENTATION('',(#12988),#12992);
#12988 = LINE('',#12989,#12990);
#12989 = CARTESIAN_POINT('',(0.,-3.));
#12990 = VECTOR('',#12991,1.);
#12991 = DIRECTION('',(1.,0.));
#12992 = ( GEOMETRIC_REPRESENTATION_CONTEXT(2) 
PARAMETRIC_REPRESENTATION_CONTEXT() REPRESENTATION_CONTEXT('2D SPACE',''
  ) );
#12993 = PCURVE('',#10760,#12994);
#12994 = DEFINITIONAL_REPRESENTATION('',(#12995),#12999);
#12995 = LINE('',#12996,#12997);
#12996 = CARTESIAN_POINT('',(2.281370849898,-1.929780391903));
#12997 = VECTOR('',#12998,1.);
#12998 = DIRECTION('',(0.,1.));
#12999 = ( GEOMETRIC_REPRESENTATION_CONTEXT(2) 
PARAMETRIC_REPRESENTATION_CONTEXT() REPRESENTATION_CONTEXT('2D SPACE',''
  ) );
#13000 = ORIENTED_EDGE('',*,*,#10771,.T.);
#13001 = ADVANCED_FACE('',(#13002),#10760,.T.);
#13002 = FACE_BOUND('',#13003,.T.);
#13003 = EDGE_LOOP('',(#13004,#13027,#13028,#13029,#13052,#13075,#13103,
    #13131));
#13004 = ORIENTED_EDGE('',*,*,#13005,.F.);
#13005 = EDGE_CURVE('',#12948,#13006,#13008,.T.);
#13006 = VERTEX_POINT('',#13007);
#13007 = CARTESIAN_POINT('',(-6.,78.489191898579,36.));
#13008 = SURFACE_CURVE('',#13009,(#13013,#13020),.PCURVE_S1.);
#13009 = LINE('',#13010,#13011);
#13010 = CARTESIAN_POINT('',(-6.,78.489191898579,9.2));
#13011 = VECTOR('',#13012,1.);
#13012 = DIRECTION('',(0.,0.,1.));
#13013 = PCURVE('',#10760,#13014);
#13014 = DEFINITIONAL_REPRESENTATION('',(#13015),#13019);
#13015 = LINE('',#13016,#13017);
#13016 = CARTESIAN_POINT('',(-1.862915010152E-02,-0.379780391903));
#13017 = VECTOR('',#13018,1.);
#13018 = DIRECTION('',(1.,0.));
#13019 = ( GEOMETRIC_REPRESENTATION_CONTEXT(2) 
PARAMETRIC_REPRESENTATION_CONTEXT() REPRESENTATION_CONTEXT('2D SPACE',''
  ) );
#13020 = PCURVE('',#12968,#13021);
#13021 = DEFINITIONAL_REPRESENTATION('',(#13022),#13026);
#13022 = LINE('',#13023,#13024);
#13023 = CARTESIAN_POINT('',(-0.,0.));
#13024 = VECTOR('',#13025,1.);
#13025 = DIRECTION('',(-0.,1.));
#13026 = ( GEOMETRIC_REPRESENTATION_CONTEXT(2) 
PARAMETRIC_REPRESENTATION_CONTEXT() REPRESENTATION_CONTEXT('2D SPACE',''
  ) );
#13027 = ORIENTED_EDGE('',*,*,#12980,.T.);
#13028 = ORIENTED_EDGE('',*,*,#10745,.T.);
#13029 = ORIENTED_EDGE('',*,*,#13030,.T.);
#13030 = EDGE_CURVE('',#10720,#13031,#13033,.T.);
#13031 = VERTEX_POINT('',#13032);
#13032 = CARTESIAN_POINT('',(-6.,80.039191898579,9.2));
#13033 = SURFACE_CURVE('',#13034,(#13038,#13045),.PCURVE_S1.);
#13034 = LINE('',#13035,#13036);
#13035 = CARTESIAN_POINT('',(-6.,76.839191898579,6.));
#13036 = VECTOR('',#13037,1.);
#13037 = DIRECTION('',(0.,0.707106781187,0.707106781187));
#13038 = PCURVE('',#10760,#13039);
#13039 = DEFINITIONAL_REPRESENTATION('',(#13040),#13044);
#13040 = LINE('',#13041,#13042);
#13041 = CARTESIAN_POINT('',(-3.218629150102,1.270219608097));
#13042 = VECTOR('',#13043,1.);
#13043 = DIRECTION('',(0.707106781187,-0.707106781187));
#13044 = ( GEOMETRIC_REPRESENTATION_CONTEXT(2) 
PARAMETRIC_REPRESENTATION_CONTEXT() REPRESENTATION_CONTEXT('2D SPACE',''
  ) );
#13045 = PCURVE('',#10734,#13046);
#13046 = DEFINITIONAL_REPRESENTATION('',(#13047),#13051);
#13047 = LINE('',#13048,#13049);
#13048 = CARTESIAN_POINT('',(0.,-3.));
#13049 = VECTOR('',#13050,1.);
#13050 = DIRECTION('',(1.,0.));
#13051 = ( GEOMETRIC_REPRESENTATION_CONTEXT(2) 
PARAMETRIC_REPRESENTATION_CONTEXT() REPRESENTATION_CONTEXT('2D SPACE',''
  ) );
#13052 = ORIENTED_EDGE('',*,*,#13053,.T.);
#13053 = EDGE_CURVE('',#13031,#13054,#13056,.T.);
#13054 = VERTEX_POINT('',#13055);
#13055 = CARTESIAN_POINT('',(-6.,80.039191898579,11.5));
#13056 = SURFACE_CURVE('',#13057,(#13061,#13068),.PCURVE_S1.);
#13057 = LINE('',#13058,#13059);
#13058 = CARTESIAN_POINT('',(-6.,80.039191898579,9.2));
#13059 = VECTOR('',#13060,1.);
#13060 = DIRECTION('',(0.,0.,1.));
#13061 = PCURVE('',#10760,#13062);
#13062 = DEFINITIONAL_REPRESENTATION('',(#13063),#13067);
#13063 = LINE('',#13064,#13065);
#13064 = CARTESIAN_POINT('',(-1.862915010152E-02,-1.929780391903));
#13065 = VECTOR('',#13066,1.);
#13066 = DIRECTION('',(1.,0.));
#13067 = ( GEOMETRIC_REPRESENTATION_CONTEXT(2) 
PARAMETRIC_REPRESENTATION_CONTEXT() REPRESENTATION_CONTEXT('2D SPACE',''
  ) );
#13068 = PCURVE('',#12692,#13069);
#13069 = DEFINITIONAL_REPRESENTATION('',(#13070),#13074);
#13070 = LINE('',#13071,#13072);
#13071 = CARTESIAN_POINT('',(0.,-3.));
#13072 = VECTOR('',#13073,1.);
#13073 = DIRECTION('',(1.,0.));
#13074 = ( GEOMETRIC_REPRESENTATION_CONTEXT(2) 
PARAMETRIC_REPRESENTATION_CONTEXT() REPRESENTATION_CONTEXT('2D SPACE',''
  ) );
#13075 = ORIENTED_EDGE('',*,*,#13076,.T.);
#13076 = EDGE_CURVE('',#13054,#13077,#13079,.T.);
#13077 = VERTEX_POINT('',#13078);
#13078 = CARTESIAN_POINT('',(-6.,79.789191898579,11.5));
#13079 = SURFACE_CURVE('',#13080,(#13084,#13091),.PCURVE_S1.);
#13080 = LINE('',#13081,#13082);
#13081 = CARTESIAN_POINT('',(-6.,80.039191898579,11.5));
#13082 = VECTOR('',#13083,1.);
#13083 = DIRECTION('',(0.,-1.,0.));
#13084 = PCURVE('',#10760,#13085);
#13085 = DEFINITIONAL_REPRESENTATION('',(#13086),#13090);
#13086 = LINE('',#13087,#13088);
#13087 = CARTESIAN_POINT('',(2.281370849898,-1.929780391903));
#13088 = VECTOR('',#13089,1.);
#13089 = DIRECTION('',(0.,1.));
#13090 = ( GEOMETRIC_REPRESENTATION_CONTEXT(2) 
PARAMETRIC_REPRESENTATION_CONTEXT() REPRESENTATION_CONTEXT('2D SPACE',''
  ) );
#13091 = PCURVE('',#13092,#13097);
#13092 = PLANE('',#13093);
#13093 = AXIS2_PLACEMENT_3D('',#13094,#13095,#13096);
#13094 = CARTESIAN_POINT('',(-9.,80.039191898579,11.5));
#13095 = DIRECTION('',(0.,0.,-1.));
#13096 = DIRECTION('',(0.,-1.,0.));
#13097 = DEFINITIONAL_REPRESENTATION('',(#13098),#13102);
#13098 = LINE('',#13099,#13100);
#13099 = CARTESIAN_POINT('',(0.,-3.));
#13100 = VECTOR('',#13101,1.);
#13101 = DIRECTION('',(1.,0.));
#13102 = ( GEOMETRIC_REPRESENTATION_CONTEXT(2) 
PARAMETRIC_REPRESENTATION_CONTEXT() REPRESENTATION_CONTEXT('2D SPACE',''
  ) );
#13103 = ORIENTED_EDGE('',*,*,#13104,.T.);
#13104 = EDGE_CURVE('',#13077,#13105,#13107,.T.);
#13105 = VERTEX_POINT('',#13106);
#13106 = CARTESIAN_POINT('',(-6.,79.789191898579,36.));
#13107 = SURFACE_CURVE('',#13108,(#13112,#13119),.PCURVE_S1.);
#13108 = LINE('',#13109,#13110);
#13109 = CARTESIAN_POINT('',(-6.,79.789191898579,9.2));
#13110 = VECTOR('',#13111,1.);
#13111 = DIRECTION('',(0.,0.,1.));
#13112 = PCURVE('',#10760,#13113);
#13113 = DEFINITIONAL_REPRESENTATION('',(#13114),#13118);
#13114 = LINE('',#13115,#13116);
#13115 = CARTESIAN_POINT('',(-1.862915010152E-02,-1.679780391903));
#13116 = VECTOR('',#13117,1.);
#13117 = DIRECTION('',(1.,0.));
#13118 = ( GEOMETRIC_REPRESENTATION_CONTEXT(2) 
PARAMETRIC_REPRESENTATION_CONTEXT() REPRESENTATION_CONTEXT('2D SPACE',''
  ) );
#13119 = PCURVE('',#13120,#13125);
#13120 = CYLINDRICAL_SURFACE('',#13121,0.25);
#13121 = AXIS2_PLACEMENT_3D('',#13122,#13123,#13124);
#13122 = CARTESIAN_POINT('',(-6.25,79.789191898579,9.2));
#13123 = DIRECTION('',(0.,0.,1.));
#13124 = DIRECTION('',(1.,0.,-0.));
#13125 = DEFINITIONAL_REPRESENTATION('',(#13126),#13130);
#13126 = LINE('',#13127,#13128);
#13127 = CARTESIAN_POINT('',(0.,0.));
#13128 = VECTOR('',#13129,1.);
#13129 = DIRECTION('',(0.,1.));
#13130 = ( GEOMETRIC_REPRESENTATION_CONTEXT(2) 
PARAMETRIC_REPRESENTATION_CONTEXT() REPRESENTATION_CONTEXT('2D SPACE',''
  ) );
#13131 = ORIENTED_EDGE('',*,*,#13132,.T.);
#13132 = EDGE_CURVE('',#13105,#13006,#13133,.T.);
#13133 = SURFACE_CURVE('',#13134,(#13138,#13144),.PCURVE_S1.);
#13134 = LINE('',#13135,#13136);
#13135 = CARTESIAN_POINT('',(-6.,78.174301702627,36.));
#13136 = VECTOR('',#13137,1.);
#13137 = DIRECTION('',(0.,-1.,0.));
#13138 = PCURVE('',#10760,#13139);
#13139 = DEFINITIONAL_REPRESENTATION('',(#13140),#13143);
#13140 = B_SPLINE_CURVE_WITH_KNOTS('',1,(#13141,#13142),.UNSPECIFIED.,
  .F.,.F.,(2,2),(-1.864890195951,-6.489019595143E-02),
  .PIECEWISE_BEZIER_KNOTS.);
#13141 = CARTESIAN_POINT('',(26.781370849898,-1.929780391903));
#13142 = CARTESIAN_POINT('',(26.781370849898,-0.129780391903));
#13143 = ( GEOMETRIC_REPRESENTATION_CONTEXT(2) 
PARAMETRIC_REPRESENTATION_CONTEXT() REPRESENTATION_CONTEXT('2D SPACE',''
  ) );
#13144 = PCURVE('',#13145,#13150);
#13145 = PLANE('',#13146);
#13146 = AXIS2_PLACEMENT_3D('',#13147,#13148,#13149);
#13147 = CARTESIAN_POINT('',(-9.,78.239191898579,36.));
#13148 = DIRECTION('',(0.,0.,1.));
#13149 = DIRECTION('',(1.,0.,0.));
#13150 = DEFINITIONAL_REPRESENTATION('',(#13151),#13154);
#13151 = B_SPLINE_CURVE_WITH_KNOTS('',1,(#13152,#13153),.UNSPECIFIED.,
  .F.,.F.,(2,2),(-1.864890195951,-6.489019595143E-02),
  .PIECEWISE_BEZIER_KNOTS.);
#13152 = CARTESIAN_POINT('',(3.,1.8));
#13153 = CARTESIAN_POINT('',(3.,0.));
#13154 = ( GEOMETRIC_REPRESENTATION_CONTEXT(2) 
PARAMETRIC_REPRESENTATION_CONTEXT() REPRESENTATION_CONTEXT('2D SPACE',''
  ) );
#13155 = ADVANCED_FACE('',(#13156),#10734,.F.);
#13156 = FACE_BOUND('',#13157,.F.);
#13157 = EDGE_LOOP('',(#13158,#13159,#13160,#13161));
#13158 = ORIENTED_EDGE('',*,*,#12653,.F.);
#13159 = ORIENTED_EDGE('',*,*,#10719,.T.);
#13160 = ORIENTED_EDGE('',*,*,#13030,.T.);
#13161 = ORIENTED_EDGE('',*,*,#13162,.F.);
#13162 = EDGE_CURVE('',#12654,#13031,#13163,.T.);
#13163 = SURFACE_CURVE('',#13164,(#13168,#13175),.PCURVE_S1.);
#13164 = LINE('',#13165,#13166);
#13165 = CARTESIAN_POINT('',(-9.,80.039191898579,9.2));
#13166 = VECTOR('',#13167,1.);
#13167 = DIRECTION('',(1.,0.,0.));
#13168 = PCURVE('',#10734,#13169);
#13169 = DEFINITIONAL_REPRESENTATION('',(#13170),#13174);
#13170 = LINE('',#13171,#13172);
#13171 = CARTESIAN_POINT('',(4.525483399594,0.));
#13172 = VECTOR('',#13173,1.);
#13173 = DIRECTION('',(0.,-1.));
#13174 = ( GEOMETRIC_REPRESENTATION_CONTEXT(2) 
PARAMETRIC_REPRESENTATION_CONTEXT() REPRESENTATION_CONTEXT('2D SPACE',''
  ) );
#13175 = PCURVE('',#12692,#13176);
#13176 = DEFINITIONAL_REPRESENTATION('',(#13177),#13181);
#13177 = LINE('',#13178,#13179);
#13178 = CARTESIAN_POINT('',(0.,0.));
#13179 = VECTOR('',#13180,1.);
#13180 = DIRECTION('',(0.,-1.));
#13181 = ( GEOMETRIC_REPRESENTATION_CONTEXT(2) 
PARAMETRIC_REPRESENTATION_CONTEXT() REPRESENTATION_CONTEXT('2D SPACE',''
  ) );
#13182 = ADVANCED_FACE('',(#13183),#10814,.T.);
#13183 = FACE_BOUND('',#13184,.T.);
#13184 = EDGE_LOOP('',(#13185,#13215,#13236,#13237,#13260,#13283,#13311,
    #13339,#13367,#13390,#13413,#13436));
#13185 = ORIENTED_EDGE('',*,*,#13186,.F.);
#13186 = EDGE_CURVE('',#13187,#13189,#13191,.T.);
#13187 = VERTEX_POINT('',#13188);
#13188 = CARTESIAN_POINT('',(9.,78.489191898579,11.5));
#13189 = VERTEX_POINT('',#13190);
#13190 = CARTESIAN_POINT('',(9.,78.489191898579,36.));
#13191 = SURFACE_CURVE('',#13192,(#13196,#13203),.PCURVE_S1.);
#13192 = LINE('',#13193,#13194);
#13193 = CARTESIAN_POINT('',(9.,78.489191898579,9.2));
#13194 = VECTOR('',#13195,1.);
#13195 = DIRECTION('',(0.,0.,1.));
#13196 = PCURVE('',#10814,#13197);
#13197 = DEFINITIONAL_REPRESENTATION('',(#13198),#13202);
#13198 = LINE('',#13199,#13200);
#13199 = CARTESIAN_POINT('',(-1.862915010152E-02,-0.379780391903));
#13200 = VECTOR('',#13201,1.);
#13201 = DIRECTION('',(1.,0.));
#13202 = ( GEOMETRIC_REPRESENTATION_CONTEXT(2) 
PARAMETRIC_REPRESENTATION_CONTEXT() REPRESENTATION_CONTEXT('2D SPACE',''
  ) );
#13203 = PCURVE('',#13204,#13209);
#13204 = CYLINDRICAL_SURFACE('',#13205,0.25);
#13205 = AXIS2_PLACEMENT_3D('',#13206,#13207,#13208);
#13206 = CARTESIAN_POINT('',(8.75,78.489191898579,9.2));
#13207 = DIRECTION('',(0.,0.,1.));
#13208 = DIRECTION('',(1.,0.,-0.));
#13209 = DEFINITIONAL_REPRESENTATION('',(#13210),#13214);
#13210 = LINE('',#13211,#13212);
#13211 = CARTESIAN_POINT('',(-0.,0.));
#13212 = VECTOR('',#13213,1.);
#13213 = DIRECTION('',(-0.,1.));
#13214 = ( GEOMETRIC_REPRESENTATION_CONTEXT(2) 
PARAMETRIC_REPRESENTATION_CONTEXT() REPRESENTATION_CONTEXT('2D SPACE',''
  ) );
#13215 = ORIENTED_EDGE('',*,*,#13216,.T.);
#13216 = EDGE_CURVE('',#13187,#10798,#13217,.T.);
#13217 = SURFACE_CURVE('',#13218,(#13222,#13229),.PCURVE_S1.);
#13218 = LINE('',#13219,#13220);
#13219 = CARTESIAN_POINT('',(9.,80.039191898579,11.5));
#13220 = VECTOR('',#13221,1.);
#13221 = DIRECTION('',(0.,-1.,0.));
#13222 = PCURVE('',#10814,#13223);
#13223 = DEFINITIONAL_REPRESENTATION('',(#13224),#13228);
#13224 = LINE('',#13225,#13226);
#13225 = CARTESIAN_POINT('',(2.281370849898,-1.929780391903));
#13226 = VECTOR('',#13227,1.);
#13227 = DIRECTION('',(0.,1.));
#13228 = ( GEOMETRIC_REPRESENTATION_CONTEXT(2) 
PARAMETRIC_REPRESENTATION_CONTEXT() REPRESENTATION_CONTEXT('2D SPACE',''
  ) );
#13229 = PCURVE('',#10840,#13230);
#13230 = DEFINITIONAL_REPRESENTATION('',(#13231),#13235);
#13231 = LINE('',#13232,#13233);
#13232 = CARTESIAN_POINT('',(0.,-3.));
#13233 = VECTOR('',#13234,1.);
#13234 = DIRECTION('',(1.,0.));
#13235 = ( GEOMETRIC_REPRESENTATION_CONTEXT(2) 
PARAMETRIC_REPRESENTATION_CONTEXT() REPRESENTATION_CONTEXT('2D SPACE',''
  ) );
#13236 = ORIENTED_EDGE('',*,*,#10797,.T.);
#13237 = ORIENTED_EDGE('',*,*,#13238,.T.);
#13238 = EDGE_CURVE('',#10800,#13239,#13241,.T.);
#13239 = VERTEX_POINT('',#13240);
#13240 = CARTESIAN_POINT('',(9.,80.039191898579,9.2));
#13241 = SURFACE_CURVE('',#13242,(#13246,#13253),.PCURVE_S1.);
#13242 = LINE('',#13243,#13244);
#13243 = CARTESIAN_POINT('',(9.,76.839191898579,6.));
#13244 = VECTOR('',#13245,1.);
#13245 = DIRECTION('',(0.,0.707106781187,0.707106781187));
#13246 = PCURVE('',#10814,#13247);
#13247 = DEFINITIONAL_REPRESENTATION('',(#13248),#13252);
#13248 = LINE('',#13249,#13250);
#13249 = CARTESIAN_POINT('',(-3.218629150102,1.270219608097));
#13250 = VECTOR('',#13251,1.);
#13251 = DIRECTION('',(0.707106781187,-0.707106781187));
#13252 = ( GEOMETRIC_REPRESENTATION_CONTEXT(2) 
PARAMETRIC_REPRESENTATION_CONTEXT() REPRESENTATION_CONTEXT('2D SPACE',''
  ) );
#13253 = PCURVE('',#10890,#13254);
#13254 = DEFINITIONAL_REPRESENTATION('',(#13255),#13259);
#13255 = LINE('',#13256,#13257);
#13256 = CARTESIAN_POINT('',(0.,-3.));
#13257 = VECTOR('',#13258,1.);
#13258 = DIRECTION('',(1.,0.));
#13259 = ( GEOMETRIC_REPRESENTATION_CONTEXT(2) 
PARAMETRIC_REPRESENTATION_CONTEXT() REPRESENTATION_CONTEXT('2D SPACE',''
  ) );
#13260 = ORIENTED_EDGE('',*,*,#13261,.T.);
#13261 = EDGE_CURVE('',#13239,#13262,#13264,.T.);
#13262 = VERTEX_POINT('',#13263);
#13263 = CARTESIAN_POINT('',(9.,80.039191898579,11.5));
#13264 = SURFACE_CURVE('',#13265,(#13269,#13276),.PCURVE_S1.);
#13265 = LINE('',#13266,#13267);
#13266 = CARTESIAN_POINT('',(9.,80.039191898579,9.2));
#13267 = VECTOR('',#13268,1.);
#13268 = DIRECTION('',(0.,0.,1.));
#13269 = PCURVE('',#10814,#13270);
#13270 = DEFINITIONAL_REPRESENTATION('',(#13271),#13275);
#13271 = LINE('',#13272,#13273);
#13272 = CARTESIAN_POINT('',(-1.862915010152E-02,-1.929780391903));
#13273 = VECTOR('',#13274,1.);
#13274 = DIRECTION('',(1.,0.));
#13275 = ( GEOMETRIC_REPRESENTATION_CONTEXT(2) 
PARAMETRIC_REPRESENTATION_CONTEXT() REPRESENTATION_CONTEXT('2D SPACE',''
  ) );
#13276 = PCURVE('',#12692,#13277);
#13277 = DEFINITIONAL_REPRESENTATION('',(#13278),#13282);
#13278 = LINE('',#13279,#13280);
#13279 = CARTESIAN_POINT('',(0.,-18.));
#13280 = VECTOR('',#13281,1.);
#13281 = DIRECTION('',(1.,0.));
#13282 = ( GEOMETRIC_REPRESENTATION_CONTEXT(2) 
PARAMETRIC_REPRESENTATION_CONTEXT() REPRESENTATION_CONTEXT('2D SPACE',''
  ) );
#13283 = ORIENTED_EDGE('',*,*,#13284,.T.);
#13284 = EDGE_CURVE('',#13262,#13285,#13287,.T.);
#13285 = VERTEX_POINT('',#13286);
#13286 = CARTESIAN_POINT('',(9.,79.789191898579,11.5));
#13287 = SURFACE_CURVE('',#13288,(#13292,#13299),.PCURVE_S1.);
#13288 = LINE('',#13289,#13290);
#13289 = CARTESIAN_POINT('',(9.,80.039191898579,11.5));
#13290 = VECTOR('',#13291,1.);
#13291 = DIRECTION('',(0.,-1.,0.));
#13292 = PCURVE('',#10814,#13293);
#13293 = DEFINITIONAL_REPRESENTATION('',(#13294),#13298);
#13294 = LINE('',#13295,#13296);
#13295 = CARTESIAN_POINT('',(2.281370849898,-1.929780391903));
#13296 = VECTOR('',#13297,1.);
#13297 = DIRECTION('',(0.,1.));
#13298 = ( GEOMETRIC_REPRESENTATION_CONTEXT(2) 
PARAMETRIC_REPRESENTATION_CONTEXT() REPRESENTATION_CONTEXT('2D SPACE',''
  ) );
#13299 = PCURVE('',#13300,#13305);
#13300 = PLANE('',#13301);
#13301 = AXIS2_PLACEMENT_3D('',#13302,#13303,#13304);
#13302 = CARTESIAN_POINT('',(6.,80.039191898579,11.5));
#13303 = DIRECTION('',(0.,0.,-1.));
#13304 = DIRECTION('',(0.,-1.,0.));
#13305 = DEFINITIONAL_REPRESENTATION('',(#13306),#13310);
#13306 = LINE('',#13307,#13308);
#13307 = CARTESIAN_POINT('',(0.,-3.));
#13308 = VECTOR('',#13309,1.);
#13309 = DIRECTION('',(1.,0.));
#13310 = ( GEOMETRIC_REPRESENTATION_CONTEXT(2) 
PARAMETRIC_REPRESENTATION_CONTEXT() REPRESENTATION_CONTEXT('2D SPACE',''
  ) );
#13311 = ORIENTED_EDGE('',*,*,#13312,.T.);
#13312 = EDGE_CURVE('',#13285,#13313,#13315,.T.);
#13313 = VERTEX_POINT('',#13314);
#13314 = CARTESIAN_POINT('',(9.,79.789191898579,36.));
#13315 = SURFACE_CURVE('',#13316,(#13320,#13327),.PCURVE_S1.);
#13316 = LINE('',#13317,#13318);
#13317 = CARTESIAN_POINT('',(9.,79.789191898579,9.2));
#13318 = VECTOR('',#13319,1.);
#13319 = DIRECTION('',(0.,0.,1.));
#13320 = PCURVE('',#10814,#13321);
#13321 = DEFINITIONAL_REPRESENTATION('',(#13322),#13326);
#13322 = LINE('',#13323,#13324);
#13323 = CARTESIAN_POINT('',(-1.862915010152E-02,-1.679780391903));
#13324 = VECTOR('',#13325,1.);
#13325 = DIRECTION('',(1.,0.));
#13326 = ( GEOMETRIC_REPRESENTATION_CONTEXT(2) 
PARAMETRIC_REPRESENTATION_CONTEXT() REPRESENTATION_CONTEXT('2D SPACE',''
  ) );
#13327 = PCURVE('',#13328,#13333);
#13328 = CYLINDRICAL_SURFACE('',#13329,0.25);
#13329 = AXIS2_PLACEMENT_3D('',#13330,#13331,#13332);
#13330 = CARTESIAN_POINT('',(8.75,79.789191898579,9.2));
#13331 = DIRECTION('',(0.,0.,1.));
#13332 = DIRECTION('',(1.,0.,-0.));
#13333 = DEFINITIONAL_REPRESENTATION('',(#13334),#13338);
#13334 = LINE('',#13335,#13336);
#13335 = CARTESIAN_POINT('',(0.,0.));
#13336 = VECTOR('',#13337,1.);
#13337 = DIRECTION('',(0.,1.));
#13338 = ( GEOMETRIC_REPRESENTATION_CONTEXT(2) 
PARAMETRIC_REPRESENTATION_CONTEXT() REPRESENTATION_CONTEXT('2D SPACE',''
  ) );
#13339 = ORIENTED_EDGE('',*,*,#13340,.T.);
#13340 = EDGE_CURVE('',#13313,#13341,#13343,.T.);
#13341 = VERTEX_POINT('',#13342);
#13342 = CARTESIAN_POINT('',(9.,80.039191898579,36.));
#13343 = SURFACE_CURVE('',#13344,(#13348,#13355),.PCURVE_S1.);
#13344 = LINE('',#13345,#13346);
#13345 = CARTESIAN_POINT('',(9.,78.239191898579,36.));
#13346 = VECTOR('',#13347,1.);
#13347 = DIRECTION('',(0.,1.,0.));
#13348 = PCURVE('',#10814,#13349);
#13349 = DEFINITIONAL_REPRESENTATION('',(#13350),#13354);
#13350 = LINE('',#13351,#13352);
#13351 = CARTESIAN_POINT('',(26.781370849898,-0.129780391903));
#13352 = VECTOR('',#13353,1.);
#13353 = DIRECTION('',(0.,-1.));
#13354 = ( GEOMETRIC_REPRESENTATION_CONTEXT(2) 
PARAMETRIC_REPRESENTATION_CONTEXT() REPRESENTATION_CONTEXT('2D SPACE',''
  ) );
#13355 = PCURVE('',#13356,#13361);
#13356 = PLANE('',#13357);
#13357 = AXIS2_PLACEMENT_3D('',#13358,#13359,#13360);
#13358 = CARTESIAN_POINT('',(-9.,78.239191898579,36.));
#13359 = DIRECTION('',(0.,0.,1.));
#13360 = DIRECTION('',(1.,0.,0.));
#13361 = DEFINITIONAL_REPRESENTATION('',(#13362),#13366);
#13362 = LINE('',#13363,#13364);
#13363 = CARTESIAN_POINT('',(18.,0.));
#13364 = VECTOR('',#13365,1.);
#13365 = DIRECTION('',(0.,1.));
#13366 = ( GEOMETRIC_REPRESENTATION_CONTEXT(2) 
PARAMETRIC_REPRESENTATION_CONTEXT() REPRESENTATION_CONTEXT('2D SPACE',''
  ) );
#13367 = ORIENTED_EDGE('',*,*,#13368,.T.);
#13368 = EDGE_CURVE('',#13341,#13369,#13371,.T.);
#13369 = VERTEX_POINT('',#13370);
#13370 = CARTESIAN_POINT('',(9.,80.039191898579,39.));
#13371 = SURFACE_CURVE('',#13372,(#13376,#13383),.PCURVE_S1.);
#13372 = LINE('',#13373,#13374);
#13373 = CARTESIAN_POINT('',(9.,80.039191898579,36.));
#13374 = VECTOR('',#13375,1.);
#13375 = DIRECTION('',(0.,0.,1.));
#13376 = PCURVE('',#10814,#13377);
#13377 = DEFINITIONAL_REPRESENTATION('',(#13378),#13382);
#13378 = LINE('',#13379,#13380);
#13379 = CARTESIAN_POINT('',(26.781370849898,-1.929780391903));
#13380 = VECTOR('',#13381,1.);
#13381 = DIRECTION('',(1.,0.));
#13382 = ( GEOMETRIC_REPRESENTATION_CONTEXT(2) 
PARAMETRIC_REPRESENTATION_CONTEXT() REPRESENTATION_CONTEXT('2D SPACE',''
  ) );
#13383 = PCURVE('',#12692,#13384);
#13384 = DEFINITIONAL_REPRESENTATION('',(#13385),#13389);
#13385 = LINE('',#13386,#13387);
#13386 = CARTESIAN_POINT('',(26.8,-18.));
#13387 = VECTOR('',#13388,1.);
#13388 = DIRECTION('',(1.,0.));
#13389 = ( GEOMETRIC_REPRESENTATION_CONTEXT(2) 
PARAMETRIC_REPRESENTATION_CONTEXT() REPRESENTATION_CONTEXT('2D SPACE',''
  ) );
#13390 = ORIENTED_EDGE('',*,*,#13391,.F.);
#13391 = EDGE_CURVE('',#13392,#13369,#13394,.T.);
#13392 = VERTEX_POINT('',#13393);
#13393 = CARTESIAN_POINT('',(9.,78.239191898579,39.));
#13394 = SURFACE_CURVE('',#13395,(#13399,#13406),.PCURVE_S1.);
#13395 = LINE('',#13396,#13397);
#13396 = CARTESIAN_POINT('',(9.,78.239191898579,39.));
#13397 = VECTOR('',#13398,1.);
#13398 = DIRECTION('',(0.,1.,0.));
#13399 = PCURVE('',#10814,#13400);
#13400 = DEFINITIONAL_REPRESENTATION('',(#13401),#13405);
#13401 = LINE('',#13402,#13403);
#13402 = CARTESIAN_POINT('',(29.781370849898,-0.129780391903));
#13403 = VECTOR('',#13404,1.);
#13404 = DIRECTION('',(0.,-1.));
#13405 = ( GEOMETRIC_REPRESENTATION_CONTEXT(2) 
PARAMETRIC_REPRESENTATION_CONTEXT() REPRESENTATION_CONTEXT('2D SPACE',''
  ) );
#13406 = PCURVE('',#12827,#13407);
#13407 = DEFINITIONAL_REPRESENTATION('',(#13408),#13412);
#13408 = LINE('',#13409,#13410);
#13409 = CARTESIAN_POINT('',(18.,0.));
#13410 = VECTOR('',#13411,1.);
#13411 = DIRECTION('',(0.,1.));
#13412 = ( GEOMETRIC_REPRESENTATION_CONTEXT(2) 
PARAMETRIC_REPRESENTATION_CONTEXT() REPRESENTATION_CONTEXT('2D SPACE',''
  ) );
#13413 = ORIENTED_EDGE('',*,*,#13414,.F.);
#13414 = EDGE_CURVE('',#13415,#13392,#13417,.T.);
#13415 = VERTEX_POINT('',#13416);
#13416 = CARTESIAN_POINT('',(9.,78.239191898579,36.));
#13417 = SURFACE_CURVE('',#13418,(#13422,#13429),.PCURVE_S1.);
#13418 = LINE('',#13419,#13420);
#13419 = CARTESIAN_POINT('',(9.,78.239191898579,36.));
#13420 = VECTOR('',#13421,1.);
#13421 = DIRECTION('',(0.,0.,1.));
#13422 = PCURVE('',#10814,#13423);
#13423 = DEFINITIONAL_REPRESENTATION('',(#13424),#13428);
#13424 = LINE('',#13425,#13426);
#13425 = CARTESIAN_POINT('',(26.781370849898,-0.129780391903));
#13426 = VECTOR('',#13427,1.);
#13427 = DIRECTION('',(1.,0.));
#13428 = ( GEOMETRIC_REPRESENTATION_CONTEXT(2) 
PARAMETRIC_REPRESENTATION_CONTEXT() REPRESENTATION_CONTEXT('2D SPACE',''
  ) );
#13429 = PCURVE('',#12855,#13430);
#13430 = DEFINITIONAL_REPRESENTATION('',(#13431),#13435);
#13431 = LINE('',#13432,#13433);
#13432 = CARTESIAN_POINT('',(26.8,18.));
#13433 = VECTOR('',#13434,1.);
#13434 = DIRECTION('',(1.,0.));
#13435 = ( GEOMETRIC_REPRESENTATION_CONTEXT(2) 
PARAMETRIC_REPRESENTATION_CONTEXT() REPRESENTATION_CONTEXT('2D SPACE',''
  ) );
#13436 = ORIENTED_EDGE('',*,*,#13437,.T.);
#13437 = EDGE_CURVE('',#13415,#13189,#13438,.T.);
#13438 = SURFACE_CURVE('',#13439,(#13443,#13450),.PCURVE_S1.);
#13439 = LINE('',#13440,#13441);
#13440 = CARTESIAN_POINT('',(9.,78.239191898579,36.));
#13441 = VECTOR('',#13442,1.);
#13442 = DIRECTION('',(0.,1.,0.));
#13443 = PCURVE('',#10814,#13444);
#13444 = DEFINITIONAL_REPRESENTATION('',(#13445),#13449);
#13445 = LINE('',#13446,#13447);
#13446 = CARTESIAN_POINT('',(26.781370849898,-0.129780391903));
#13447 = VECTOR('',#13448,1.);
#13448 = DIRECTION('',(0.,-1.));
#13449 = ( GEOMETRIC_REPRESENTATION_CONTEXT(2) 
PARAMETRIC_REPRESENTATION_CONTEXT() REPRESENTATION_CONTEXT('2D SPACE',''
  ) );
#13450 = PCURVE('',#13451,#13456);
#13451 = PLANE('',#13452);
#13452 = AXIS2_PLACEMENT_3D('',#13453,#13454,#13455);
#13453 = CARTESIAN_POINT('',(-9.,78.239191898579,36.));
#13454 = DIRECTION('',(0.,0.,1.));
#13455 = DIRECTION('',(1.,0.,0.));
#13456 = DEFINITIONAL_REPRESENTATION('',(#13457),#13461);
#13457 = LINE('',#13458,#13459);
#13458 = CARTESIAN_POINT('',(18.,0.));
#13459 = VECTOR('',#13460,1.);
#13460 = DIRECTION('',(0.,1.));
#13461 = ( GEOMETRIC_REPRESENTATION_CONTEXT(2) 
PARAMETRIC_REPRESENTATION_CONTEXT() REPRESENTATION_CONTEXT('2D SPACE',''
  ) );
#13462 = ADVANCED_FACE('',(#13463),#10890,.F.);
#13463 = FACE_BOUND('',#13464,.F.);
#13464 = EDGE_LOOP('',(#13465,#13488,#13489,#13490));
#13465 = ORIENTED_EDGE('',*,*,#13466,.F.);
#13466 = EDGE_CURVE('',#10852,#13467,#13469,.T.);
#13467 = VERTEX_POINT('',#13468);
#13468 = CARTESIAN_POINT('',(6.,80.039191898579,9.2));
#13469 = SURFACE_CURVE('',#13470,(#13474,#13481),.PCURVE_S1.);
#13470 = LINE('',#13471,#13472);
#13471 = CARTESIAN_POINT('',(6.,76.839191898579,6.));
#13472 = VECTOR('',#13473,1.);
#13473 = DIRECTION('',(0.,0.707106781187,0.707106781187));
#13474 = PCURVE('',#10890,#13475);
#13475 = DEFINITIONAL_REPRESENTATION('',(#13476),#13480);
#13476 = LINE('',#13477,#13478);
#13477 = CARTESIAN_POINT('',(0.,0.));
#13478 = VECTOR('',#13479,1.);
#13479 = DIRECTION('',(1.,0.));
#13480 = ( GEOMETRIC_REPRESENTATION_CONTEXT(2) 
PARAMETRIC_REPRESENTATION_CONTEXT() REPRESENTATION_CONTEXT('2D SPACE',''
  ) );
#13481 = PCURVE('',#10866,#13482);
#13482 = DEFINITIONAL_REPRESENTATION('',(#13483),#13487);
#13483 = LINE('',#13484,#13485);
#13484 = CARTESIAN_POINT('',(-3.218629150102,1.270219608097));
#13485 = VECTOR('',#13486,1.);
#13486 = DIRECTION('',(0.707106781187,-0.707106781187));
#13487 = ( GEOMETRIC_REPRESENTATION_CONTEXT(2) 
PARAMETRIC_REPRESENTATION_CONTEXT() REPRESENTATION_CONTEXT('2D SPACE',''
  ) );
#13488 = ORIENTED_EDGE('',*,*,#10877,.T.);
#13489 = ORIENTED_EDGE('',*,*,#13238,.T.);
#13490 = ORIENTED_EDGE('',*,*,#13491,.F.);
#13491 = EDGE_CURVE('',#13467,#13239,#13492,.T.);
#13492 = SURFACE_CURVE('',#13493,(#13497,#13504),.PCURVE_S1.);
#13493 = LINE('',#13494,#13495);
#13494 = CARTESIAN_POINT('',(6.,80.039191898579,9.2));
#13495 = VECTOR('',#13496,1.);
#13496 = DIRECTION('',(1.,0.,0.));
#13497 = PCURVE('',#10890,#13498);
#13498 = DEFINITIONAL_REPRESENTATION('',(#13499),#13503);
#13499 = LINE('',#13500,#13501);
#13500 = CARTESIAN_POINT('',(4.525483399594,0.));
#13501 = VECTOR('',#13502,1.);
#13502 = DIRECTION('',(0.,-1.));
#13503 = ( GEOMETRIC_REPRESENTATION_CONTEXT(2) 
PARAMETRIC_REPRESENTATION_CONTEXT() REPRESENTATION_CONTEXT('2D SPACE',''
  ) );
#13504 = PCURVE('',#12692,#13505);
#13505 = DEFINITIONAL_REPRESENTATION('',(#13506),#13510);
#13506 = LINE('',#13507,#13508);
#13507 = CARTESIAN_POINT('',(0.,-15.));
#13508 = VECTOR('',#13509,1.);
#13509 = DIRECTION('',(0.,-1.));
#13510 = ( GEOMETRIC_REPRESENTATION_CONTEXT(2) 
PARAMETRIC_REPRESENTATION_CONTEXT() REPRESENTATION_CONTEXT('2D SPACE',''
  ) );
#13511 = ADVANCED_FACE('',(#13512),#10866,.F.);
#13512 = FACE_BOUND('',#13513,.F.);
#13513 = EDGE_LOOP('',(#13514,#13544,#13565,#13566,#13567,#13590,#13618,
    #13646));
#13514 = ORIENTED_EDGE('',*,*,#13515,.F.);
#13515 = EDGE_CURVE('',#13516,#13518,#13520,.T.);
#13516 = VERTEX_POINT('',#13517);
#13517 = CARTESIAN_POINT('',(6.,78.489191898579,11.5));
#13518 = VERTEX_POINT('',#13519);
#13519 = CARTESIAN_POINT('',(6.,78.489191898579,36.));
#13520 = SURFACE_CURVE('',#13521,(#13525,#13532),.PCURVE_S1.);
#13521 = LINE('',#13522,#13523);
#13522 = CARTESIAN_POINT('',(6.,78.489191898579,9.2));
#13523 = VECTOR('',#13524,1.);
#13524 = DIRECTION('',(0.,0.,1.));
#13525 = PCURVE('',#10866,#13526);
#13526 = DEFINITIONAL_REPRESENTATION('',(#13527),#13531);
#13527 = LINE('',#13528,#13529);
#13528 = CARTESIAN_POINT('',(-1.862915010152E-02,-0.379780391903));
#13529 = VECTOR('',#13530,1.);
#13530 = DIRECTION('',(1.,0.));
#13531 = ( GEOMETRIC_REPRESENTATION_CONTEXT(2) 
PARAMETRIC_REPRESENTATION_CONTEXT() REPRESENTATION_CONTEXT('2D SPACE',''
  ) );
#13532 = PCURVE('',#13533,#13538);
#13533 = CYLINDRICAL_SURFACE('',#13534,0.25);
#13534 = AXIS2_PLACEMENT_3D('',#13535,#13536,#13537);
#13535 = CARTESIAN_POINT('',(6.25,78.489191898579,9.2));
#13536 = DIRECTION('',(0.,0.,1.));
#13537 = DIRECTION('',(-1.,-0.,0.));
#13538 = DEFINITIONAL_REPRESENTATION('',(#13539),#13543);
#13539 = LINE('',#13540,#13541);
#13540 = CARTESIAN_POINT('',(0.,0.));
#13541 = VECTOR('',#13542,1.);
#13542 = DIRECTION('',(0.,1.));
#13543 = ( GEOMETRIC_REPRESENTATION_CONTEXT(2) 
PARAMETRIC_REPRESENTATION_CONTEXT() REPRESENTATION_CONTEXT('2D SPACE',''
  ) );
#13544 = ORIENTED_EDGE('',*,*,#13545,.T.);
#13545 = EDGE_CURVE('',#13516,#10826,#13546,.T.);
#13546 = SURFACE_CURVE('',#13547,(#13551,#13558),.PCURVE_S1.);
#13547 = LINE('',#13548,#13549);
#13548 = CARTESIAN_POINT('',(6.,80.039191898579,11.5));
#13549 = VECTOR('',#13550,1.);
#13550 = DIRECTION('',(0.,-1.,0.));
#13551 = PCURVE('',#10866,#13552);
#13552 = DEFINITIONAL_REPRESENTATION('',(#13553),#13557);
#13553 = LINE('',#13554,#13555);
#13554 = CARTESIAN_POINT('',(2.281370849898,-1.929780391903));
#13555 = VECTOR('',#13556,1.);
#13556 = DIRECTION('',(0.,1.));
#13557 = ( GEOMETRIC_REPRESENTATION_CONTEXT(2) 
PARAMETRIC_REPRESENTATION_CONTEXT() REPRESENTATION_CONTEXT('2D SPACE',''
  ) );
#13558 = PCURVE('',#10840,#13559);
#13559 = DEFINITIONAL_REPRESENTATION('',(#13560),#13564);
#13560 = LINE('',#13561,#13562);
#13561 = CARTESIAN_POINT('',(0.,-0.));
#13562 = VECTOR('',#13563,1.);
#13563 = DIRECTION('',(1.,0.));
#13564 = ( GEOMETRIC_REPRESENTATION_CONTEXT(2) 
PARAMETRIC_REPRESENTATION_CONTEXT() REPRESENTATION_CONTEXT('2D SPACE',''
  ) );
#13565 = ORIENTED_EDGE('',*,*,#10851,.T.);
#13566 = ORIENTED_EDGE('',*,*,#13466,.T.);
#13567 = ORIENTED_EDGE('',*,*,#13568,.T.);
#13568 = EDGE_CURVE('',#13467,#13569,#13571,.T.);
#13569 = VERTEX_POINT('',#13570);
#13570 = CARTESIAN_POINT('',(6.,80.039191898579,11.5));
#13571 = SURFACE_CURVE('',#13572,(#13576,#13583),.PCURVE_S1.);
#13572 = LINE('',#13573,#13574);
#13573 = CARTESIAN_POINT('',(6.,80.039191898579,9.2));
#13574 = VECTOR('',#13575,1.);
#13575 = DIRECTION('',(0.,0.,1.));
#13576 = PCURVE('',#10866,#13577);
#13577 = DEFINITIONAL_REPRESENTATION('',(#13578),#13582);
#13578 = LINE('',#13579,#13580);
#13579 = CARTESIAN_POINT('',(-1.862915010152E-02,-1.929780391903));
#13580 = VECTOR('',#13581,1.);
#13581 = DIRECTION('',(1.,0.));
#13582 = ( GEOMETRIC_REPRESENTATION_CONTEXT(2) 
PARAMETRIC_REPRESENTATION_CONTEXT() REPRESENTATION_CONTEXT('2D SPACE',''
  ) );
#13583 = PCURVE('',#12692,#13584);
#13584 = DEFINITIONAL_REPRESENTATION('',(#13585),#13589);
#13585 = LINE('',#13586,#13587);
#13586 = CARTESIAN_POINT('',(0.,-15.));
#13587 = VECTOR('',#13588,1.);
#13588 = DIRECTION('',(1.,0.));
#13589 = ( GEOMETRIC_REPRESENTATION_CONTEXT(2) 
PARAMETRIC_REPRESENTATION_CONTEXT() REPRESENTATION_CONTEXT('2D SPACE',''
  ) );
#13590 = ORIENTED_EDGE('',*,*,#13591,.T.);
#13591 = EDGE_CURVE('',#13569,#13592,#13594,.T.);
#13592 = VERTEX_POINT('',#13593);
#13593 = CARTESIAN_POINT('',(6.,79.789191898579,11.5));
#13594 = SURFACE_CURVE('',#13595,(#13599,#13606),.PCURVE_S1.);
#13595 = LINE('',#13596,#13597);
#13596 = CARTESIAN_POINT('',(6.,80.039191898579,11.5));
#13597 = VECTOR('',#13598,1.);
#13598 = DIRECTION('',(0.,-1.,0.));
#13599 = PCURVE('',#10866,#13600);
#13600 = DEFINITIONAL_REPRESENTATION('',(#13601),#13605);
#13601 = LINE('',#13602,#13603);
#13602 = CARTESIAN_POINT('',(2.281370849898,-1.929780391903));
#13603 = VECTOR('',#13604,1.);
#13604 = DIRECTION('',(0.,1.));
#13605 = ( GEOMETRIC_REPRESENTATION_CONTEXT(2) 
PARAMETRIC_REPRESENTATION_CONTEXT() REPRESENTATION_CONTEXT('2D SPACE',''
  ) );
#13606 = PCURVE('',#13607,#13612);
#13607 = PLANE('',#13608);
#13608 = AXIS2_PLACEMENT_3D('',#13609,#13610,#13611);
#13609 = CARTESIAN_POINT('',(6.,80.039191898579,11.5));
#13610 = DIRECTION('',(0.,0.,-1.));
#13611 = DIRECTION('',(0.,-1.,0.));
#13612 = DEFINITIONAL_REPRESENTATION('',(#13613),#13617);
#13613 = LINE('',#13614,#13615);
#13614 = CARTESIAN_POINT('',(0.,-0.));
#13615 = VECTOR('',#13616,1.);
#13616 = DIRECTION('',(1.,0.));
#13617 = ( GEOMETRIC_REPRESENTATION_CONTEXT(2) 
PARAMETRIC_REPRESENTATION_CONTEXT() REPRESENTATION_CONTEXT('2D SPACE',''
  ) );
#13618 = ORIENTED_EDGE('',*,*,#13619,.T.);
#13619 = EDGE_CURVE('',#13592,#13620,#13622,.T.);
#13620 = VERTEX_POINT('',#13621);
#13621 = CARTESIAN_POINT('',(6.,79.789191898579,36.));
#13622 = SURFACE_CURVE('',#13623,(#13627,#13634),.PCURVE_S1.);
#13623 = LINE('',#13624,#13625);
#13624 = CARTESIAN_POINT('',(6.,79.789191898579,9.2));
#13625 = VECTOR('',#13626,1.);
#13626 = DIRECTION('',(0.,0.,1.));
#13627 = PCURVE('',#10866,#13628);
#13628 = DEFINITIONAL_REPRESENTATION('',(#13629),#13633);
#13629 = LINE('',#13630,#13631);
#13630 = CARTESIAN_POINT('',(-1.862915010152E-02,-1.679780391903));
#13631 = VECTOR('',#13632,1.);
#13632 = DIRECTION('',(1.,0.));
#13633 = ( GEOMETRIC_REPRESENTATION_CONTEXT(2) 
PARAMETRIC_REPRESENTATION_CONTEXT() REPRESENTATION_CONTEXT('2D SPACE',''
  ) );
#13634 = PCURVE('',#13635,#13640);
#13635 = CYLINDRICAL_SURFACE('',#13636,0.25);
#13636 = AXIS2_PLACEMENT_3D('',#13637,#13638,#13639);
#13637 = CARTESIAN_POINT('',(6.25,79.789191898579,9.2));
#13638 = DIRECTION('',(0.,0.,1.));
#13639 = DIRECTION('',(-1.,-0.,0.));
#13640 = DEFINITIONAL_REPRESENTATION('',(#13641),#13645);
#13641 = LINE('',#13642,#13643);
#13642 = CARTESIAN_POINT('',(-0.,0.));
#13643 = VECTOR('',#13644,1.);
#13644 = DIRECTION('',(-0.,1.));
#13645 = ( GEOMETRIC_REPRESENTATION_CONTEXT(2) 
PARAMETRIC_REPRESENTATION_CONTEXT() REPRESENTATION_CONTEXT('2D SPACE',''
  ) );
#13646 = ORIENTED_EDGE('',*,*,#13647,.T.);
#13647 = EDGE_CURVE('',#13620,#13518,#13648,.T.);
#13648 = SURFACE_CURVE('',#13649,(#13653,#13659),.PCURVE_S1.);
#13649 = LINE('',#13650,#13651);
#13650 = CARTESIAN_POINT('',(6.,78.174301702627,36.));
#13651 = VECTOR('',#13652,1.);
#13652 = DIRECTION('',(0.,-1.,0.));
#13653 = PCURVE('',#10866,#13654);
#13654 = DEFINITIONAL_REPRESENTATION('',(#13655),#13658);
#13655 = B_SPLINE_CURVE_WITH_KNOTS('',1,(#13656,#13657),.UNSPECIFIED.,
  .F.,.F.,(2,2),(-1.864890195951,-6.489019595143E-02),
  .PIECEWISE_BEZIER_KNOTS.);
#13656 = CARTESIAN_POINT('',(26.781370849898,-1.929780391903));
#13657 = CARTESIAN_POINT('',(26.781370849898,-0.129780391903));
#13658 = ( GEOMETRIC_REPRESENTATION_CONTEXT(2) 
PARAMETRIC_REPRESENTATION_CONTEXT() REPRESENTATION_CONTEXT('2D SPACE',''
  ) );
#13659 = PCURVE('',#13145,#13660);
#13660 = DEFINITIONAL_REPRESENTATION('',(#13661),#13664);
#13661 = B_SPLINE_CURVE_WITH_KNOTS('',1,(#13662,#13663),.UNSPECIFIED.,
  .F.,.F.,(2,2),(-1.864890195951,-6.489019595143E-02),
  .PIECEWISE_BEZIER_KNOTS.);
#13662 = CARTESIAN_POINT('',(15.,1.8));
#13663 = CARTESIAN_POINT('',(15.,0.));
#13664 = ( GEOMETRIC_REPRESENTATION_CONTEXT(2) 
PARAMETRIC_REPRESENTATION_CONTEXT() REPRESENTATION_CONTEXT('2D SPACE',''
  ) );
#13665 = ADVANCED_FACE('',(#13666),#10840,.F.);
#13666 = FACE_BOUND('',#13667,.F.);
#13667 = EDGE_LOOP('',(#13668,#13669,#13697,#13719,#13745,#13746));
#13668 = ORIENTED_EDGE('',*,*,#13545,.F.);
#13669 = ORIENTED_EDGE('',*,*,#13670,.T.);
#13670 = EDGE_CURVE('',#13516,#13671,#13673,.T.);
#13671 = VERTEX_POINT('',#13672);
#13672 = CARTESIAN_POINT('',(6.25,78.239191898579,11.5));
#13673 = SURFACE_CURVE('',#13674,(#13679,#13690),.PCURVE_S1.);
#13674 = CIRCLE('',#13675,0.25);
#13675 = AXIS2_PLACEMENT_3D('',#13676,#13677,#13678);
#13676 = CARTESIAN_POINT('',(6.25,78.489191898579,11.5));
#13677 = DIRECTION('',(0.,0.,1.));
#13678 = DIRECTION('',(-1.,-0.,0.));
#13679 = PCURVE('',#10840,#13680);
#13680 = DEFINITIONAL_REPRESENTATION('',(#13681),#13689);
#13681 = ( BOUNDED_CURVE() B_SPLINE_CURVE(2,(#13682,#13683,#13684,#13685
    ,#13686,#13687,#13688),.UNSPECIFIED.,.T.,.F.) 
B_SPLINE_CURVE_WITH_KNOTS((1,2,2,2,2,1),(-2.094395102393,0.,
    2.094395102393,4.188790204786,6.28318530718,8.377580409573),
.UNSPECIFIED.) CURVE() GEOMETRIC_REPRESENTATION_ITEM() 
RATIONAL_B_SPLINE_CURVE((1.,0.5,1.,0.5,1.,0.5,1.)) REPRESENTATION_ITEM(
  '') );
#13682 = CARTESIAN_POINT('',(1.55,0.));
#13683 = CARTESIAN_POINT('',(1.983012701892,0.));
#13684 = CARTESIAN_POINT('',(1.766506350946,-0.375));
#13685 = CARTESIAN_POINT('',(1.55,-0.75));
#13686 = CARTESIAN_POINT('',(1.333493649054,-0.375));
#13687 = CARTESIAN_POINT('',(1.116987298108,-3.885780586188E-16));
#13688 = CARTESIAN_POINT('',(1.55,0.));
#13689 = ( GEOMETRIC_REPRESENTATION_CONTEXT(2) 
PARAMETRIC_REPRESENTATION_CONTEXT() REPRESENTATION_CONTEXT('2D SPACE',''
  ) );
#13690 = PCURVE('',#13533,#13691);
#13691 = DEFINITIONAL_REPRESENTATION('',(#13692),#13696);
#13692 = LINE('',#13693,#13694);
#13693 = CARTESIAN_POINT('',(0.,2.3));
#13694 = VECTOR('',#13695,1.);
#13695 = DIRECTION('',(1.,0.));
#13696 = ( GEOMETRIC_REPRESENTATION_CONTEXT(2) 
PARAMETRIC_REPRESENTATION_CONTEXT() REPRESENTATION_CONTEXT('2D SPACE',''
  ) );
#13697 = ORIENTED_EDGE('',*,*,#13698,.T.);
#13698 = EDGE_CURVE('',#13671,#13699,#13701,.T.);
#13699 = VERTEX_POINT('',#13700);
#13700 = CARTESIAN_POINT('',(8.75,78.239191898579,11.5));
#13701 = SURFACE_CURVE('',#13702,(#13706,#13712),.PCURVE_S1.);
#13702 = LINE('',#13703,#13704);
#13703 = CARTESIAN_POINT('',(6.,78.239191898579,11.5));
#13704 = VECTOR('',#13705,1.);
#13705 = DIRECTION('',(1.,-0.,0.));
#13706 = PCURVE('',#10840,#13707);
#13707 = DEFINITIONAL_REPRESENTATION('',(#13708),#13711);
#13708 = B_SPLINE_CURVE_WITH_KNOTS('',1,(#13709,#13710),.UNSPECIFIED.,
  .F.,.F.,(2,2),(0.25,2.75),.PIECEWISE_BEZIER_KNOTS.);
#13709 = CARTESIAN_POINT('',(1.8,-0.25));
#13710 = CARTESIAN_POINT('',(1.8,-2.75));
#13711 = ( GEOMETRIC_REPRESENTATION_CONTEXT(2) 
PARAMETRIC_REPRESENTATION_CONTEXT() REPRESENTATION_CONTEXT('2D SPACE',''
  ) );
#13712 = PCURVE('',#12855,#13713);
#13713 = DEFINITIONAL_REPRESENTATION('',(#13714),#13718);
#13714 = LINE('',#13715,#13716);
#13715 = CARTESIAN_POINT('',(2.3,15.));
#13716 = VECTOR('',#13717,1.);
#13717 = DIRECTION('',(0.,1.));
#13718 = ( GEOMETRIC_REPRESENTATION_CONTEXT(2) 
PARAMETRIC_REPRESENTATION_CONTEXT() REPRESENTATION_CONTEXT('2D SPACE',''
  ) );
#13719 = ORIENTED_EDGE('',*,*,#13720,.T.);
#13720 = EDGE_CURVE('',#13699,#13187,#13721,.T.);
#13721 = SURFACE_CURVE('',#13722,(#13727,#13738),.PCURVE_S1.);
#13722 = CIRCLE('',#13723,0.25);
#13723 = AXIS2_PLACEMENT_3D('',#13724,#13725,#13726);
#13724 = CARTESIAN_POINT('',(8.75,78.489191898579,11.5));
#13725 = DIRECTION('',(0.,0.,1.));
#13726 = DIRECTION('',(1.,0.,-0.));
#13727 = PCURVE('',#10840,#13728);
#13728 = DEFINITIONAL_REPRESENTATION('',(#13729),#13737);
#13729 = ( BOUNDED_CURVE() B_SPLINE_CURVE(2,(#13730,#13731,#13732,#13733
    ,#13734,#13735,#13736),.UNSPECIFIED.,.T.,.F.) 
B_SPLINE_CURVE_WITH_KNOTS((1,2,2,2,2,1),(-2.094395102393,0.,
    2.094395102393,4.188790204786,6.28318530718,8.377580409573),
.UNSPECIFIED.) CURVE() GEOMETRIC_REPRESENTATION_ITEM() 
RATIONAL_B_SPLINE_CURVE((1.,0.5,1.,0.5,1.,0.5,1.)) REPRESENTATION_ITEM(
  '') );
#13730 = CARTESIAN_POINT('',(1.55,-3.));
#13731 = CARTESIAN_POINT('',(1.116987298108,-3.));
#13732 = CARTESIAN_POINT('',(1.333493649054,-2.625));
#13733 = CARTESIAN_POINT('',(1.55,-2.25));
#13734 = CARTESIAN_POINT('',(1.766506350946,-2.625));
#13735 = CARTESIAN_POINT('',(1.983012701892,-3.));
#13736 = CARTESIAN_POINT('',(1.55,-3.));
#13737 = ( GEOMETRIC_REPRESENTATION_CONTEXT(2) 
PARAMETRIC_REPRESENTATION_CONTEXT() REPRESENTATION_CONTEXT('2D SPACE',''
  ) );
#13738 = PCURVE('',#13204,#13739);
#13739 = DEFINITIONAL_REPRESENTATION('',(#13740),#13744);
#13740 = LINE('',#13741,#13742);
#13741 = CARTESIAN_POINT('',(-6.28318530718,2.3));
#13742 = VECTOR('',#13743,1.);
#13743 = DIRECTION('',(1.,-0.));
#13744 = ( GEOMETRIC_REPRESENTATION_CONTEXT(2) 
PARAMETRIC_REPRESENTATION_CONTEXT() REPRESENTATION_CONTEXT('2D SPACE',''
  ) );
#13745 = ORIENTED_EDGE('',*,*,#13216,.T.);
#13746 = ORIENTED_EDGE('',*,*,#10825,.T.);
#13747 = ADVANCED_FACE('',(#13748),#10974,.T.);
#13748 = FACE_BOUND('',#13749,.T.);
#13749 = EDGE_LOOP('',(#13750,#13751,#13752,#13753));
#13750 = ORIENTED_EDGE('',*,*,#10956,.F.);
#13751 = ORIENTED_EDGE('',*,*,#12548,.F.);
#13752 = ORIENTED_EDGE('',*,*,#12574,.T.);
#13753 = ORIENTED_EDGE('',*,*,#11931,.F.);
#13754 = ADVANCED_FACE('',(#13755),#11178,.F.);
#13755 = FACE_BOUND('',#13756,.F.);
#13756 = EDGE_LOOP('',(#13757,#13758,#13759,#13760));
#13757 = ORIENTED_EDGE('',*,*,#11339,.F.);
#13758 = ORIENTED_EDGE('',*,*,#11879,.T.);
#13759 = ORIENTED_EDGE('',*,*,#11162,.T.);
#13760 = ORIENTED_EDGE('',*,*,#13761,.F.);
#13761 = EDGE_CURVE('',#11340,#11134,#13762,.T.);
#13762 = SURFACE_CURVE('',#13763,(#13767,#13774),.PCURVE_S1.);
#13763 = LINE('',#13764,#13765);
#13764 = CARTESIAN_POINT('',(13.7,28.15391052434,22.64608947566));
#13765 = VECTOR('',#13766,1.);
#13766 = DIRECTION('',(1.,0.,0.));
#13767 = PCURVE('',#11178,#13768);
#13768 = DEFINITIONAL_REPRESENTATION('',(#13769),#13773);
#13769 = LINE('',#13770,#13771);
#13770 = CARTESIAN_POINT('',(4.8,0.));
#13771 = VECTOR('',#13772,1.);
#13772 = DIRECTION('',(0.,-1.));
#13773 = ( GEOMETRIC_REPRESENTATION_CONTEXT(2) 
PARAMETRIC_REPRESENTATION_CONTEXT() REPRESENTATION_CONTEXT('2D SPACE',''
  ) );
#13774 = PCURVE('',#11150,#13775);
#13775 = DEFINITIONAL_REPRESENTATION('',(#13776),#13780);
#13776 = LINE('',#13777,#13778);
#13777 = CARTESIAN_POINT('',(-1.570796326795,0.));
#13778 = VECTOR('',#13779,1.);
#13779 = DIRECTION('',(-0.,1.));
#13780 = ( GEOMETRIC_REPRESENTATION_CONTEXT(2) 
PARAMETRIC_REPRESENTATION_CONTEXT() REPRESENTATION_CONTEXT('2D SPACE',''
  ) );
#13781 = ADVANCED_FACE('',(#13782),#11150,.T.);
#13782 = FACE_BOUND('',#13783,.F.);
#13783 = EDGE_LOOP('',(#13784,#13803,#13804,#13805));
#13784 = ORIENTED_EDGE('',*,*,#13785,.F.);
#13785 = EDGE_CURVE('',#11363,#11106,#13786,.T.);
#13786 = SURFACE_CURVE('',#13787,(#13791,#13797),.PCURVE_S1.);
#13787 = LINE('',#13788,#13789);
#13788 = CARTESIAN_POINT('',(13.7,28.719595949289,22.411774900609));
#13789 = VECTOR('',#13790,1.);
#13790 = DIRECTION('',(1.,0.,0.));
#13791 = PCURVE('',#11150,#13792);
#13792 = DEFINITIONAL_REPRESENTATION('',(#13793),#13796);
#13793 = B_SPLINE_CURVE_WITH_KNOTS('',1,(#13794,#13795),.UNSPECIFIED.,
  .F.,.F.,(2,2),(-5.999999981299E-07,8.6000006),
  .PIECEWISE_BEZIER_KNOTS.);
#13794 = CARTESIAN_POINT('',(-0.785398163397,-5.999999981299E-07));
#13795 = CARTESIAN_POINT('',(-0.785398163397,8.6000006));
#13796 = ( GEOMETRIC_REPRESENTATION_CONTEXT(2) 
PARAMETRIC_REPRESENTATION_CONTEXT() REPRESENTATION_CONTEXT('2D SPACE',''
  ) );
#13797 = PCURVE('',#11121,#13798);
#13798 = DEFINITIONAL_REPRESENTATION('',(#13799),#13802);
#13799 = B_SPLINE_CURVE_WITH_KNOTS('',1,(#13800,#13801),.UNSPECIFIED.,
  .F.,.F.,(2,2),(-5.999999981299E-07,8.6000006),
  .PIECEWISE_BEZIER_KNOTS.);
#13800 = CARTESIAN_POINT('',(0.331370849898,5.999999981299E-07));
#13801 = CARTESIAN_POINT('',(0.331370849898,-8.6000006));
#13802 = ( GEOMETRIC_REPRESENTATION_CONTEXT(2) 
PARAMETRIC_REPRESENTATION_CONTEXT() REPRESENTATION_CONTEXT('2D SPACE',''
  ) );
#13803 = ORIENTED_EDGE('',*,*,#11362,.T.);
#13804 = ORIENTED_EDGE('',*,*,#13761,.T.);
#13805 = ORIENTED_EDGE('',*,*,#11133,.F.);
#13806 = ADVANCED_FACE('',(#13807),#11121,.T.);
#13807 = FACE_BOUND('',#13808,.T.);
#13808 = EDGE_LOOP('',(#13809,#13810,#13811,#13812));
#13809 = ORIENTED_EDGE('',*,*,#11390,.F.);
#13810 = ORIENTED_EDGE('',*,*,#11271,.T.);
#13811 = ORIENTED_EDGE('',*,*,#11105,.T.);
#13812 = ORIENTED_EDGE('',*,*,#13785,.F.);
#13813 = ADVANCED_FACE('',(#13814),#11231,.F.);
#13814 = FACE_BOUND('',#13815,.F.);
#13815 = EDGE_LOOP('',(#13816,#13839,#13866,#13867));
#13816 = ORIENTED_EDGE('',*,*,#13817,.T.);
#13817 = EDGE_CURVE('',#11215,#13818,#13820,.T.);
#13818 = VERTEX_POINT('',#13819);
#13819 = CARTESIAN_POINT('',(18.92,28.719595949289,29.88));
#13820 = SEAM_CURVE('',#13821,(#13825,#13832),.PCURVE_S1.);
#13821 = LINE('',#13822,#13823);
#13822 = CARTESIAN_POINT('',(22.5,28.719595949289,26.3));
#13823 = VECTOR('',#13824,1.);
#13824 = DIRECTION('',(-0.707106781187,-1.731912112471E-16,
    0.707106781187));
#13825 = PCURVE('',#11231,#13826);
#13826 = DEFINITIONAL_REPRESENTATION('',(#13827),#13831);
#13827 = LINE('',#13828,#13829);
#13828 = CARTESIAN_POINT('',(-6.28318530718,0.));
#13829 = VECTOR('',#13830,1.);
#13830 = DIRECTION('',(-0.,-1.));
#13831 = ( GEOMETRIC_REPRESENTATION_CONTEXT(2) 
PARAMETRIC_REPRESENTATION_CONTEXT() REPRESENTATION_CONTEXT('2D SPACE',''
  ) );
#13832 = PCURVE('',#11231,#13833);
#13833 = DEFINITIONAL_REPRESENTATION('',(#13834),#13838);
#13834 = LINE('',#13835,#13836);
#13835 = CARTESIAN_POINT('',(0.,-0.));
#13836 = VECTOR('',#13837,1.);
#13837 = DIRECTION('',(-0.,-1.));
#13838 = ( GEOMETRIC_REPRESENTATION_CONTEXT(2) 
PARAMETRIC_REPRESENTATION_CONTEXT() REPRESENTATION_CONTEXT('2D SPACE',''
  ) );
#13839 = ORIENTED_EDGE('',*,*,#13840,.F.);
#13840 = EDGE_CURVE('',#13818,#13818,#13841,.T.);
#13841 = SURFACE_CURVE('',#13842,(#13847,#13854),.PCURVE_S1.);
#13842 = CIRCLE('',#13843,0.12);
#13843 = AXIS2_PLACEMENT_3D('',#13844,#13845,#13846);
#13844 = CARTESIAN_POINT('',(18.92,28.719595949289,30.));
#13845 = DIRECTION('',(-1.,0.,0.));
#13846 = DIRECTION('',(0.,0.,-1.));
#13847 = PCURVE('',#11231,#13848);
#13848 = DEFINITIONAL_REPRESENTATION('',(#13849),#13853);
#13849 = LINE('',#13850,#13851);
#13850 = CARTESIAN_POINT('',(-0.,-3.58));
#13851 = VECTOR('',#13852,1.);
#13852 = DIRECTION('',(-1.,-0.));
#13853 = ( GEOMETRIC_REPRESENTATION_CONTEXT(2) 
PARAMETRIC_REPRESENTATION_CONTEXT() REPRESENTATION_CONTEXT('2D SPACE',''
  ) );
#13854 = PCURVE('',#13855,#13860);
#13855 = PLANE('',#13856);
#13856 = AXIS2_PLACEMENT_3D('',#13857,#13858,#13859);
#13857 = CARTESIAN_POINT('',(18.92,28.719595949289,30.));
#13858 = DIRECTION('',(-1.,0.,0.));
#13859 = DIRECTION('',(0.,0.,-1.));
#13860 = DEFINITIONAL_REPRESENTATION('',(#13861),#13865);
#13861 = CIRCLE('',#13862,0.12);
#13862 = AXIS2_PLACEMENT_2D('',#13863,#13864);
#13863 = CARTESIAN_POINT('',(0.,0.));
#13864 = DIRECTION('',(1.,0.));
#13865 = ( GEOMETRIC_REPRESENTATION_CONTEXT(2) 
PARAMETRIC_REPRESENTATION_CONTEXT() REPRESENTATION_CONTEXT('2D SPACE',''
  ) );
#13866 = ORIENTED_EDGE('',*,*,#13817,.F.);
#13867 = ORIENTED_EDGE('',*,*,#11214,.T.);
#13868 = ADVANCED_FACE('',(#13869),#11432,.F.);
#13869 = FACE_BOUND('',#13870,.F.);
#13870 = EDGE_LOOP('',(#13871,#13894,#13921,#13922));
#13871 = ORIENTED_EDGE('',*,*,#13872,.T.);
#13872 = EDGE_CURVE('',#11416,#13873,#13875,.T.);
#13873 = VERTEX_POINT('',#13874);
#13874 = CARTESIAN_POINT('',(17.08,28.719595949289,30.12));
#13875 = SEAM_CURVE('',#13876,(#13880,#13887),.PCURVE_S1.);
#13876 = LINE('',#13877,#13878);
#13877 = CARTESIAN_POINT('',(13.5,28.719595949289,33.7));
#13878 = VECTOR('',#13879,1.);
#13879 = DIRECTION('',(0.707106781187,-1.731912112471E-16,
    -0.707106781187));
#13880 = PCURVE('',#11432,#13881);
#13881 = DEFINITIONAL_REPRESENTATION('',(#13882),#13886);
#13882 = LINE('',#13883,#13884);
#13883 = CARTESIAN_POINT('',(-6.28318530718,0.));
#13884 = VECTOR('',#13885,1.);
#13885 = DIRECTION('',(-0.,-1.));
#13886 = ( GEOMETRIC_REPRESENTATION_CONTEXT(2) 
PARAMETRIC_REPRESENTATION_CONTEXT() REPRESENTATION_CONTEXT('2D SPACE',''
  ) );
#13887 = PCURVE('',#11432,#13888);
#13888 = DEFINITIONAL_REPRESENTATION('',(#13889),#13893);
#13889 = LINE('',#13890,#13891);
#13890 = CARTESIAN_POINT('',(0.,-0.));
#13891 = VECTOR('',#13892,1.);
#13892 = DIRECTION('',(-0.,-1.));
#13893 = ( GEOMETRIC_REPRESENTATION_CONTEXT(2) 
PARAMETRIC_REPRESENTATION_CONTEXT() REPRESENTATION_CONTEXT('2D SPACE',''
  ) );
#13894 = ORIENTED_EDGE('',*,*,#13895,.F.);
#13895 = EDGE_CURVE('',#13873,#13873,#13896,.T.);
#13896 = SURFACE_CURVE('',#13897,(#13902,#13909),.PCURVE_S1.);
#13897 = CIRCLE('',#13898,0.12);
#13898 = AXIS2_PLACEMENT_3D('',#13899,#13900,#13901);
#13899 = CARTESIAN_POINT('',(17.08,28.719595949289,30.));
#13900 = DIRECTION('',(1.,0.,0.));
#13901 = DIRECTION('',(-0.,0.,1.));
#13902 = PCURVE('',#11432,#13903);
#13903 = DEFINITIONAL_REPRESENTATION('',(#13904),#13908);
#13904 = LINE('',#13905,#13906);
#13905 = CARTESIAN_POINT('',(-0.,-3.58));
#13906 = VECTOR('',#13907,1.);
#13907 = DIRECTION('',(-1.,-0.));
#13908 = ( GEOMETRIC_REPRESENTATION_CONTEXT(2) 
PARAMETRIC_REPRESENTATION_CONTEXT() REPRESENTATION_CONTEXT('2D SPACE',''
  ) );
#13909 = PCURVE('',#13910,#13915);
#13910 = PLANE('',#13911);
#13911 = AXIS2_PLACEMENT_3D('',#13912,#13913,#13914);
#13912 = CARTESIAN_POINT('',(17.08,28.719595949289,30.));
#13913 = DIRECTION('',(1.,0.,0.));
#13914 = DIRECTION('',(-0.,0.,1.));
#13915 = DEFINITIONAL_REPRESENTATION('',(#13916),#13920);
#13916 = CIRCLE('',#13917,0.12);
#13917 = AXIS2_PLACEMENT_2D('',#13918,#13919);
#13918 = CARTESIAN_POINT('',(0.,0.));
#13919 = DIRECTION('',(1.,0.));
#13920 = ( GEOMETRIC_REPRESENTATION_CONTEXT(2) 
PARAMETRIC_REPRESENTATION_CONTEXT() REPRESENTATION_CONTEXT('2D SPACE',''
  ) );
#13921 = ORIENTED_EDGE('',*,*,#13872,.F.);
#13922 = ORIENTED_EDGE('',*,*,#11415,.T.);
#13923 = ADVANCED_FACE('',(#13924),#11571,.F.);
#13924 = FACE_BOUND('',#13925,.F.);
#13925 = EDGE_LOOP('',(#13926,#13927,#13928,#13929));
#13926 = ORIENTED_EDGE('',*,*,#11714,.F.);
#13927 = ORIENTED_EDGE('',*,*,#11852,.T.);
#13928 = ORIENTED_EDGE('',*,*,#11555,.T.);
#13929 = ORIENTED_EDGE('',*,*,#13930,.F.);
#13930 = EDGE_CURVE('',#11715,#11527,#13931,.T.);
#13931 = SURFACE_CURVE('',#13932,(#13936,#13943),.PCURVE_S1.);
#13932 = LINE('',#13933,#13934);
#13933 = CARTESIAN_POINT('',(-22.3,28.15391052434,22.64608947566));
#13934 = VECTOR('',#13935,1.);
#13935 = DIRECTION('',(1.,0.,0.));
#13936 = PCURVE('',#11571,#13937);
#13937 = DEFINITIONAL_REPRESENTATION('',(#13938),#13942);
#13938 = LINE('',#13939,#13940);
#13939 = CARTESIAN_POINT('',(4.8,0.));
#13940 = VECTOR('',#13941,1.);
#13941 = DIRECTION('',(0.,-1.));
#13942 = ( GEOMETRIC_REPRESENTATION_CONTEXT(2) 
PARAMETRIC_REPRESENTATION_CONTEXT() REPRESENTATION_CONTEXT('2D SPACE',''
  ) );
#13943 = PCURVE('',#11543,#13944);
#13944 = DEFINITIONAL_REPRESENTATION('',(#13945),#13949);
#13945 = LINE('',#13946,#13947);
#13946 = CARTESIAN_POINT('',(-1.570796326795,0.));
#13947 = VECTOR('',#13948,1.);
#13948 = DIRECTION('',(-0.,1.));
#13949 = ( GEOMETRIC_REPRESENTATION_CONTEXT(2) 
PARAMETRIC_REPRESENTATION_CONTEXT() REPRESENTATION_CONTEXT('2D SPACE',''
  ) );
#13950 = ADVANCED_FACE('',(#13951),#11543,.T.);
#13951 = FACE_BOUND('',#13952,.F.);
#13952 = EDGE_LOOP('',(#13953,#13972,#13973,#13974));
#13953 = ORIENTED_EDGE('',*,*,#13954,.F.);
#13954 = EDGE_CURVE('',#11738,#11499,#13955,.T.);
#13955 = SURFACE_CURVE('',#13956,(#13960,#13966),.PCURVE_S1.);
#13956 = LINE('',#13957,#13958);
#13957 = CARTESIAN_POINT('',(-22.3,28.719595949289,22.411774900609));
#13958 = VECTOR('',#13959,1.);
#13959 = DIRECTION('',(1.,0.,0.));
#13960 = PCURVE('',#11543,#13961);
#13961 = DEFINITIONAL_REPRESENTATION('',(#13962),#13965);
#13962 = B_SPLINE_CURVE_WITH_KNOTS('',1,(#13963,#13964),.UNSPECIFIED.,
  .F.,.F.,(2,2),(-6.000000034589E-07,8.6000006),
  .PIECEWISE_BEZIER_KNOTS.);
#13963 = CARTESIAN_POINT('',(-0.785398163397,-6.000000034589E-07));
#13964 = CARTESIAN_POINT('',(-0.785398163397,8.6000006));
#13965 = ( GEOMETRIC_REPRESENTATION_CONTEXT(2) 
PARAMETRIC_REPRESENTATION_CONTEXT() REPRESENTATION_CONTEXT('2D SPACE',''
  ) );
#13966 = PCURVE('',#11514,#13967);
#13967 = DEFINITIONAL_REPRESENTATION('',(#13968),#13971);
#13968 = B_SPLINE_CURVE_WITH_KNOTS('',1,(#13969,#13970),.UNSPECIFIED.,
  .F.,.F.,(2,2),(-6.000000034589E-07,8.6000006),
  .PIECEWISE_BEZIER_KNOTS.);
#13969 = CARTESIAN_POINT('',(0.331370849898,6.000000034589E-07));
#13970 = CARTESIAN_POINT('',(0.331370849898,-8.6000006));
#13971 = ( GEOMETRIC_REPRESENTATION_CONTEXT(2) 
PARAMETRIC_REPRESENTATION_CONTEXT() REPRESENTATION_CONTEXT('2D SPACE',''
  ) );
#13972 = ORIENTED_EDGE('',*,*,#11737,.T.);
#13973 = ORIENTED_EDGE('',*,*,#13930,.T.);
#13974 = ORIENTED_EDGE('',*,*,#11526,.F.);
#13975 = ADVANCED_FACE('',(#13976),#11514,.T.);
#13976 = FACE_BOUND('',#13977,.T.);
#13977 = EDGE_LOOP('',(#13978,#13979,#13980,#13981));
#13978 = ORIENTED_EDGE('',*,*,#11765,.F.);
#13979 = ORIENTED_EDGE('',*,*,#11664,.T.);
#13980 = ORIENTED_EDGE('',*,*,#11498,.T.);
#13981 = ORIENTED_EDGE('',*,*,#13954,.F.);
#13982 = ADVANCED_FACE('',(#13983),#11624,.F.);
#13983 = FACE_BOUND('',#13984,.F.);
#13984 = EDGE_LOOP('',(#13985,#14008,#14035,#14036));
#13985 = ORIENTED_EDGE('',*,*,#13986,.T.);
#13986 = EDGE_CURVE('',#11608,#13987,#13989,.T.);
#13987 = VERTEX_POINT('',#13988);
#13988 = CARTESIAN_POINT('',(-17.08,28.719595949289,29.88));
#13989 = SEAM_CURVE('',#13990,(#13994,#14001),.PCURVE_S1.);
#13990 = LINE('',#13991,#13992);
#13991 = CARTESIAN_POINT('',(-13.5,28.719595949289,26.3));
#13992 = VECTOR('',#13993,1.);
#13993 = DIRECTION('',(-0.707106781187,-1.731912112471E-16,
    0.707106781187));
#13994 = PCURVE('',#11624,#13995);
#13995 = DEFINITIONAL_REPRESENTATION('',(#13996),#14000);
#13996 = LINE('',#13997,#13998);
#13997 = CARTESIAN_POINT('',(-6.28318530718,0.));
#13998 = VECTOR('',#13999,1.);
#13999 = DIRECTION('',(-0.,-1.));
#14000 = ( GEOMETRIC_REPRESENTATION_CONTEXT(2) 
PARAMETRIC_REPRESENTATION_CONTEXT() REPRESENTATION_CONTEXT('2D SPACE',''
  ) );
#14001 = PCURVE('',#11624,#14002);
#14002 = DEFINITIONAL_REPRESENTATION('',(#14003),#14007);
#14003 = LINE('',#14004,#14005);
#14004 = CARTESIAN_POINT('',(0.,-0.));
#14005 = VECTOR('',#14006,1.);
#14006 = DIRECTION('',(-0.,-1.));
#14007 = ( GEOMETRIC_REPRESENTATION_CONTEXT(2) 
PARAMETRIC_REPRESENTATION_CONTEXT() REPRESENTATION_CONTEXT('2D SPACE',''
  ) );
#14008 = ORIENTED_EDGE('',*,*,#14009,.F.);
#14009 = EDGE_CURVE('',#13987,#13987,#14010,.T.);
#14010 = SURFACE_CURVE('',#14011,(#14016,#14023),.PCURVE_S1.);
#14011 = CIRCLE('',#14012,0.12);
#14012 = AXIS2_PLACEMENT_3D('',#14013,#14014,#14015);
#14013 = CARTESIAN_POINT('',(-17.08,28.719595949289,30.));
#14014 = DIRECTION('',(-1.,0.,0.));
#14015 = DIRECTION('',(0.,0.,-1.));
#14016 = PCURVE('',#11624,#14017);
#14017 = DEFINITIONAL_REPRESENTATION('',(#14018),#14022);
#14018 = LINE('',#14019,#14020);
#14019 = CARTESIAN_POINT('',(-0.,-3.58));
#14020 = VECTOR('',#14021,1.);
#14021 = DIRECTION('',(-1.,-0.));
#14022 = ( GEOMETRIC_REPRESENTATION_CONTEXT(2) 
PARAMETRIC_REPRESENTATION_CONTEXT() REPRESENTATION_CONTEXT('2D SPACE',''
  ) );
#14023 = PCURVE('',#14024,#14029);
#14024 = PLANE('',#14025);
#14025 = AXIS2_PLACEMENT_3D('',#14026,#14027,#14028);
#14026 = CARTESIAN_POINT('',(-17.08,28.719595949289,30.));
#14027 = DIRECTION('',(-1.,0.,0.));
#14028 = DIRECTION('',(0.,0.,-1.));
#14029 = DEFINITIONAL_REPRESENTATION('',(#14030),#14034);
#14030 = CIRCLE('',#14031,0.12);
#14031 = AXIS2_PLACEMENT_2D('',#14032,#14033);
#14032 = CARTESIAN_POINT('',(0.,0.));
#14033 = DIRECTION('',(1.,0.));
#14034 = ( GEOMETRIC_REPRESENTATION_CONTEXT(2) 
PARAMETRIC_REPRESENTATION_CONTEXT() REPRESENTATION_CONTEXT('2D SPACE',''
  ) );
#14035 = ORIENTED_EDGE('',*,*,#13986,.F.);
#14036 = ORIENTED_EDGE('',*,*,#11607,.T.);
#14037 = ADVANCED_FACE('',(#14038),#11807,.F.);
#14038 = FACE_BOUND('',#14039,.F.);
#14039 = EDGE_LOOP('',(#14040,#14063,#14090,#14091));
#14040 = ORIENTED_EDGE('',*,*,#14041,.T.);
#14041 = EDGE_CURVE('',#11791,#14042,#14044,.T.);
#14042 = VERTEX_POINT('',#14043);
#14043 = CARTESIAN_POINT('',(-18.92,28.719595949289,30.12));
#14044 = SEAM_CURVE('',#14045,(#14049,#14056),.PCURVE_S1.);
#14045 = LINE('',#14046,#14047);
#14046 = CARTESIAN_POINT('',(-22.5,28.719595949289,33.7));
#14047 = VECTOR('',#14048,1.);
#14048 = DIRECTION('',(0.707106781187,-1.731912112471E-16,
    -0.707106781187));
#14049 = PCURVE('',#11807,#14050);
#14050 = DEFINITIONAL_REPRESENTATION('',(#14051),#14055);
#14051 = LINE('',#14052,#14053);
#14052 = CARTESIAN_POINT('',(-6.28318530718,0.));
#14053 = VECTOR('',#14054,1.);
#14054 = DIRECTION('',(-0.,-1.));
#14055 = ( GEOMETRIC_REPRESENTATION_CONTEXT(2) 
PARAMETRIC_REPRESENTATION_CONTEXT() REPRESENTATION_CONTEXT('2D SPACE',''
  ) );
#14056 = PCURVE('',#11807,#14057);
#14057 = DEFINITIONAL_REPRESENTATION('',(#14058),#14062);
#14058 = LINE('',#14059,#14060);
#14059 = CARTESIAN_POINT('',(0.,-0.));
#14060 = VECTOR('',#14061,1.);
#14061 = DIRECTION('',(-0.,-1.));
#14062 = ( GEOMETRIC_REPRESENTATION_CONTEXT(2) 
PARAMETRIC_REPRESENTATION_CONTEXT() REPRESENTATION_CONTEXT('2D SPACE',''
  ) );
#14063 = ORIENTED_EDGE('',*,*,#14064,.F.);
#14064 = EDGE_CURVE('',#14042,#14042,#14065,.T.);
#14065 = SURFACE_CURVE('',#14066,(#14071,#14078),.PCURVE_S1.);
#14066 = CIRCLE('',#14067,0.12);
#14067 = AXIS2_PLACEMENT_3D('',#14068,#14069,#14070);
#14068 = CARTESIAN_POINT('',(-18.92,28.719595949289,30.));
#14069 = DIRECTION('',(1.,0.,0.));
#14070 = DIRECTION('',(-0.,0.,1.));
#14071 = PCURVE('',#11807,#14072);
#14072 = DEFINITIONAL_REPRESENTATION('',(#14073),#14077);
#14073 = LINE('',#14074,#14075);
#14074 = CARTESIAN_POINT('',(-0.,-3.58));
#14075 = VECTOR('',#14076,1.);
#14076 = DIRECTION('',(-1.,-0.));
#14077 = ( GEOMETRIC_REPRESENTATION_CONTEXT(2) 
PARAMETRIC_REPRESENTATION_CONTEXT() REPRESENTATION_CONTEXT('2D SPACE',''
  ) );
#14078 = PCURVE('',#14079,#14084);
#14079 = PLANE('',#14080);
#14080 = AXIS2_PLACEMENT_3D('',#14081,#14082,#14083);
#14081 = CARTESIAN_POINT('',(-18.92,28.719595949289,30.));
#14082 = DIRECTION('',(1.,0.,0.));
#14083 = DIRECTION('',(-0.,0.,1.));
#14084 = DEFINITIONAL_REPRESENTATION('',(#14085),#14089);
#14085 = CIRCLE('',#14086,0.12);
#14086 = AXIS2_PLACEMENT_2D('',#14087,#14088);
#14087 = CARTESIAN_POINT('',(0.,0.));
#14088 = DIRECTION('',(1.,0.));
#14089 = ( GEOMETRIC_REPRESENTATION_CONTEXT(2) 
PARAMETRIC_REPRESENTATION_CONTEXT() REPRESENTATION_CONTEXT('2D SPACE',''
  ) );
#14090 = ORIENTED_EDGE('',*,*,#14041,.F.);
#14091 = ORIENTED_EDGE('',*,*,#11790,.T.);
#14092 = ADVANCED_FACE('',(#14093),#12069,.F.);
#14093 = FACE_BOUND('',#14094,.F.);
#14094 = EDGE_LOOP('',(#14095,#14118,#14147,#14168));
#14095 = ORIENTED_EDGE('',*,*,#14096,.F.);
#14096 = EDGE_CURVE('',#14097,#12008,#14099,.T.);
#14097 = VERTEX_POINT('',#14098);
#14098 = CARTESIAN_POINT('',(-27.,41.439191898579,2.4));
#14099 = SURFACE_CURVE('',#14100,(#14104,#14111),.PCURVE_S1.);
#14100 = LINE('',#14101,#14102);
#14101 = CARTESIAN_POINT('',(-27.,41.439191898579,2.4));
#14102 = VECTOR('',#14103,1.);
#14103 = DIRECTION('',(0.,0.,1.));
#14104 = PCURVE('',#12069,#14105);
#14105 = DEFINITIONAL_REPRESENTATION('',(#14106),#14110);
#14106 = LINE('',#14107,#14108);
#14107 = CARTESIAN_POINT('',(0.,0.));
#14108 = VECTOR('',#14109,1.);
#14109 = DIRECTION('',(0.,1.));
#14110 = ( GEOMETRIC_REPRESENTATION_CONTEXT(2) 
PARAMETRIC_REPRESENTATION_CONTEXT() REPRESENTATION_CONTEXT('2D SPACE',''
  ) );
#14111 = PCURVE('',#12123,#14112);
#14112 = DEFINITIONAL_REPRESENTATION('',(#14113),#14117);
#14113 = LINE('',#14114,#14115);
#14114 = CARTESIAN_POINT('',(0.,-1.));
#14115 = VECTOR('',#14116,1.);
#14116 = DIRECTION('',(1.,0.));
#14117 = ( GEOMETRIC_REPRESENTATION_CONTEXT(2) 
PARAMETRIC_REPRESENTATION_CONTEXT() REPRESENTATION_CONTEXT('2D SPACE',''
  ) );
#14118 = ORIENTED_EDGE('',*,*,#14119,.T.);
#14119 = EDGE_CURVE('',#14097,#14120,#14122,.T.);
#14120 = VERTEX_POINT('',#14121);
#14121 = CARTESIAN_POINT('',(-26.,40.439191898579,2.4));
#14122 = SURFACE_CURVE('',#14123,(#14128,#14135),.PCURVE_S1.);
#14123 = CIRCLE('',#14124,1.);
#14124 = AXIS2_PLACEMENT_3D('',#14125,#14126,#14127);
#14125 = CARTESIAN_POINT('',(-26.,41.439191898579,2.4));
#14126 = DIRECTION('',(0.,0.,1.));
#14127 = DIRECTION('',(0.,-1.,0.));
#14128 = PCURVE('',#12069,#14129);
#14129 = DEFINITIONAL_REPRESENTATION('',(#14130),#14134);
#14130 = LINE('',#14131,#14132);
#14131 = CARTESIAN_POINT('',(-4.712388980385,0.));
#14132 = VECTOR('',#14133,1.);
#14133 = DIRECTION('',(1.,0.));
#14134 = ( GEOMETRIC_REPRESENTATION_CONTEXT(2) 
PARAMETRIC_REPRESENTATION_CONTEXT() REPRESENTATION_CONTEXT('2D SPACE',''
  ) );
#14135 = PCURVE('',#14136,#14141);
#14136 = PLANE('',#14137);
#14137 = AXIS2_PLACEMENT_3D('',#14138,#14139,#14140);
#14138 = CARTESIAN_POINT('',(-27.,40.439191898579,2.4));
#14139 = DIRECTION('',(0.,0.,1.));
#14140 = DIRECTION('',(1.,0.,0.));
#14141 = DEFINITIONAL_REPRESENTATION('',(#14142),#14146);
#14142 = CIRCLE('',#14143,1.);
#14143 = AXIS2_PLACEMENT_2D('',#14144,#14145);
#14144 = CARTESIAN_POINT('',(1.,1.));
#14145 = DIRECTION('',(0.,-1.));
#14146 = ( GEOMETRIC_REPRESENTATION_CONTEXT(2) 
PARAMETRIC_REPRESENTATION_CONTEXT() REPRESENTATION_CONTEXT('2D SPACE',''
  ) );
#14147 = ORIENTED_EDGE('',*,*,#14148,.T.);
#14148 = EDGE_CURVE('',#14120,#12032,#14149,.T.);
#14149 = SURFACE_CURVE('',#14150,(#14154,#14161),.PCURVE_S1.);
#14150 = LINE('',#14151,#14152);
#14151 = CARTESIAN_POINT('',(-26.,40.439191898579,2.4));
#14152 = VECTOR('',#14153,1.);
#14153 = DIRECTION('',(0.,0.,1.));
#14154 = PCURVE('',#12069,#14155);
#14155 = DEFINITIONAL_REPRESENTATION('',(#14156),#14160);
#14156 = LINE('',#14157,#14158);
#14157 = CARTESIAN_POINT('',(1.570796326795,0.));
#14158 = VECTOR('',#14159,1.);
#14159 = DIRECTION('',(0.,1.));
#14160 = ( GEOMETRIC_REPRESENTATION_CONTEXT(2) 
PARAMETRIC_REPRESENTATION_CONTEXT() REPRESENTATION_CONTEXT('2D SPACE',''
  ) );
#14161 = PCURVE('',#12428,#14162);
#14162 = DEFINITIONAL_REPRESENTATION('',(#14163),#14167);
#14163 = LINE('',#14164,#14165);
#14164 = CARTESIAN_POINT('',(0.,1.));
#14165 = VECTOR('',#14166,1.);
#14166 = DIRECTION('',(1.,0.));
#14167 = ( GEOMETRIC_REPRESENTATION_CONTEXT(2) 
PARAMETRIC_REPRESENTATION_CONTEXT() REPRESENTATION_CONTEXT('2D SPACE',''
  ) );
#14168 = ORIENTED_EDGE('',*,*,#12054,.F.);
#14169 = ADVANCED_FACE('',(#14170),#12123,.T.);
#14170 = FACE_BOUND('',#14171,.T.);
#14171 = EDGE_LOOP('',(#14172,#14195,#14196,#14197));
#14172 = ORIENTED_EDGE('',*,*,#14173,.T.);
#14173 = EDGE_CURVE('',#14174,#12085,#14176,.T.);
#14174 = VERTEX_POINT('',#14175);
#14175 = CARTESIAN_POINT('',(-27.,73.439191898579,2.4));
#14176 = SURFACE_CURVE('',#14177,(#14181,#14188),.PCURVE_S1.);
#14177 = LINE('',#14178,#14179);
#14178 = CARTESIAN_POINT('',(-27.,73.439191898579,2.4));
#14179 = VECTOR('',#14180,1.);
#14180 = DIRECTION('',(0.,0.,1.));
#14181 = PCURVE('',#12123,#14182);
#14182 = DEFINITIONAL_REPRESENTATION('',(#14183),#14187);
#14183 = LINE('',#14184,#14185);
#14184 = CARTESIAN_POINT('',(0.,-33.));
#14185 = VECTOR('',#14186,1.);
#14186 = DIRECTION('',(1.,0.));
#14187 = ( GEOMETRIC_REPRESENTATION_CONTEXT(2) 
PARAMETRIC_REPRESENTATION_CONTEXT() REPRESENTATION_CONTEXT('2D SPACE',''
  ) );
#14188 = PCURVE('',#12178,#14189);
#14189 = DEFINITIONAL_REPRESENTATION('',(#14190),#14194);
#14190 = LINE('',#14191,#14192);
#14191 = CARTESIAN_POINT('',(-0.,0.));
#14192 = VECTOR('',#14193,1.);
#14193 = DIRECTION('',(-0.,1.));
#14194 = ( GEOMETRIC_REPRESENTATION_CONTEXT(2) 
PARAMETRIC_REPRESENTATION_CONTEXT() REPRESENTATION_CONTEXT('2D SPACE',''
  ) );
#14195 = ORIENTED_EDGE('',*,*,#12109,.T.);
#14196 = ORIENTED_EDGE('',*,*,#14096,.F.);
#14197 = ORIENTED_EDGE('',*,*,#14198,.T.);
#14198 = EDGE_CURVE('',#14097,#14174,#14199,.T.);
#14199 = SURFACE_CURVE('',#14200,(#14204,#14211),.PCURVE_S1.);
#14200 = LINE('',#14201,#14202);
#14201 = CARTESIAN_POINT('',(-27.,40.439191898579,2.4));
#14202 = VECTOR('',#14203,1.);
#14203 = DIRECTION('',(0.,1.,0.));
#14204 = PCURVE('',#12123,#14205);
#14205 = DEFINITIONAL_REPRESENTATION('',(#14206),#14210);
#14206 = LINE('',#14207,#14208);
#14207 = CARTESIAN_POINT('',(0.,0.));
#14208 = VECTOR('',#14209,1.);
#14209 = DIRECTION('',(0.,-1.));
#14210 = ( GEOMETRIC_REPRESENTATION_CONTEXT(2) 
PARAMETRIC_REPRESENTATION_CONTEXT() REPRESENTATION_CONTEXT('2D SPACE',''
  ) );
#14211 = PCURVE('',#14136,#14212);
#14212 = DEFINITIONAL_REPRESENTATION('',(#14213),#14217);
#14213 = LINE('',#14214,#14215);
#14214 = CARTESIAN_POINT('',(0.,0.));
#14215 = VECTOR('',#14216,1.);
#14216 = DIRECTION('',(0.,1.));
#14217 = ( GEOMETRIC_REPRESENTATION_CONTEXT(2) 
PARAMETRIC_REPRESENTATION_CONTEXT() REPRESENTATION_CONTEXT('2D SPACE',''
  ) );
#14218 = ADVANCED_FACE('',(#14219),#12178,.F.);
#14219 = FACE_BOUND('',#14220,.T.);
#14220 = EDGE_LOOP('',(#14221,#14222,#14250,#14271));
#14221 = ORIENTED_EDGE('',*,*,#14173,.F.);
#14222 = ORIENTED_EDGE('',*,*,#14223,.T.);
#14223 = EDGE_CURVE('',#14174,#14224,#14226,.T.);
#14224 = VERTEX_POINT('',#14225);
#14225 = CARTESIAN_POINT('',(-26.,74.439191898579,2.4));
#14226 = SURFACE_CURVE('',#14227,(#14232,#14239),.PCURVE_S1.);
#14227 = CIRCLE('',#14228,1.);
#14228 = AXIS2_PLACEMENT_3D('',#14229,#14230,#14231);
#14229 = CARTESIAN_POINT('',(-26.,73.439191898579,2.4));
#14230 = DIRECTION('',(-0.,-0.,-1.));
#14231 = DIRECTION('',(0.,-1.,0.));
#14232 = PCURVE('',#12178,#14233);
#14233 = DEFINITIONAL_REPRESENTATION('',(#14234),#14238);
#14234 = LINE('',#14235,#14236);
#14235 = CARTESIAN_POINT('',(1.570796326795,-0.));
#14236 = VECTOR('',#14237,1.);
#14237 = DIRECTION('',(-1.,0.));
#14238 = ( GEOMETRIC_REPRESENTATION_CONTEXT(2) 
PARAMETRIC_REPRESENTATION_CONTEXT() REPRESENTATION_CONTEXT('2D SPACE',''
  ) );
#14239 = PCURVE('',#14136,#14240);
#14240 = DEFINITIONAL_REPRESENTATION('',(#14241),#14249);
#14241 = ( BOUNDED_CURVE() B_SPLINE_CURVE(2,(#14242,#14243,#14244,#14245
    ,#14246,#14247,#14248),.UNSPECIFIED.,.T.,.F.) 
B_SPLINE_CURVE_WITH_KNOTS((1,2,2,2,2,1),(-2.094395102393,0.,
    2.094395102393,4.188790204786,6.28318530718,8.377580409573),
.UNSPECIFIED.) CURVE() GEOMETRIC_REPRESENTATION_ITEM() 
RATIONAL_B_SPLINE_CURVE((1.,0.5,1.,0.5,1.,0.5,1.)) REPRESENTATION_ITEM(
  '') );
#14242 = CARTESIAN_POINT('',(1.,32.));
#14243 = CARTESIAN_POINT('',(-0.732050807569,32.));
#14244 = CARTESIAN_POINT('',(0.133974596216,33.5));
#14245 = CARTESIAN_POINT('',(1.,35.));
#14246 = CARTESIAN_POINT('',(1.866025403784,33.5));
#14247 = CARTESIAN_POINT('',(2.732050807569,32.));
#14248 = CARTESIAN_POINT('',(1.,32.));
#14249 = ( GEOMETRIC_REPRESENTATION_CONTEXT(2) 
PARAMETRIC_REPRESENTATION_CONTEXT() REPRESENTATION_CONTEXT('2D SPACE',''
  ) );
#14250 = ORIENTED_EDGE('',*,*,#14251,.T.);
#14251 = EDGE_CURVE('',#14224,#12139,#14252,.T.);
#14252 = SURFACE_CURVE('',#14253,(#14257,#14264),.PCURVE_S1.);
#14253 = LINE('',#14254,#14255);
#14254 = CARTESIAN_POINT('',(-26.,74.439191898579,2.4));
#14255 = VECTOR('',#14256,1.);
#14256 = DIRECTION('',(0.,0.,1.));
#14257 = PCURVE('',#12178,#14258);
#14258 = DEFINITIONAL_REPRESENTATION('',(#14259),#14263);
#14259 = LINE('',#14260,#14261);
#14260 = CARTESIAN_POINT('',(-1.570796326795,0.));
#14261 = VECTOR('',#14262,1.);
#14262 = DIRECTION('',(-0.,1.));
#14263 = ( GEOMETRIC_REPRESENTATION_CONTEXT(2) 
PARAMETRIC_REPRESENTATION_CONTEXT() REPRESENTATION_CONTEXT('2D SPACE',''
  ) );
#14264 = PCURVE('',#12232,#14265);
#14265 = DEFINITIONAL_REPRESENTATION('',(#14266),#14270);
#14266 = LINE('',#14267,#14268);
#14267 = CARTESIAN_POINT('',(0.,1.));
#14268 = VECTOR('',#14269,1.);
#14269 = DIRECTION('',(1.,0.));
#14270 = ( GEOMETRIC_REPRESENTATION_CONTEXT(2) 
PARAMETRIC_REPRESENTATION_CONTEXT() REPRESENTATION_CONTEXT('2D SPACE',''
  ) );
#14271 = ORIENTED_EDGE('',*,*,#12163,.T.);
#14272 = ADVANCED_FACE('',(#14273),#12232,.F.);
#14273 = FACE_BOUND('',#14274,.F.);
#14274 = EDGE_LOOP('',(#14275,#14298,#14319,#14320));
#14275 = ORIENTED_EDGE('',*,*,#14276,.F.);
#14276 = EDGE_CURVE('',#14277,#12194,#14279,.T.);
#14277 = VERTEX_POINT('',#14278);
#14278 = CARTESIAN_POINT('',(26.,74.439191898579,2.4));
#14279 = SURFACE_CURVE('',#14280,(#14284,#14291),.PCURVE_S1.);
#14280 = LINE('',#14281,#14282);
#14281 = CARTESIAN_POINT('',(26.,74.439191898579,2.4));
#14282 = VECTOR('',#14283,1.);
#14283 = DIRECTION('',(0.,0.,1.));
#14284 = PCURVE('',#12232,#14285);
#14285 = DEFINITIONAL_REPRESENTATION('',(#14286),#14290);
#14286 = LINE('',#14287,#14288);
#14287 = CARTESIAN_POINT('',(0.,53.));
#14288 = VECTOR('',#14289,1.);
#14289 = DIRECTION('',(1.,0.));
#14290 = ( GEOMETRIC_REPRESENTATION_CONTEXT(2) 
PARAMETRIC_REPRESENTATION_CONTEXT() REPRESENTATION_CONTEXT('2D SPACE',''
  ) );
#14291 = PCURVE('',#12287,#14292);
#14292 = DEFINITIONAL_REPRESENTATION('',(#14293),#14297);
#14293 = LINE('',#14294,#14295);
#14294 = CARTESIAN_POINT('',(1.570796326795,0.));
#14295 = VECTOR('',#14296,1.);
#14296 = DIRECTION('',(0.,1.));
#14297 = ( GEOMETRIC_REPRESENTATION_CONTEXT(2) 
PARAMETRIC_REPRESENTATION_CONTEXT() REPRESENTATION_CONTEXT('2D SPACE',''
  ) );
#14298 = ORIENTED_EDGE('',*,*,#14299,.F.);
#14299 = EDGE_CURVE('',#14224,#14277,#14300,.T.);
#14300 = SURFACE_CURVE('',#14301,(#14305,#14312),.PCURVE_S1.);
#14301 = LINE('',#14302,#14303);
#14302 = CARTESIAN_POINT('',(-27.,74.439191898579,2.4));
#14303 = VECTOR('',#14304,1.);
#14304 = DIRECTION('',(1.,0.,0.));
#14305 = PCURVE('',#12232,#14306);
#14306 = DEFINITIONAL_REPRESENTATION('',(#14307),#14311);
#14307 = LINE('',#14308,#14309);
#14308 = CARTESIAN_POINT('',(0.,0.));
#14309 = VECTOR('',#14310,1.);
#14310 = DIRECTION('',(0.,1.));
#14311 = ( GEOMETRIC_REPRESENTATION_CONTEXT(2) 
PARAMETRIC_REPRESENTATION_CONTEXT() REPRESENTATION_CONTEXT('2D SPACE',''
  ) );
#14312 = PCURVE('',#14136,#14313);
#14313 = DEFINITIONAL_REPRESENTATION('',(#14314),#14318);
#14314 = LINE('',#14315,#14316);
#14315 = CARTESIAN_POINT('',(0.,34.));
#14316 = VECTOR('',#14317,1.);
#14317 = DIRECTION('',(1.,0.));
#14318 = ( GEOMETRIC_REPRESENTATION_CONTEXT(2) 
PARAMETRIC_REPRESENTATION_CONTEXT() REPRESENTATION_CONTEXT('2D SPACE',''
  ) );
#14319 = ORIENTED_EDGE('',*,*,#14251,.T.);
#14320 = ORIENTED_EDGE('',*,*,#12218,.F.);
#14321 = ADVANCED_FACE('',(#14322),#12287,.F.);
#14322 = FACE_BOUND('',#14323,.F.);
#14323 = EDGE_LOOP('',(#14324,#14347,#14369,#14370));
#14324 = ORIENTED_EDGE('',*,*,#14325,.F.);
#14325 = EDGE_CURVE('',#14326,#12248,#14328,.T.);
#14326 = VERTEX_POINT('',#14327);
#14327 = CARTESIAN_POINT('',(27.,73.439191898579,2.4));
#14328 = SURFACE_CURVE('',#14329,(#14333,#14340),.PCURVE_S1.);
#14329 = LINE('',#14330,#14331);
#14330 = CARTESIAN_POINT('',(27.,73.439191898579,2.4));
#14331 = VECTOR('',#14332,1.);
#14332 = DIRECTION('',(0.,0.,1.));
#14333 = PCURVE('',#12287,#14334);
#14334 = DEFINITIONAL_REPRESENTATION('',(#14335),#14339);
#14335 = LINE('',#14336,#14337);
#14336 = CARTESIAN_POINT('',(0.,0.));
#14337 = VECTOR('',#14338,1.);
#14338 = DIRECTION('',(0.,1.));
#14339 = ( GEOMETRIC_REPRESENTATION_CONTEXT(2) 
PARAMETRIC_REPRESENTATION_CONTEXT() REPRESENTATION_CONTEXT('2D SPACE',''
  ) );
#14340 = PCURVE('',#12341,#14341);
#14341 = DEFINITIONAL_REPRESENTATION('',(#14342),#14346);
#14342 = LINE('',#14343,#14344);
#14343 = CARTESIAN_POINT('',(0.,-33.));
#14344 = VECTOR('',#14345,1.);
#14345 = DIRECTION('',(1.,0.));
#14346 = ( GEOMETRIC_REPRESENTATION_CONTEXT(2) 
PARAMETRIC_REPRESENTATION_CONTEXT() REPRESENTATION_CONTEXT('2D SPACE',''
  ) );
#14347 = ORIENTED_EDGE('',*,*,#14348,.T.);
#14348 = EDGE_CURVE('',#14326,#14277,#14349,.T.);
#14349 = SURFACE_CURVE('',#14350,(#14355,#14362),.PCURVE_S1.);
#14350 = CIRCLE('',#14351,1.);
#14351 = AXIS2_PLACEMENT_3D('',#14352,#14353,#14354);
#14352 = CARTESIAN_POINT('',(26.,73.439191898579,2.4));
#14353 = DIRECTION('',(0.,0.,1.));
#14354 = DIRECTION('',(0.,-1.,0.));
#14355 = PCURVE('',#12287,#14356);
#14356 = DEFINITIONAL_REPRESENTATION('',(#14357),#14361);
#14357 = LINE('',#14358,#14359);
#14358 = CARTESIAN_POINT('',(-1.570796326795,0.));
#14359 = VECTOR('',#14360,1.);
#14360 = DIRECTION('',(1.,0.));
#14361 = ( GEOMETRIC_REPRESENTATION_CONTEXT(2) 
PARAMETRIC_REPRESENTATION_CONTEXT() REPRESENTATION_CONTEXT('2D SPACE',''
  ) );
#14362 = PCURVE('',#14136,#14363);
#14363 = DEFINITIONAL_REPRESENTATION('',(#14364),#14368);
#14364 = CIRCLE('',#14365,1.);
#14365 = AXIS2_PLACEMENT_2D('',#14366,#14367);
#14366 = CARTESIAN_POINT('',(53.,33.));
#14367 = DIRECTION('',(0.,-1.));
#14368 = ( GEOMETRIC_REPRESENTATION_CONTEXT(2) 
PARAMETRIC_REPRESENTATION_CONTEXT() REPRESENTATION_CONTEXT('2D SPACE',''
  ) );
#14369 = ORIENTED_EDGE('',*,*,#14276,.T.);
#14370 = ORIENTED_EDGE('',*,*,#12272,.F.);
#14371 = ADVANCED_FACE('',(#14372),#12341,.F.);
#14372 = FACE_BOUND('',#14373,.F.);
#14373 = EDGE_LOOP('',(#14374,#14375,#14376,#14399));
#14374 = ORIENTED_EDGE('',*,*,#14325,.T.);
#14375 = ORIENTED_EDGE('',*,*,#12327,.F.);
#14376 = ORIENTED_EDGE('',*,*,#14377,.F.);
#14377 = EDGE_CURVE('',#14378,#12303,#14380,.T.);
#14378 = VERTEX_POINT('',#14379);
#14379 = CARTESIAN_POINT('',(27.,41.439191898579,2.4));
#14380 = SURFACE_CURVE('',#14381,(#14385,#14392),.PCURVE_S1.);
#14381 = LINE('',#14382,#14383);
#14382 = CARTESIAN_POINT('',(27.,41.439191898579,2.4));
#14383 = VECTOR('',#14384,1.);
#14384 = DIRECTION('',(0.,0.,1.));
#14385 = PCURVE('',#12341,#14386);
#14386 = DEFINITIONAL_REPRESENTATION('',(#14387),#14391);
#14387 = LINE('',#14388,#14389);
#14388 = CARTESIAN_POINT('',(0.,-1.));
#14389 = VECTOR('',#14390,1.);
#14390 = DIRECTION('',(1.,0.));
#14391 = ( GEOMETRIC_REPRESENTATION_CONTEXT(2) 
PARAMETRIC_REPRESENTATION_CONTEXT() REPRESENTATION_CONTEXT('2D SPACE',''
  ) );
#14392 = PCURVE('',#12396,#14393);
#14393 = DEFINITIONAL_REPRESENTATION('',(#14394),#14398);
#14394 = LINE('',#14395,#14396);
#14395 = CARTESIAN_POINT('',(-0.,0.));
#14396 = VECTOR('',#14397,1.);
#14397 = DIRECTION('',(-0.,1.));
#14398 = ( GEOMETRIC_REPRESENTATION_CONTEXT(2) 
PARAMETRIC_REPRESENTATION_CONTEXT() REPRESENTATION_CONTEXT('2D SPACE',''
  ) );
#14399 = ORIENTED_EDGE('',*,*,#14400,.T.);
#14400 = EDGE_CURVE('',#14378,#14326,#14401,.T.);
#14401 = SURFACE_CURVE('',#14402,(#14406,#14413),.PCURVE_S1.);
#14402 = LINE('',#14403,#14404);
#14403 = CARTESIAN_POINT('',(27.,40.439191898579,2.4));
#14404 = VECTOR('',#14405,1.);
#14405 = DIRECTION('',(0.,1.,0.));
#14406 = PCURVE('',#12341,#14407);
#14407 = DEFINITIONAL_REPRESENTATION('',(#14408),#14412);
#14408 = LINE('',#14409,#14410);
#14409 = CARTESIAN_POINT('',(0.,0.));
#14410 = VECTOR('',#14411,1.);
#14411 = DIRECTION('',(0.,-1.));
#14412 = ( GEOMETRIC_REPRESENTATION_CONTEXT(2) 
PARAMETRIC_REPRESENTATION_CONTEXT() REPRESENTATION_CONTEXT('2D SPACE',''
  ) );
#14413 = PCURVE('',#14136,#14414);
#14414 = DEFINITIONAL_REPRESENTATION('',(#14415),#14419);
#14415 = LINE('',#14416,#14417);
#14416 = CARTESIAN_POINT('',(54.,0.));
#14417 = VECTOR('',#14418,1.);
#14418 = DIRECTION('',(0.,1.));
#14419 = ( GEOMETRIC_REPRESENTATION_CONTEXT(2) 
PARAMETRIC_REPRESENTATION_CONTEXT() REPRESENTATION_CONTEXT('2D SPACE',''
  ) );
#14420 = ADVANCED_FACE('',(#14421),#12396,.F.);
#14421 = FACE_BOUND('',#14422,.T.);
#14422 = EDGE_LOOP('',(#14423,#14424,#14452,#14473));
#14423 = ORIENTED_EDGE('',*,*,#14377,.F.);
#14424 = ORIENTED_EDGE('',*,*,#14425,.T.);
#14425 = EDGE_CURVE('',#14378,#14426,#14428,.T.);
#14426 = VERTEX_POINT('',#14427);
#14427 = CARTESIAN_POINT('',(26.,40.439191898579,2.4));
#14428 = SURFACE_CURVE('',#14429,(#14434,#14441),.PCURVE_S1.);
#14429 = CIRCLE('',#14430,1.);
#14430 = AXIS2_PLACEMENT_3D('',#14431,#14432,#14433);
#14431 = CARTESIAN_POINT('',(26.,41.439191898579,2.4));
#14432 = DIRECTION('',(-0.,-0.,-1.));
#14433 = DIRECTION('',(0.,-1.,0.));
#14434 = PCURVE('',#12396,#14435);
#14435 = DEFINITIONAL_REPRESENTATION('',(#14436),#14440);
#14436 = LINE('',#14437,#14438);
#14437 = CARTESIAN_POINT('',(4.712388980385,-0.));
#14438 = VECTOR('',#14439,1.);
#14439 = DIRECTION('',(-1.,0.));
#14440 = ( GEOMETRIC_REPRESENTATION_CONTEXT(2) 
PARAMETRIC_REPRESENTATION_CONTEXT() REPRESENTATION_CONTEXT('2D SPACE',''
  ) );
#14441 = PCURVE('',#14136,#14442);
#14442 = DEFINITIONAL_REPRESENTATION('',(#14443),#14451);
#14443 = ( BOUNDED_CURVE() B_SPLINE_CURVE(2,(#14444,#14445,#14446,#14447
    ,#14448,#14449,#14450),.UNSPECIFIED.,.T.,.F.) 
B_SPLINE_CURVE_WITH_KNOTS((1,2,2,2,2,1),(-2.094395102393,0.,
    2.094395102393,4.188790204786,6.28318530718,8.377580409573),
.UNSPECIFIED.) CURVE() GEOMETRIC_REPRESENTATION_ITEM() 
RATIONAL_B_SPLINE_CURVE((1.,0.5,1.,0.5,1.,0.5,1.)) REPRESENTATION_ITEM(
  '') );
#14444 = CARTESIAN_POINT('',(53.,0.));
#14445 = CARTESIAN_POINT('',(51.267949192431,0.));
#14446 = CARTESIAN_POINT('',(52.133974596216,1.5));
#14447 = CARTESIAN_POINT('',(53.,3.));
#14448 = CARTESIAN_POINT('',(53.866025403784,1.5));
#14449 = CARTESIAN_POINT('',(54.732050807569,1.554312234475E-15));
#14450 = CARTESIAN_POINT('',(53.,0.));
#14451 = ( GEOMETRIC_REPRESENTATION_CONTEXT(2) 
PARAMETRIC_REPRESENTATION_CONTEXT() REPRESENTATION_CONTEXT('2D SPACE',''
  ) );
#14452 = ORIENTED_EDGE('',*,*,#14453,.T.);
#14453 = EDGE_CURVE('',#14426,#12357,#14454,.T.);
#14454 = SURFACE_CURVE('',#14455,(#14459,#14466),.PCURVE_S1.);
#14455 = LINE('',#14456,#14457);
#14456 = CARTESIAN_POINT('',(26.,40.439191898579,2.4));
#14457 = VECTOR('',#14458,1.);
#14458 = DIRECTION('',(0.,0.,1.));
#14459 = PCURVE('',#12396,#14460);
#14460 = DEFINITIONAL_REPRESENTATION('',(#14461),#14465);
#14461 = LINE('',#14462,#14463);
#14462 = CARTESIAN_POINT('',(-1.570796326795,0.));
#14463 = VECTOR('',#14464,1.);
#14464 = DIRECTION('',(-0.,1.));
#14465 = ( GEOMETRIC_REPRESENTATION_CONTEXT(2) 
PARAMETRIC_REPRESENTATION_CONTEXT() REPRESENTATION_CONTEXT('2D SPACE',''
  ) );
#14466 = PCURVE('',#12428,#14467);
#14467 = DEFINITIONAL_REPRESENTATION('',(#14468),#14472);
#14468 = LINE('',#14469,#14470);
#14469 = CARTESIAN_POINT('',(0.,53.));
#14470 = VECTOR('',#14471,1.);
#14471 = DIRECTION('',(1.,0.));
#14472 = ( GEOMETRIC_REPRESENTATION_CONTEXT(2) 
PARAMETRIC_REPRESENTATION_CONTEXT() REPRESENTATION_CONTEXT('2D SPACE',''
  ) );
#14473 = ORIENTED_EDGE('',*,*,#12381,.T.);
#14474 = ADVANCED_FACE('',(#14475),#12428,.T.);
#14475 = FACE_BOUND('',#14476,.T.);
#14476 = EDGE_LOOP('',(#14477,#14478,#14499,#14500));
#14477 = ORIENTED_EDGE('',*,*,#14453,.F.);
#14478 = ORIENTED_EDGE('',*,*,#14479,.F.);
#14479 = EDGE_CURVE('',#14120,#14426,#14480,.T.);
#14480 = SURFACE_CURVE('',#14481,(#14485,#14492),.PCURVE_S1.);
#14481 = LINE('',#14482,#14483);
#14482 = CARTESIAN_POINT('',(-27.,40.439191898579,2.4));
#14483 = VECTOR('',#14484,1.);
#14484 = DIRECTION('',(1.,0.,0.));
#14485 = PCURVE('',#12428,#14486);
#14486 = DEFINITIONAL_REPRESENTATION('',(#14487),#14491);
#14487 = LINE('',#14488,#14489);
#14488 = CARTESIAN_POINT('',(0.,0.));
#14489 = VECTOR('',#14490,1.);
#14490 = DIRECTION('',(0.,1.));
#14491 = ( GEOMETRIC_REPRESENTATION_CONTEXT(2) 
PARAMETRIC_REPRESENTATION_CONTEXT() REPRESENTATION_CONTEXT('2D SPACE',''
  ) );
#14492 = PCURVE('',#14136,#14493);
#14493 = DEFINITIONAL_REPRESENTATION('',(#14494),#14498);
#14494 = LINE('',#14495,#14496);
#14495 = CARTESIAN_POINT('',(0.,0.));
#14496 = VECTOR('',#14497,1.);
#14497 = DIRECTION('',(1.,0.));
#14498 = ( GEOMETRIC_REPRESENTATION_CONTEXT(2) 
PARAMETRIC_REPRESENTATION_CONTEXT() REPRESENTATION_CONTEXT('2D SPACE',''
  ) );
#14499 = ORIENTED_EDGE('',*,*,#14148,.T.);
#14500 = ORIENTED_EDGE('',*,*,#12414,.T.);
#14501 = ADVANCED_FACE('',(#14502),#12619,.T.);
#14502 = FACE_BOUND('',#14503,.T.);
#14503 = EDGE_LOOP('',(#14504,#14505,#14506,#14529));
#14504 = ORIENTED_EDGE('',*,*,#12601,.F.);
#14505 = ORIENTED_EDGE('',*,*,#12897,.T.);
#14506 = ORIENTED_EDGE('',*,*,#14507,.T.);
#14507 = EDGE_CURVE('',#12898,#14508,#14510,.T.);
#14508 = VERTEX_POINT('',#14509);
#14509 = CARTESIAN_POINT('',(-8.75,78.239191898579,36.));
#14510 = SURFACE_CURVE('',#14511,(#14515,#14522),.PCURVE_S1.);
#14511 = LINE('',#14512,#14513);
#14512 = CARTESIAN_POINT('',(-8.75,78.239191898579,9.2));
#14513 = VECTOR('',#14514,1.);
#14514 = DIRECTION('',(0.,0.,1.));
#14515 = PCURVE('',#12619,#14516);
#14516 = DEFINITIONAL_REPRESENTATION('',(#14517),#14521);
#14517 = LINE('',#14518,#14519);
#14518 = CARTESIAN_POINT('',(1.570796326795,0.));
#14519 = VECTOR('',#14520,1.);
#14520 = DIRECTION('',(0.,1.));
#14521 = ( GEOMETRIC_REPRESENTATION_CONTEXT(2) 
PARAMETRIC_REPRESENTATION_CONTEXT() REPRESENTATION_CONTEXT('2D SPACE',''
  ) );
#14522 = PCURVE('',#12855,#14523);
#14523 = DEFINITIONAL_REPRESENTATION('',(#14524),#14528);
#14524 = LINE('',#14525,#14526);
#14525 = CARTESIAN_POINT('',(0.,0.25));
#14526 = VECTOR('',#14527,1.);
#14527 = DIRECTION('',(1.,0.));
#14528 = ( GEOMETRIC_REPRESENTATION_CONTEXT(2) 
PARAMETRIC_REPRESENTATION_CONTEXT() REPRESENTATION_CONTEXT('2D SPACE',''
  ) );
#14529 = ORIENTED_EDGE('',*,*,#14530,.F.);
#14530 = EDGE_CURVE('',#12604,#14508,#14531,.T.);
#14531 = SURFACE_CURVE('',#14532,(#14537,#14544),.PCURVE_S1.);
#14532 = CIRCLE('',#14533,0.25);
#14533 = AXIS2_PLACEMENT_3D('',#14534,#14535,#14536);
#14534 = CARTESIAN_POINT('',(-8.75,78.489191898579,36.));
#14535 = DIRECTION('',(0.,0.,1.));
#14536 = DIRECTION('',(-1.,-0.,0.));
#14537 = PCURVE('',#12619,#14538);
#14538 = DEFINITIONAL_REPRESENTATION('',(#14539),#14543);
#14539 = LINE('',#14540,#14541);
#14540 = CARTESIAN_POINT('',(0.,26.8));
#14541 = VECTOR('',#14542,1.);
#14542 = DIRECTION('',(1.,0.));
#14543 = ( GEOMETRIC_REPRESENTATION_CONTEXT(2) 
PARAMETRIC_REPRESENTATION_CONTEXT() REPRESENTATION_CONTEXT('2D SPACE',''
  ) );
#14544 = PCURVE('',#12881,#14545);
#14545 = DEFINITIONAL_REPRESENTATION('',(#14546),#14550);
#14546 = CIRCLE('',#14547,0.25);
#14547 = AXIS2_PLACEMENT_2D('',#14548,#14549);
#14548 = CARTESIAN_POINT('',(0.25,0.25));
#14549 = DIRECTION('',(-1.,0.));
#14550 = ( GEOMETRIC_REPRESENTATION_CONTEXT(2) 
PARAMETRIC_REPRESENTATION_CONTEXT() REPRESENTATION_CONTEXT('2D SPACE',''
  ) );
#14551 = ADVANCED_FACE('',(#14552),#12881,.F.);
#14552 = FACE_BOUND('',#14553,.F.);
#14553 = EDGE_LOOP('',(#14554,#14555,#14576));
#14554 = ORIENTED_EDGE('',*,*,#12867,.F.);
#14555 = ORIENTED_EDGE('',*,*,#14556,.T.);
#14556 = EDGE_CURVE('',#12840,#14508,#14557,.T.);
#14557 = SURFACE_CURVE('',#14558,(#14562,#14569),.PCURVE_S1.);
#14558 = LINE('',#14559,#14560);
#14559 = CARTESIAN_POINT('',(-9.,78.239191898579,36.));
#14560 = VECTOR('',#14561,1.);
#14561 = DIRECTION('',(1.,0.,0.));
#14562 = PCURVE('',#12881,#14563);
#14563 = DEFINITIONAL_REPRESENTATION('',(#14564),#14568);
#14564 = LINE('',#14565,#14566);
#14565 = CARTESIAN_POINT('',(0.,0.));
#14566 = VECTOR('',#14567,1.);
#14567 = DIRECTION('',(1.,0.));
#14568 = ( GEOMETRIC_REPRESENTATION_CONTEXT(2) 
PARAMETRIC_REPRESENTATION_CONTEXT() REPRESENTATION_CONTEXT('2D SPACE',''
  ) );
#14569 = PCURVE('',#12855,#14570);
#14570 = DEFINITIONAL_REPRESENTATION('',(#14571),#14575);
#14571 = LINE('',#14572,#14573);
#14572 = CARTESIAN_POINT('',(26.8,0.));
#14573 = VECTOR('',#14574,1.);
#14574 = DIRECTION('',(0.,1.));
#14575 = ( GEOMETRIC_REPRESENTATION_CONTEXT(2) 
PARAMETRIC_REPRESENTATION_CONTEXT() REPRESENTATION_CONTEXT('2D SPACE',''
  ) );
#14576 = ORIENTED_EDGE('',*,*,#14530,.F.);
#14577 = ADVANCED_FACE('',(#14578),#12855,.F.);
#14578 = FACE_BOUND('',#14579,.F.);
#14579 = EDGE_LOOP('',(#14580,#14581,#14582,#14583,#14584,#14605,#14606,
    #14629,#14650,#14651,#14674,#14697));
#14580 = ORIENTED_EDGE('',*,*,#12925,.F.);
#14581 = ORIENTED_EDGE('',*,*,#14507,.T.);
#14582 = ORIENTED_EDGE('',*,*,#14556,.F.);
#14583 = ORIENTED_EDGE('',*,*,#12839,.T.);
#14584 = ORIENTED_EDGE('',*,*,#14585,.F.);
#14585 = EDGE_CURVE('',#13392,#12812,#14586,.T.);
#14586 = SURFACE_CURVE('',#14587,(#14591,#14598),.PCURVE_S1.);
#14587 = LINE('',#14588,#14589);
#14588 = CARTESIAN_POINT('',(9.,78.239191898579,39.));
#14589 = VECTOR('',#14590,1.);
#14590 = DIRECTION('',(-1.,0.,0.));
#14591 = PCURVE('',#12855,#14592);
#14592 = DEFINITIONAL_REPRESENTATION('',(#14593),#14597);
#14593 = LINE('',#14594,#14595);
#14594 = CARTESIAN_POINT('',(29.8,18.));
#14595 = VECTOR('',#14596,1.);
#14596 = DIRECTION('',(0.,-1.));
#14597 = ( GEOMETRIC_REPRESENTATION_CONTEXT(2) 
PARAMETRIC_REPRESENTATION_CONTEXT() REPRESENTATION_CONTEXT('2D SPACE',''
  ) );
#14598 = PCURVE('',#12827,#14599);
#14599 = DEFINITIONAL_REPRESENTATION('',(#14600),#14604);
#14600 = LINE('',#14601,#14602);
#14601 = CARTESIAN_POINT('',(18.,0.));
#14602 = VECTOR('',#14603,1.);
#14603 = DIRECTION('',(-1.,0.));
#14604 = ( GEOMETRIC_REPRESENTATION_CONTEXT(2) 
PARAMETRIC_REPRESENTATION_CONTEXT() REPRESENTATION_CONTEXT('2D SPACE',''
  ) );
#14605 = ORIENTED_EDGE('',*,*,#13414,.F.);
#14606 = ORIENTED_EDGE('',*,*,#14607,.F.);
#14607 = EDGE_CURVE('',#14608,#13415,#14610,.T.);
#14608 = VERTEX_POINT('',#14609);
#14609 = CARTESIAN_POINT('',(8.75,78.239191898579,36.));
#14610 = SURFACE_CURVE('',#14611,(#14615,#14622),.PCURVE_S1.);
#14611 = LINE('',#14612,#14613);
#14612 = CARTESIAN_POINT('',(-9.,78.239191898579,36.));
#14613 = VECTOR('',#14614,1.);
#14614 = DIRECTION('',(1.,0.,0.));
#14615 = PCURVE('',#12855,#14616);
#14616 = DEFINITIONAL_REPRESENTATION('',(#14617),#14621);
#14617 = LINE('',#14618,#14619);
#14618 = CARTESIAN_POINT('',(26.8,0.));
#14619 = VECTOR('',#14620,1.);
#14620 = DIRECTION('',(0.,1.));
#14621 = ( GEOMETRIC_REPRESENTATION_CONTEXT(2) 
PARAMETRIC_REPRESENTATION_CONTEXT() REPRESENTATION_CONTEXT('2D SPACE',''
  ) );
#14622 = PCURVE('',#13451,#14623);
#14623 = DEFINITIONAL_REPRESENTATION('',(#14624),#14628);
#14624 = LINE('',#14625,#14626);
#14625 = CARTESIAN_POINT('',(0.,0.));
#14626 = VECTOR('',#14627,1.);
#14627 = DIRECTION('',(1.,0.));
#14628 = ( GEOMETRIC_REPRESENTATION_CONTEXT(2) 
PARAMETRIC_REPRESENTATION_CONTEXT() REPRESENTATION_CONTEXT('2D SPACE',''
  ) );
#14629 = ORIENTED_EDGE('',*,*,#14630,.F.);
#14630 = EDGE_CURVE('',#13699,#14608,#14631,.T.);
#14631 = SURFACE_CURVE('',#14632,(#14636,#14643),.PCURVE_S1.);
#14632 = LINE('',#14633,#14634);
#14633 = CARTESIAN_POINT('',(8.75,78.239191898579,9.2));
#14634 = VECTOR('',#14635,1.);
#14635 = DIRECTION('',(0.,0.,1.));
#14636 = PCURVE('',#12855,#14637);
#14637 = DEFINITIONAL_REPRESENTATION('',(#14638),#14642);
#14638 = LINE('',#14639,#14640);
#14639 = CARTESIAN_POINT('',(0.,17.75));
#14640 = VECTOR('',#14641,1.);
#14641 = DIRECTION('',(1.,0.));
#14642 = ( GEOMETRIC_REPRESENTATION_CONTEXT(2) 
PARAMETRIC_REPRESENTATION_CONTEXT() REPRESENTATION_CONTEXT('2D SPACE',''
  ) );
#14643 = PCURVE('',#13204,#14644);
#14644 = DEFINITIONAL_REPRESENTATION('',(#14645),#14649);
#14645 = LINE('',#14646,#14647);
#14646 = CARTESIAN_POINT('',(-1.570796326795,0.));
#14647 = VECTOR('',#14648,1.);
#14648 = DIRECTION('',(-0.,1.));
#14649 = ( GEOMETRIC_REPRESENTATION_CONTEXT(2) 
PARAMETRIC_REPRESENTATION_CONTEXT() REPRESENTATION_CONTEXT('2D SPACE',''
  ) );
#14650 = ORIENTED_EDGE('',*,*,#13698,.F.);
#14651 = ORIENTED_EDGE('',*,*,#14652,.T.);
#14652 = EDGE_CURVE('',#13671,#14653,#14655,.T.);
#14653 = VERTEX_POINT('',#14654);
#14654 = CARTESIAN_POINT('',(6.25,78.239191898579,36.));
#14655 = SURFACE_CURVE('',#14656,(#14660,#14667),.PCURVE_S1.);
#14656 = LINE('',#14657,#14658);
#14657 = CARTESIAN_POINT('',(6.25,78.239191898579,9.2));
#14658 = VECTOR('',#14659,1.);
#14659 = DIRECTION('',(0.,0.,1.));
#14660 = PCURVE('',#12855,#14661);
#14661 = DEFINITIONAL_REPRESENTATION('',(#14662),#14666);
#14662 = LINE('',#14663,#14664);
#14663 = CARTESIAN_POINT('',(0.,15.25));
#14664 = VECTOR('',#14665,1.);
#14665 = DIRECTION('',(1.,0.));
#14666 = ( GEOMETRIC_REPRESENTATION_CONTEXT(2) 
PARAMETRIC_REPRESENTATION_CONTEXT() REPRESENTATION_CONTEXT('2D SPACE',''
  ) );
#14667 = PCURVE('',#13533,#14668);
#14668 = DEFINITIONAL_REPRESENTATION('',(#14669),#14673);
#14669 = LINE('',#14670,#14671);
#14670 = CARTESIAN_POINT('',(1.570796326795,0.));
#14671 = VECTOR('',#14672,1.);
#14672 = DIRECTION('',(0.,1.));
#14673 = ( GEOMETRIC_REPRESENTATION_CONTEXT(2) 
PARAMETRIC_REPRESENTATION_CONTEXT() REPRESENTATION_CONTEXT('2D SPACE',''
  ) );
#14674 = ORIENTED_EDGE('',*,*,#14675,.F.);
#14675 = EDGE_CURVE('',#14676,#14653,#14678,.T.);
#14676 = VERTEX_POINT('',#14677);
#14677 = CARTESIAN_POINT('',(-6.25,78.239191898579,36.));
#14678 = SURFACE_CURVE('',#14679,(#14683,#14690),.PCURVE_S1.);
#14679 = LINE('',#14680,#14681);
#14680 = CARTESIAN_POINT('',(-9.,78.239191898579,36.));
#14681 = VECTOR('',#14682,1.);
#14682 = DIRECTION('',(1.,0.,0.));
#14683 = PCURVE('',#12855,#14684);
#14684 = DEFINITIONAL_REPRESENTATION('',(#14685),#14689);
#14685 = LINE('',#14686,#14687);
#14686 = CARTESIAN_POINT('',(26.8,0.));
#14687 = VECTOR('',#14688,1.);
#14688 = DIRECTION('',(0.,1.));
#14689 = ( GEOMETRIC_REPRESENTATION_CONTEXT(2) 
PARAMETRIC_REPRESENTATION_CONTEXT() REPRESENTATION_CONTEXT('2D SPACE',''
  ) );
#14690 = PCURVE('',#13145,#14691);
#14691 = DEFINITIONAL_REPRESENTATION('',(#14692),#14696);
#14692 = LINE('',#14693,#14694);
#14693 = CARTESIAN_POINT('',(0.,0.));
#14694 = VECTOR('',#14695,1.);
#14695 = DIRECTION('',(1.,0.));
#14696 = ( GEOMETRIC_REPRESENTATION_CONTEXT(2) 
PARAMETRIC_REPRESENTATION_CONTEXT() REPRESENTATION_CONTEXT('2D SPACE',''
  ) );
#14697 = ORIENTED_EDGE('',*,*,#14698,.F.);
#14698 = EDGE_CURVE('',#12926,#14676,#14699,.T.);
#14699 = SURFACE_CURVE('',#14700,(#14704,#14711),.PCURVE_S1.);
#14700 = LINE('',#14701,#14702);
#14701 = CARTESIAN_POINT('',(-6.25,78.239191898579,9.2));
#14702 = VECTOR('',#14703,1.);
#14703 = DIRECTION('',(0.,0.,1.));
#14704 = PCURVE('',#12855,#14705);
#14705 = DEFINITIONAL_REPRESENTATION('',(#14706),#14710);
#14706 = LINE('',#14707,#14708);
#14707 = CARTESIAN_POINT('',(0.,2.75));
#14708 = VECTOR('',#14709,1.);
#14709 = DIRECTION('',(1.,0.));
#14710 = ( GEOMETRIC_REPRESENTATION_CONTEXT(2) 
PARAMETRIC_REPRESENTATION_CONTEXT() REPRESENTATION_CONTEXT('2D SPACE',''
  ) );
#14711 = PCURVE('',#12968,#14712);
#14712 = DEFINITIONAL_REPRESENTATION('',(#14713),#14717);
#14713 = LINE('',#14714,#14715);
#14714 = CARTESIAN_POINT('',(-1.570796326795,0.));
#14715 = VECTOR('',#14716,1.);
#14716 = DIRECTION('',(-0.,1.));
#14717 = ( GEOMETRIC_REPRESENTATION_CONTEXT(2) 
PARAMETRIC_REPRESENTATION_CONTEXT() REPRESENTATION_CONTEXT('2D SPACE',''
  ) );
#14718 = ADVANCED_FACE('',(#14719),#12827,.T.);
#14719 = FACE_BOUND('',#14720,.T.);
#14720 = EDGE_LOOP('',(#14721,#14722,#14723,#14724,#14747,#14775,#14803,
    #14831));
#14721 = ORIENTED_EDGE('',*,*,#12811,.F.);
#14722 = ORIENTED_EDGE('',*,*,#14585,.F.);
#14723 = ORIENTED_EDGE('',*,*,#13391,.T.);
#14724 = ORIENTED_EDGE('',*,*,#14725,.F.);
#14725 = EDGE_CURVE('',#14726,#13369,#14728,.T.);
#14726 = VERTEX_POINT('',#14727);
#14727 = CARTESIAN_POINT('',(6.,80.039191898579,39.));
#14728 = SURFACE_CURVE('',#14729,(#14733,#14740),.PCURVE_S1.);
#14729 = LINE('',#14730,#14731);
#14730 = CARTESIAN_POINT('',(-9.,80.039191898579,39.));
#14731 = VECTOR('',#14732,1.);
#14732 = DIRECTION('',(1.,0.,0.));
#14733 = PCURVE('',#12827,#14734);
#14734 = DEFINITIONAL_REPRESENTATION('',(#14735),#14739);
#14735 = LINE('',#14736,#14737);
#14736 = CARTESIAN_POINT('',(0.,1.8));
#14737 = VECTOR('',#14738,1.);
#14738 = DIRECTION('',(1.,0.));
#14739 = ( GEOMETRIC_REPRESENTATION_CONTEXT(2) 
PARAMETRIC_REPRESENTATION_CONTEXT() REPRESENTATION_CONTEXT('2D SPACE',''
  ) );
#14740 = PCURVE('',#12692,#14741);
#14741 = DEFINITIONAL_REPRESENTATION('',(#14742),#14746);
#14742 = LINE('',#14743,#14744);
#14743 = CARTESIAN_POINT('',(29.8,0.));
#14744 = VECTOR('',#14745,1.);
#14745 = DIRECTION('',(0.,-1.));
#14746 = ( GEOMETRIC_REPRESENTATION_CONTEXT(2) 
PARAMETRIC_REPRESENTATION_CONTEXT() REPRESENTATION_CONTEXT('2D SPACE',''
  ) );
#14747 = ORIENTED_EDGE('',*,*,#14748,.F.);
#14748 = EDGE_CURVE('',#14749,#14726,#14751,.T.);
#14749 = VERTEX_POINT('',#14750);
#14750 = CARTESIAN_POINT('',(6.,80.839191898579,39.));
#14751 = SURFACE_CURVE('',#14752,(#14756,#14763),.PCURVE_S1.);
#14752 = LINE('',#14753,#14754);
#14753 = CARTESIAN_POINT('',(6.,80.839191898579,39.));
#14754 = VECTOR('',#14755,1.);
#14755 = DIRECTION('',(0.,-1.,0.));
#14756 = PCURVE('',#12827,#14757);
#14757 = DEFINITIONAL_REPRESENTATION('',(#14758),#14762);
#14758 = LINE('',#14759,#14760);
#14759 = CARTESIAN_POINT('',(15.,2.6));
#14760 = VECTOR('',#14761,1.);
#14761 = DIRECTION('',(0.,-1.));
#14762 = ( GEOMETRIC_REPRESENTATION_CONTEXT(2) 
PARAMETRIC_REPRESENTATION_CONTEXT() REPRESENTATION_CONTEXT('2D SPACE',''
  ) );
#14763 = PCURVE('',#14764,#14769);
#14764 = PLANE('',#14765);
#14765 = AXIS2_PLACEMENT_3D('',#14766,#14767,#14768);
#14766 = CARTESIAN_POINT('',(6.,80.246842382949,38.146446609407));
#14767 = DIRECTION('',(1.,0.,0.));
#14768 = DIRECTION('',(-0.,0.,1.));
#14769 = DEFINITIONAL_REPRESENTATION('',(#14770),#14774);
#14770 = LINE('',#14771,#14772);
#14771 = CARTESIAN_POINT('',(0.853553390593,-0.59234951563));
#14772 = VECTOR('',#14773,1.);
#14773 = DIRECTION('',(0.,1.));
#14774 = ( GEOMETRIC_REPRESENTATION_CONTEXT(2) 
PARAMETRIC_REPRESENTATION_CONTEXT() REPRESENTATION_CONTEXT('2D SPACE',''
  ) );
#14775 = ORIENTED_EDGE('',*,*,#14776,.F.);
#14776 = EDGE_CURVE('',#14777,#14749,#14779,.T.);
#14777 = VERTEX_POINT('',#14778);
#14778 = CARTESIAN_POINT('',(-6.,80.839191898579,39.));
#14779 = SURFACE_CURVE('',#14780,(#14784,#14791),.PCURVE_S1.);
#14780 = LINE('',#14781,#14782);
#14781 = CARTESIAN_POINT('',(-6.,80.839191898579,39.));
#14782 = VECTOR('',#14783,1.);
#14783 = DIRECTION('',(1.,0.,0.));
#14784 = PCURVE('',#12827,#14785);
#14785 = DEFINITIONAL_REPRESENTATION('',(#14786),#14790);
#14786 = LINE('',#14787,#14788);
#14787 = CARTESIAN_POINT('',(3.,2.6));
#14788 = VECTOR('',#14789,1.);
#14789 = DIRECTION('',(1.,0.));
#14790 = ( GEOMETRIC_REPRESENTATION_CONTEXT(2) 
PARAMETRIC_REPRESENTATION_CONTEXT() REPRESENTATION_CONTEXT('2D SPACE',''
  ) );
#14791 = PCURVE('',#14792,#14797);
#14792 = PLANE('',#14793);
#14793 = AXIS2_PLACEMENT_3D('',#14794,#14795,#14796);
#14794 = CARTESIAN_POINT('',(-6.,80.839191898579,38.));
#14795 = DIRECTION('',(0.,-1.,0.));
#14796 = DIRECTION('',(0.,0.,1.));
#14797 = DEFINITIONAL_REPRESENTATION('',(#14798),#14802);
#14798 = LINE('',#14799,#14800);
#14799 = CARTESIAN_POINT('',(1.,0.));
#14800 = VECTOR('',#14801,1.);
#14801 = DIRECTION('',(0.,-1.));
#14802 = ( GEOMETRIC_REPRESENTATION_CONTEXT(2) 
PARAMETRIC_REPRESENTATION_CONTEXT() REPRESENTATION_CONTEXT('2D SPACE',''
  ) );
#14803 = ORIENTED_EDGE('',*,*,#14804,.T.);
#14804 = EDGE_CURVE('',#14777,#14805,#14807,.T.);
#14805 = VERTEX_POINT('',#14806);
#14806 = CARTESIAN_POINT('',(-6.,80.039191898579,39.));
#14807 = SURFACE_CURVE('',#14808,(#14812,#14819),.PCURVE_S1.);
#14808 = LINE('',#14809,#14810);
#14809 = CARTESIAN_POINT('',(-6.,80.839191898579,39.));
#14810 = VECTOR('',#14811,1.);
#14811 = DIRECTION('',(0.,-1.,0.));
#14812 = PCURVE('',#12827,#14813);
#14813 = DEFINITIONAL_REPRESENTATION('',(#14814),#14818);
#14814 = LINE('',#14815,#14816);
#14815 = CARTESIAN_POINT('',(3.,2.6));
#14816 = VECTOR('',#14817,1.);
#14817 = DIRECTION('',(0.,-1.));
#14818 = ( GEOMETRIC_REPRESENTATION_CONTEXT(2) 
PARAMETRIC_REPRESENTATION_CONTEXT() REPRESENTATION_CONTEXT('2D SPACE',''
  ) );
#14819 = PCURVE('',#14820,#14825);
#14820 = PLANE('',#14821);
#14821 = AXIS2_PLACEMENT_3D('',#14822,#14823,#14824);
#14822 = CARTESIAN_POINT('',(-6.,80.246842382949,38.146446609407));
#14823 = DIRECTION('',(1.,0.,0.));
#14824 = DIRECTION('',(-0.,0.,1.));
#14825 = DEFINITIONAL_REPRESENTATION('',(#14826),#14830);
#14826 = LINE('',#14827,#14828);
#14827 = CARTESIAN_POINT('',(0.853553390593,-0.59234951563));
#14828 = VECTOR('',#14829,1.);
#14829 = DIRECTION('',(0.,1.));
#14830 = ( GEOMETRIC_REPRESENTATION_CONTEXT(2) 
PARAMETRIC_REPRESENTATION_CONTEXT() REPRESENTATION_CONTEXT('2D SPACE',''
  ) );
#14831 = ORIENTED_EDGE('',*,*,#14832,.F.);
#14832 = EDGE_CURVE('',#12789,#14805,#14833,.T.);
#14833 = SURFACE_CURVE('',#14834,(#14838,#14845),.PCURVE_S1.);
#14834 = LINE('',#14835,#14836);
#14835 = CARTESIAN_POINT('',(-9.,80.039191898579,39.));
#14836 = VECTOR('',#14837,1.);
#14837 = DIRECTION('',(1.,0.,0.));
#14838 = PCURVE('',#12827,#14839);
#14839 = DEFINITIONAL_REPRESENTATION('',(#14840),#14844);
#14840 = LINE('',#14841,#14842);
#14841 = CARTESIAN_POINT('',(0.,1.8));
#14842 = VECTOR('',#14843,1.);
#14843 = DIRECTION('',(1.,0.));
#14844 = ( GEOMETRIC_REPRESENTATION_CONTEXT(2) 
PARAMETRIC_REPRESENTATION_CONTEXT() REPRESENTATION_CONTEXT('2D SPACE',''
  ) );
#14845 = PCURVE('',#12692,#14846);
#14846 = DEFINITIONAL_REPRESENTATION('',(#14847),#14851);
#14847 = LINE('',#14848,#14849);
#14848 = CARTESIAN_POINT('',(29.8,0.));
#14849 = VECTOR('',#14850,1.);
#14850 = DIRECTION('',(0.,-1.));
#14851 = ( GEOMETRIC_REPRESENTATION_CONTEXT(2) 
PARAMETRIC_REPRESENTATION_CONTEXT() REPRESENTATION_CONTEXT('2D SPACE',''
  ) );
#14852 = ADVANCED_FACE('',(#14853),#12692,.F.);
#14853 = FACE_BOUND('',#14854,.F.);
#14854 = EDGE_LOOP('',(#14855,#14856,#14857,#14858,#14881,#14904,#14927,
    #14950,#14971,#14972,#14973,#14974,#14997,#15020,#15041,#15042,
    #15043,#15064,#15090,#15109,#15110,#15111,#15134,#15157));
#14855 = ORIENTED_EDGE('',*,*,#12676,.F.);
#14856 = ORIENTED_EDGE('',*,*,#13162,.T.);
#14857 = ORIENTED_EDGE('',*,*,#13053,.T.);
#14858 = ORIENTED_EDGE('',*,*,#14859,.F.);
#14859 = EDGE_CURVE('',#14860,#13054,#14862,.T.);
#14860 = VERTEX_POINT('',#14861);
#14861 = CARTESIAN_POINT('',(-6.25,80.039191898579,11.5));
#14862 = SURFACE_CURVE('',#14863,(#14867,#14874),.PCURVE_S1.);
#14863 = LINE('',#14864,#14865);
#14864 = CARTESIAN_POINT('',(-9.,80.039191898579,11.5));
#14865 = VECTOR('',#14866,1.);
#14866 = DIRECTION('',(1.,0.,0.));
#14867 = PCURVE('',#12692,#14868);
#14868 = DEFINITIONAL_REPRESENTATION('',(#14869),#14873);
#14869 = LINE('',#14870,#14871);
#14870 = CARTESIAN_POINT('',(2.3,0.));
#14871 = VECTOR('',#14872,1.);
#14872 = DIRECTION('',(0.,-1.));
#14873 = ( GEOMETRIC_REPRESENTATION_CONTEXT(2) 
PARAMETRIC_REPRESENTATION_CONTEXT() REPRESENTATION_CONTEXT('2D SPACE',''
  ) );
#14874 = PCURVE('',#13092,#14875);
#14875 = DEFINITIONAL_REPRESENTATION('',(#14876),#14880);
#14876 = LINE('',#14877,#14878);
#14877 = CARTESIAN_POINT('',(0.,-0.));
#14878 = VECTOR('',#14879,1.);
#14879 = DIRECTION('',(0.,-1.));
#14880 = ( GEOMETRIC_REPRESENTATION_CONTEXT(2) 
PARAMETRIC_REPRESENTATION_CONTEXT() REPRESENTATION_CONTEXT('2D SPACE',''
  ) );
#14881 = ORIENTED_EDGE('',*,*,#14882,.T.);
#14882 = EDGE_CURVE('',#14860,#14883,#14885,.T.);
#14883 = VERTEX_POINT('',#14884);
#14884 = CARTESIAN_POINT('',(-6.25,80.039191898579,36.));
#14885 = SURFACE_CURVE('',#14886,(#14890,#14897),.PCURVE_S1.);
#14886 = LINE('',#14887,#14888);
#14887 = CARTESIAN_POINT('',(-6.25,80.039191898579,9.2));
#14888 = VECTOR('',#14889,1.);
#14889 = DIRECTION('',(0.,0.,1.));
#14890 = PCURVE('',#12692,#14891);
#14891 = DEFINITIONAL_REPRESENTATION('',(#14892),#14896);
#14892 = LINE('',#14893,#14894);
#14893 = CARTESIAN_POINT('',(1.7763568394E-15,-2.75));
#14894 = VECTOR('',#14895,1.);
#14895 = DIRECTION('',(1.,0.));
#14896 = ( GEOMETRIC_REPRESENTATION_CONTEXT(2) 
PARAMETRIC_REPRESENTATION_CONTEXT() REPRESENTATION_CONTEXT('2D SPACE',''
  ) );
#14897 = PCURVE('',#13120,#14898);
#14898 = DEFINITIONAL_REPRESENTATION('',(#14899),#14903);
#14899 = LINE('',#14900,#14901);
#14900 = CARTESIAN_POINT('',(1.570796326795,0.));
#14901 = VECTOR('',#14902,1.);
#14902 = DIRECTION('',(0.,1.));
#14903 = ( GEOMETRIC_REPRESENTATION_CONTEXT(2) 
PARAMETRIC_REPRESENTATION_CONTEXT() REPRESENTATION_CONTEXT('2D SPACE',''
  ) );
#14904 = ORIENTED_EDGE('',*,*,#14905,.T.);
#14905 = EDGE_CURVE('',#14883,#14906,#14908,.T.);
#14906 = VERTEX_POINT('',#14907);
#14907 = CARTESIAN_POINT('',(6.25,80.039191898579,36.));
#14908 = SURFACE_CURVE('',#14909,(#14913,#14920),.PCURVE_S1.);
#14909 = LINE('',#14910,#14911);
#14910 = CARTESIAN_POINT('',(-9.,80.039191898579,36.));
#14911 = VECTOR('',#14912,1.);
#14912 = DIRECTION('',(1.,0.,0.));
#14913 = PCURVE('',#12692,#14914);
#14914 = DEFINITIONAL_REPRESENTATION('',(#14915),#14919);
#14915 = LINE('',#14916,#14917);
#14916 = CARTESIAN_POINT('',(26.8,0.));
#14917 = VECTOR('',#14918,1.);
#14918 = DIRECTION('',(0.,-1.));
#14919 = ( GEOMETRIC_REPRESENTATION_CONTEXT(2) 
PARAMETRIC_REPRESENTATION_CONTEXT() REPRESENTATION_CONTEXT('2D SPACE',''
  ) );
#14920 = PCURVE('',#13145,#14921);
#14921 = DEFINITIONAL_REPRESENTATION('',(#14922),#14926);
#14922 = LINE('',#14923,#14924);
#14923 = CARTESIAN_POINT('',(0.,1.8));
#14924 = VECTOR('',#14925,1.);
#14925 = DIRECTION('',(1.,0.));
#14926 = ( GEOMETRIC_REPRESENTATION_CONTEXT(2) 
PARAMETRIC_REPRESENTATION_CONTEXT() REPRESENTATION_CONTEXT('2D SPACE',''
  ) );
#14927 = ORIENTED_EDGE('',*,*,#14928,.F.);
#14928 = EDGE_CURVE('',#14929,#14906,#14931,.T.);
#14929 = VERTEX_POINT('',#14930);
#14930 = CARTESIAN_POINT('',(6.25,80.039191898579,11.5));
#14931 = SURFACE_CURVE('',#14932,(#14936,#14943),.PCURVE_S1.);
#14932 = LINE('',#14933,#14934);
#14933 = CARTESIAN_POINT('',(6.25,80.039191898579,9.2));
#14934 = VECTOR('',#14935,1.);
#14935 = DIRECTION('',(0.,0.,1.));
#14936 = PCURVE('',#12692,#14937);
#14937 = DEFINITIONAL_REPRESENTATION('',(#14938),#14942);
#14938 = LINE('',#14939,#14940);
#14939 = CARTESIAN_POINT('',(1.7763568394E-15,-15.25));
#14940 = VECTOR('',#14941,1.);
#14941 = DIRECTION('',(1.,0.));
#14942 = ( GEOMETRIC_REPRESENTATION_CONTEXT(2) 
PARAMETRIC_REPRESENTATION_CONTEXT() REPRESENTATION_CONTEXT('2D SPACE',''
  ) );
#14943 = PCURVE('',#13635,#14944);
#14944 = DEFINITIONAL_REPRESENTATION('',(#14945),#14949);
#14945 = LINE('',#14946,#14947);
#14946 = CARTESIAN_POINT('',(-1.570796326795,0.));
#14947 = VECTOR('',#14948,1.);
#14948 = DIRECTION('',(-0.,1.));
#14949 = ( GEOMETRIC_REPRESENTATION_CONTEXT(2) 
PARAMETRIC_REPRESENTATION_CONTEXT() REPRESENTATION_CONTEXT('2D SPACE',''
  ) );
#14950 = ORIENTED_EDGE('',*,*,#14951,.F.);
#14951 = EDGE_CURVE('',#13569,#14929,#14952,.T.);
#14952 = SURFACE_CURVE('',#14953,(#14957,#14964),.PCURVE_S1.);
#14953 = LINE('',#14954,#14955);
#14954 = CARTESIAN_POINT('',(6.,80.039191898579,11.5));
#14955 = VECTOR('',#14956,1.);
#14956 = DIRECTION('',(1.,0.,0.));
#14957 = PCURVE('',#12692,#14958);
#14958 = DEFINITIONAL_REPRESENTATION('',(#14959),#14963);
#14959 = LINE('',#14960,#14961);
#14960 = CARTESIAN_POINT('',(2.3,-15.));
#14961 = VECTOR('',#14962,1.);
#14962 = DIRECTION('',(0.,-1.));
#14963 = ( GEOMETRIC_REPRESENTATION_CONTEXT(2) 
PARAMETRIC_REPRESENTATION_CONTEXT() REPRESENTATION_CONTEXT('2D SPACE',''
  ) );
#14964 = PCURVE('',#13607,#14965);
#14965 = DEFINITIONAL_REPRESENTATION('',(#14966),#14970);
#14966 = LINE('',#14967,#14968);
#14967 = CARTESIAN_POINT('',(0.,-0.));
#14968 = VECTOR('',#14969,1.);
#14969 = DIRECTION('',(0.,-1.));
#14970 = ( GEOMETRIC_REPRESENTATION_CONTEXT(2) 
PARAMETRIC_REPRESENTATION_CONTEXT() REPRESENTATION_CONTEXT('2D SPACE',''
  ) );
#14971 = ORIENTED_EDGE('',*,*,#13568,.F.);
#14972 = ORIENTED_EDGE('',*,*,#13491,.T.);
#14973 = ORIENTED_EDGE('',*,*,#13261,.T.);
#14974 = ORIENTED_EDGE('',*,*,#14975,.F.);
#14975 = EDGE_CURVE('',#14976,#13262,#14978,.T.);
#14976 = VERTEX_POINT('',#14977);
#14977 = CARTESIAN_POINT('',(8.75,80.039191898579,11.5));
#14978 = SURFACE_CURVE('',#14979,(#14983,#14990),.PCURVE_S1.);
#14979 = LINE('',#14980,#14981);
#14980 = CARTESIAN_POINT('',(6.,80.039191898579,11.5));
#14981 = VECTOR('',#14982,1.);
#14982 = DIRECTION('',(1.,0.,0.));
#14983 = PCURVE('',#12692,#14984);
#14984 = DEFINITIONAL_REPRESENTATION('',(#14985),#14989);
#14985 = LINE('',#14986,#14987);
#14986 = CARTESIAN_POINT('',(2.3,-15.));
#14987 = VECTOR('',#14988,1.);
#14988 = DIRECTION('',(0.,-1.));
#14989 = ( GEOMETRIC_REPRESENTATION_CONTEXT(2) 
PARAMETRIC_REPRESENTATION_CONTEXT() REPRESENTATION_CONTEXT('2D SPACE',''
  ) );
#14990 = PCURVE('',#13300,#14991);
#14991 = DEFINITIONAL_REPRESENTATION('',(#14992),#14996);
#14992 = LINE('',#14993,#14994);
#14993 = CARTESIAN_POINT('',(0.,-0.));
#14994 = VECTOR('',#14995,1.);
#14995 = DIRECTION('',(0.,-1.));
#14996 = ( GEOMETRIC_REPRESENTATION_CONTEXT(2) 
PARAMETRIC_REPRESENTATION_CONTEXT() REPRESENTATION_CONTEXT('2D SPACE',''
  ) );
#14997 = ORIENTED_EDGE('',*,*,#14998,.T.);
#14998 = EDGE_CURVE('',#14976,#14999,#15001,.T.);
#14999 = VERTEX_POINT('',#15000);
#15000 = CARTESIAN_POINT('',(8.75,80.039191898579,36.));
#15001 = SURFACE_CURVE('',#15002,(#15006,#15013),.PCURVE_S1.);
#15002 = LINE('',#15003,#15004);
#15003 = CARTESIAN_POINT('',(8.75,80.039191898579,9.2));
#15004 = VECTOR('',#15005,1.);
#15005 = DIRECTION('',(0.,0.,1.));
#15006 = PCURVE('',#12692,#15007);
#15007 = DEFINITIONAL_REPRESENTATION('',(#15008),#15012);
#15008 = LINE('',#15009,#15010);
#15009 = CARTESIAN_POINT('',(1.7763568394E-15,-17.75));
#15010 = VECTOR('',#15011,1.);
#15011 = DIRECTION('',(1.,0.));
#15012 = ( GEOMETRIC_REPRESENTATION_CONTEXT(2) 
PARAMETRIC_REPRESENTATION_CONTEXT() REPRESENTATION_CONTEXT('2D SPACE',''
  ) );
#15013 = PCURVE('',#13328,#15014);
#15014 = DEFINITIONAL_REPRESENTATION('',(#15015),#15019);
#15015 = LINE('',#15016,#15017);
#15016 = CARTESIAN_POINT('',(1.570796326795,0.));
#15017 = VECTOR('',#15018,1.);
#15018 = DIRECTION('',(0.,1.));
#15019 = ( GEOMETRIC_REPRESENTATION_CONTEXT(2) 
PARAMETRIC_REPRESENTATION_CONTEXT() REPRESENTATION_CONTEXT('2D SPACE',''
  ) );
#15020 = ORIENTED_EDGE('',*,*,#15021,.T.);
#15021 = EDGE_CURVE('',#14999,#13341,#15022,.T.);
#15022 = SURFACE_CURVE('',#15023,(#15027,#15034),.PCURVE_S1.);
#15023 = LINE('',#15024,#15025);
#15024 = CARTESIAN_POINT('',(-9.,80.039191898579,36.));
#15025 = VECTOR('',#15026,1.);
#15026 = DIRECTION('',(1.,0.,0.));
#15027 = PCURVE('',#12692,#15028);
#15028 = DEFINITIONAL_REPRESENTATION('',(#15029),#15033);
#15029 = LINE('',#15030,#15031);
#15030 = CARTESIAN_POINT('',(26.8,0.));
#15031 = VECTOR('',#15032,1.);
#15032 = DIRECTION('',(0.,-1.));
#15033 = ( GEOMETRIC_REPRESENTATION_CONTEXT(2) 
PARAMETRIC_REPRESENTATION_CONTEXT() REPRESENTATION_CONTEXT('2D SPACE',''
  ) );
#15034 = PCURVE('',#13356,#15035);
#15035 = DEFINITIONAL_REPRESENTATION('',(#15036),#15040);
#15036 = LINE('',#15037,#15038);
#15037 = CARTESIAN_POINT('',(0.,1.8));
#15038 = VECTOR('',#15039,1.);
#15039 = DIRECTION('',(1.,0.));
#15040 = ( GEOMETRIC_REPRESENTATION_CONTEXT(2) 
PARAMETRIC_REPRESENTATION_CONTEXT() REPRESENTATION_CONTEXT('2D SPACE',''
  ) );
#15041 = ORIENTED_EDGE('',*,*,#13368,.T.);
#15042 = ORIENTED_EDGE('',*,*,#14725,.F.);
#15043 = ORIENTED_EDGE('',*,*,#15044,.F.);
#15044 = EDGE_CURVE('',#15045,#14726,#15047,.T.);
#15045 = VERTEX_POINT('',#15046);
#15046 = CARTESIAN_POINT('',(6.,80.039191898579,37.2));
#15047 = SURFACE_CURVE('',#15048,(#15052,#15058),.PCURVE_S1.);
#15048 = LINE('',#15049,#15050);
#15049 = CARTESIAN_POINT('',(6.,80.039191898579,23.673223304703));
#15050 = VECTOR('',#15051,1.);
#15051 = DIRECTION('',(-0.,0.,1.));
#15052 = PCURVE('',#12692,#15053);
#15053 = DEFINITIONAL_REPRESENTATION('',(#15054),#15057);
#15054 = B_SPLINE_CURVE_WITH_KNOTS('',1,(#15055,#15056),.UNSPECIFIED.,
  .F.,.F.,(2,2),(13.326776695297,15.326776695297),
  .PIECEWISE_BEZIER_KNOTS.);
#15055 = CARTESIAN_POINT('',(27.8,-15.));
#15056 = CARTESIAN_POINT('',(29.8,-15.));
#15057 = ( GEOMETRIC_REPRESENTATION_CONTEXT(2) 
PARAMETRIC_REPRESENTATION_CONTEXT() REPRESENTATION_CONTEXT('2D SPACE',''
  ) );
#15058 = PCURVE('',#14764,#15059);
#15059 = DEFINITIONAL_REPRESENTATION('',(#15060),#15063);
#15060 = B_SPLINE_CURVE_WITH_KNOTS('',1,(#15061,#15062),.UNSPECIFIED.,
  .F.,.F.,(2,2),(13.326776695297,15.326776695297),
  .PIECEWISE_BEZIER_KNOTS.);
#15061 = CARTESIAN_POINT('',(-1.146446609407,0.20765048437));
#15062 = CARTESIAN_POINT('',(0.853553390593,0.20765048437));
#15063 = ( GEOMETRIC_REPRESENTATION_CONTEXT(2) 
PARAMETRIC_REPRESENTATION_CONTEXT() REPRESENTATION_CONTEXT('2D SPACE',''
  ) );
#15064 = ORIENTED_EDGE('',*,*,#15065,.T.);
#15065 = EDGE_CURVE('',#15045,#15066,#15068,.T.);
#15066 = VERTEX_POINT('',#15067);
#15067 = CARTESIAN_POINT('',(-6.,80.039191898579,37.2));
#15068 = SURFACE_CURVE('',#15069,(#15073,#15079),.PCURVE_S1.);
#15069 = LINE('',#15070,#15071);
#15070 = CARTESIAN_POINT('',(-7.5,80.039191898579,37.2));
#15071 = VECTOR('',#15072,1.);
#15072 = DIRECTION('',(-1.,0.,0.));
#15073 = PCURVE('',#12692,#15074);
#15074 = DEFINITIONAL_REPRESENTATION('',(#15075),#15078);
#15075 = B_SPLINE_CURVE_WITH_KNOTS('',1,(#15076,#15077),.UNSPECIFIED.,
  .F.,.F.,(2,2),(-13.5,-1.5),.PIECEWISE_BEZIER_KNOTS.);
#15076 = CARTESIAN_POINT('',(28.,-15.));
#15077 = CARTESIAN_POINT('',(28.,-3.));
#15078 = ( GEOMETRIC_REPRESENTATION_CONTEXT(2) 
PARAMETRIC_REPRESENTATION_CONTEXT() REPRESENTATION_CONTEXT('2D SPACE',''
  ) );
#15079 = PCURVE('',#15080,#15085);
#15080 = PLANE('',#15081);
#15081 = AXIS2_PLACEMENT_3D('',#15082,#15083,#15084);
#15082 = CARTESIAN_POINT('',(-6.,79.839191898579,37.));
#15083 = DIRECTION('',(0.,-0.707106781187,0.707106781187));
#15084 = DIRECTION('',(0.,0.707106781187,0.707106781187));
#15085 = DEFINITIONAL_REPRESENTATION('',(#15086),#15089);
#15086 = B_SPLINE_CURVE_WITH_KNOTS('',1,(#15087,#15088),.UNSPECIFIED.,
  .F.,.F.,(2,2),(-13.5,-1.5),.PIECEWISE_BEZIER_KNOTS.);
#15087 = CARTESIAN_POINT('',(0.282842712475,-12.));
#15088 = CARTESIAN_POINT('',(0.282842712475,0.));
#15089 = ( GEOMETRIC_REPRESENTATION_CONTEXT(2) 
PARAMETRIC_REPRESENTATION_CONTEXT() REPRESENTATION_CONTEXT('2D SPACE',''
  ) );
#15090 = ORIENTED_EDGE('',*,*,#15091,.T.);
#15091 = EDGE_CURVE('',#15066,#14805,#15092,.T.);
#15092 = SURFACE_CURVE('',#15093,(#15097,#15103),.PCURVE_S1.);
#15093 = LINE('',#15094,#15095);
#15094 = CARTESIAN_POINT('',(-6.,80.039191898579,23.673223304703));
#15095 = VECTOR('',#15096,1.);
#15096 = DIRECTION('',(-0.,0.,1.));
#15097 = PCURVE('',#12692,#15098);
#15098 = DEFINITIONAL_REPRESENTATION('',(#15099),#15102);
#15099 = B_SPLINE_CURVE_WITH_KNOTS('',1,(#15100,#15101),.UNSPECIFIED.,
  .F.,.F.,(2,2),(13.326776695297,15.326776695297),
  .PIECEWISE_BEZIER_KNOTS.);
#15100 = CARTESIAN_POINT('',(27.8,-3.));
#15101 = CARTESIAN_POINT('',(29.8,-3.));
#15102 = ( GEOMETRIC_REPRESENTATION_CONTEXT(2) 
PARAMETRIC_REPRESENTATION_CONTEXT() REPRESENTATION_CONTEXT('2D SPACE',''
  ) );
#15103 = PCURVE('',#14820,#15104);
#15104 = DEFINITIONAL_REPRESENTATION('',(#15105),#15108);
#15105 = B_SPLINE_CURVE_WITH_KNOTS('',1,(#15106,#15107),.UNSPECIFIED.,
  .F.,.F.,(2,2),(13.326776695297,15.326776695297),
  .PIECEWISE_BEZIER_KNOTS.);
#15106 = CARTESIAN_POINT('',(-1.146446609407,0.20765048437));
#15107 = CARTESIAN_POINT('',(0.853553390593,0.20765048437));
#15108 = ( GEOMETRIC_REPRESENTATION_CONTEXT(2) 
PARAMETRIC_REPRESENTATION_CONTEXT() REPRESENTATION_CONTEXT('2D SPACE',''
  ) );
#15109 = ORIENTED_EDGE('',*,*,#14832,.F.);
#15110 = ORIENTED_EDGE('',*,*,#12788,.F.);
#15111 = ORIENTED_EDGE('',*,*,#15112,.T.);
#15112 = EDGE_CURVE('',#12761,#15113,#15115,.T.);
#15113 = VERTEX_POINT('',#15114);
#15114 = CARTESIAN_POINT('',(-8.75,80.039191898579,36.));
#15115 = SURFACE_CURVE('',#15116,(#15120,#15127),.PCURVE_S1.);
#15116 = LINE('',#15117,#15118);
#15117 = CARTESIAN_POINT('',(-9.,80.039191898579,36.));
#15118 = VECTOR('',#15119,1.);
#15119 = DIRECTION('',(1.,0.,0.));
#15120 = PCURVE('',#12692,#15121);
#15121 = DEFINITIONAL_REPRESENTATION('',(#15122),#15126);
#15122 = LINE('',#15123,#15124);
#15123 = CARTESIAN_POINT('',(26.8,0.));
#15124 = VECTOR('',#15125,1.);
#15125 = DIRECTION('',(0.,-1.));
#15126 = ( GEOMETRIC_REPRESENTATION_CONTEXT(2) 
PARAMETRIC_REPRESENTATION_CONTEXT() REPRESENTATION_CONTEXT('2D SPACE',''
  ) );
#15127 = PCURVE('',#12776,#15128);
#15128 = DEFINITIONAL_REPRESENTATION('',(#15129),#15133);
#15129 = LINE('',#15130,#15131);
#15130 = CARTESIAN_POINT('',(0.,1.8));
#15131 = VECTOR('',#15132,1.);
#15132 = DIRECTION('',(1.,0.));
#15133 = ( GEOMETRIC_REPRESENTATION_CONTEXT(2) 
PARAMETRIC_REPRESENTATION_CONTEXT() REPRESENTATION_CONTEXT('2D SPACE',''
  ) );
#15134 = ORIENTED_EDGE('',*,*,#15135,.F.);
#15135 = EDGE_CURVE('',#15136,#15113,#15138,.T.);
#15136 = VERTEX_POINT('',#15137);
#15137 = CARTESIAN_POINT('',(-8.75,80.039191898579,11.5));
#15138 = SURFACE_CURVE('',#15139,(#15143,#15150),.PCURVE_S1.);
#15139 = LINE('',#15140,#15141);
#15140 = CARTESIAN_POINT('',(-8.75,80.039191898579,9.2));
#15141 = VECTOR('',#15142,1.);
#15142 = DIRECTION('',(0.,0.,1.));
#15143 = PCURVE('',#12692,#15144);
#15144 = DEFINITIONAL_REPRESENTATION('',(#15145),#15149);
#15145 = LINE('',#15146,#15147);
#15146 = CARTESIAN_POINT('',(1.7763568394E-15,-0.25));
#15147 = VECTOR('',#15148,1.);
#15148 = DIRECTION('',(1.,0.));
#15149 = ( GEOMETRIC_REPRESENTATION_CONTEXT(2) 
PARAMETRIC_REPRESENTATION_CONTEXT() REPRESENTATION_CONTEXT('2D SPACE',''
  ) );
#15150 = PCURVE('',#12748,#15151);
#15151 = DEFINITIONAL_REPRESENTATION('',(#15152),#15156);
#15152 = LINE('',#15153,#15154);
#15153 = CARTESIAN_POINT('',(-1.570796326795,0.));
#15154 = VECTOR('',#15155,1.);
#15155 = DIRECTION('',(-0.,1.));
#15156 = ( GEOMETRIC_REPRESENTATION_CONTEXT(2) 
PARAMETRIC_REPRESENTATION_CONTEXT() REPRESENTATION_CONTEXT('2D SPACE',''
  ) );
#15157 = ORIENTED_EDGE('',*,*,#15158,.F.);
#15158 = EDGE_CURVE('',#12677,#15136,#15159,.T.);
#15159 = SURFACE_CURVE('',#15160,(#15164,#15171),.PCURVE_S1.);
#15160 = LINE('',#15161,#15162);
#15161 = CARTESIAN_POINT('',(-9.,80.039191898579,11.5));
#15162 = VECTOR('',#15163,1.);
#15163 = DIRECTION('',(1.,0.,0.));
#15164 = PCURVE('',#12692,#15165);
#15165 = DEFINITIONAL_REPRESENTATION('',(#15166),#15170);
#15166 = LINE('',#15167,#15168);
#15167 = CARTESIAN_POINT('',(2.3,0.));
#15168 = VECTOR('',#15169,1.);
#15169 = DIRECTION('',(0.,-1.));
#15170 = ( GEOMETRIC_REPRESENTATION_CONTEXT(2) 
PARAMETRIC_REPRESENTATION_CONTEXT() REPRESENTATION_CONTEXT('2D SPACE',''
  ) );
#15171 = PCURVE('',#12720,#15172);
#15172 = DEFINITIONAL_REPRESENTATION('',(#15173),#15177);
#15173 = LINE('',#15174,#15175);
#15174 = CARTESIAN_POINT('',(0.,-0.));
#15175 = VECTOR('',#15176,1.);
#15176 = DIRECTION('',(0.,-1.));
#15177 = ( GEOMETRIC_REPRESENTATION_CONTEXT(2) 
PARAMETRIC_REPRESENTATION_CONTEXT() REPRESENTATION_CONTEXT('2D SPACE',''
  ) );
#15178 = ADVANCED_FACE('',(#15179),#12776,.F.);
#15179 = FACE_BOUND('',#15180,.F.);
#15180 = EDGE_LOOP('',(#15181,#15182,#15204));
#15181 = ORIENTED_EDGE('',*,*,#12760,.F.);
#15182 = ORIENTED_EDGE('',*,*,#15183,.F.);
#15183 = EDGE_CURVE('',#15113,#12733,#15184,.T.);
#15184 = SURFACE_CURVE('',#15185,(#15190,#15197),.PCURVE_S1.);
#15185 = CIRCLE('',#15186,0.25);
#15186 = AXIS2_PLACEMENT_3D('',#15187,#15188,#15189);
#15187 = CARTESIAN_POINT('',(-8.75,79.789191898579,36.));
#15188 = DIRECTION('',(0.,0.,1.));
#15189 = DIRECTION('',(-1.,-0.,0.));
#15190 = PCURVE('',#12776,#15191);
#15191 = DEFINITIONAL_REPRESENTATION('',(#15192),#15196);
#15192 = CIRCLE('',#15193,0.25);
#15193 = AXIS2_PLACEMENT_2D('',#15194,#15195);
#15194 = CARTESIAN_POINT('',(0.25,1.55));
#15195 = DIRECTION('',(-1.,0.));
#15196 = ( GEOMETRIC_REPRESENTATION_CONTEXT(2) 
PARAMETRIC_REPRESENTATION_CONTEXT() REPRESENTATION_CONTEXT('2D SPACE',''
  ) );
#15197 = PCURVE('',#12748,#15198);
#15198 = DEFINITIONAL_REPRESENTATION('',(#15199),#15203);
#15199 = LINE('',#15200,#15201);
#15200 = CARTESIAN_POINT('',(-6.28318530718,26.8));
#15201 = VECTOR('',#15202,1.);
#15202 = DIRECTION('',(1.,-0.));
#15203 = ( GEOMETRIC_REPRESENTATION_CONTEXT(2) 
PARAMETRIC_REPRESENTATION_CONTEXT() REPRESENTATION_CONTEXT('2D SPACE',''
  ) );
#15204 = ORIENTED_EDGE('',*,*,#15112,.F.);
#15205 = ADVANCED_FACE('',(#15206),#12748,.T.);
#15206 = FACE_BOUND('',#15207,.F.);
#15207 = EDGE_LOOP('',(#15208,#15209,#15235,#15236));
#15208 = ORIENTED_EDGE('',*,*,#12732,.F.);
#15209 = ORIENTED_EDGE('',*,*,#15210,.F.);
#15210 = EDGE_CURVE('',#15136,#12705,#15211,.T.);
#15211 = SURFACE_CURVE('',#15212,(#15217,#15224),.PCURVE_S1.);
#15212 = CIRCLE('',#15213,0.25);
#15213 = AXIS2_PLACEMENT_3D('',#15214,#15215,#15216);
#15214 = CARTESIAN_POINT('',(-8.75,79.789191898579,11.5));
#15215 = DIRECTION('',(0.,0.,1.));
#15216 = DIRECTION('',(-1.,-0.,0.));
#15217 = PCURVE('',#12748,#15218);
#15218 = DEFINITIONAL_REPRESENTATION('',(#15219),#15223);
#15219 = LINE('',#15220,#15221);
#15220 = CARTESIAN_POINT('',(-6.28318530718,2.3));
#15221 = VECTOR('',#15222,1.);
#15222 = DIRECTION('',(1.,-0.));
#15223 = ( GEOMETRIC_REPRESENTATION_CONTEXT(2) 
PARAMETRIC_REPRESENTATION_CONTEXT() REPRESENTATION_CONTEXT('2D SPACE',''
  ) );
#15224 = PCURVE('',#12720,#15225);
#15225 = DEFINITIONAL_REPRESENTATION('',(#15226),#15234);
#15226 = ( BOUNDED_CURVE() B_SPLINE_CURVE(2,(#15227,#15228,#15229,#15230
    ,#15231,#15232,#15233),.UNSPECIFIED.,.T.,.F.) 
B_SPLINE_CURVE_WITH_KNOTS((1,2,2,2,2,1),(-2.094395102393,0.,
    2.094395102393,4.188790204786,6.28318530718,8.377580409573),
.UNSPECIFIED.) CURVE() GEOMETRIC_REPRESENTATION_ITEM() 
RATIONAL_B_SPLINE_CURVE((1.,0.5,1.,0.5,1.,0.5,1.)) REPRESENTATION_ITEM(
  '') );
#15227 = CARTESIAN_POINT('',(0.25,0.));
#15228 = CARTESIAN_POINT('',(0.683012701892,0.));
#15229 = CARTESIAN_POINT('',(0.466506350946,-0.375));
#15230 = CARTESIAN_POINT('',(0.25,-0.75));
#15231 = CARTESIAN_POINT('',(3.349364905389E-02,-0.375));
#15232 = CARTESIAN_POINT('',(-0.183012701892,-3.885780586188E-16));
#15233 = CARTESIAN_POINT('',(0.25,0.));
#15234 = ( GEOMETRIC_REPRESENTATION_CONTEXT(2) 
PARAMETRIC_REPRESENTATION_CONTEXT() REPRESENTATION_CONTEXT('2D SPACE',''
  ) );
#15235 = ORIENTED_EDGE('',*,*,#15135,.T.);
#15236 = ORIENTED_EDGE('',*,*,#15183,.T.);
#15237 = ADVANCED_FACE('',(#15238),#12720,.F.);
#15238 = FACE_BOUND('',#15239,.F.);
#15239 = EDGE_LOOP('',(#15240,#15241,#15242));
#15240 = ORIENTED_EDGE('',*,*,#12704,.F.);
#15241 = ORIENTED_EDGE('',*,*,#15158,.T.);
#15242 = ORIENTED_EDGE('',*,*,#15210,.T.);
#15243 = ADVANCED_FACE('',(#15244),#12968,.T.);
#15244 = FACE_BOUND('',#15245,.F.);
#15245 = EDGE_LOOP('',(#15246,#15247,#15248,#15249));
#15246 = ORIENTED_EDGE('',*,*,#13005,.F.);
#15247 = ORIENTED_EDGE('',*,*,#12947,.F.);
#15248 = ORIENTED_EDGE('',*,*,#14698,.T.);
#15249 = ORIENTED_EDGE('',*,*,#15250,.T.);
#15250 = EDGE_CURVE('',#14676,#13006,#15251,.T.);
#15251 = SURFACE_CURVE('',#15252,(#15257,#15264),.PCURVE_S1.);
#15252 = CIRCLE('',#15253,0.25);
#15253 = AXIS2_PLACEMENT_3D('',#15254,#15255,#15256);
#15254 = CARTESIAN_POINT('',(-6.25,78.489191898579,36.));
#15255 = DIRECTION('',(0.,0.,1.));
#15256 = DIRECTION('',(1.,0.,-0.));
#15257 = PCURVE('',#12968,#15258);
#15258 = DEFINITIONAL_REPRESENTATION('',(#15259),#15263);
#15259 = LINE('',#15260,#15261);
#15260 = CARTESIAN_POINT('',(-6.28318530718,26.8));
#15261 = VECTOR('',#15262,1.);
#15262 = DIRECTION('',(1.,-0.));
#15263 = ( GEOMETRIC_REPRESENTATION_CONTEXT(2) 
PARAMETRIC_REPRESENTATION_CONTEXT() REPRESENTATION_CONTEXT('2D SPACE',''
  ) );
#15264 = PCURVE('',#13145,#15265);
#15265 = DEFINITIONAL_REPRESENTATION('',(#15266),#15270);
#15266 = CIRCLE('',#15267,0.25);
#15267 = AXIS2_PLACEMENT_2D('',#15268,#15269);
#15268 = CARTESIAN_POINT('',(2.75,0.25));
#15269 = DIRECTION('',(1.,0.));
#15270 = ( GEOMETRIC_REPRESENTATION_CONTEXT(2) 
PARAMETRIC_REPRESENTATION_CONTEXT() REPRESENTATION_CONTEXT('2D SPACE',''
  ) );
#15271 = ADVANCED_FACE('',(#15272),#13145,.F.);
#15272 = FACE_BOUND('',#15273,.F.);
#15273 = EDGE_LOOP('',(#15274,#15275,#15276,#15298,#15299,#15321,#15322,
    #15344));
#15274 = ORIENTED_EDGE('',*,*,#15250,.F.);
#15275 = ORIENTED_EDGE('',*,*,#14675,.T.);
#15276 = ORIENTED_EDGE('',*,*,#15277,.F.);
#15277 = EDGE_CURVE('',#13518,#14653,#15278,.T.);
#15278 = SURFACE_CURVE('',#15279,(#15284,#15291),.PCURVE_S1.);
#15279 = CIRCLE('',#15280,0.25);
#15280 = AXIS2_PLACEMENT_3D('',#15281,#15282,#15283);
#15281 = CARTESIAN_POINT('',(6.25,78.489191898579,36.));
#15282 = DIRECTION('',(0.,0.,1.));
#15283 = DIRECTION('',(-1.,-0.,0.));
#15284 = PCURVE('',#13145,#15285);
#15285 = DEFINITIONAL_REPRESENTATION('',(#15286),#15290);
#15286 = CIRCLE('',#15287,0.25);
#15287 = AXIS2_PLACEMENT_2D('',#15288,#15289);
#15288 = CARTESIAN_POINT('',(15.25,0.25));
#15289 = DIRECTION('',(-1.,0.));
#15290 = ( GEOMETRIC_REPRESENTATION_CONTEXT(2) 
PARAMETRIC_REPRESENTATION_CONTEXT() REPRESENTATION_CONTEXT('2D SPACE',''
  ) );
#15291 = PCURVE('',#13533,#15292);
#15292 = DEFINITIONAL_REPRESENTATION('',(#15293),#15297);
#15293 = LINE('',#15294,#15295);
#15294 = CARTESIAN_POINT('',(0.,26.8));
#15295 = VECTOR('',#15296,1.);
#15296 = DIRECTION('',(1.,0.));
#15297 = ( GEOMETRIC_REPRESENTATION_CONTEXT(2) 
PARAMETRIC_REPRESENTATION_CONTEXT() REPRESENTATION_CONTEXT('2D SPACE',''
  ) );
#15298 = ORIENTED_EDGE('',*,*,#13647,.F.);
#15299 = ORIENTED_EDGE('',*,*,#15300,.F.);
#15300 = EDGE_CURVE('',#14906,#13620,#15301,.T.);
#15301 = SURFACE_CURVE('',#15302,(#15307,#15314),.PCURVE_S1.);
#15302 = CIRCLE('',#15303,0.25);
#15303 = AXIS2_PLACEMENT_3D('',#15304,#15305,#15306);
#15304 = CARTESIAN_POINT('',(6.25,79.789191898579,36.));
#15305 = DIRECTION('',(0.,0.,1.));
#15306 = DIRECTION('',(-1.,-0.,0.));
#15307 = PCURVE('',#13145,#15308);
#15308 = DEFINITIONAL_REPRESENTATION('',(#15309),#15313);
#15309 = CIRCLE('',#15310,0.25);
#15310 = AXIS2_PLACEMENT_2D('',#15311,#15312);
#15311 = CARTESIAN_POINT('',(15.25,1.55));
#15312 = DIRECTION('',(-1.,0.));
#15313 = ( GEOMETRIC_REPRESENTATION_CONTEXT(2) 
PARAMETRIC_REPRESENTATION_CONTEXT() REPRESENTATION_CONTEXT('2D SPACE',''
  ) );
#15314 = PCURVE('',#13635,#15315);
#15315 = DEFINITIONAL_REPRESENTATION('',(#15316),#15320);
#15316 = LINE('',#15317,#15318);
#15317 = CARTESIAN_POINT('',(-6.28318530718,26.8));
#15318 = VECTOR('',#15319,1.);
#15319 = DIRECTION('',(1.,-0.));
#15320 = ( GEOMETRIC_REPRESENTATION_CONTEXT(2) 
PARAMETRIC_REPRESENTATION_CONTEXT() REPRESENTATION_CONTEXT('2D SPACE',''
  ) );
#15321 = ORIENTED_EDGE('',*,*,#14905,.F.);
#15322 = ORIENTED_EDGE('',*,*,#15323,.F.);
#15323 = EDGE_CURVE('',#13105,#14883,#15324,.T.);
#15324 = SURFACE_CURVE('',#15325,(#15330,#15337),.PCURVE_S1.);
#15325 = CIRCLE('',#15326,0.25);
#15326 = AXIS2_PLACEMENT_3D('',#15327,#15328,#15329);
#15327 = CARTESIAN_POINT('',(-6.25,79.789191898579,36.));
#15328 = DIRECTION('',(0.,0.,1.));
#15329 = DIRECTION('',(1.,0.,-0.));
#15330 = PCURVE('',#13145,#15331);
#15331 = DEFINITIONAL_REPRESENTATION('',(#15332),#15336);
#15332 = CIRCLE('',#15333,0.25);
#15333 = AXIS2_PLACEMENT_2D('',#15334,#15335);
#15334 = CARTESIAN_POINT('',(2.75,1.55));
#15335 = DIRECTION('',(1.,0.));
#15336 = ( GEOMETRIC_REPRESENTATION_CONTEXT(2) 
PARAMETRIC_REPRESENTATION_CONTEXT() REPRESENTATION_CONTEXT('2D SPACE',''
  ) );
#15337 = PCURVE('',#13120,#15338);
#15338 = DEFINITIONAL_REPRESENTATION('',(#15339),#15343);
#15339 = LINE('',#15340,#15341);
#15340 = CARTESIAN_POINT('',(0.,26.8));
#15341 = VECTOR('',#15342,1.);
#15342 = DIRECTION('',(1.,0.));
#15343 = ( GEOMETRIC_REPRESENTATION_CONTEXT(2) 
PARAMETRIC_REPRESENTATION_CONTEXT() REPRESENTATION_CONTEXT('2D SPACE',''
  ) );
#15344 = ORIENTED_EDGE('',*,*,#13132,.T.);
#15345 = ADVANCED_FACE('',(#15346),#13120,.T.);
#15346 = FACE_BOUND('',#15347,.T.);
#15347 = EDGE_LOOP('',(#15348,#15349,#15375,#15376));
#15348 = ORIENTED_EDGE('',*,*,#13104,.F.);
#15349 = ORIENTED_EDGE('',*,*,#15350,.T.);
#15350 = EDGE_CURVE('',#13077,#14860,#15351,.T.);
#15351 = SURFACE_CURVE('',#15352,(#15357,#15364),.PCURVE_S1.);
#15352 = CIRCLE('',#15353,0.25);
#15353 = AXIS2_PLACEMENT_3D('',#15354,#15355,#15356);
#15354 = CARTESIAN_POINT('',(-6.25,79.789191898579,11.5));
#15355 = DIRECTION('',(0.,0.,1.));
#15356 = DIRECTION('',(1.,0.,-0.));
#15357 = PCURVE('',#13120,#15358);
#15358 = DEFINITIONAL_REPRESENTATION('',(#15359),#15363);
#15359 = LINE('',#15360,#15361);
#15360 = CARTESIAN_POINT('',(0.,2.3));
#15361 = VECTOR('',#15362,1.);
#15362 = DIRECTION('',(1.,0.));
#15363 = ( GEOMETRIC_REPRESENTATION_CONTEXT(2) 
PARAMETRIC_REPRESENTATION_CONTEXT() REPRESENTATION_CONTEXT('2D SPACE',''
  ) );
#15364 = PCURVE('',#13092,#15365);
#15365 = DEFINITIONAL_REPRESENTATION('',(#15366),#15374);
#15366 = ( BOUNDED_CURVE() B_SPLINE_CURVE(2,(#15367,#15368,#15369,#15370
    ,#15371,#15372,#15373),.UNSPECIFIED.,.T.,.F.) 
B_SPLINE_CURVE_WITH_KNOTS((1,2,2,2,2,1),(-2.094395102393,0.,
    2.094395102393,4.188790204786,6.28318530718,8.377580409573),
.UNSPECIFIED.) CURVE() GEOMETRIC_REPRESENTATION_ITEM() 
RATIONAL_B_SPLINE_CURVE((1.,0.5,1.,0.5,1.,0.5,1.)) REPRESENTATION_ITEM(
  '') );
#15367 = CARTESIAN_POINT('',(0.25,-3.));
#15368 = CARTESIAN_POINT('',(-0.183012701892,-3.));
#15369 = CARTESIAN_POINT('',(3.349364905389E-02,-2.625));
#15370 = CARTESIAN_POINT('',(0.25,-2.25));
#15371 = CARTESIAN_POINT('',(0.466506350946,-2.625));
#15372 = CARTESIAN_POINT('',(0.683012701892,-3.));
#15373 = CARTESIAN_POINT('',(0.25,-3.));
#15374 = ( GEOMETRIC_REPRESENTATION_CONTEXT(2) 
PARAMETRIC_REPRESENTATION_CONTEXT() REPRESENTATION_CONTEXT('2D SPACE',''
  ) );
#15375 = ORIENTED_EDGE('',*,*,#14882,.T.);
#15376 = ORIENTED_EDGE('',*,*,#15323,.F.);
#15377 = ADVANCED_FACE('',(#15378),#13092,.F.);
#15378 = FACE_BOUND('',#15379,.F.);
#15379 = EDGE_LOOP('',(#15380,#15381,#15382));
#15380 = ORIENTED_EDGE('',*,*,#15350,.T.);
#15381 = ORIENTED_EDGE('',*,*,#14859,.T.);
#15382 = ORIENTED_EDGE('',*,*,#13076,.T.);
#15383 = ADVANCED_FACE('',(#15384),#13204,.T.);
#15384 = FACE_BOUND('',#15385,.F.);
#15385 = EDGE_LOOP('',(#15386,#15387,#15388,#15389));
#15386 = ORIENTED_EDGE('',*,*,#13186,.F.);
#15387 = ORIENTED_EDGE('',*,*,#13720,.F.);
#15388 = ORIENTED_EDGE('',*,*,#14630,.T.);
#15389 = ORIENTED_EDGE('',*,*,#15390,.T.);
#15390 = EDGE_CURVE('',#14608,#13189,#15391,.T.);
#15391 = SURFACE_CURVE('',#15392,(#15397,#15404),.PCURVE_S1.);
#15392 = CIRCLE('',#15393,0.25);
#15393 = AXIS2_PLACEMENT_3D('',#15394,#15395,#15396);
#15394 = CARTESIAN_POINT('',(8.75,78.489191898579,36.));
#15395 = DIRECTION('',(0.,0.,1.));
#15396 = DIRECTION('',(1.,0.,-0.));
#15397 = PCURVE('',#13204,#15398);
#15398 = DEFINITIONAL_REPRESENTATION('',(#15399),#15403);
#15399 = LINE('',#15400,#15401);
#15400 = CARTESIAN_POINT('',(-6.28318530718,26.8));
#15401 = VECTOR('',#15402,1.);
#15402 = DIRECTION('',(1.,-0.));
#15403 = ( GEOMETRIC_REPRESENTATION_CONTEXT(2) 
PARAMETRIC_REPRESENTATION_CONTEXT() REPRESENTATION_CONTEXT('2D SPACE',''
  ) );
#15404 = PCURVE('',#13451,#15405);
#15405 = DEFINITIONAL_REPRESENTATION('',(#15406),#15410);
#15406 = CIRCLE('',#15407,0.25);
#15407 = AXIS2_PLACEMENT_2D('',#15408,#15409);
#15408 = CARTESIAN_POINT('',(17.75,0.25));
#15409 = DIRECTION('',(1.,0.));
#15410 = ( GEOMETRIC_REPRESENTATION_CONTEXT(2) 
PARAMETRIC_REPRESENTATION_CONTEXT() REPRESENTATION_CONTEXT('2D SPACE',''
  ) );
#15411 = ADVANCED_FACE('',(#15412),#13451,.F.);
#15412 = FACE_BOUND('',#15413,.F.);
#15413 = EDGE_LOOP('',(#15414,#15415,#15416));
#15414 = ORIENTED_EDGE('',*,*,#15390,.F.);
#15415 = ORIENTED_EDGE('',*,*,#14607,.T.);
#15416 = ORIENTED_EDGE('',*,*,#13437,.T.);
#15417 = ADVANCED_FACE('',(#15418),#13356,.F.);
#15418 = FACE_BOUND('',#15419,.F.);
#15419 = EDGE_LOOP('',(#15420,#15421,#15443));
#15420 = ORIENTED_EDGE('',*,*,#15021,.F.);
#15421 = ORIENTED_EDGE('',*,*,#15422,.F.);
#15422 = EDGE_CURVE('',#13313,#14999,#15423,.T.);
#15423 = SURFACE_CURVE('',#15424,(#15429,#15436),.PCURVE_S1.);
#15424 = CIRCLE('',#15425,0.25);
#15425 = AXIS2_PLACEMENT_3D('',#15426,#15427,#15428);
#15426 = CARTESIAN_POINT('',(8.75,79.789191898579,36.));
#15427 = DIRECTION('',(0.,0.,1.));
#15428 = DIRECTION('',(1.,0.,-0.));
#15429 = PCURVE('',#13356,#15430);
#15430 = DEFINITIONAL_REPRESENTATION('',(#15431),#15435);
#15431 = CIRCLE('',#15432,0.25);
#15432 = AXIS2_PLACEMENT_2D('',#15433,#15434);
#15433 = CARTESIAN_POINT('',(17.75,1.55));
#15434 = DIRECTION('',(1.,0.));
#15435 = ( GEOMETRIC_REPRESENTATION_CONTEXT(2) 
PARAMETRIC_REPRESENTATION_CONTEXT() REPRESENTATION_CONTEXT('2D SPACE',''
  ) );
#15436 = PCURVE('',#13328,#15437);
#15437 = DEFINITIONAL_REPRESENTATION('',(#15438),#15442);
#15438 = LINE('',#15439,#15440);
#15439 = CARTESIAN_POINT('',(0.,26.8));
#15440 = VECTOR('',#15441,1.);
#15441 = DIRECTION('',(1.,0.));
#15442 = ( GEOMETRIC_REPRESENTATION_CONTEXT(2) 
PARAMETRIC_REPRESENTATION_CONTEXT() REPRESENTATION_CONTEXT('2D SPACE',''
  ) );
#15443 = ORIENTED_EDGE('',*,*,#13340,.T.);
#15444 = ADVANCED_FACE('',(#15445),#13328,.T.);
#15445 = FACE_BOUND('',#15446,.T.);
#15446 = EDGE_LOOP('',(#15447,#15448,#15474,#15475));
#15447 = ORIENTED_EDGE('',*,*,#13312,.F.);
#15448 = ORIENTED_EDGE('',*,*,#15449,.T.);
#15449 = EDGE_CURVE('',#13285,#14976,#15450,.T.);
#15450 = SURFACE_CURVE('',#15451,(#15456,#15463),.PCURVE_S1.);
#15451 = CIRCLE('',#15452,0.25);
#15452 = AXIS2_PLACEMENT_3D('',#15453,#15454,#15455);
#15453 = CARTESIAN_POINT('',(8.75,79.789191898579,11.5));
#15454 = DIRECTION('',(0.,0.,1.));
#15455 = DIRECTION('',(1.,0.,-0.));
#15456 = PCURVE('',#13328,#15457);
#15457 = DEFINITIONAL_REPRESENTATION('',(#15458),#15462);
#15458 = LINE('',#15459,#15460);
#15459 = CARTESIAN_POINT('',(0.,2.3));
#15460 = VECTOR('',#15461,1.);
#15461 = DIRECTION('',(1.,0.));
#15462 = ( GEOMETRIC_REPRESENTATION_CONTEXT(2) 
PARAMETRIC_REPRESENTATION_CONTEXT() REPRESENTATION_CONTEXT('2D SPACE',''
  ) );
#15463 = PCURVE('',#13300,#15464);
#15464 = DEFINITIONAL_REPRESENTATION('',(#15465),#15473);
#15465 = ( BOUNDED_CURVE() B_SPLINE_CURVE(2,(#15466,#15467,#15468,#15469
    ,#15470,#15471,#15472),.UNSPECIFIED.,.T.,.F.) 
B_SPLINE_CURVE_WITH_KNOTS((1,2,2,2,2,1),(-2.094395102393,0.,
    2.094395102393,4.188790204786,6.28318530718,8.377580409573),
.UNSPECIFIED.) CURVE() GEOMETRIC_REPRESENTATION_ITEM() 
RATIONAL_B_SPLINE_CURVE((1.,0.5,1.,0.5,1.,0.5,1.)) REPRESENTATION_ITEM(
  '') );
#15466 = CARTESIAN_POINT('',(0.25,-3.));
#15467 = CARTESIAN_POINT('',(-0.183012701892,-3.));
#15468 = CARTESIAN_POINT('',(3.349364905389E-02,-2.625));
#15469 = CARTESIAN_POINT('',(0.25,-2.25));
#15470 = CARTESIAN_POINT('',(0.466506350946,-2.625));
#15471 = CARTESIAN_POINT('',(0.683012701892,-3.));
#15472 = CARTESIAN_POINT('',(0.25,-3.));
#15473 = ( GEOMETRIC_REPRESENTATION_CONTEXT(2) 
PARAMETRIC_REPRESENTATION_CONTEXT() REPRESENTATION_CONTEXT('2D SPACE',''
  ) );
#15474 = ORIENTED_EDGE('',*,*,#14998,.T.);
#15475 = ORIENTED_EDGE('',*,*,#15422,.F.);
#15476 = ADVANCED_FACE('',(#15477),#13300,.F.);
#15477 = FACE_BOUND('',#15478,.F.);
#15478 = EDGE_LOOP('',(#15479,#15480,#15481));
#15479 = ORIENTED_EDGE('',*,*,#15449,.T.);
#15480 = ORIENTED_EDGE('',*,*,#14975,.T.);
#15481 = ORIENTED_EDGE('',*,*,#13284,.T.);
#15482 = ADVANCED_FACE('',(#15483),#13533,.T.);
#15483 = FACE_BOUND('',#15484,.T.);
#15484 = EDGE_LOOP('',(#15485,#15486,#15487,#15488));
#15485 = ORIENTED_EDGE('',*,*,#13515,.F.);
#15486 = ORIENTED_EDGE('',*,*,#13670,.T.);
#15487 = ORIENTED_EDGE('',*,*,#14652,.T.);
#15488 = ORIENTED_EDGE('',*,*,#15277,.F.);
#15489 = ADVANCED_FACE('',(#15490),#13635,.T.);
#15490 = FACE_BOUND('',#15491,.F.);
#15491 = EDGE_LOOP('',(#15492,#15493,#15519,#15520));
#15492 = ORIENTED_EDGE('',*,*,#13619,.F.);
#15493 = ORIENTED_EDGE('',*,*,#15494,.F.);
#15494 = EDGE_CURVE('',#14929,#13592,#15495,.T.);
#15495 = SURFACE_CURVE('',#15496,(#15501,#15508),.PCURVE_S1.);
#15496 = CIRCLE('',#15497,0.25);
#15497 = AXIS2_PLACEMENT_3D('',#15498,#15499,#15500);
#15498 = CARTESIAN_POINT('',(6.25,79.789191898579,11.5));
#15499 = DIRECTION('',(0.,0.,1.));
#15500 = DIRECTION('',(-1.,-0.,0.));
#15501 = PCURVE('',#13635,#15502);
#15502 = DEFINITIONAL_REPRESENTATION('',(#15503),#15507);
#15503 = LINE('',#15504,#15505);
#15504 = CARTESIAN_POINT('',(-6.28318530718,2.3));
#15505 = VECTOR('',#15506,1.);
#15506 = DIRECTION('',(1.,-0.));
#15507 = ( GEOMETRIC_REPRESENTATION_CONTEXT(2) 
PARAMETRIC_REPRESENTATION_CONTEXT() REPRESENTATION_CONTEXT('2D SPACE',''
  ) );
#15508 = PCURVE('',#13607,#15509);
#15509 = DEFINITIONAL_REPRESENTATION('',(#15510),#15518);
#15510 = ( BOUNDED_CURVE() B_SPLINE_CURVE(2,(#15511,#15512,#15513,#15514
    ,#15515,#15516,#15517),.UNSPECIFIED.,.T.,.F.) 
B_SPLINE_CURVE_WITH_KNOTS((1,2,2,2,2,1),(-2.094395102393,0.,
    2.094395102393,4.188790204786,6.28318530718,8.377580409573),
.UNSPECIFIED.) CURVE() GEOMETRIC_REPRESENTATION_ITEM() 
RATIONAL_B_SPLINE_CURVE((1.,0.5,1.,0.5,1.,0.5,1.)) REPRESENTATION_ITEM(
  '') );
#15511 = CARTESIAN_POINT('',(0.25,0.));
#15512 = CARTESIAN_POINT('',(0.683012701892,0.));
#15513 = CARTESIAN_POINT('',(0.466506350946,-0.375));
#15514 = CARTESIAN_POINT('',(0.25,-0.75));
#15515 = CARTESIAN_POINT('',(3.349364905389E-02,-0.375));
#15516 = CARTESIAN_POINT('',(-0.183012701892,-3.885780586188E-16));
#15517 = CARTESIAN_POINT('',(0.25,0.));
#15518 = ( GEOMETRIC_REPRESENTATION_CONTEXT(2) 
PARAMETRIC_REPRESENTATION_CONTEXT() REPRESENTATION_CONTEXT('2D SPACE',''
  ) );
#15519 = ORIENTED_EDGE('',*,*,#14928,.T.);
#15520 = ORIENTED_EDGE('',*,*,#15300,.T.);
#15521 = ADVANCED_FACE('',(#15522),#13607,.F.);
#15522 = FACE_BOUND('',#15523,.F.);
#15523 = EDGE_LOOP('',(#15524,#15525,#15526));
#15524 = ORIENTED_EDGE('',*,*,#13591,.F.);
#15525 = ORIENTED_EDGE('',*,*,#14951,.T.);
#15526 = ORIENTED_EDGE('',*,*,#15494,.T.);
#15527 = ADVANCED_FACE('',(#15528),#13855,.F.);
#15528 = FACE_BOUND('',#15529,.F.);
#15529 = EDGE_LOOP('',(#15530));
#15530 = ORIENTED_EDGE('',*,*,#13840,.T.);
#15531 = ADVANCED_FACE('',(#15532),#13910,.F.);
#15532 = FACE_BOUND('',#15533,.F.);
#15533 = EDGE_LOOP('',(#15534));
#15534 = ORIENTED_EDGE('',*,*,#13895,.T.);
#15535 = ADVANCED_FACE('',(#15536),#14024,.F.);
#15536 = FACE_BOUND('',#15537,.F.);
#15537 = EDGE_LOOP('',(#15538));
#15538 = ORIENTED_EDGE('',*,*,#14009,.T.);
#15539 = ADVANCED_FACE('',(#15540),#14079,.F.);
#15540 = FACE_BOUND('',#15541,.F.);
#15541 = EDGE_LOOP('',(#15542));
#15542 = ORIENTED_EDGE('',*,*,#14064,.T.);
#15543 = ADVANCED_FACE('',(#15544),#14136,.T.);
#15544 = FACE_BOUND('',#15545,.T.);
#15545 = EDGE_LOOP('',(#15546,#15547,#15548,#15549,#15550,#15551,#15552,
    #15553));
#15546 = ORIENTED_EDGE('',*,*,#14198,.F.);
#15547 = ORIENTED_EDGE('',*,*,#14119,.T.);
#15548 = ORIENTED_EDGE('',*,*,#14479,.T.);
#15549 = ORIENTED_EDGE('',*,*,#14425,.F.);
#15550 = ORIENTED_EDGE('',*,*,#14400,.T.);
#15551 = ORIENTED_EDGE('',*,*,#14348,.T.);
#15552 = ORIENTED_EDGE('',*,*,#14299,.F.);
#15553 = ORIENTED_EDGE('',*,*,#14223,.F.);
#15554 = ADVANCED_FACE('',(#15555),#14764,.T.);
#15555 = FACE_BOUND('',#15556,.T.);
#15556 = EDGE_LOOP('',(#15557,#15558,#15581,#15602));
#15557 = ORIENTED_EDGE('',*,*,#15044,.F.);
#15558 = ORIENTED_EDGE('',*,*,#15559,.T.);
#15559 = EDGE_CURVE('',#15045,#15560,#15562,.T.);
#15560 = VERTEX_POINT('',#15561);
#15561 = CARTESIAN_POINT('',(6.,80.839191898579,38.));
#15562 = SURFACE_CURVE('',#15563,(#15567,#15574),.PCURVE_S1.);
#15563 = LINE('',#15564,#15565);
#15564 = CARTESIAN_POINT('',(6.,79.839191898579,37.));
#15565 = VECTOR('',#15566,1.);
#15566 = DIRECTION('',(0.,0.707106781187,0.707106781187));
#15567 = PCURVE('',#14764,#15568);
#15568 = DEFINITIONAL_REPRESENTATION('',(#15569),#15573);
#15569 = LINE('',#15570,#15571);
#15570 = CARTESIAN_POINT('',(-1.146446609407,0.40765048437));
#15571 = VECTOR('',#15572,1.);
#15572 = DIRECTION('',(0.707106781187,-0.707106781187));
#15573 = ( GEOMETRIC_REPRESENTATION_CONTEXT(2) 
PARAMETRIC_REPRESENTATION_CONTEXT() REPRESENTATION_CONTEXT('2D SPACE',''
  ) );
#15574 = PCURVE('',#15080,#15575);
#15575 = DEFINITIONAL_REPRESENTATION('',(#15576),#15580);
#15576 = LINE('',#15577,#15578);
#15577 = CARTESIAN_POINT('',(0.,-12.));
#15578 = VECTOR('',#15579,1.);
#15579 = DIRECTION('',(1.,0.));
#15580 = ( GEOMETRIC_REPRESENTATION_CONTEXT(2) 
PARAMETRIC_REPRESENTATION_CONTEXT() REPRESENTATION_CONTEXT('2D SPACE',''
  ) );
#15581 = ORIENTED_EDGE('',*,*,#15582,.T.);
#15582 = EDGE_CURVE('',#15560,#14749,#15583,.T.);
#15583 = SURFACE_CURVE('',#15584,(#15588,#15595),.PCURVE_S1.);
#15584 = LINE('',#15585,#15586);
#15585 = CARTESIAN_POINT('',(6.,80.839191898579,38.));
#15586 = VECTOR('',#15587,1.);
#15587 = DIRECTION('',(0.,0.,1.));
#15588 = PCURVE('',#14764,#15589);
#15589 = DEFINITIONAL_REPRESENTATION('',(#15590),#15594);
#15590 = LINE('',#15591,#15592);
#15591 = CARTESIAN_POINT('',(-0.146446609407,-0.59234951563));
#15592 = VECTOR('',#15593,1.);
#15593 = DIRECTION('',(1.,0.));
#15594 = ( GEOMETRIC_REPRESENTATION_CONTEXT(2) 
PARAMETRIC_REPRESENTATION_CONTEXT() REPRESENTATION_CONTEXT('2D SPACE',''
  ) );
#15595 = PCURVE('',#14792,#15596);
#15596 = DEFINITIONAL_REPRESENTATION('',(#15597),#15601);
#15597 = LINE('',#15598,#15599);
#15598 = CARTESIAN_POINT('',(0.,-12.));
#15599 = VECTOR('',#15600,1.);
#15600 = DIRECTION('',(1.,0.));
#15601 = ( GEOMETRIC_REPRESENTATION_CONTEXT(2) 
PARAMETRIC_REPRESENTATION_CONTEXT() REPRESENTATION_CONTEXT('2D SPACE',''
  ) );
#15602 = ORIENTED_EDGE('',*,*,#14748,.T.);
#15603 = ADVANCED_FACE('',(#15604),#14792,.F.);
#15604 = FACE_BOUND('',#15605,.F.);
#15605 = EDGE_LOOP('',(#15606,#15629,#15630,#15631));
#15606 = ORIENTED_EDGE('',*,*,#15607,.T.);
#15607 = EDGE_CURVE('',#15608,#15560,#15610,.T.);
#15608 = VERTEX_POINT('',#15609);
#15609 = CARTESIAN_POINT('',(-6.,80.839191898579,38.));
#15610 = SURFACE_CURVE('',#15611,(#15615,#15622),.PCURVE_S1.);
#15611 = LINE('',#15612,#15613);
#15612 = CARTESIAN_POINT('',(-6.,80.839191898579,38.));
#15613 = VECTOR('',#15614,1.);
#15614 = DIRECTION('',(1.,0.,0.));
#15615 = PCURVE('',#14792,#15616);
#15616 = DEFINITIONAL_REPRESENTATION('',(#15617),#15621);
#15617 = LINE('',#15618,#15619);
#15618 = CARTESIAN_POINT('',(0.,0.));
#15619 = VECTOR('',#15620,1.);
#15620 = DIRECTION('',(0.,-1.));
#15621 = ( GEOMETRIC_REPRESENTATION_CONTEXT(2) 
PARAMETRIC_REPRESENTATION_CONTEXT() REPRESENTATION_CONTEXT('2D SPACE',''
  ) );
#15622 = PCURVE('',#15080,#15623);
#15623 = DEFINITIONAL_REPRESENTATION('',(#15624),#15628);
#15624 = LINE('',#15625,#15626);
#15625 = CARTESIAN_POINT('',(1.414213562373,0.));
#15626 = VECTOR('',#15627,1.);
#15627 = DIRECTION('',(0.,-1.));
#15628 = ( GEOMETRIC_REPRESENTATION_CONTEXT(2) 
PARAMETRIC_REPRESENTATION_CONTEXT() REPRESENTATION_CONTEXT('2D SPACE',''
  ) );
#15629 = ORIENTED_EDGE('',*,*,#15582,.T.);
#15630 = ORIENTED_EDGE('',*,*,#14776,.F.);
#15631 = ORIENTED_EDGE('',*,*,#15632,.F.);
#15632 = EDGE_CURVE('',#15608,#14777,#15633,.T.);
#15633 = SURFACE_CURVE('',#15634,(#15638,#15645),.PCURVE_S1.);
#15634 = LINE('',#15635,#15636);
#15635 = CARTESIAN_POINT('',(-6.,80.839191898579,38.));
#15636 = VECTOR('',#15637,1.);
#15637 = DIRECTION('',(0.,0.,1.));
#15638 = PCURVE('',#14792,#15639);
#15639 = DEFINITIONAL_REPRESENTATION('',(#15640),#15644);
#15640 = LINE('',#15641,#15642);
#15641 = CARTESIAN_POINT('',(0.,0.));
#15642 = VECTOR('',#15643,1.);
#15643 = DIRECTION('',(1.,0.));
#15644 = ( GEOMETRIC_REPRESENTATION_CONTEXT(2) 
PARAMETRIC_REPRESENTATION_CONTEXT() REPRESENTATION_CONTEXT('2D SPACE',''
  ) );
#15645 = PCURVE('',#14820,#15646);
#15646 = DEFINITIONAL_REPRESENTATION('',(#15647),#15651);
#15647 = LINE('',#15648,#15649);
#15648 = CARTESIAN_POINT('',(-0.146446609407,-0.59234951563));
#15649 = VECTOR('',#15650,1.);
#15650 = DIRECTION('',(1.,0.));
#15651 = ( GEOMETRIC_REPRESENTATION_CONTEXT(2) 
PARAMETRIC_REPRESENTATION_CONTEXT() REPRESENTATION_CONTEXT('2D SPACE',''
  ) );
#15652 = ADVANCED_FACE('',(#15653),#14820,.F.);
#15653 = FACE_BOUND('',#15654,.F.);
#15654 = EDGE_LOOP('',(#15655,#15656,#15677,#15678));
#15655 = ORIENTED_EDGE('',*,*,#15091,.F.);
#15656 = ORIENTED_EDGE('',*,*,#15657,.T.);
#15657 = EDGE_CURVE('',#15066,#15608,#15658,.T.);
#15658 = SURFACE_CURVE('',#15659,(#15663,#15670),.PCURVE_S1.);
#15659 = LINE('',#15660,#15661);
#15660 = CARTESIAN_POINT('',(-6.,79.839191898579,37.));
#15661 = VECTOR('',#15662,1.);
#15662 = DIRECTION('',(0.,0.707106781187,0.707106781187));
#15663 = PCURVE('',#14820,#15664);
#15664 = DEFINITIONAL_REPRESENTATION('',(#15665),#15669);
#15665 = LINE('',#15666,#15667);
#15666 = CARTESIAN_POINT('',(-1.146446609407,0.40765048437));
#15667 = VECTOR('',#15668,1.);
#15668 = DIRECTION('',(0.707106781187,-0.707106781187));
#15669 = ( GEOMETRIC_REPRESENTATION_CONTEXT(2) 
PARAMETRIC_REPRESENTATION_CONTEXT() REPRESENTATION_CONTEXT('2D SPACE',''
  ) );
#15670 = PCURVE('',#15080,#15671);
#15671 = DEFINITIONAL_REPRESENTATION('',(#15672),#15676);
#15672 = LINE('',#15673,#15674);
#15673 = CARTESIAN_POINT('',(0.,0.));
#15674 = VECTOR('',#15675,1.);
#15675 = DIRECTION('',(1.,0.));
#15676 = ( GEOMETRIC_REPRESENTATION_CONTEXT(2) 
PARAMETRIC_REPRESENTATION_CONTEXT() REPRESENTATION_CONTEXT('2D SPACE',''
  ) );
#15677 = ORIENTED_EDGE('',*,*,#15632,.T.);
#15678 = ORIENTED_EDGE('',*,*,#14804,.T.);
#15679 = ADVANCED_FACE('',(#15680),#15080,.F.);
#15680 = FACE_BOUND('',#15681,.F.);
#15681 = EDGE_LOOP('',(#15682,#15683,#15684,#15685));
#15682 = ORIENTED_EDGE('',*,*,#15657,.F.);
#15683 = ORIENTED_EDGE('',*,*,#15065,.F.);
#15684 = ORIENTED_EDGE('',*,*,#15559,.T.);
#15685 = ORIENTED_EDGE('',*,*,#15607,.F.);
#15686 = ( GEOMETRIC_REPRESENTATION_CONTEXT(3) 
GLOBAL_UNCERTAINTY_ASSIGNED_CONTEXT((#15690)) 
GLOBAL_UNIT_ASSIGNED_CONTEXT((#15687,#15688,#15689)) 
REPRESENTATION_CONTEXT('Context #1',
  '3D Context with UNIT and UNCERTAINTY') );
#15687 = ( LENGTH_UNIT() NAMED_UNIT(*) SI_UNIT(.MILLI.,.METRE.) );
#15688 = ( NAMED_UNIT(*) PLANE_ANGLE_UNIT() SI_UNIT($,.RADIAN.) );
#15689 = ( NAMED_UNIT(*) SI_UNIT($,.STERADIAN.) SOLID_ANGLE_UNIT() );
#15690 = UNCERTAINTY_MEASURE_WITH_UNIT(LENGTH_MEASURE(1.E-07),#15687,
  'distance_accuracy_value','confusion accuracy');
#15691 = CONTEXT_DEPENDENT_SHAPE_REPRESENTATION(#15692,#15694);
#15692 = ( REPRESENTATION_RELATIONSHIP('','',#8943,#10) 
REPRESENTATION_RELATIONSHIP_WITH_TRANSFORMATION(#15693) 
SHAPE_REPRESENTATION_RELATIONSHIP() );
#15693 = ITEM_DEFINED_TRANSFORMATION('','',#11,#19);
#15694 = PRODUCT_DEFINITION_SHAPE('Placement','Placement of an item',
  #15695);
#15695 = NEXT_ASSEMBLY_USAGE_OCCURRENCE('24','','',#5,#8938,$);
#15696 = PRODUCT_RELATED_PRODUCT_CATEGORY('part',$,(#8940));
ENDSEC;
END-ISO-10303-21;
